time,open,high,low,close
1774821600,23191.5,23222.5,23163.75,23177.25
1774821660,23176,23198.25,23173,23190.75
1774821720,23192.25,23215.75,23190,23197.75
1774821780,23199,23206.75,23175,23179
1774821840,23178.25,23189.5,23159,23173.25
1774821900,23171.5,23182,23160.5,23164.25
1774821960,23162.5,23170,23134,23152.25
1774822020,23152,23175.5,23150.5,23168
1774822080,23168,23169.25,23155,23158.25
1774822140,23159.25,23165,23153.5,23162
1774822200,23162.5,23168,23156,23165.25
1774822260,23165.25,23166.25,23155.25,23157
1774822320,23158.25,23174,23158,23167.5
1774822380,23167.75,23173.75,23160.25,23172.75
1774822440,23174.25,23199.75,23170.25,23196.25
1774822500,23194.75,23202.75,23190,23201.75
1774822560,23201.25,23203.75,23189.5,23191.25
1774822620,23192.25,23198.25,23184.5,23187.25
1774822680,23187.75,23200,23187.75,23197.25
1774822740,23197.5,23200.75,23189.5,23190.25
1774822800,23190.25,23225.5,23188.25,23224.5
1774822860,23224,23229.75,23221,23225.75
1774822920,23225.25,23242,23222,23231.25
1774822980,23230.25,23232.5,23216.5,23220.25
1774823040,23221.25,23230.25,23220,23220.25
1774823100,23221,23223.75,23207.5,23209.25
1774823160,23209,23214.75,23203.75,23205.75
1774823220,23205.75,23210.75,23197.5,23209
1774823280,23209,23229.75,23208,23221
1774823340,23221.75,23227.25,23215.75,23219
1774823400,23219.5,23229.75,23219.5,23229.25
1774823460,23228.25,23228.5,23216,23225.25
1774823520,23225.25,23230,23223,23225.25
1774823580,23225.25,23229.5,23220.25,23226.25
1774823640,23225.75,23228.75,23220.25,23223.25
1774823700,23223.25,23238.5,23212.75,23218.25
1774823760,23218.25,23230.75,23208.5,23213
1774823820,23213,23214.75,23201.25,23206
1774823880,23206,23225.25,23205.75,23220.25
1774823940,23219.25,23219.5,23210.25,23211.75
1774824000,23212.5,23215.25,23203.5,23208
1774824060,23208,23209.25,23197,23200.25
1774824120,23200.25,23201.5,23175,23177
1774824180,23178.5,23190.75,23175.75,23184.75
1774824240,23184.75,23186.5,23172.5,23172.75
1774824300,23173.5,23178.25,23155.5,23161.5
1774824360,23162.5,23177,23162.5,23166.5
1774824420,23167.5,23178,23159.5,23172.25
1774824480,23173.25,23177.75,23168.5,23174
1774824540,23173,23184.75,23172.25,23181.25
1774824600,23181,23200,23171.75,23193.25
1774824660,23193,23193.75,23183,23187
1774824720,23186.75,23192.75,23181.75,23190.5
1774824780,23190.75,23193,23183,23186
1774824840,23186,23190,23183,23185.5
1774824900,23185.25,23198,23185.25,23196
1774824960,23196.25,23197.5,23190.5,23191.5
1774825020,23193,23205.5,23192.25,23202.5
1774825080,23202.5,23213.75,23200,23209.75
1774825140,23209.75,23214.5,23204.75,23208.75
1774825200,23208,23217.5,23202,23211.5
1774825260,23211.5,23217.75,23206.5,23210
1774825320,23210.5,23216,23206.5,23213.25
1774825380,23212.75,23223.75,23211.5,23216.25
1774825440,23216,23220,23211.5,23213.5
1774825500,23212.75,23216.75,23200.25,23202.75
1774825560,23202.75,23209.5,23187.5,23188.5
1774825620,23189.25,23189.5,23177.75,23179.5
1774825680,23179.75,23187.5,23173,23181.25
1774825740,23181.75,23185.5,23177.5,23182.5
1774825800,23182.75,23184,23171.25,23174.5
1774825860,23175,23182,23174,23178.75
1774825920,23178.5,23189,23175.75,23187.75
1774825980,23187.75,23189,23179,23180.25
1774826040,23181,23182.75,23176.25,23178.5
1774826100,23179.25,23184.5,23177.25,23179.75
1774826160,23180.25,23184.5,23178.5,23179.75
1774826220,23178.5,23179.5,23173,23177
1774826280,23177,23182.75,23176,23181.75
1774826340,23181,23181,23174.5,23176
1774826400,23175.75,23191.75,23175,23190.25
1774826460,23190,23191.25,23182.25,23186.75
1774826520,23187.5,23191.5,23181.5,23183
1774826580,23183,23184,23173.25,23175.25
1774826640,23176,23178.75,23163.25,23166.75
1774826700,23166.25,23172,23165.25,23167
1774826760,23167,23173.75,23162.25,23165
1774826820,23165,23172,23159,23161
1774826880,23161.75,23168,23157.25,23164.5
1774826940,23165,23171,23163.25,23165.25
1774827000,23166.25,23168.25,23157.5,23165.25
1774827060,23164.5,23167.75,23160,23163.25
1774827120,23162.5,23163.25,23126,23141.5
1774827180,23142,23156.75,23142,23149.5
1774827240,23149,23153.25,23139.5,23143.25
1774827300,23142,23144.75,23135,23137
1774827360,23137.75,23157,23137.25,23152.75
1774827420,23153.5,23157.5,23147.75,23149.25
1774827480,23149,23157,23140,23155
1774827540,23154.5,23157.25,23147.5,23157.25
1774827600,23157.25,23169,23156.5,23167.25
1774827660,23167.5,23169,23154,23154.75
1774827720,23155,23155.25,23146.25,23148
1774827780,23147.75,23150.75,23144,23146
1774827840,23146,23154.25,23144.5,23153.25
1774827900,23153.75,23161.5,23146.5,23159.5
1774827960,23158,23159,23127,23131
1774828020,23131,23151,23128,23146.5
1774828080,23145.25,23163.5,23144.5,23155.75
1774828140,23155.5,23155.75,23133.5,23136.5
1774828200,23137.75,23143,23117.25,23126.75
1774828260,23126.25,23143.5,23125.5,23142.25
1774828320,23142,23153.25,23134,23147.25
1774828380,23147.25,23147.25,23126.75,23130
1774828440,23131,23139.5,23125.5,23139.5
1774828500,23139.5,23146.75,23122,23127.75
1774828560,23127.75,23133.5,23109,23115.25
1774828620,23116.75,23122,23108.75,23117.75
1774828680,23117,23129.75,23112.25,23128.5
1774828740,23126,23132.25,23118.5,23128
1774828800,23127.5,23140.75,23114,23123.5
1774828860,23125,23125.5,23101.25,23104
1774828920,23104,23113.5,23093.75,23096.25
1774828980,23097.25,23102.25,23094,23095.75
1774829040,23095.75,23104.75,23094,23103.5
1774829100,23104,23125,23102.25,23123.5
1774829160,23124,23139.75,23116.5,23132.5
1774829220,23132,23152.25,23128,23149.5
1774829280,23150,23150.25,23123,23123.5
1774829340,23123.75,23133.75,23119.25,23125.25
1774829400,23125.25,23133.5,23120.25,23132.5
1774829460,23132.5,23145.5,23129.75,23136
1774829520,23136.5,23139,23124.5,23128
1774829580,23129,23137.5,23124.25,23134.25
1774829640,23135,23146,23133.75,23138
1774829700,23136.75,23140,23128.75,23132
1774829760,23131.25,23134,23117.75,23119.25
1774829820,23120,23175.25,23118.5,23166
1774829880,23165.75,23188,23148.5,23183.75
1774829940,23184.75,23239.5,23169.5,23237.75
1774830000,23237,23253.75,23228,23235
1774830060,23234.25,23239,23212,23218.5
1774830120,23218.25,23230,23200.5,23208.5
1774830180,23209.5,23214.25,23193.25,23204.25
1774830240,23204.5,23215.75,23198.5,23207.5
1774830300,23207.25,23216.5,23203.5,23213
1774830360,23213.25,23250.5,23209.5,23249
1774830420,23248.75,23263,23230.5,23252.75
1774830480,23252.25,23255.25,23237.75,23244
1774830540,23243.75,23248.75,23220.5,23221.25
1774830600,23221,23227.75,23207,23208
1774830660,23207.5,23223.75,23204.5,23223
1774830720,23222.25,23239.25,23217.5,23229.5
1774830780,23228.5,23228.5,23215.5,23216.75
1774830840,23217.5,23223.25,23209,23220.25
1774830900,23220.5,23223.5,23205,23212.5
1774830960,23212.5,23218.5,23204.5,23216.5
1774831020,23217.25,23221,23183.25,23183.5
1774831080,23183.75,23197.25,23173.5,23183.5
1774831140,23183.75,23186.5,23167,23169
1774831200,23168.75,23174.25,23154.25,23159.25
1774831260,23158.75,23167.25,23147.25,23153
1774831320,23153,23162,23147,23155
1774831380,23155,23164.25,23154.25,23161.25
1774831440,23161,23164.75,23155,23159.75
1774831500,23160,23163.75,23152.25,23153.75
1774831560,23154,23172.25,23154,23167.5
1774831620,23167.75,23169,23160.75,23165.75
1774831680,23166.25,23172,23160.25,23168
1774831740,23167.75,23169.5,23160.25,23166
1774831800,23166,23169.5,23142,23145.75
1774831860,23145.75,23155.5,23139.25,23141.75
1774831920,23141.5,23147.5,23139.75,23144.25
1774831980,23143.5,23147.75,23135.25,23137.25
1774832040,23137.25,23141,23130,23139.25
1774832100,23138.5,23142.25,23128.25,23131.25
1774832160,23131.25,23159.5,23130,23154.5
1774832220,23155,23157.5,23141.75,23146.5
1774832280,23146.75,23154.5,23141.75,23150.75
1774832340,23151,23155,23148.25,23150.25
1774832400,23150.75,23164.75,23150,23159
1774832460,23159.5,23169,23152.25,23164
1774832520,23161.75,23170.25,23156.5,23166.25
1774832580,23166.5,23172,23159,23168.25
1774832640,23169.5,23174.75,23147,23149.75
1774832700,23151,23162.5,23149.5,23158.75
1774832760,23158.75,23169,23157.75,23167
1774832820,23166.75,23170,23159.25,23159.75
1774832880,23160,23169.75,23152,23167.5
1774832940,23167.75,23171,23160.75,23167.5
1774833000,23167.5,23170.75,23161.75,23167.5
1774833060,23167.5,23187,23166.5,23185.25
1774833120,23185,23186.5,23178.5,23180
1774833180,23180.25,23181.75,23160.25,23161.5
1774833240,23161.25,23166.25,23153.75,23161.5
1774833300,23161.5,23165.75,23138,23145.75
1774833360,23146,23160,23145.25,23155.5
1774833420,23155.5,23161,23150.75,23159.5
1774833480,23160.25,23174.25,23157.25,23158.75
1774833540,23159.25,23159.25,23149.25,23153.5
1774833600,23154.5,23159,23147.75,23152.25
1774833660,23152.5,23161.25,23149,23154
1774833720,23154.25,23156,23146.75,23149.75
1774833780,23149.25,23155.25,23144.25,23147
1774833840,23146.5,23146.75,23138.25,23139.5
1774833900,23139,23160.75,23135.75,23154.5
1774833960,23154,23163.25,23146,23148.75
1774834020,23149.25,23155.75,23145.25,23153.25
1774834080,23154.75,23165.75,23149.25,23157.75
1774834140,23158.75,23163.25,23156.75,23162.75
1774834200,23162.75,23169.75,23159.5,23167.25
1774834260,23166.75,23176,23158.75,23168.75
1774834320,23168.75,23173.75,23166,23167.75
1774834380,23167.25,23179.5,23166,23178.75
1774834440,23177.5,23192.75,23174.25,23187.5
1774834500,23187,23193.5,23184.5,23189
1774834560,23188,23188,23171.25,23179.75
1774834620,23180.25,23183.25,23174.25,23179.5
1774834680,23179.5,23187.5,23173.5,23177.75
1774834740,23177.5,23185.5,23177.5,23183.25
1774834800,23183.25,23191.75,23180,23189.75
1774834860,23188.5,23200.75,23187,23194.75
1774834920,23195.5,23200.5,23190,23196.25
1774834980,23197.5,23204,23195,23200
1774835040,23200.25,23206.25,23193.5,23203.75
1774835100,23204.5,23207.25,23199.75,23203.25
1774835160,23204,23209,23201,23205.25
1774835220,23205.25,23209,23203,23206
1774835280,23206,23208.25,23201.75,23204.25
1774835340,23204.75,23206,23199,23201.75
1774835400,23202,23205.5,23199.25,23200.75
1774835460,23201.5,23201.75,23193.5,23197.25
1774835520,23197.25,23204,23194.75,23199.25
1774835580,23200,23203,23198,23198.25
1774835640,23199,23200.5,23192.5,23196
1774835700,23195.25,23217.25,23195,23205.5
1774835760,23204.75,23208.75,23201.75,23205.5
1774835820,23205,23208.25,23200,23206.75
1774835880,23206.5,23207.75,23197.25,23198
1774835940,23198,23207,23197,23201.75
1774836000,23201.25,23214,23200.25,23206
1774836060,23206.25,23213,23200,23211.5
1774836120,23211.75,23215.75,23202.25,23214.5
1774836180,23213.5,23216.75,23203.25,23204
1774836240,23204.5,23213,23203.25,23208.75
1774836300,23208.5,23211.75,23204.5,23210.75
1774836360,23211.5,23225.75,23208.5,23221.25
1774836420,23221.5,23231,23216.5,23227
1774836480,23227,23228,23219.25,23221.5
1774836540,23221.5,23224.5,23210,23211.75
1774836600,23211.25,23224,23211,23221.5
1774836660,23221,23221,23214,23216.75
1774836720,23216.5,23219.5,23210.25,23214.75
1774836780,23214.75,23221.25,23213,23215.5
1774836840,23215.5,23232.5,23210.75,23228.25
1774836900,23228.75,23230.25,23215,23216.5
1774836960,23216.25,23220.5,23208.25,23214.25
1774837020,23213,23218.5,23209.5,23212.25
1774837080,23213,23213.25,23200.5,23205.75
1774837140,23205.25,23213.5,23204.5,23205
1774837200,23204.5,23205.75,23196.5,23198.75
1774837260,23199.5,23210,23198.5,23203.5
1774837320,23203,23210.5,23201,23207
1774837380,23207.75,23208,23198.5,23207
1774837440,23207.75,23209.75,23197.5,23198.25
1774837500,23198.25,23209.5,23198,23205.75
1774837560,23205.25,23205.25,23198.25,23201.5
1774837620,23201.5,23204.25,23198.75,23199.75
1774837680,23198.5,23203.5,23198,23201.5
1774837740,23200.75,23208.25,23193,23200.75
1774837800,23201.5,23216.25,23201.5,23210.25
1774837860,23209.25,23225,23204.25,23219
1774837920,23218,23219.75,23211.5,23216.5
1774837980,23216.5,23216.5,23199,23202.75
1774838040,23203,23210,23202.25,23209.25
1774838100,23208.5,23210.75,23196,23196.5
1774838160,23197.25,23212,23196,23209.5
1774838220,23210.25,23213.75,23207.75,23210
1774838280,23209.25,23211.25,23207,23208.75
1774838340,23208.5,23212,23207.5,23210
1774838400,23210,23218.75,23208.25,23216.75
1774838460,23215.25,23226.5,23213.25,23221.5
1774838520,23220.75,23236.25,23219.75,23236.25
1774838580,23235,23243.25,23230.5,23237
1774838640,23236.25,23241.75,23233.75,23237.5
1774838700,23238,23248,23235.25,23245.5
1774838760,23244.5,23258,23243,23254
1774838820,23253.25,23257.5,23249.5,23254.5
1774838880,23254.25,23260,23253,23259.25
1774838940,23259.25,23273.75,23254.5,23268.75
1774839000,23268.5,23272,23259.75,23267
1774839060,23266.75,23274.5,23266.25,23269.75
1774839120,23269,23270.5,23262.5,23264
1774839180,23263.5,23265,23254.75,23255.75
1774839240,23254.5,23257,23249.75,23251.25
1774839300,23251.25,23260.5,23247,23250.75
1774839360,23250,23253,23244.5,23250.25
1774839420,23250.5,23250.5,23243,23244.5
1774839480,23244.75,23254.25,23244,23250.75
1774839540,23250.75,23255.25,23248.75,23252.25
1774839600,23251.75,23264,23250.75,23262.5
1774839660,23262.5,23264.25,23255,23260.75
1774839720,23260.75,23268.5,23257.5,23265.75
1774839780,23266,23266,23260,23263.75
1774839840,23264,23267.75,23261.25,23262.75
1774839900,23262.5,23270.5,23262,23267.75
1774839960,23268.25,23279.75,23265.75,23277
1774840020,23277,23282.75,23275.5,23278
1774840080,23278.75,23291.75,23275.25,23289.75
1774840140,23289,23290,23284.5,23289
1774840200,23288.5,23295,23286.5,23286.5
1774840260,23286.25,23287.5,23281.25,23282.5
1774840320,23282,23290.25,23280,23285.5
1774840380,23285,23286.25,23281.25,23281.5
1774840440,23282.25,23285.75,23279,23285
1774840500,23285,23296,23281.75,23291.25
1774840560,23290.5,23295.75,23286.5,23295.75
1774840620,23295,23299.5,23293.5,23298
1774840680,23296.75,23300,23293.25,23296.75
1774840740,23296.5,23299,23292,23295.25
1774840800,23295.75,23300,23295.25,23298.5
1774840860,23297.5,23297.75,23289.75,23291.75
1774840920,23292,23296.5,23292,23295.25
1774840980,23294.75,23299.75,23293.75,23297.75
1774841040,23298.25,23306.25,23292.5,23296.75
1774841100,23296.25,23297.75,23291.25,23294.25
1774841160,23294.25,23298.75,23289.25,23290.5
1774841220,23290.5,23296.5,23288,23294.75
1774841280,23295.5,23295.75,23291.5,23293.5
1774841340,23294.25,23294.25,23289.75,23293.75
1774841400,23293.25,23295.5,23282.75,23284
1774841460,23284.5,23289,23281.25,23287.75
1774841520,23287.75,23290,23281.5,23283.75
1774841580,23284.5,23291.25,23283,23289
1774841640,23288.75,23298,23286,23295.75
1774841700,23295.5,23298,23289.25,23290.5
1774841760,23291,23293.75,23283,23285.25
1774841820,23286,23295.5,23285.75,23293.75
1774841880,23294.5,23294.5,23288,23290.25
1774841940,23290.25,23293.5,23289,23293
1774842000,23293,23297.5,23287.25,23290
1774842060,23288.5,23292.75,23288,23290.75
1774842120,23290,23295,23288.75,23292
1774842180,23291.75,23297,23289,23289
1774842240,23290.25,23293.5,23287.25,23291.5
1774842300,23292,23292.25,23282.25,23285.25
1774842360,23285.25,23289.75,23277.75,23286
1774842420,23286,23289.5,23284.5,23289
1774842480,23289,23293.75,23285.75,23289
1774842540,23288.25,23295.75,23286.25,23293
1774842600,23293,23294,23287.5,23291.75
1774842660,23290.25,23296.75,23290.25,23293
1774842720,23292.75,23298.5,23291.25,23296.25
1774842780,23296.5,23299.75,23294.25,23295.25
1774842840,23295.5,23297,23292.75,23294.5
1774842900,23294.25,23297.5,23289.75,23291.5
1774842960,23291,23292.5,23287.75,23289.75
1774843020,23289.75,23294.25,23289.75,23292.75
1774843080,23292.75,23299.75,23291.25,23299.25
1774843140,23299.25,23300,23294.25,23295.25
1774843200,23295.75,23303,23295.5,23299.75
1774843260,23299.75,23309,23297,23298
1774843320,23298.75,23301.5,23295,23296.75
1774843380,23296.5,23296.5,23288.5,23293.5
1774843440,23293,23302,23291.25,23296
1774843500,23296.25,23302.75,23294.75,23302.25
1774843560,23302.5,23313.5,23301.25,23307
1774843620,23307,23312,23305.5,23310.75
1774843680,23310.25,23310.75,23304.5,23307
1774843740,23306.5,23307.75,23302.5,23307.75
1774843800,23307.75,23307.75,23299,23302.25
1774843860,23302.5,23312.75,23302.5,23306.5
1774843920,23306.25,23308,23303.5,23307.75
1774843980,23307.75,23310,23305,23305
1774844040,23305.25,23305.25,23301,23303.25
1774844100,23303,23307.75,23302.5,23307.25
1774844160,23307.25,23310,23306.25,23309
1774844220,23308.25,23309.75,23306.25,23306.5
1774844280,23306,23306.5,23301.5,23306
1774844340,23306.5,23310,23304.75,23306.5
1774844400,23306.5,23312,23306.5,23310.75
1774844460,23310.5,23320,23309.75,23313.75
1774844520,23313.75,23319,23312.75,23318.25
1774844580,23318,23320,23316.75,23319.25
1774844640,23318.75,23320.75,23317.5,23318.5
1774844700,23318.5,23338,23317.25,23335.5
1774844760,23335.5,23343.25,23333,23341.5
1774844820,23341.25,23345.5,23339.5,23343.5
1774844880,23343.25,23347,23343,23346.75
1774844940,23346.25,23352,23337.75,23338.5
1774845000,23338.5,23344.25,23333,23342.5
1774845060,23342.5,23343.75,23340.75,23342.25
1774845120,23342.25,23349.75,23341.5,23349.5
1774845180,23349,23362,23346.75,23350.75
1774845240,23350.5,23352.75,23348.5,23349.75
1774845300,23349.25,23349.25,23333.25,23336.5
1774845360,23336.5,23340,23332,23338.5
1774845420,23338.5,23343,23337.25,23339.5
1774845480,23339,23342,23338,23339.75
1774845540,23339.25,23340.75,23334.5,23336
1774845600,23335.25,23336.75,23327.25,23329
1774845660,23329.25,23330.5,23325,23327.25
1774845720,23327.25,23332.75,23325.25,23325.5
1774845780,23325.5,23328.75,23323,23325.75
1774845840,23325.75,23326.25,23322.25,23324.25
1774845900,23325,23328.25,23323.5,23326.75
1774845960,23326.75,23329.5,23322.5,23324.75
1774846020,23324.25,23324.25,23318.5,23321
1774846080,23322,23325,23320.75,23321
1774846140,23321,23326.25,23320.75,23325.25
1774846200,23324.25,23324.5,23317.5,23318.5
1774846260,23318,23320.25,23314.25,23315.75
1774846320,23316.5,23321.75,23315.25,23320.5
1774846380,23320,23323,23317,23318.25
1774846440,23318.25,23321.25,23315,23321
1774846500,23321.5,23328.5,23320.25,23324.75
1774846560,23324.75,23328,23320.5,23321
1774846620,23320.5,23324,23320.25,23321.5
1774846680,23321.5,23326.25,23319.25,23325
1774846740,23325,23327.25,23319.5,23320.75
1774846800,23320.75,23326.5,23320,23325.25
1774846860,23326,23336,23324.5,23329.25
1774846920,23329,23334.75,23324.75,23332
1774846980,23331.5,23332.25,23325.75,23326.25
1774847040,23326,23333.5,23326,23332.5
1774847100,23331.75,23333,23326.25,23330
1774847160,23331,23334.25,23327.5,23328
1774847220,23328.75,23340.75,23328.75,23337.25
1774847280,23337.5,23348.75,23333.75,23347.5
1774847340,23347.25,23352.25,23343.75,23351.75
1774847400,23351.5,23364.25,23350.75,23353.5
1774847460,23353.25,23357,23350.25,23355
1774847520,23354.5,23356.25,23349.25,23350.5
1774847580,23351.5,23354,23339.5,23340.75
1774847640,23339.75,23341,23334.5,23337
1774847700,23336,23343.25,23335.25,23342
1774847760,23342,23354,23341.75,23346
1774847820,23347.5,23350.5,23345,23348.75
1774847880,23348,23352.25,23348,23350
1774847940,23350.25,23350.5,23347,23348
1774848000,23348.5,23351,23342,23351
1774848060,23350,23355.5,23346.25,23353.25
1774848120,23354,23357,23343.25,23350.25
1774848180,23350.75,23352.25,23344.75,23346.5
1774848240,23347.25,23352.5,23346.25,23352
1774848300,23352.5,23352.5,23345.25,23346
1774848360,23347,23349,23342.25,23348.5
1774848420,23348.5,23356.5,23347.5,23351.5
1774848480,23351,23352.25,23345,23345
1774848540,23345.5,23347,23338,23341.25
1774848600,23340.25,23346,23335.75,23343
1774848660,23343.75,23347.75,23341.25,23347
1774848720,23346.75,23350.25,23346,23348.25
1774848780,23348.5,23355,23347,23347.5
1774848840,23347.75,23354,23344.75,23353.75
1774848900,23353.5,23355.75,23346.25,23348.25
1774848960,23347.75,23351.5,23347,23349.75
1774849020,23349.5,23350,23343.25,23347.75
1774849080,23347.25,23348,23335.75,23337.75
1774849140,23338.5,23339.25,23330.5,23333
1774849200,23333.75,23337.75,23330.5,23331.5
1774849260,23332,23340.25,23331.75,23337.25
1774849320,23337.5,23338.25,23331,23332.5
1774849380,23333,23338.25,23333,23337
1774849440,23337.25,23338,23328,23333
1774849500,23333,23343.25,23333,23340.25
1774849560,23340.5,23340.75,23326,23326.75
1774849620,23327.5,23329.5,23323.5,23325
1774849680,23325.75,23334.5,23322.25,23332.5
1774849740,23333.25,23339.75,23328.5,23337.25
1774849800,23337.25,23345.5,23335.5,23341.5
1774849860,23341.75,23355,23338.5,23353.25
1774849920,23353.5,23354.25,23347,23348
1774849980,23348.5,23350.75,23345,23348.5
1774850040,23348.5,23357.75,23347.75,23356.25
1774850100,23354.75,23355,23346,23347.75
1774850160,23348,23355.75,23347.75,23351.5
1774850220,23352.5,23355.75,23347.25,23355.75
1774850280,23355,23355,23347.75,23352.5
1774850340,23352.25,23352.5,23345.5,23345.5
1774850400,23345.5,23351.5,23336.75,23349.5
1774850460,23349.25,23354.25,23346.25,23351.25
1774850520,23351.5,23367.75,23350,23363.25
1774850580,23363,23363.75,23340,23349.75
1774850640,23349.25,23364.5,23349.25,23361.75
1774850700,23361.5,23366.5,23356,23356.25
1774850760,23356.5,23364,23355.5,23364
1774850820,23364.25,23369.75,23363,23369.25
1774850880,23368.5,23372.5,23361.75,23366.75
1774850940,23367,23369.75,23355.5,23358.75
1774851000,23357.5,23358.5,23348.25,23352.5
1774851060,23352.25,23355.75,23345.75,23350.25
1774851120,23349.5,23354.25,23347,23350.25
1774851180,23350.75,23357.5,23348.75,23355.75
1774851240,23354.75,23354.75,23350.5,23352.25
1774851300,23353.5,23360.25,23352.75,23355.75
1774851360,23356.25,23363.75,23355.25,23362
1774851420,23362.75,23363.5,23359.25,23361.25
1774851480,23361.75,23371.25,23360.75,23365.5
1774851540,23365.75,23372.25,23359.5,23362
1774851600,23362.25,23366.25,23359,23365.25
1774851660,23365.5,23368,23364.75,23365.5
1774851720,23366,23369.25,23361.5,23364.75
1774851780,23364.75,23374.25,23364.25,23367.75
1774851840,23366.75,23367.75,23363.75,23365.75
1774851900,23366,23376.25,23364.5,23375
1774851960,23374.75,23384.75,23373.5,23375.25
1774852020,23374.25,23375.75,23362.5,23372.75
1774852080,23372.5,23380.5,23372.25,23375
1774852140,23374.75,23376,23367.25,23369
1774852200,23369.25,23382.5,23368,23379.5
1774852260,23379,23383.5,23373.75,23373.75
1774852320,23374.5,23378.5,23368.75,23375.25
1774852380,23375.25,23380.5,23371,23379.25
1774852440,23379.5,23387,23379.5,23381
1774852500,23381,23384.75,23378.5,23382
1774852560,23380.5,23383.5,23378.75,23382.5
1774852620,23382.5,23387,23374.25,23375.5
1774852680,23374.5,23386.25,23374.25,23376.5
1774852740,23376,23382.75,23374.5,23382.25
1774852800,23382.5,23390.75,23379,23387.75
1774852860,23387.75,23389.25,23383,23385.75
1774852920,23385.5,23390.75,23385.25,23386.5
1774852980,23386.5,23389.25,23386.5,23387
1774853040,23386.25,23396,23386.25,23390.25
1774853100,23390,23395.75,23387.25,23389
1774853160,23389.5,23395.5,23389.25,23394.25
1774853220,23392.5,23398.25,23391.5,23396.25
1774853280,23396,23398.75,23392.25,23396
1774853340,23395.75,23402,23394,23402
1774853400,23402,23416.5,23398.25,23413
1774853460,23412,23412.5,23401.25,23404
1774853520,23404.25,23406.75,23397.75,23398.25
1774853580,23397.75,23398.25,23388.5,23391
1774853640,23390.5,23395,23388.25,23389.25
1774853700,23389.5,23391,23385.75,23388.5
1774853760,23389,23392,23382.75,23386.5
1774853820,23387.25,23388.25,23382.5,23384.25
1774853880,23383.75,23393.5,23381.5,23389.75
1774853940,23390,23392.25,23385.75,23390
1774854000,23390,23390,23364.25,23371
1774854060,23370.25,23379.5,23366,23376
1774854120,23376,23379.5,23366.25,23370
1774854180,23370.25,23374.25,23367,23373.25
1774854240,23373.75,23380.25,23368.75,23373.5
1774854300,23374,23375.75,23366.75,23370.25
1774854360,23370.25,23375.5,23368,23374.5
1774854420,23375,23388.25,23374.5,23377.5
1774854480,23377.75,23392,23376.75,23389.75
1774854540,23390,23390.25,23383.5,23389.25
1774854600,23388.75,23392,23387,23389.5
1774854660,23389.25,23400.5,23387.75,23399.75
1774854720,23399.25,23405,23393,23399.75
1774854780,23400.5,23400.5,23390,23396
1774854840,23396.5,23398.25,23389.5,23390
1774854900,23390.75,23392.25,23383.75,23383.75
1774854960,23383.75,23390.5,23378.75,23381
1774855020,23381.5,23386.75,23377,23386
1774855080,23386,23387.75,23379.75,23382.5
1774855140,23382.25,23388.5,23380.5,23383
1774855200,23383.25,23391.5,23382.75,23389.5
1774855260,23388.75,23398,23388.75,23393.75
1774855320,23393.25,23396,23388.75,23390
1774855380,23389.75,23390.75,23376,23378
1774855440,23377.5,23383.75,23375,23377.5
1774855500,23378.25,23384,23373.25,23377.5
1774855560,23377.5,23377.75,23372,23373
1774855620,23373,23374.5,23364.25,23371
1774855680,23371.5,23375.5,23365.5,23373
1774855740,23373.75,23384,23373,23381.25
1774855800,23382,23396,23382,23386.75
1774855860,23386.75,23387.75,23380.5,23384.75
1774855920,23385.25,23385.75,23370,23371.5
1774855980,23371.5,23372,23359.75,23362
1774856040,23363,23386,23362.25,23385.25
1774856100,23385.75,23396.75,23376.75,23384
1774856160,23384,23391.75,23382.5,23391.75
1774856220,23391,23393,23374.75,23376.25
1774856280,23376.5,23385,23372.5,23382
1774856340,23383,23383.25,23373.75,23378.5
1774856400,23379.5,23380,23370.75,23376
1774856460,23376,23389,23374.75,23386.25
1774856520,23385.75,23388.5,23379.75,23379.75
1774856580,23379.5,23381.75,23374.75,23380.5
1774856640,23380,23381.75,23376.5,23380.5
1774856700,23381.25,23385,23378.25,23383
1774856760,23383,23391,23380.75,23386
1774856820,23385.75,23392,23385.75,23389.75
1774856880,23390.5,23391,23382.5,23388.5
1774856940,23388,23394.75,23385.25,23392.75
1774857000,23393,23400,23392,23399
1774857060,23399,23414,23397.5,23408
1774857120,23407.5,23413.25,23401,23408.5
1774857180,23408.75,23408.75,23397,23397
1774857240,23397.25,23406.5,23397.25,23401.75
1774857300,23401.5,23408,23400.75,23405.75
1774857360,23405.75,23410,23400.25,23403.25
1774857420,23403,23403,23392.75,23393
1774857480,23394,23398.75,23388.25,23393
1774857540,23394,23400.5,23393.25,23396.75
1774857600,23396.5,23396.5,23383.25,23389.75
1774857660,23389.5,23390.25,23381,23381
1774857720,23380.75,23387,23374,23374
1774857780,23373.75,23388.75,23373.75,23386.5
1774857840,23386,23403.5,23386,23403.25
1774857900,23403.25,23420,23399.75,23412.75
1774857960,23412.5,23418.25,23397.75,23397.75
1774858020,23398.5,23404,23388.5,23393.75
1774858080,23393.5,23401,23384.75,23401
1774858140,23401,23409.75,23396.25,23406.75
1774858200,23406.75,23413.25,23403.25,23411.75
1774858260,23412,23416,23407.75,23409.5
1774858320,23409,23419.75,23407.75,23411.5
1774858380,23410.75,23424.75,23410.5,23424.25
1774858440,23424,23426.5,23417.25,23420.5
1774858500,23420.25,23426.25,23416,23421.75
1774858560,23422.25,23433.75,23422.25,23433.25
1774858620,23432.75,23434.5,23426.5,23428.75
1774858680,23428.75,23434.25,23423.5,23426.5
1774858740,23426.25,23426.5,23421,23425.25
1774858800,23424.25,23425,23420.5,23423
1774858860,23421.25,23428.5,23416.75,23423.5
1774858920,23423.25,23426,23417.25,23423.75
1774858980,23423.5,23426.75,23410,23415.75
1774859040,23415.5,23417.5,23412,23413.5
1774859100,23413,23414,23406.5,23412.25
1774859160,23413.5,23425,23413,23416.25
1774859220,23417,23425.75,23415.5,23422.5
1774859280,23422.5,23425,23419,23422.75
1774859340,23423,23428,23421,23426.25
1774859400,23426.25,23431.5,23421.5,23431.5
1774859460,23430.5,23439.5,23426,23439.5
1774859520,23439.5,23441.5,23432.75,23438.75
1774859580,23438.5,23442,23432.5,23432.75
1774859640,23433.5,23433.75,23425,23426.5
1774859700,23426,23428,23419,23422.25
1774859760,23422.5,23428,23420.5,23427.25
1774859820,23426.75,23432.25,23426.5,23431.25
1774859880,23431.5,23444.75,23430.75,23441.75
1774859940,23441.75,23443.5,23432.75,23435.25
1774860000,23434.5,23436.5,23428,23431.5
1774860060,23431.75,23439.5,23426.75,23438.5
1774860120,23437.5,23437.75,23430.5,23433
1774860180,23434,23435.25,23429,23431
1774860240,23430.5,23436.75,23428,23433
1774860300,23433.25,23440.75,23433.25,23436.5
1774860360,23436.25,23441,23435.25,23440.25
1774860420,23440,23442.75,23430.75,23432.5
1774860480,23431.25,23433.25,23417.75,23422.25
1774860540,23422.5,23444.25,23421.5,23436.5
1774860600,23437,23440.5,23435.25,23438
1774860660,23436.75,23442,23434.5,23440
1774860720,23439.5,23442,23437,23438.25
1774860780,23438.25,23440,23434.25,23437.25
1774860840,23436.5,23438.5,23433.5,23436.75
1774860900,23436,23439.75,23432.75,23436.25
1774860960,23435.25,23436,23430.75,23432.75
1774861020,23432.5,23448.25,23432.5,23446
1774861080,23445.25,23448.5,23441.25,23444
1774861140,23443,23449.75,23442,23443.25
1774861200,23443.75,23447.75,23439.25,23440.75
1774861260,23439.75,23445,23433.5,23444.75
1774861320,23444,23450,23442,23443
1774861380,23442.5,23443.5,23434.5,23442.5
1774861440,23442,23449,23440,23447.75
1774861500,23448.75,23451.5,23430.25,23430.75
1774861560,23430.75,23436.75,23430,23435.5
1774861620,23435.75,23447.75,23435,23446.25
1774861680,23446.75,23449.25,23435.75,23437.75
1774861740,23438.25,23441.25,23430,23432.5
1774861800,23432,23436.5,23427,23429.25
1774861860,23429,23439.75,23425,23438.75
1774861920,23439.5,23440.5,23428.5,23430.25
1774861980,23430.25,23433.5,23425.5,23429.75
1774862040,23429.75,23430.75,23419.5,23423.75
1774862100,23423,23423.5,23401.25,23402.75
1774862160,23403.75,23407.75,23396,23402.75
1774862220,23403.75,23442.25,23394.5,23416.5
1774862280,23416.75,23420.75,23408.25,23420.5
1774862340,23420.75,23421.25,23412,23412.5
1774862400,23412.75,23426,23410.25,23425.25
1774862460,23426,23426.5,23418.75,23420.5
1774862520,23421.25,23424,23413,23413
1774862580,23413.25,23415.25,23404.25,23413.5
1774862640,23413.75,23423,23413,23416.75
1774862700,23416.75,23419.25,23412.25,23414.5
1774862760,23414.5,23420.75,23413.75,23418.25
1774862820,23418.25,23418.5,23408.75,23411
1774862880,23410.5,23412.75,23405.25,23408.5
1774862940,23408.25,23415.75,23407.5,23409.25
1774863000,23409.75,23417.25,23407.5,23409.5
1774863060,23408.25,23418,23408.25,23411.5
1774863120,23411.75,23411.75,23402.25,23404.5
1774863180,23404.5,23406.25,23399.5,23399.75
1774863240,23400.5,23403.5,23394,23402
1774863300,23402,23402.5,23389.25,23394
1774863360,23394.5,23401.25,23394.25,23398.25
1774863420,23398.25,23402.5,23395,23398.25
1774863480,23398.25,23411.5,23396.75,23409.75
1774863540,23409.75,23422,23408.75,23414.75
1774863600,23414.25,23414.25,23405,23408.5
1774863660,23408.75,23408.75,23398,23399
1774863720,23399.25,23408.75,23396.75,23400.75
1774863780,23400.75,23400.75,23391.75,23392.5
1774863840,23392.25,23401.75,23392,23397.75
1774863900,23398.25,23399,23390.5,23394.75
1774863960,23395,23406.75,23394.5,23404.75
1774864020,23404.5,23405,23397.25,23399.75
1774864080,23400.5,23405.5,23398.5,23403.5
1774864140,23402.75,23403.25,23395.25,23396.5
1774864200,23396,23399,23393,23397.25
1774864260,23396.75,23399.5,23391.5,23396
1774864320,23396.25,23410.25,23395,23406.75
1774864380,23407,23412,23401.75,23405.75
1774864440,23405.75,23407.25,23398.25,23399
1774864500,23399.25,23403,23395.25,23398.75
1774864560,23399.5,23402.5,23397,23399.5
1774864620,23399,23400.25,23392,23394.75
1774864680,23395,23409.75,23395,23405.25
1774864740,23405.25,23407.75,23403,23403.25
1774864800,23404,23406,23399,23402.5
1774864860,23402.25,23404.25,23394.5,23398
1774864920,23398.5,23405,23397.25,23397.75
1774864980,23398,23402.5,23396.25,23398.25
1774865040,23398.5,23401.5,23396.5,23400.75
1774865100,23400.75,23410.25,23396.75,23409.75
1774865160,23410.75,23411,23404.25,23407.75
1774865220,23406.25,23413.25,23404.5,23411
1774865280,23410.25,23415.75,23404.5,23414
1774865340,23414.5,23415.5,23409.75,23412.25
1774865400,23412.25,23416,23410,23415
1774865460,23415.5,23416.75,23402,23405.5
1774865520,23405.5,23406.25,23395.75,23396.25
1774865580,23396.75,23400.75,23393.5,23398.25
1774865640,23398.75,23404.5,23395.25,23399.25
1774865700,23399.75,23405.75,23399,23402.75
1774865760,23402.75,23402.75,23392,23401.75
1774865820,23400.75,23401.25,23397,23400.25
1774865880,23400,23404.5,23399.25,23402.5
1774865940,23402,23404,23400,23400.5
1774866000,23400,23409.5,23400,23405.25
1774866060,23404.25,23408.25,23401,23406.25
1774866120,23405.75,23405.75,23399.25,23404.25
1774866180,23404.5,23410,23403,23406.25
1774866240,23406.75,23410.25,23402,23403
1774866300,23402.5,23411.5,23402.25,23411.5
1774866360,23411.25,23413.5,23408.5,23410
1774866420,23409.5,23414.75,23409.25,23411.75
1774866480,23411,23412.75,23401.5,23407.25
1774866540,23407.5,23410.25,23403.75,23405.5
1774866600,23404.75,23406,23399.75,23402.25
1774866660,23401.5,23404,23390,23395.75
1774866720,23397,23405.75,23392.25,23404.5
1774866780,23405.25,23405.25,23395.75,23396.75
1774866840,23396.25,23399.75,23393.75,23397.25
1774866900,23397,23404,23395.25,23399.75
1774866960,23400,23403,23397.5,23399.75
1774867020,23400,23400.25,23383.5,23384
1774867080,23385,23390.5,23377.5,23381
1774867140,23381.75,23395.75,23378.25,23394.75
1774867200,23394.75,23395,23385.5,23387.25
1774867260,23387.25,23388,23382.75,23387.5
1774867320,23388,23394.75,23384.5,23384.75
1774867380,23385,23387.5,23373.75,23385
1774867440,23385.75,23388,23381.25,23386
1774867500,23385.75,23392,23382.5,23389
1774867560,23389.5,23393.5,23386.25,23392
1774867620,23391.75,23399.5,23388.25,23393
1774867680,23393.5,23398.25,23389,23397.5
1774867740,23397.75,23405,23394,23401.25
1774867800,23401,23415.25,23400.25,23413.75
1774867860,23414.5,23420,23410.5,23410.5
1774867920,23410.25,23410.75,23396.75,23398.25
1774867980,23397.75,23405.5,23396.5,23403.75
1774868040,23405.25,23409.25,23401.75,23407.5
1774868100,23407,23408.75,23405,23407.5
1774868160,23407.25,23408.5,23402,23402
1774868220,23401.25,23408.25,23397.75,23406.5
1774868280,23405.75,23411,23404.5,23405.25
1774868340,23406,23411.25,23402.5,23411
1774868400,23411.75,23429,23406.25,23418.5
1774868460,23418.5,23434.25,23418,23427.5
1774868520,23426.75,23429.25,23419.25,23423.25
1774868580,23422.5,23424.75,23418.5,23421.75
1774868640,23422.25,23422.5,23417,23420
1774868700,23419,23422.5,23416,23418.25
1774868760,23417.75,23426.25,23417.5,23421.5
1774868820,23421.25,23433,23421.25,23425.5
1774868880,23425.5,23433.25,23423,23433
1774868940,23432.25,23436.75,23429.25,23429.25
1774869000,23429.5,23431.75,23420.75,23422.25
1774869060,23424,23430.25,23423,23429.25
1774869120,23429.5,23432,23425,23428
1774869180,23428,23439.5,23427.25,23437.25
1774869240,23437.5,23438,23423.5,23431
1774869300,23430.5,23433.25,23424,23431
1774869360,23431,23435.25,23423.5,23434.75
1774869420,23435.25,23448,23433.75,23444.5
1774869480,23444.75,23456,23442,23444.75
1774869540,23444.75,23464.5,23444,23454.75
1774869600,23454,23459,23444.75,23454
1774869660,23453.75,23458.75,23452.5,23457.5
1774869720,23456.25,23463,23451.75,23460
1774869780,23460.25,23469.5,23458.25,23466.5
1774869840,23466.25,23471,23460.5,23465.75
1774869900,23464.25,23468,23453.5,23454.5
1774869960,23454.25,23580,23453,23474.75
1774870020,23473.25,23518.25,23442.5,23462.25
1774870080,23462.75,23483.75,23444.75,23478.25
1774870140,23478.5,23495.75,23468,23487.75
1774870200,23487.75,23505.75,23470.5,23473.75
1774870260,23474.25,23486.75,23461,23467.75
1774870320,23468.25,23485.75,23466.5,23475.5
1774870380,23475,23476.75,23453.25,23468.25
1774870440,23467.25,23469.5,23450,23462.5
1774870500,23463,23482.25,23463,23476.75
1774870560,23476.5,23485.75,23470.5,23482.25
1774870620,23482,23482.25,23462.5,23467.75
1774870680,23468,23471.75,23459.25,23467.25
1774870740,23467.5,23471.25,23463.75,23468.25
1774870800,23468,23469.5,23458,23461.5
1774870860,23460.75,23470.5,23456.5,23461.75
1774870920,23460.75,23468.25,23455.75,23466.25
1774870980,23467,23473.5,23461.5,23466
1774871040,23465.5,23469.25,23456.5,23466.25
1774871100,23466.5,23466.5,23457.25,23460.75
1774871160,23460.25,23473.5,23460,23468.5
1774871220,23467.75,23467.75,23459.5,23464.5
1774871280,23464.25,23466.25,23459.75,23462.5
1774871340,23463.25,23471,23462.25,23467.75
1774871400,23467.75,23479.25,23467.5,23475.75
1774871460,23475.25,23481.75,23471.25,23472.5
1774871520,23472.75,23473.5,23466.5,23468.25
1774871580,23467.5,23473.5,23463.25,23468.25
1774871640,23467.5,23471.5,23455.75,23471.5
1774871700,23471,23471.5,23456.75,23459.25
1774871760,23459,23460,23450.75,23451.5
1774871820,23452.25,23456.25,23448,23452.25
1774871880,23451.75,23459.25,23448.5,23456
1774871940,23456,23460,23452.75,23458.75
1774872000,23459.75,23463.75,23444.5,23447
1774872060,23447.5,23459,23442,23448
1774872120,23448,23449.5,23435.5,23449.5
1774872180,23449.5,23450.75,23438,23440.5
1774872240,23440.75,23453.25,23440.25,23452.75
1774872300,23452,23465.75,23449.25,23462.5
1774872360,23463,23468,23460,23462.75
1774872420,23462.5,23463.25,23457.25,23461.5
1774872480,23461.5,23465,23458.25,23459.5
1774872540,23459.5,23471.75,23454.25,23457
1774872600,23456,23468,23454.25,23466.5
1774872660,23466.25,23467.25,23458.5,23459.75
1774872720,23459.75,23468.75,23459.5,23463.5
1774872780,23463.25,23472.75,23460,23469
1774872840,23469.25,23469.25,23464.25,23466.5
1774872900,23466.5,23470,23464.25,23466.75
1774872960,23466.5,23470.5,23459,23461
1774873020,23461.5,23479.75,23461,23478.75
1774873080,23478.75,23485.75,23475.5,23482.25
1774873140,23481.5,23487.25,23480.25,23481.25
1774873200,23480.75,23483.5,23475,23479.5
1774873260,23480.5,23485.75,23478.75,23482.75
1774873320,23482,23485.25,23480,23480
1774873380,23480.5,23498,23479.5,23494.5
1774873440,23494.25,23505.5,23493.75,23499.75
1774873500,23499,23502,23493.75,23500
1774873560,23500.25,23510,23496.75,23505
1774873620,23504.5,23506.75,23498.5,23500.25
1774873680,23500.5,23503.5,23497,23500
1774873740,23499.5,23507.5,23497.5,23500.75
1774873800,23501,23515,23494.25,23512
1774873860,23514,23515.5,23503.75,23509.75
1774873920,23510.5,23524,23509.5,23518.25
1774873980,23518.25,23520.75,23512.75,23515.5
1774874040,23515,23515.75,23502.25,23507.5
1774874100,23507.25,23516.5,23501,23513
1774874160,23512.5,23517,23508.5,23508.75
1774874220,23508.75,23516,23506.75,23509.25
1774874280,23509,23518,23508,23516.25
1774874340,23516.25,23518,23511.25,23514
1774874400,23513.75,23515.5,23505.25,23510
1774874460,23511,23513,23503,23504.5
1774874520,23505.25,23511.25,23504.5,23506.25
1774874580,23506.25,23516,23502,23512.75
1774874640,23512.25,23513.25,23505.25,23507.25
1774874700,23507.5,23508.25,23499.25,23502.75
1774874760,23502.5,23507.75,23500.25,23500.25
1774874820,23500.75,23506.5,23500.75,23505.25
1774874880,23505.5,23507,23502.75,23504.25
1774874940,23504.5,23510,23500.5,23509.5
1774875000,23509,23509.25,23491.5,23492.25
1774875060,23492.25,23498.75,23490.25,23497.25
1774875120,23496.75,23502.25,23495.25,23501.25
1774875180,23501.75,23503.25,23498,23500.75
1774875240,23500.75,23503.25,23496,23496.75
1774875300,23496.25,23502,23493.5,23497
1774875360,23497,23506.25,23494.5,23505
1774875420,23504.5,23506,23497.5,23500
1774875480,23500.5,23509,23499.75,23505.5
1774875540,23506,23507.5,23498.75,23505.5
1774875600,23506.25,23523.25,23505.5,23516.5
1774875660,23516.5,23521.75,23508.75,23511.5
1774875720,23512.25,23519.75,23507.75,23518
1774875780,23517.5,23518.5,23510.75,23514
1774875840,23513.5,23513.5,23501.25,23503
1774875900,23503,23510.5,23492.75,23494.75
1774875960,23494.5,23504,23494,23494.5
1774876020,23495,23506.75,23493.75,23506.75
1774876080,23505.75,23507.25,23482,23483.25
1774876140,23484,23490,23481.5,23487.75
1774876200,23487.75,23498.5,23486.75,23495.5
1774876260,23495.25,23499.25,23490,23494
1774876320,23494,23502.25,23493.25,23498.5
1774876380,23499,23506.25,23497.75,23506.25
1774876440,23506.25,23506.5,23499.25,23503
1774876500,23502.75,23510,23496.75,23500.5
1774876560,23501,23512,23496.5,23509.75
1774876620,23510.25,23513.75,23506.25,23511
1774876680,23510,23514.75,23505.75,23508.75
1774876740,23508.25,23512.5,23505.5,23509.75
1774876800,23510,23511.25,23504.25,23508.75
1774876860,23508.75,23518.5,23508.25,23515
1774876920,23514.5,23517.5,23510.5,23511.5
1774876980,23511.25,23519,23510.5,23517.5
1774877040,23516.75,23519,23512.25,23513
1774877100,23513.25,23515,23502.25,23512.25
1774877160,23512.5,23514,23507.5,23508
1774877220,23508.5,23511.25,23496.75,23497.25
1774877280,23497.25,23521.25,23497.25,23512.5
1774877340,23512,23517.25,23507,23510.25
1774877400,23509,23510,23478.5,23485.5
1774877460,23485.75,23536,23485.5,23534.75
1774877520,23535,23538,23501.5,23504.5
1774877580,23504.75,23515.5,23492,23492
1774877640,23492.25,23493,23457,23464
1774877700,23463.75,23467.75,23443.5,23444.25
1774877760,23443.75,23450,23423.75,23427
1774877820,23426.5,23436.25,23417.5,23432.75
1774877880,23432.75,23443,23412.5,23414.5
1774877940,23414.5,23432,23410.5,23424.5
1774878000,23423.75,23425.5,23383,23387.75
1774878060,23388.25,23397,23374.25,23377.25
1774878120,23377.75,23401.75,23377,23396.75
1774878180,23396.5,23403.25,23379.5,23394.75
1774878240,23394.75,23405.5,23382.25,23393.5
1774878300,23393.25,23405.75,23380.25,23395.5
1774878360,23394.75,23399,23360.25,23363.75
1774878420,23363.75,23383.25,23362.75,23367.25
1774878480,23367,23381.75,23356,23374.5
1774878540,23374.5,23375.25,23352.75,23358.5
1774878600,23359,23371.5,23345.25,23357.75
1774878660,23357.75,23372,23356,23366.25
1774878720,23365.5,23376.75,23359.75,23372.25
1774878780,23373.25,23375.25,23349,23356
1774878840,23356.75,23366.5,23342.75,23344.25
1774878900,23343.25,23349,23323,23329
1774878960,23329.25,23336.75,23312.25,23316
1774879020,23316.25,23325.75,23305.25,23311.25
1774879080,23311,23318,23293,23305
1774879140,23304.5,23314.25,23298.75,23302.5
1774879200,23302.5,23333,23298,23321
1774879260,23321.5,23331.5,23311.25,23323.5
1774879320,23324.25,23335.5,23313,23328
1774879380,23328.5,23338,23322.25,23329.75
1774879440,23331,23341.25,23326.25,23333.75
1774879500,23333.5,23336.75,23300,23312.75
1774879560,23313,23320,23296,23310.75
1774879620,23311,23337.5,23311,23328
1774879680,23328,23345,23316.25,23337
1774879740,23336.75,23349.75,23332.5,23348
1774879800,23348.25,23363.75,23327.5,23334.75
1774879860,23335,23358.5,23334.25,23355
1774879920,23355,23374.75,23351.5,23371.75
1774879980,23372,23379.5,23358.75,23370.5
1774880040,23371,23383,23362.5,23366.5
1774880100,23366.5,23376.75,23338.25,23343
1774880160,23343,23363.25,23332.75,23357.5
1774880220,23357.5,23363.5,23342,23346.25
1774880280,23347.5,23353.75,23338.75,23343.25
1774880340,23343,23346.5,23316.25,23340
1774880400,23340,23357,23335.25,23345
1774880460,23345.75,23351.75,23333,23336.5
1774880520,23336.75,23370,23335.75,23362.25
1774880580,23362.25,23364.25,23350.75,23357.75
1774880640,23358,23361,23350,23356.25
1774880700,23357.25,23363.75,23350.25,23353.25
1774880760,23352.5,23353.75,23334,23340.75
1774880820,23341.75,23347.75,23323.25,23332.75
1774880880,23332.75,23336.5,23317.5,23320
1774880940,23320.25,23335.25,23313.25,23325
1774881000,23325.5,23354.75,23321.75,23343.75
1774881060,23343.75,23353,23336.5,23340
1774881120,23340.75,23346,23323.5,23332.25
1774881180,23331.25,23352.25,23328.75,23334.5
1774881240,23334,23334.75,23318.75,23327.5
1774881300,23327.5,23334.5,23300.25,23302.5
1774881360,23302.5,23320,23288.25,23308.25
1774881420,23307.75,23315.75,23303,23315.75
1774881480,23315.5,23325.5,23309.5,23317
1774881540,23317.25,23322.5,23301.25,23312.75
1774881600,23313,23332,23305.25,23306.25
1774881660,23306.5,23308.25,23280,23287.5
1774881720,23287.5,23297.75,23281.75,23288.5
1774881780,23288.5,23290.5,23271.5,23274.75
1774881840,23275.25,23277.25,23262.25,23273.75
1774881900,23274,23289.5,23270.5,23283
1774881960,23283,23338,23282.75,23323.5
1774882020,23323.75,23353,23303,23343.5
1774882080,23343.75,23362.75,23323.5,23328.5
1774882140,23328.5,23335,23305.5,23307.25
1774882200,23307.25,23317.5,23294.5,23309.75
1774882260,23310.5,23317,23299.75,23301.75
1774882320,23301.25,23312,23292,23306.25
1774882380,23305.5,23327.25,23300.25,23325.5
1774882440,23324.75,23338.25,23314,23330
1774882500,23330,23333.25,23308.5,23318.25
1774882560,23318,23343.5,23314.75,23340.25
1774882620,23340.5,23363.75,23339.25,23354.5
1774882680,23354.25,23378.75,23352,23372.25
1774882740,23372.5,23379.75,23366.75,23377.5
1774882800,23377.5,23399.75,23377,23394
1774882860,23394,23402.5,23382,23391.75
1774882920,23391.25,23401.75,23387.25,23398.75
1774882980,23398.75,23410,23392,23408.25
1774883040,23408.75,23415,23400,23414
1774883100,23415,23437.75,23405.5,23405.75
1774883160,23406.25,23406.25,23379.75,23383.5
1774883220,23383,23383.5,23353,23355.25
1774883280,23354.5,23362,23340.5,23345
1774883340,23344.75,23351.25,23335.25,23342.25
1774883400,23341.75,23360.5,23341.25,23349
1774883460,23348.5,23351.25,23335,23337.5
1774883520,23337.25,23348.25,23332.75,23338
1774883580,23338.5,23347,23323,23334.5
1774883640,23334.5,23335.25,23312.75,23317.5
1774883700,23317.75,23321.5,23297.25,23306.75
1774883760,23306.75,23310,23282.5,23288.75
1774883820,23288.5,23304.5,23285,23294.25
1774883880,23295,23301.5,23290.75,23300.75
1774883940,23300,23312.75,23298.25,23309
1774884000,23308.75,23328.5,23305,23320.25
1774884060,23320.75,23322.75,23312.75,23318.25
1774884120,23318,23318,23304.25,23313.5
1774884180,23314.5,23336.5,23314,23334
1774884240,23333.75,23342,23330.75,23339.5
1774884300,23339.5,23357,23337.25,23349.5
1774884360,23349.5,23360,23346.75,23356.5
1774884420,23356.25,23357,23346,23351.25
1774884480,23351.25,23355,23335,23341.75
1774884540,23341.5,23341.75,23327.5,23330
1774884600,23329.5,23338,23313.25,23323.25
1774884660,23323.25,23336.5,23322,23333.5
1774884720,23332,23355.5,23329.25,23352
1774884780,23351.25,23381.75,23349,23376
1774884840,23376,23391,23364.25,23386.5
1774884900,23386.25,23400.75,23383.25,23398
1774884960,23398.25,23410.75,23393.25,23405
1774885020,23404.75,23411.25,23395,23410.25
1774885080,23409.75,23409.75,23386.5,23389.25
1774885140,23389.5,23392.25,23369.75,23373
1774885200,23373,23383,23364.75,23381.75
1774885260,23382,23395.75,23380,23388.5
1774885320,23388.75,23399,23384.75,23396
1774885380,23395.75,23405,23391.5,23402.25
1774885440,23401.5,23407,23398.25,23402.75
1774885500,23403,23407.5,23383.25,23388.75
1774885560,23389,23396,23381,23390
1774885620,23391.25,23397.75,23383.5,23393.25
1774885680,23392.75,23400.75,23390.25,23396.5
1774885740,23396.25,23403.5,23390.25,23401
1774885800,23401,23422.75,23397.5,23420.5
1774885860,23420,23432.25,23415,23430.5
1774885920,23430.5,23434.25,23420.25,23421.75
1774885980,23421.5,23428,23410.5,23414.75
1774886040,23414.75,23416,23403,23403.75
1774886100,23404,23404,23386.75,23395.25
1774886160,23395.5,23396.75,23375.25,23375.75
1774886220,23376.25,23384.5,23374,23383
1774886280,23383,23391.25,23369.25,23384.25
1774886340,23384.25,23385.5,23368.75,23375.25
1774886400,23374.75,23380.25,23355.75,23363.25
1774886460,23362.75,23364.75,23353.75,23355.75
1774886520,23355.5,23361,23335.25,23337
1774886580,23337,23340,23326,23326
1774886640,23326.5,23334,23322.75,23327
1774886700,23327.5,23337,23321.75,23324
1774886760,23324.5,23336.5,23322.25,23329.75
1774886820,23330,23334.5,23312.5,23314.25
1774886880,23315,23327.25,23308.5,23319.75
1774886940,23320,23332,23319,23323.75
1774887000,23323.25,23335.75,23318.25,23332.5
1774887060,23333.5,23339.5,23327,23332.5
1774887120,23332.5,23347.25,23331.75,23345.5
1774887180,23345.5,23347.25,23335.25,23338
1774887240,23338.75,23342,23330.75,23334.75
1774887300,23334.75,23335.25,23315.75,23321.5
1774887360,23321.25,23324.5,23306.5,23311.5
1774887420,23312.5,23321,23310.5,23310.75
1774887480,23311.5,23313.5,23301.25,23302.5
1774887540,23302.5,23312.25,23300.75,23308.25
1774887600,23307.5,23321.75,23306.25,23310.5
1774887660,23310.5,23311.75,23296.25,23304.75
1774887720,23305,23316.5,23303.25,23306.5
1774887780,23306.75,23308.75,23294.5,23300.25
1774887840,23300,23307.25,23293,23301.5
1774887900,23301.25,23305.5,23299.25,23300.75
1774887960,23301,23301.5,23286.75,23289.25
1774888020,23289,23293.75,23278.5,23280.75
1774888080,23280.25,23285.25,23273.25,23275.25
1774888140,23276,23281.75,23274.75,23275.5
1774888200,23275.5,23282,23266.5,23273.75
1774888260,23273.25,23292.5,23273,23284.25
1774888320,23284.5,23292.25,23280.25,23285.25
1774888380,23284.5,23292.5,23282.25,23286.5
1774888440,23286,23295,23285.5,23288
1774888500,23288.5,23293,23286,23288.5
1774888560,23289.5,23293,23280.75,23292.25
1774888620,23291.75,23298.75,23290.75,23296.5
1774888680,23295.75,23307,23290.5,23301.5
1774888740,23301.75,23315.5,23301.5,23308.5
1774888800,23308.75,23308.75,23295.75,23300.75
1774888860,23300.25,23311.75,23297.75,23306.5
1774888920,23306.5,23308.5,23296.5,23299.75
1774888980,23299.5,23306.25,23297,23299
1774889040,23298.75,23302.75,23293.25,23300.75
1774889100,23301,23301.25,23288.5,23299.25
1774889160,23299.75,23301.25,23293.5,23299
1774889220,23299,23307.5,23294.75,23301.25
1774889280,23300.5,23305,23295.25,23300
1774889340,23299.5,23302,23286.5,23294.25
1774889400,23293.75,23300.75,23290.5,23299.75
1774889460,23299.5,23311.75,23298.75,23309
1774889520,23308.25,23311.75,23299.75,23302.5
1774889580,23302.75,23304.5,23290.75,23294.25
1774889640,23295,23298.5,23285.5,23287.75
1774889700,23287.5,23289.5,23277.5,23281.25
1774889760,23281.25,23287,23280,23284.25
1774889820,23284.75,23286.5,23277.75,23281.5
1774889880,23281.75,23288.5,23278,23279.25
1774889940,23279.5,23294.75,23276.5,23288
1774890000,23288,23303.25,23288,23299.25
1774890060,23298.75,23306.75,23292,23292.75
1774890120,23293.5,23293.75,23276,23282.25
1774890180,23282.25,23286.25,23272.75,23279.5
1774890240,23279.25,23280.75,23261.5,23263.75
1774890300,23263.75,23280.75,23259,23274.5
1774890360,23274.5,23296,23273.5,23286.75
1774890420,23287.5,23291,23280.75,23286.75
1774890480,23286.5,23287.75,23275.5,23278.75
1774890540,23278.5,23282.75,23272.25,23281.5
1774890600,23281.5,23286.25,23257.5,23261.25
1774890660,23261.75,23267,23260.5,23261.5
1774890720,23261.75,23268.75,23261,23263.5
1774890780,23263.75,23264,23244.25,23252.75
1774890840,23252.5,23257,23245.25,23247.75
1774890900,23248,23256.25,23220.75,23227.75
1774890960,23228,23232,23213.25,23223.75
1774891020,23223.5,23230.5,23220.25,23228.5
1774891080,23228.5,23236.25,23223,23234.25
1774891140,23234.25,23239,23229.25,23236.5
1774891200,23236.25,23243.25,23228,23230.5
1774891260,23230.75,23233.5,23211.5,23220.75
1774891320,23220.75,23222.5,23208.5,23212.5
1774891380,23212.5,23218,23210.75,23215.25
1774891440,23214.75,23218.75,23209,23216.25
1774891500,23216.25,23218.25,23207.75,23212.75
1774891560,23212.75,23220.75,23205.5,23208
1774891620,23208,23208,23193.5,23197.25
1774891680,23197,23205.25,23191.75,23199.75
1774891740,23200,23202.25,23195.75,23197
1774891800,23197,23199.75,23189.5,23196.75
1774891860,23197.5,23198.5,23182.75,23184
1774891920,23185,23186,23170.5,23177.25
1774891980,23177.5,23183.75,23171,23174.5
1774892040,23174.5,23179.25,23173.75,23177.75
1774892100,23177.5,23182.5,23169,23175.5
1774892160,23175.75,23199.75,23175.25,23194.75
1774892220,23194.5,23200.5,23183.25,23188
1774892280,23188.25,23194.5,23183.5,23187
1774892340,23188,23209,23187,23205.5
1774892400,23205.5,23213.25,23197.5,23209
1774892460,23208.75,23211,23199,23207.5
1774892520,23208,23218.75,23206.5,23214
1774892580,23213.5,23220,23206.75,23219.75
1774892640,23219,23233.75,23216.75,23228
1774892700,23228,23236.5,23227,23236
1774892760,23235.75,23236.25,23221,23223
1774892820,23222.75,23254,23215.75,23234.75
1774892880,23234.5,23234.5,23208.75,23214.25
1774892940,23214,23220.75,23210,23210.5
1774893000,23211.25,23215,23201,23207
1774893060,23207,23219.75,23206,23218.75
1774893120,23218.75,23221.5,23212.5,23215
1774893180,23214.5,23225.5,23213.5,23216
1774893240,23216.75,23217.5,23206.5,23210.75
1774893300,23210.75,23213.75,23204,23210.25
1774893360,23211,23214.75,23203.75,23205.25
1774893420,23204.75,23205.75,23193.5,23199
1774893480,23199.75,23199.75,23193.75,23194.75
1774893540,23195.25,23213.25,23195.25,23210.75
1774893600,23210.5,23213,23198,23199.75
1774893660,23199.25,23203.25,23194.25,23197.25
1774893720,23197.75,23205.25,23194.75,23203.75
1774893780,23203.5,23211.5,23197,23198
1774893840,23198,23199.5,23191.5,23195
1774893900,23195,23208.75,23194.75,23202.25
1774893960,23202,23202.75,23181.5,23187
1774894020,23187.5,23189.75,23173.25,23182.75
1774894080,23183.25,23192,23179,23182.25
1774894140,23181.75,23190.5,23180.25,23183.5
1774894200,23184,23191.75,23180,23184.25
1774894260,23184.25,23192,23183.75,23190.75
1774894320,23190.5,23192.5,23183.75,23191.25
1774894380,23191,23193.5,23179.25,23181
1774894440,23181.5,23198.25,23180.75,23193
1774894500,23193.25,23198.25,23180.25,23183
1774894560,23182.25,23188.25,23180,23184.5
1774894620,23184.25,23190.75,23180.75,23184.25
1774894680,23183.75,23191.5,23182.25,23186.25
1774894740,23186.75,23205,23186.5,23201.5
1774894800,23201.75,23209,23197.75,23205.75
1774894860,23205.75,23210,23192.75,23195.75
1774894920,23196.25,23203.5,23191,23192.25
1774894980,23192.5,23196.5,23181.5,23185.25
1774895040,23185.5,23188.25,23181.25,23185.5
1774895100,23185.5,23186.25,23170.25,23175
1774895160,23175,23176.5,23159,23167
1774895220,23166.25,23168.5,23158.5,23161.25
1774895280,23161.5,23163.5,23154.5,23158.5
1774895340,23158,23159.25,23153.5,23155.25
1774895400,23155,23166.5,23153,23164.75
1774895460,23164.75,23172.25,23162.25,23163.5
1774895520,23163.25,23173.5,23160.5,23164.25
1774895580,23164.5,23168.75,23161,23166.75
1774895640,23167,23168.5,23161.5,23168
1774895700,23168.25,23179.5,23167.5,23178.5
1774895760,23178.25,23194.75,23177.5,23192.75
1774895820,23192.75,23192.75,23184.25,23184.75
1774895880,23185,23189,23175.5,23177.5
1774895940,23177.5,23177.5,23159.25,23159.5
1774896000,23159.5,23166.25,23156,23165.5
1774896060,23165.75,23168.25,23162.5,23163.75
1774896120,23163.5,23165.5,23155.25,23160
1774896180,23160.25,23161.25,23155,23160.5
1774896240,23159.5,23161.25,23155,23156.5
1774896300,23157.25,23170.5,23157.25,23159.25
1774896360,23159.25,23161,23151,23153.75
1774896420,23153.75,23157,23148.75,23153.5
1774896480,23153.5,23161.25,23142.5,23147
1774896540,23147.25,23150.75,23143.75,23144.75
1774896600,23144.75,23146.5,23132.5,23138.5
1774896660,23138.5,23138.75,23125.75,23127.25
1774896720,23127.75,23131,23123,23127
1774896780,23126.75,23131.5,23123.5,23125.5
1774896840,23125.5,23133.75,23117.75,23131
1774896900,23131,23140.25,23130,23131
1774896960,23131.25,23135.25,23128.25,23132.25
1774897020,23132,23132.5,23114.5,23117.75
1774897080,23118,23126.5,23116.5,23118.25
1774897140,23118,23124.25,23117.25,23120.75
1774897200,23120.5,23126,23110,23113
1774897260,23113.25,23123.25,23109.75,23120.25
1774897320,23119.75,23130.5,23118.75,23121
1774897380,23121,23124.75,23109.75,23111.25
1774897440,23111.75,23122,23108.75,23117.75
1774897500,23118,23118.5,23102,23104
1774897560,23103.5,23104.75,23092.25,23100.75
1774897620,23100.5,23102.25,23081,23084
1774897680,23084,23089,23081,23084.5
1774897740,23084.75,23085.25,23074.5,23076
1774897800,23076,23079.25,23056,23057.5
1774897860,23057.75,23063.25,23037.75,23048.5
1774897920,23048.25,23057.25,23044.25,23046.25
1774897980,23046.25,23054.5,23043.25,23052.25
1774898040,23052,23053.25,23042,23046.25
1774898100,23046.25,23064.25,23045,23057.25
1774898160,23056.75,23061.75,23049.25,23055.25
1774898220,23055.5,23064,23051.5,23054.75
1774898280,23055,23060.5,23052.5,23055
1774898340,23054.75,23057,23050.5,23052.25
1774898400,23052.75,23061.25,23050.5,23060.75
1774898460,23060.5,23060.75,23039.25,23041.25
1774898520,23041.75,23050.5,23041,23046
1774898580,23046.5,23058.75,23044.25,23053.5
1774898640,23053.25,23053.75,23043.75,23045.5
1774898700,23045.5,23048.25,23035.5,23038.5
1774898760,23038.25,23047.75,23037.25,23045.5
1774898820,23046,23049,23033.75,23038.75
1774898880,23038.75,23039.25,23026.25,23031
1774898940,23030.25,23039,23024.25,23037
1774899000,23037,23058.5,23037,23049.75
1774899060,23049.75,23053.75,23031.75,23035.25
1774899120,23035.5,23037.75,23025,23030.25
1774899180,23030.5,23041.75,23030.25,23037.75
1774899240,23037.75,23037.75,23028,23031
1774899300,23031,23047,23029.75,23042.75
1774899360,23044,23079.75,23043.5,23075.5
1774899420,23075,23075.5,23059.75,23066.5
1774899480,23067,23067.75,23052.25,23054.25
1774899540,23054,23060.25,23049,23058.25
1774899600,23058.5,23074,23058,23070.75
1774899660,23070.5,23079,23062.25,23078
1774899720,23078,23088.25,23073.5,23075.75
1774899780,23075.5,23077.25,23066.5,23076.75
1774899840,23076.75,23086.5,23075,23079.25
1774899900,23079.5,23089.5,23076.25,23086.25
1774899960,23086.25,23094.5,23078,23090.25
1774900020,23090,23113.25,23088,23107.75
1774900080,23107.25,23108.25,23093.5,23098.5
1774900140,23098.5,23102.25,23090.75,23100.25
1774900200,23100.25,23121.25,23082.75,23120
1774900260,23120.25,23129.5,23116.5,23126.5
1774900320,23126.75,23127.5,23113,23113.75
1774900380,23114.5,23127.5,23103.5,23125.25
1774900440,23125.75,23137.25,23119.25,23134.75
1774900500,23135.25,23161,23134,23153
1774900560,23153.25,23161.5,23147,23159.75
1774900620,23159.5,23165,23155,23160.5
1774900680,23160.75,23163,23134.75,23140.5
1774900740,23140.5,23148,23126.5,23135.75
1774900800,23135.75,23144.5,23117,23125.5
1774900860,23125.75,23128.5,23118.5,23123.5
1774900920,23123.5,23128,23120,23125.25
1774900980,23126,23128.5,23121.25,23123
1774901040,23123,23123,23114.75,23115.75
1774901100,23116.25,23125.5,23115.5,23116.25
1774901160,23116.5,23121.5,23112.5,23118.75
1774901220,23118.75,23118.75,23103.75,23104.5
1774901280,23104.5,23108,23095.25,23098.25
1774901340,23098,23109.5,23097.5,23108.5
1774901400,23108.5,23108.75,23102.75,23103.5
1774901460,23104.25,23107.75,23098.25,23100.5
1774901520,23101.25,23104,23096.5,23098
1774901580,23098,23101,23091.5,23095.75
1774901640,23095.75,23097,23092.5,23094.25
1774901700,23094.25,23105,23092.75,23098.5
1774901760,23098.5,23102,23094.75,23102
1774901820,23102,23103,23096.25,23098.25
1774901880,23098,23102.25,23097.25,23100.5
1774901940,23100.75,23104.5,23098.75,23099
1774902000,23099.5,23103.25,23098,23100.5
1774902060,23101.25,23102.75,23099.5,23100.25
1774902120,23099.75,23099.75,23095.25,23096.75
1774902180,23097,23098,23093,23096
1774902240,23096,23096,23091.75,23094
1774902300,23094.25,23097,23093.5,23096.5
1774902360,23097,23097.5,23095,23095.5
1774902420,23096.25,23098.5,23094.5,23097.25
1774902480,23098,23104.75,23098,23101
1774902540,23101,23101.25,23096.75,23099.5
1774902600,23100,23100.25,23095.75,23099.25
1774902660,23100,23103,23098,23098.75
1774902720,23098.25,23100,23096.25,23099.25
1774902780,23098.25,23101,23097,23098
1774902840,23098.25,23100,23096,23096.5
1774902900,23096.25,23097.25,23093.25,23094.75
1774902960,23095,23099.5,23094.75,23097
1774903020,23097,23098,23095.75,23097.25
1774903080,23097.75,23099.75,23096.75,23098.5
1774903140,23098.25,23100.25,23095.5,23098.75
1774903200,23099,23102.75,23098.75,23101
1774903260,23100,23103.5,23099.5,23101.5
1774903320,23101,23103.5,23099.5,23103.25
1774903380,23103,23103.5,23101.25,23102
1774903440,23102.75,23107.5,23101.75,23105
1774903500,23105.25,23107.25,23103.75,23104.75
1774903560,23104.25,23106.25,23103.75,23104.75
1774903620,23104.75,23107.5,23104.5,23105.25
1774903680,23104.25,23106.75,23104.25,23105
1774903740,23105,23105.75,23102.25,23104.5
1774903800,23104.75,23107.5,23102.5,23107
1774903860,23106.75,23108.25,23104.75,23104.75
1774903920,23105.25,23105.75,23100,23102.25
1774903980,23102,23102.5,23100.25,23101.5
1774904040,23101.75,23103.5,23099.5,23100.25
1774904100,23100.5,23103.5,23099.25,23103.5
1774904160,23102.75,23105.25,23099.25,23100
1774904220,23100.5,23102.5,23099.5,23099.5
1774904280,23100,23106,23099,23102.25
1774904340,23102,23106.75,23099.5,23106
1774908000,23112,23132.75,23111.25,23131.75
1774908060,23132.5,23136.5,23126,23134.5
1774908120,23134.25,23139.25,23125.5,23130.5
1774908180,23131.5,23144.5,23130.25,23140.75
1774908240,23140,23145,23138.5,23144
1774908300,23143.5,23147.25,23137.25,23139.25
1774908360,23138.75,23142,23138.25,23140.25
1774908420,23139.75,23140.5,23129,23130
1774908480,23130.25,23133.5,23129,23129.5
1774908540,23129.25,23129.25,23120.5,23122.5
1774908600,23122.25,23122.75,23113.5,23119
1774908660,23120,23122,23110.5,23118.5
1774908720,23118,23121,23110.75,23113.5
1774908780,23114.25,23121.25,23113.75,23121
1774908840,23121,23124.25,23117.25,23117.25
1774908900,23118,23120.75,23113.25,23119
1774908960,23119,23124,23115,23124
1774909020,23124,23130.75,23119.5,23126.5
1774909080,23125.5,23127.25,23121,23124.5
1774909140,23124.5,23126,23115,23117.5
1774909200,23117.5,23125.25,23117.5,23118.5
1774909260,23118.25,23120.5,23115.5,23117.5
1774909320,23117.75,23122.5,23115,23122.5
1774909380,23121.5,23123,23119.75,23121.5
1774909440,23120.75,23127,23119.25,23125.5
1774909500,23126,23128.25,23123,23126.75
1774909560,23126.75,23133,23126.25,23128.75
1774909620,23128.5,23128.5,23121.25,23121.25
1774909680,23121.25,23123,23116.5,23122
1774909740,23122,23124.25,23120.75,23122
1774909800,23122.5,23123.5,23111.25,23112.25
1774909860,23111.75,23116.75,23102,23116
1774909920,23116.25,23120,23114.25,23120
1774909980,23119.25,23124.5,23117.75,23120.5
1774910040,23119.75,23123,23119.25,23120.75
1774910100,23121.25,23123.25,23117.75,23120
1774910160,23119.5,23122,23114.25,23121.5
1774910220,23121.25,23126,23118.25,23122
1774910280,23121,23122.75,23116,23116.75
1774910340,23116.75,23122.5,23116.75,23120.5
1774910400,23120,23126,23119.25,23121.75
1774910460,23122,23124.75,23121.25,23122.5
1774910520,23122.5,23123.75,23113.25,23113.25
1774910580,23113.25,23118.25,23112.75,23113.75
1774910640,23114,23114.5,23104.25,23106.5
1774910700,23106.75,23110,23105.5,23109.5
1774910760,23108.5,23111,23105.25,23110.25
1774910820,23110.25,23110.5,23104.25,23105
1774910880,23104.5,23107.25,23099.25,23104.25
1774910940,23104.5,23108.5,23102.5,23105.25
1774911000,23105.25,23115.5,23103.75,23115.25
1774911060,23113.75,23117.25,23112,23114.75
1774911120,23114.75,23114.75,23108.25,23113
1774911180,23113.75,23115.25,23110.25,23114.5
1774911240,23114.75,23115.75,23113.5,23115.5
1774911300,23115.75,23117.5,23113.75,23114
1774911360,23114,23114.5,23106.75,23107.75
1774911420,23107.75,23114.25,23100.75,23111.5
1774911480,23111.25,23115.75,23104.75,23104.75
1774911540,23105.75,23107.25,23093.25,23099.75
1774911600,23100.5,23101.25,23075.5,23077
1774911660,23077.5,23084,23069.75,23074.5
1774911720,23075.25,23080.75,23065.25,23070.5
1774911780,23071,23076.5,23067.25,23069.25
1774911840,23069.5,23070,23057.25,23059.25
1774911900,23059.25,23066.75,23055,23058.5
1774911960,23059,23063,23051.5,23053.75
1774912020,23054.5,23075,23049.5,23052.25
1774912080,23051.75,23063.5,23021,23043
1774912140,23041.5,23044.5,23031.25,23040
1774912200,23040.25,23047.25,23038.5,23046
1774912260,23046.25,23056.25,23042.5,23048.75
1774912320,23049,23049.75,23032.25,23037
1774912380,23037.75,23040,23028.25,23038.5
1774912440,23038.5,23049,23038.5,23046.25
1774912500,23046.5,23046.5,23035.5,23043
1774912560,23042,23050.5,23038.25,23045.5
1774912620,23046.25,23049.25,23040.25,23044.75
1774912680,23044.5,23051.5,23042.75,23050
1774912740,23049.5,23056.5,23047.75,23054.25
1774912800,23054.5,23065.25,23052,23064.5
1774912860,23064.75,23068.5,23057,23057.75
1774912920,23057,23059.25,23049.5,23056
1774912980,23056.75,23060.75,23055.75,23057.25
1774913040,23056.25,23062,23054,23058.75
1774913100,23058.5,23060.75,23053,23055.25
1774913160,23055,23058.5,23053.5,23058.25
1774913220,23058.5,23064.75,23053.5,23063.25
1774913280,23063,23063.25,23058.75,23061.25
1774913340,23060.75,23062.5,23054.75,23056.25
1774913400,23056.5,23060,23042.5,23048.75
1774913460,23049,23049.5,23039,23039.75
1774913520,23039.5,23046.25,23039,23040.25
1774913580,23040.25,23046.75,23036,23045
1774913640,23045,23046.25,23038.75,23039.75
1774913700,23040.25,23048.5,23039,23047.75
1774913760,23047.25,23054,23043.75,23050
1774913820,23049.75,23051.25,23041.25,23047
1774913880,23047,23047.75,23042.25,23044.75
1774913940,23044.75,23046,23038.75,23040.5
1774914000,23041.5,23044.25,23039,23041
1774914060,23040.75,23047.5,23034.75,23045.5
1774914120,23045.5,23046.5,23043,23045
1774914180,23045,23049,23041.75,23043.75
1774914240,23043.75,23044.25,23034.75,23041
1774914300,23040.75,23044,23030,23033.25
1774914360,23033.75,23037.5,23028.5,23033.5
1774914420,23033.25,23035.25,23024.75,23028.5
1774914480,23028.25,23033.25,23025.5,23029
1774914540,23029.5,23037.75,23028,23033.25
1774914600,23033,23046.5,23031.25,23043.25
1774914660,23043.25,23044.5,23036.75,23038.25
1774914720,23038.5,23040.5,23029.25,23035.25
1774914780,23035.75,23037.5,23025,23028
1774914840,23028.75,23035.5,23028.25,23032.5
1774914900,23033.25,23034.5,23027.25,23032.25
1774914960,23032,23037,23030,23035.25
1774915020,23036.25,23038.25,23022.25,23032.5
1774915080,23032.75,23035.5,23031,23031.75
1774915140,23032.5,23046,23032,23044.75
1774915200,23045.25,23062.25,23040.5,23053.5
1774915260,23052.5,23055.5,23038.75,23051
1774915320,23050.25,23083.5,23050.25,23066
1774915380,23066.5,23068.75,23055.75,23060
1774915440,23060,23075,23059.25,23071.75
1774915500,23071.75,23075,23061.5,23063.25
1774915560,23062.25,23071,23058.75,23064
1774915620,23064.5,23065,23049.75,23053
1774915680,23053.25,23056.25,23045.5,23048.75
1774915740,23049,23055.5,23041.75,23051
1774915800,23051.25,23059.25,23047.5,23050
1774915860,23049.75,23053,23025.5,23025.75
1774915920,23027,23034.75,23010.25,23014
1774915980,23014,23020.5,23009,23019.5
1774916040,23020.25,23026.25,23012.75,23021.75
1774916100,23022,23027.5,23006.25,23010.75
1774916160,23011.75,23012.25,22982.75,22990.5
1774916220,22990.75,22993.5,22978.25,22988
1774916280,22987.25,22990.5,22982.5,22988
1774916340,22988.75,22991.5,22980.75,22989.75
1774916400,22989.25,23003.5,22987.75,22998.5
1774916460,22998.75,23001.5,22991.5,22995.25
1774916520,22995,22995,22982.25,22988.75
1774916580,22989.75,22992.25,22960.5,22973.25
1774916640,22973.5,22982.5,22966,22981.25
1774916700,22980.5,22998.75,22979.75,22997.75
1774916760,22997.5,23015.5,22995,23014
1774916820,23014.5,23015,23004.25,23006.25
1774916880,23006.5,23012.5,23001.25,23010.75
1774916940,23010.5,23013.25,23003,23013.25
1774917000,23013.25,23020,23004.75,23008.5
1774917060,23008,23009.5,23000.5,23002
1774917120,23001.75,23004.5,22991.25,23001.5
1774917180,23000.75,23004.25,22995.25,23000
1774917240,23000,23003.5,22998,23000.25
1774917300,23000.5,23029.75,23000.5,23023.75
1774917360,23023,23036,23018.75,23036
1774917420,23035.25,23035.5,23013.25,23014
1774917480,23014.5,23098.25,23014.5,23090.5
1774917540,23090.75,23090.75,23053.75,23072.5
1774917600,23072.5,23086.25,23059.5,23060
1774917660,23059.75,23090.75,23050.5,23077.25
1774917720,23077.25,23099,23076.75,23093.25
1774917780,23092.75,23124.75,23088.75,23116.5
1774917840,23116,23160.5,23115.75,23158.5
1774917900,23158,23238.75,23151.25,23235
1774917960,23234.5,23264.25,23222,23254
1774918020,23255.75,23280,23236.75,23269.25
1774918080,23267.75,23284.5,23235.5,23248
1774918140,23250.75,23271.75,23245.25,23247.25
1774918200,23247,23257.25,23230.75,23242.5
1774918260,23241.75,23247.75,23205.5,23207.75
1774918320,23208,23220,23191.25,23199
1774918380,23197.5,23243.75,23194,23232.75
1774918440,23232.75,23242.25,23220.5,23221.5
1774918500,23221,23232,23203.25,23205
1774918560,23205.75,23222.5,23189.5,23205
1774918620,23204.25,23209.75,23184.75,23195.5
1774918680,23193.25,23198.5,23180.25,23185.75
1774918740,23186,23204.5,23185.25,23202.5
1774918800,23201.75,23208.5,23188,23200
1774918860,23201,23232.5,23199.25,23229.5
1774918920,23229.25,23241.5,23221.5,23222.25
1774918980,23222.5,23227,23211.25,23215.5
1774919040,23215.75,23215.75,23194,23202.25
1774919100,23202.25,23209,23193,23203.5
1774919160,23204.25,23206,23180.25,23186.5
1774919220,23186.5,23186.75,23166.25,23178
1774919280,23177.25,23184.5,23161.75,23166.75
1774919340,23167.5,23185,23166.5,23169.5
1774919400,23168.25,23174.75,23160,23172.25
1774919460,23173,23184.25,23165.75,23175.25
1774919520,23174.5,23189.75,23174.25,23188
1774919580,23187.25,23192.5,23181.75,23187.25
1774919640,23187,23196.5,23183.5,23190
1774919700,23189.75,23210.25,23184,23209
1774919760,23209.5,23223.75,23203.75,23210
1774919820,23210,23213.5,23197.25,23201.25
1774919880,23202,23220,23202,23217.5
1774919940,23216.75,23227.75,23210.5,23224.25
1774920000,23224.5,23237.75,23222.75,23236.75
1774920060,23236.5,23252.25,23232.25,23249
1774920120,23248.75,23268,23239.75,23266
1774920180,23265.75,23272.75,23256.25,23267.5
1774920240,23267,23278,23261.5,23275.5
1774920300,23275.5,23296,23271.75,23293
1774920360,23293,23327,23291.75,23315.25
1774920420,23315.25,23322.5,23305.5,23319.5
1774920480,23319,23321.5,23305.75,23317.25
1774920540,23317.25,23318.75,23300,23315.75
1774920600,23314.75,23328,23312.75,23327
1774920660,23327.25,23342.75,23320.75,23337
1774920720,23337,23361.25,23330.5,23355.75
1774920780,23355.5,23365,23346.5,23362.5
1774920840,23362.5,23369.5,23351.75,23367
1774920900,23367,23375.5,23354,23360
1774920960,23359.75,23375.25,23357.5,23370
1774921020,23371,23391.75,23369.75,23382.25
1774921080,23382.5,23388,23368,23378.5
1774921140,23378.75,23388.25,23367.5,23387
1774921200,23387.5,23397.5,23381.5,23384
1774921260,23384.75,23388.25,23372,23379
1774921320,23378.75,23378.75,23363.25,23370.75
1774921380,23370.75,23374.25,23360.25,23366.25
1774921440,23367.25,23373,23356,23364
1774921500,23364,23366.75,23354,23357.25
1774921560,23357.5,23357.75,23344.25,23345.5
1774921620,23346.75,23353,23343,23349.5
1774921680,23349.25,23359.75,23345.75,23357.75
1774921740,23357,23363.25,23345,23348
1774921800,23347,23353.75,23341.5,23344
1774921860,23344.25,23369,23343.75,23366
1774921920,23366.5,23374.75,23358,23362.25
1774921980,23362.25,23368.75,23355.5,23363
1774922040,23363.25,23366,23358,23358.25
1774922100,23359.5,23363.25,23349.5,23352.25
1774922160,23352.25,23358.5,23348.25,23354
1774922220,23353.75,23356,23337.5,23341.5
1774922280,23341,23349,23339.75,23343
1774922340,23342.5,23345,23336.5,23339.5
1774922400,23340,23344.25,23332.25,23334
1774922460,23333.5,23340.5,23323.75,23327.25
1774922520,23327.25,23332,23323.75,23326.75
1774922580,23327.5,23333.5,23322.25,23327.5
1774922640,23326.75,23329.75,23323.25,23327.5
1774922700,23328,23334.5,23326.5,23331
1774922760,23331.5,23347,23329.25,23339.25
1774922820,23339.25,23344.75,23323.75,23326.75
1774922880,23327,23337,23326.75,23331.5
1774922940,23331,23337.25,23327,23335.5
1774923000,23336.5,23336.5,23328.75,23332.5
1774923060,23333.25,23340,23328.5,23333
1774923120,23333,23341.75,23331,23335.75
1774923180,23335.25,23341.5,23334,23337.75
1774923240,23337,23342.75,23334.75,23337
1774923300,23336.25,23358,23335.5,23342.5
1774923360,23342,23342.75,23332.75,23337.25
1774923420,23338.5,23352.25,23336.5,23343.25
1774923480,23343,23352.75,23341.5,23347.5
1774923540,23347.25,23347.25,23333.5,23343.75
1774923600,23343.25,23350.5,23336.25,23347
1774923660,23347.75,23351.75,23342.5,23345
1774923720,23343.75,23364.25,23343,23358.75
1774923780,23358.25,23365,23353.5,23354
1774923840,23353.5,23354.75,23336.25,23344
1774923900,23345.25,23347.75,23335.25,23339
1774923960,23338.5,23343,23335.5,23337.25
1774924020,23337.5,23348,23336.5,23346
1774924080,23346.75,23356,23344.5,23352
1774924140,23351.75,23354,23342,23348.75
1774924200,23348,23357.75,23335.25,23353
1774924260,23352.75,23355,23339.75,23339.75
1774924320,23339.25,23350.25,23334.25,23338
1774924380,23338.5,23343.5,23335,23338.75
1774924440,23338.75,23342.25,23333.75,23339.75
1774924500,23340.25,23345.25,23337.5,23337.5
1774924560,23337.5,23343.75,23337.5,23338.75
1774924620,23338.75,23355.5,23337.25,23352.25
1774924680,23352.25,23352.75,23336,23338.75
1774924740,23339.5,23346.5,23338.5,23343.5
1774924800,23344.25,23345.5,23329.25,23331.25
1774924860,23330.5,23334.75,23325,23332
1774924920,23332.5,23341.5,23332,23341.5
1774924980,23341.25,23344,23337.5,23339.75
1774925040,23340.25,23354.75,23339.5,23351.75
1774925100,23351,23354.5,23347,23351.25
1774925160,23351.25,23352,23343.5,23349.75
1774925220,23349.75,23357.75,23349.75,23355
1774925280,23354.5,23354.5,23348.75,23352
1774925340,23351.25,23359.5,23350.25,23357.75
1774925400,23357.75,23388.25,23357.25,23387.25
1774925460,23386.75,23403.5,23383,23389.25
1774925520,23389.25,23402.25,23385.5,23398
1774925580,23398,23405.75,23388.25,23391.25
1774925640,23391,23394.75,23375,23379
1774925700,23379.25,23379.25,23362.5,23367
1774925760,23367,23373.75,23362.25,23370.75
1774925820,23370.25,23370.5,23362.5,23362.5
1774925880,23363.25,23365.25,23358.25,23359.25
1774925940,23358.75,23360.75,23345.25,23345.75
1774926000,23345.75,23351.25,23340.25,23346.25
1774926060,23346,23349.75,23340.75,23343.5
1774926120,23343,23354.5,23342.5,23351
1774926180,23351.75,23356.75,23350,23354.75
1774926240,23355.25,23356.25,23350.5,23355.25
1774926300,23355.75,23362.5,23348,23360
1774926360,23359.5,23377.75,23358,23375
1774926420,23374.75,23396.5,23374.5,23393
1774926480,23393.5,23396.5,23385.5,23388.5
1774926540,23388.5,23388.5,23378,23381.25
1774926600,23380.75,23385,23377,23384.5
1774926660,23384.75,23387.75,23381.25,23382.5
1774926720,23382,23397.75,23382,23389.75
1774926780,23389,23392.5,23385.5,23387.5
1774926840,23385.75,23389.25,23380,23380.25
1774926900,23380.5,23385.25,23376.25,23377.75
1774926960,23376.75,23378.25,23367,23368.25
1774927020,23368.5,23369,23357.25,23359
1774927080,23359,23362.75,23355,23362.25
1774927140,23361.5,23365.75,23355,23356
1774927200,23356.5,23363.25,23353.25,23361.75
1774927260,23361.75,23363.75,23358.5,23359
1774927320,23357.75,23359.75,23353.75,23356
1774927380,23356.75,23359.75,23355.5,23357
1774927440,23357.25,23358.75,23350,23353
1774927500,23352.75,23359.5,23351.75,23357.25
1774927560,23356.5,23360.25,23351,23351
1774927620,23351.5,23355.75,23350,23352
1774927680,23351.5,23355.25,23348,23351.25
1774927740,23352.25,23355,23350.5,23351.5
1774927800,23351.5,23357.5,23346,23346.5
1774927860,23347.5,23351,23343.25,23349.5
1774927920,23349.75,23349.75,23343.5,23346
1774927980,23345.75,23349.5,23343,23348.25
1774928040,23348.25,23361,23341.25,23342.25
1774928100,23342.75,23344.25,23334,23340
1774928160,23340,23340.75,23333.75,23335
1774928220,23335.25,23343.25,23334.25,23338.75
1774928280,23339,23340,23333.25,23337.25
1774928340,23337.75,23342,23334.5,23338.75
1774928400,23337.75,23340.25,23336,23336.5
1774928460,23336.25,23339.75,23335.25,23338
1774928520,23336.5,23336.75,23330,23332.25
1774928580,23332.75,23339.25,23332.25,23334.25
1774928640,23334.25,23337,23330.25,23332
1774928700,23332.5,23335,23329.75,23331.5
1774928760,23331.25,23331.5,23327.75,23329.75
1774928820,23330.25,23332,23326.75,23327.5
1774928880,23327.5,23327.75,23319.25,23319.25
1774928940,23320,23321.75,23311.25,23320
1774929000,23319.75,23344.75,23319.5,23339.25
1774929060,23337.5,23338.25,23332,23336
1774929120,23336.5,23337.75,23328.5,23331.25
1774929180,23331.5,23335.25,23330,23332.5
1774929240,23333.5,23336.75,23327.5,23327.75
1774929300,23327.25,23328.5,23321.5,23324.75
1774929360,23323.75,23327.25,23321.5,23327
1774929420,23326.75,23328.25,23317,23319
1774929480,23319.5,23321,23317.25,23321
1774929540,23320.75,23320.75,23315.25,23318.5
1774929600,23319.25,23333,23318.75,23328.5
1774929660,23327.75,23331.25,23326.75,23329.75
1774929720,23329.5,23331,23320.75,23328.75
1774929780,23329,23329.5,23325,23328.25
1774929840,23327.75,23328.75,23320.75,23321.75
1774929900,23321,23321.75,23313.25,23313.75
1774929960,23314.25,23326.25,23313,23322.75
1774930020,23323,23325,23315.25,23316.25
1774930080,23315.5,23330.25,23315.5,23325
1774930140,23325.75,23326,23321,23322.25
1774930200,23323.5,23327.75,23322,23325.5
1774930260,23325.75,23327.5,23318.75,23322.25
1774930320,23321.75,23328.75,23320.5,23324.25
1774930380,23324.5,23326,23321.75,23322.75
1774930440,23324.5,23327.25,23322,23326.25
1774930500,23325.5,23328.25,23324.25,23325.25
1774930560,23327.25,23328.25,23323.5,23327.25
1774930620,23327,23329.25,23325.5,23327.5
1774930680,23327.5,23336.5,23327.5,23332.25
1774930740,23332.5,23335.75,23330.5,23333.25
1774930800,23332.25,23342.25,23332,23341.25
1774930860,23341,23341.25,23325.25,23330.5
1774930920,23328.75,23331.25,23317.75,23319.75
1774930980,23320.25,23325.25,23317.25,23324
1774931040,23323.75,23324.5,23319.75,23322
1774931100,23322,23324.25,23302.5,23304.25
1774931160,23304.25,23312.75,23302.75,23303.25
1774931220,23304,23307.75,23295.25,23306.5
1774931280,23307,23312,23304.25,23306.25
1774931340,23306.75,23306.75,23296.5,23301.5
1774931400,23302.25,23308.75,23300.25,23308
1774931460,23308.25,23308.25,23300.5,23303
1774931520,23303.25,23314,23303,23311.5
1774931580,23311.5,23320.5,23308,23314.75
1774931640,23314.25,23317.75,23307,23312.75
1774931700,23312.25,23312.5,23299.5,23302.25
1774931760,23302.5,23313.75,23302.5,23312
1774931820,23312.75,23314.25,23298,23302.5
1774931880,23302.75,23304,23297.25,23300
1774931940,23298.75,23303.5,23298.25,23300
1774932000,23299.25,23303,23293.75,23297
1774932060,23297.25,23300.25,23296.75,23298.75
1774932120,23299,23302.5,23294.5,23299
1774932180,23299,23305.5,23297,23301.75
1774932240,23301.25,23310.25,23301.25,23307.25
1774932300,23307,23312.25,23307,23310.5
1774932360,23311,23314.25,23297.5,23298.5
1774932420,23298.75,23300,23289.5,23291.75
1774932480,23292,23297,23283.75,23289.25
1774932540,23289.5,23291.25,23283,23284.5
1774932600,23284.75,23290.75,23283,23288.75
1774932660,23288.5,23292.75,23287,23288
1774932720,23288.75,23289,23278.75,23281.5
1774932780,23282.5,23287.5,23277.25,23286.75
1774932840,23287,23292.25,23285,23287.5
1774932900,23288.75,23289.75,23283,23284.75
1774932960,23285.5,23286.25,23280.5,23284.5
1774933020,23284.5,23288,23283.25,23284
1774933080,23282.75,23287.75,23281,23287.75
1774933140,23287.75,23289,23283.5,23284
1774933200,23284,23286.75,23273.5,23275.5
1774933260,23276.25,23282.75,23275.75,23278
1774933320,23277.75,23285,23274.25,23284.25
1774933380,23283.75,23285.75,23277.5,23281.5
1774933440,23281.5,23285.5,23275.75,23281.5
1774933500,23281.5,23284.25,23275,23277.5
1774933560,23276.5,23284.75,23271.25,23278
1774933620,23279.25,23280,23274.5,23277
1774933680,23278,23280.75,23275,23276.75
1774933740,23277.25,23277.25,23266.75,23270
1774933800,23269.75,23270.25,23261.5,23262.75
1774933860,23262.5,23265.75,23261,23264.75
1774933920,23264.75,23265.75,23255.25,23259.75
1774933980,23259.75,23260.25,23247.75,23250.5
1774934040,23250.5,23256.75,23247.25,23248.25
1774934100,23248.5,23250.25,23234,23239.5
1774934160,23240.25,23249.25,23239.5,23249
1774934220,23249.25,23265.25,23245.75,23260.75
1774934280,23260.5,23265.25,23258.75,23261.75
1774934340,23262,23266.25,23258.25,23260.75
1774934400,23261,23275.5,23260.5,23274.5
1774934460,23273.5,23286,23270.75,23283.75
1774934520,23284.75,23287.5,23279.25,23283.25
1774934580,23283.5,23289.5,23282,23288.5
1774934640,23287.75,23292.75,23285.5,23290.25
1774934700,23290.25,23295,23287,23289.25
1774934760,23288.75,23304.25,23286.75,23298.5
1774934820,23298.5,23298.5,23287.25,23288.5
1774934880,23287.75,23297.25,23287.75,23295.75
1774934940,23296,23296,23280.5,23287.5
1774935000,23289.25,23289.25,23280.25,23282
1774935060,23281.75,23287.5,23280,23285
1774935120,23284.5,23288.5,23281,23286.25
1774935180,23286.75,23309,23286,23307
1774935240,23307.75,23317.25,23299.25,23306
1774935300,23307.5,23308.5,23298,23304.75
1774935360,23304,23311.25,23299.5,23303
1774935420,23303,23306.75,23294.25,23295.25
1774935480,23295.5,23301.75,23294.25,23299.25
1774935540,23299.5,23305.75,23296.25,23301
1774935600,23301,23309.25,23294.75,23304.75
1774935660,23304.75,23306.25,23297.25,23302.25
1774935720,23301.75,23303.25,23294.75,23302
1774935780,23301.75,23306,23294.25,23305
1774935840,23304.25,23310.25,23295.25,23308.25
1774935900,23307.5,23312.25,23300.25,23311.5
1774935960,23312,23316,23304,23310.5
1774936020,23311,23329.25,23309,23325
1774936080,23324,23333.5,23323.5,23331.75
1774936140,23331.25,23333.75,23323,23329.25
1774936200,23329.25,23336.75,23327.5,23336.5
1774936260,23335.75,23339,23332.5,23337.25
1774936320,23337.5,23337.5,23327.75,23331.5
1774936380,23332,23332.5,23323,23324.25
1774936440,23324.75,23326,23311.5,23317.5
1774936500,23317.75,23324,23313.5,23318.25
1774936560,23318.5,23323.75,23317,23319.75
1774936620,23319.25,23320,23307.5,23310.75
1774936680,23310.5,23313,23307.25,23310.25
1774936740,23310.5,23313.25,23308.75,23309.75
1774936800,23310.25,23313.25,23297.5,23298.75
1774936860,23298.75,23302.5,23286.25,23290.5
1774936920,23291,23300.25,23287.5,23297.25
1774936980,23296.5,23299.75,23290.5,23296.75
1774937040,23295.75,23301.75,23289.25,23296.75
1774937100,23297,23299,23292.75,23293
1774937160,23292.5,23297,23281.5,23286
1774937220,23286,23293.5,23273.75,23273.75
1774937280,23273.25,23282.25,23272.25,23274
1774937340,23273.75,23281.75,23271.5,23276.25
1774937400,23275.75,23276.25,23270,23272.5
1774937460,23272,23280.75,23268.75,23273.75
1774937520,23274,23277.5,23270.75,23276.5
1774937580,23277,23282.75,23275.5,23277
1774937640,23277.25,23277.25,23266,23276
1774937700,23276,23278.75,23271,23277
1774937760,23276.5,23278.5,23270.5,23271.25
1774937820,23271.25,23276,23271.25,23275.25
1774937880,23275,23291.25,23270.5,23286.25
1774937940,23286.5,23295,23284.5,23291
1774938000,23290.75,23296.25,23286.75,23293.5
1774938060,23294,23307.5,23293.25,23306.75
1774938120,23308.25,23318.5,23308,23317.75
1774938180,23317.5,23318.25,23301.75,23308.25
1774938240,23305.75,23308.25,23298.75,23306
1774938300,23306.75,23309.5,23295.75,23298.5
1774938360,23297.75,23309,23292,23293.25
1774938420,23294,23299.5,23288.25,23294.25
1774938480,23293.75,23300.5,23289,23292.75
1774938540,23292.5,23292.5,23278.5,23288.75
1774938600,23289.5,23304,23275.5,23287.75
1774938660,23286.5,23293.25,23284,23284
1774938720,23284.5,23290,23278.75,23286.75
1774938780,23286.25,23294.25,23284.25,23288.25
1774938840,23289,23292,23282.5,23286.5
1774938900,23286.75,23289,23269,23277.75
1774938960,23279,23295.25,23274.75,23289.25
1774939020,23286.5,23286.75,23275,23278
1774939080,23277.5,23284,23276.75,23282
1774939140,23282.75,23289.75,23282.75,23289.5
1774939200,23289.75,23297.5,23280.25,23280.5
1774939260,23280,23284.75,23275.75,23278
1774939320,23279,23285,23270,23270.75
1774939380,23270.5,23275,23264.75,23269.25
1774939440,23270.25,23277.75,23268.75,23271.5
1774939500,23272.25,23274.25,23265.75,23269.75
1774939560,23269.75,23276.75,23268.25,23268.25
1774939620,23268.75,23274,23265.25,23272
1774939680,23272,23276,23267.75,23272.5
1774939740,23273,23279.5,23272.75,23277
1774939800,23277.25,23284.75,23277.25,23282
1774939860,23282.25,23283.5,23276.75,23282.5
1774939920,23281.5,23283.5,23272,23275.5
1774939980,23275,23285.5,23272.5,23278.5
1774940040,23279.25,23288,23277,23287
1774940100,23287,23295.5,23283,23291.25
1774940160,23290.75,23308.75,23289.75,23303.25
1774940220,23303,23304,23288.5,23289.25
1774940280,23290,23293.25,23287,23287.25
1774940340,23286.75,23294.25,23286.5,23292.25
1774940400,23292,23295,23268.5,23275.75
1774940460,23275.75,23297.5,23275,23281.5
1774940520,23282,23297.75,23277.5,23291
1774940580,23291.25,23295.75,23280.25,23285.25
1774940640,23284,23300.25,23281.75,23300.25
1774940700,23299.75,23310,23296,23305.75
1774940760,23305,23307,23286.25,23292
1774940820,23292.75,23296.25,23285.75,23293.5
1774940880,23291.5,23294,23278.5,23284.25
1774940940,23283,23287.25,23277.75,23281.25
1774941000,23281.5,23289.25,23280,23284
1774941060,23284.25,23284.75,23270.5,23271
1774941120,23270.5,23276,23257.5,23258.5
1774941180,23259.5,23262.5,23248.75,23251.25
1774941240,23251.25,23273.75,23250.5,23265.75
1774941300,23265.5,23278.25,23261.5,23274.5
1774941360,23275,23275,23260.75,23264
1774941420,23264.25,23266.25,23255.5,23258.5
1774941480,23258,23258.75,23245,23249.5
1774941540,23249.75,23250,23238.5,23241.5
1774941600,23241.5,23263.5,23238,23259.25
1774941660,23259,23265.75,23254.75,23260.5
1774941720,23260.5,23263.75,23250,23258.75
1774941780,23260,23264,23255.25,23258.25
1774941840,23258,23266.75,23250,23261.25
1774941900,23261.25,23267.5,23253.75,23260
1774941960,23259,23265.25,23255.75,23258
1774942020,23257.75,23282,23257.5,23279.75
1774942080,23280.5,23280.5,23269.75,23271.5
1774942140,23273.5,23277.25,23271.25,23274
1774942200,23275,23290.5,23274.75,23286.5
1774942260,23286,23286.25,23276,23281.5
1774942320,23282.75,23293.5,23278.5,23291
1774942380,23292,23302.75,23291.25,23294.25
1774942440,23294,23294,23282.5,23291
1774942500,23290.5,23299.75,23288.75,23298.25
1774942560,23298.5,23304.5,23293.75,23300.75
1774942620,23301,23308,23298.25,23301.25
1774942680,23301.25,23313.5,23298.5,23311.75
1774942740,23311.25,23317.75,23309.5,23317
1774942800,23316.25,23325,23312,23323
1774942860,23322.75,23334.5,23316.75,23332.25
1774942920,23333,23340.75,23323.75,23325
1774942980,23325,23333.75,23322,23332.5
1774943040,23331.25,23340.5,23330,23337.25
1774943100,23338.75,23345.75,23334,23335
1774943160,23335,23348,23333,23343.5
1774943220,23343.25,23348.5,23337.75,23344
1774943280,23343.75,23354.5,23343.25,23347.5
1774943340,23348.25,23348.25,23333,23338.5
1774943400,23338.25,23342.75,23332,23342.75
1774943460,23342.75,23350.25,23341,23342.75
1774943520,23341.75,23345.25,23338.5,23343.75
1774943580,23343.75,23346.75,23340,23343
1774943640,23343.25,23348.5,23341.25,23347.75
1774943700,23346.75,23353,23333,23337.5
1774943760,23338.5,23347,23330.75,23346.25
1774943820,23346.5,23360,23346.25,23353.25
1774943880,23354.75,23369.75,23354.75,23369.25
1774943940,23367.75,23371.25,23365,23370.25
1774944000,23369.5,23373.75,23358,23366
1774944060,23365.25,23365.25,23346.75,23348
1774944120,23347.5,23357,23340.75,23355
1774944180,23354.25,23363.5,23350.5,23362.25
1774944240,23361.25,23383.75,23359.25,23383.75
1774944300,23383,23391.25,23376.5,23384.5
1774944360,23385,23385.75,23373.25,23384
1774944420,23383.75,23387.25,23371.75,23373.25
1774944480,23373.25,23379.5,23372,23375.25
1774944540,23375,23389,23375,23381.25
1774944600,23380.5,23383.25,23356.5,23360.25
1774944660,23361,23366,23352,23352.25
1774944720,23353,23359.25,23345.75,23349
1774944780,23349.25,23360.25,23348.75,23359
1774944840,23357.75,23357.75,23340,23344.75
1774944900,23345,23353.5,23340.25,23351.75
1774944960,23351.5,23363.5,23347,23359
1774945020,23359.5,23359.5,23346.75,23353
1774945080,23352.25,23353.75,23333.25,23342
1774945140,23342.5,23348.5,23338.75,23345.75
1774945200,23347,23354.75,23347,23352
1774945260,23351.25,23357.5,23344.25,23345
1774945320,23344.5,23350,23335,23338.5
1774945380,23338,23342,23328.25,23336.5
1774945440,23336.5,23339.5,23333,23337.25
1774945500,23337.25,23344,23331.25,23335.5
1774945560,23335.25,23335.5,23327,23330.25
1774945620,23329.5,23333.75,23322,23325
1774945680,23324.5,23337.25,23322.25,23334.75
1774945740,23335,23339.75,23326.75,23327
1774945800,23327.75,23329.25,23316.75,23325.5
1774945860,23325.5,23330.75,23322.5,23324.25
1774945920,23323.75,23329.75,23317.25,23324.75
1774945980,23324.5,23329.75,23320.25,23329.25
1774946040,23328.5,23329.25,23316.25,23324.75
1774946100,23324.75,23328,23317.25,23321.5
1774946160,23320,23328.75,23320,23328.75
1774946220,23327.75,23335.75,23325.25,23330.5
1774946280,23330.25,23336.25,23328,23333.75
1774946340,23334,23336.75,23313.25,23314.75
1774946400,23315.5,23321.5,23314,23314.5
1774946460,23314.75,23319,23310,23317
1774946520,23316.75,23327,23314,23324.25
1774946580,23324.25,23325.5,23320.75,23321.5
1774946640,23321.25,23327.25,23310,23314.75
1774946700,23315.25,23318.75,23302,23304.75
1774946760,23305,23317.75,23301,23316.75
1774946820,23316.75,23323.25,23313.75,23322
1774946880,23323,23323.25,23317.5,23321.25
1774946940,23320.5,23328.75,23317.25,23327
1774947000,23327.5,23339.25,23326.25,23336.25
1774947060,23335.75,23336,23329.5,23330
1774947120,23329.25,23331,23293.75,23309.75
1774947180,23310,23321.5,23308,23317
1774947240,23316.75,23324,23293.25,23320.25
1774947300,23320.25,23324.75,23309.25,23310.25
1774947360,23309.25,23311.5,23302,23311.25
1774947420,23311.75,23314.25,23306.5,23308.25
1774947480,23309,23311,23305,23308.75
1774947540,23309,23315.5,23309,23313
1774947600,23312.75,23328.75,23308.5,23328
1774947660,23327.75,23330.25,23314.5,23315
1774947720,23315,23334.25,23312.5,23328.75
1774947780,23328.25,23330,23322.75,23322.75
1774947840,23322.5,23342.75,23316.75,23338.25
1774947900,23338,23351.5,23333.25,23351.5
1774947960,23350.25,23351.5,23335.25,23336.5
1774948020,23336,23341,23332.75,23336.5
1774948080,23336.25,23336.25,23330,23332.25
1774948140,23333.75,23337.25,23329.5,23330.75
1774948200,23331.5,23340.25,23328,23337.75
1774948260,23338,23341.75,23331.5,23339.75
1774948320,23340.25,23340.75,23326.25,23328
1774948380,23328.25,23331.5,23327,23329.25
1774948440,23329.25,23336,23326.5,23333.75
1774948500,23334,23346,23331.75,23345.5
1774948560,23345.25,23347,23320.25,23320.25
1774948620,23321.5,23327.25,23318,23322.5
1774948680,23321.75,23326.5,23319,23325.5
1774948740,23325.25,23335.75,23325.25,23327.25
1774948800,23327.5,23332.75,23324.5,23331.5
1774948860,23331,23333.5,23322.75,23324.25
1774948920,23324,23334.75,23323,23330.75
1774948980,23332.25,23346.75,23332,23342.5
1774949040,23343,23349.75,23338.75,23349.75
1774949100,23349.5,23351.25,23338.5,23346
1774949160,23346.5,23351,23340.75,23345
1774949220,23344.5,23347.75,23340.5,23343
1774949280,23343.75,23345.5,23329.25,23329.5
1774949340,23330.25,23332.5,23317.75,23323
1774949400,23323.5,23326.25,23303.75,23309.75
1774949460,23310,23316,23302.25,23308.75
1774949520,23309.75,23323.75,23307.75,23318.25
1774949580,23317.5,23329.25,23314.5,23320.75
1774949640,23320.25,23323.5,23314.75,23321.25
1774949700,23321.25,23322.25,23313.5,23319.5
1774949760,23319.25,23330.75,23318.25,23328.25
1774949820,23327.75,23336.25,23327.5,23331.5
1774949880,23331,23332.5,23317.5,23319.25
1774949940,23318.75,23320,23309.5,23309.5
1774950000,23309.25,23327.25,23308.25,23316.75
1774950060,23316.5,23324.25,23312.5,23314
1774950120,23314.5,23319.5,23313,23317.5
1774950180,23317.75,23322.5,23314.5,23318.25
1774950240,23318.75,23320.75,23312.25,23318.75
1774950300,23318.5,23320.25,23307,23310
1774950360,23310.25,23317.75,23307,23317.75
1774950420,23317,23320.75,23309.5,23312.5
1774950480,23314,23326.75,23313,23326.25
1774950540,23325.5,23330.75,23321,23328
1774950600,23327,23327.75,23322.25,23325.75
1774950660,23327,23335,23320,23323
1774950720,23323,23330,23320.75,23328.5
1774950780,23328.5,23328.5,23314.25,23318.25
1774950840,23317.5,23319.75,23314.25,23315.75
1774950900,23315.75,23317.75,23297,23298.75
1774950960,23299,23300.25,23293.75,23296.75
1774951020,23297,23305,23296,23301.75
1774951080,23302.25,23306.5,23301,23303.75
1774951140,23304,23309.75,23302.75,23305.25
1774951200,23305.75,23330,23304,23327.25
1774951260,23327.75,23331.5,23316.5,23317.5
1774951320,23317.25,23322.75,23308,23308
1774951380,23308,23314,23303.75,23312.75
1774951440,23313.5,23325.75,23307,23321.5
1774951500,23320.5,23324,23313.5,23318
1774951560,23318.25,23329.25,23316.25,23326.5
1774951620,23326.25,23332.75,23322.75,23325.25
1774951680,23326,23328.25,23317.5,23322.5
1774951740,23323.5,23325.5,23316.5,23317.75
1774951800,23317,23323.5,23315,23319.5
1774951860,23319,23322.25,23317,23322
1774951920,23322,23326.75,23318.75,23324.75
1774951980,23324.75,23325.5,23317.5,23324.75
1774952040,23325,23327,23312.25,23319.5
1774952100,23319.75,23320.75,23306.75,23317.5
1774952160,23316.75,23324.75,23315.75,23316.5
1774952220,23316.75,23317.75,23312.25,23315.5
1774952280,23315.75,23316.25,23310.75,23314.75
1774952340,23314.5,23318.5,23307.25,23308.25
1774952400,23308.75,23309.25,23297,23298.75
1774952460,23298.75,23301,23296,23297.75
1774952520,23298,23304.25,23295.75,23303.5
1774952580,23302.5,23308.25,23300.25,23308.25
1774952640,23308.25,23309.75,23304.75,23306.5
1774952700,23305.75,23307.25,23300.75,23304.75
1774952760,23304.75,23311,23303.25,23307.25
1774952820,23307.5,23313.5,23306.5,23310.25
1774952880,23310,23314.5,23306,23307.5
1774952940,23307.5,23318.5,23304.75,23315.25
1774953000,23315.25,23319.75,23311,23319.5
1774953060,23319,23321.25,23305.5,23307.5
1774953120,23307.5,23310.5,23301.25,23303
1774953180,23303.25,23308,23301.5,23305
1774953240,23304.75,23305,23288.75,23292.5
1774953300,23292.75,23296,23285.25,23285.75
1774953360,23285.75,23289.5,23273,23277.5
1774953420,23277.5,23283.75,23271.75,23280
1774953480,23280.25,23281.5,23258,23260
1774953540,23260,23265.5,23248.75,23249.75
1774953600,23249.75,23254.75,23244.5,23251.25
1774953660,23251.75,23257.5,23241.5,23244.5
1774953720,23244.25,23255.75,23244.25,23249
1774953780,23248.75,23249.5,23238,23245.75
1774953840,23245.75,23252.75,23245,23247.25
1774953900,23247.5,23249,23239.5,23241.5
1774953960,23242,23251.75,23240.5,23244.75
1774954020,23244.75,23258.5,23244.25,23257
1774954080,23257,23257,23245.75,23249.5
1774954140,23249.25,23253.5,23247.25,23253.5
1774954200,23253.75,23269,23251.5,23264.25
1774954260,23263.75,23265.75,23257.75,23263
1774954320,23262.25,23270.25,23259,23269
1774954380,23268.25,23272,23263,23268.5
1774954440,23268.75,23281.75,23267.75,23279
1774954500,23278.5,23280.75,23271.5,23272.25
1774954560,23273,23275.5,23270.25,23274.5
1774954620,23275,23287.75,23273.5,23286.25
1774954680,23285,23288.25,23279.25,23285.75
1774954740,23285.75,23294.25,23284,23284.75
1774954800,23284.75,23293,23282,23287
1774954860,23286.5,23289,23275.5,23284.5
1774954920,23284.25,23291.25,23266.75,23271
1774954980,23271.5,23280,23263.75,23279.25
1774955040,23279.75,23300,23276.75,23297.75
1774955100,23297.25,23298.5,23278.75,23280.25
1774955160,23280,23290.75,23279,23286.25
1774955220,23286.25,23288,23280.25,23283.75
1774955280,23283.5,23287,23276.25,23278.25
1774955340,23278.25,23281.25,23271.75,23275
1774955400,23275.25,23290.75,23269.5,23288.5
1774955460,23288.5,23400,23284,23308.75
1774955520,23306.75,23341.5,23300,23331.5
1774955580,23331.5,23338.5,23312.75,23324.75
1774955640,23325.25,23345,23318.75,23334.5
1774955700,23334,23365.75,23323,23353.25
1774955760,23353.75,23386.25,23352.75,23376.25
1774955820,23376,23383.5,23362.75,23368.5
1774955880,23368.5,23377.5,23361.75,23370.25
1774955940,23369.25,23369.25,23331.5,23348.25
1774956000,23348.25,23359.75,23329.75,23356.5
1774956060,23356.5,23362.75,23345,23346
1774956120,23345.75,23358.75,23331,23355.5
1774956180,23355.5,23357.5,23340.5,23350.5
1774956240,23350.25,23364,23350.25,23358
1774956300,23358,23371,23357,23365.25
1774956360,23365.25,23378,23361.25,23371.5
1774956420,23372.25,23374,23350.75,23360.75
1774956480,23360.75,23365,23348.75,23351.5
1774956540,23352,23354.75,23332.5,23348.25
1774956600,23348.25,23359,23342,23349.75
1774956660,23349.5,23350,23330.25,23331.75
1774956720,23332.25,23338,23328,23331.5
1774956780,23332.5,23347,23330.5,23344
1774956840,23344.75,23350.25,23340.75,23347
1774956900,23346.25,23348,23331,23331
1774956960,23331.25,23340.75,23326,23339.75
1774957020,23340.25,23342.75,23333,23337
1774957080,23336.5,23347.5,23335.75,23346.75
1774957140,23345,23363.25,23345,23357.5
1774957200,23357,23359.5,23348.5,23350.75
1774957260,23350.75,23351,23340.5,23347
1774957320,23348.5,23360,23347,23356.5
1774957380,23356,23375.25,23356,23372.75
1774957440,23372.25,23382.5,23368.25,23380.75
1774957500,23381.5,23381.75,23366.75,23371.75
1774957560,23372.5,23373.25,23362,23366.5
1774957620,23366,23366,23350.5,23361.75
1774957680,23360.5,23361.75,23347.75,23349.5
1774957740,23349.75,23361,23337.75,23355.5
1774957800,23355.5,23360.75,23338.5,23345
1774957860,23344.5,23354.75,23341.5,23345
1774957920,23344.75,23350.25,23340.25,23347.75
1774957980,23347.75,23361.5,23344.5,23358.5
1774958040,23359.25,23360,23347.25,23348.75
1774958100,23350,23356.5,23348.5,23351.75
1774958160,23351.5,23361,23350.5,23355
1774958220,23355.5,23362.75,23355.25,23360
1774958280,23359.75,23363.25,23357.75,23361.5
1774958340,23360,23365.5,23358.5,23360
1774958400,23359.75,23377,23359.25,23375.5
1774958460,23374.75,23386,23372.75,23384.5
1774958520,23383.75,23386,23378,23382.5
1774958580,23381,23387.5,23373,23384.75
1774958640,23384.5,23391,23372.5,23386.75
1774958700,23386.75,23388.25,23374,23376.25
1774958760,23377.75,23392.75,23377.75,23388.25
1774958820,23388,23397,23385.25,23394.75
1774958880,23394,23395,23388.75,23392.75
1774958940,23392.75,23428,23392,23413.75
1774959000,23413.75,23416.25,23364.75,23371
1774959060,23372.5,23380,23348,23349
1774959120,23349,23362.75,23329.5,23346.25
1774959180,23345.5,23371.75,23340.5,23353.5
1774959240,23352.75,23353.25,23328.75,23332.25
1774959300,23333,23338.75,23314,23319
1774959360,23320,23333.25,23317,23326.5
1774959420,23327.25,23334.5,23311.5,23330.5
1774959480,23330.75,23373.25,23330.25,23369.5
1774959540,23367.75,23401.75,23360,23380.5
1774959600,23380.75,23383.5,23359.5,23371.5
1774959660,23371.75,23380.75,23356.25,23358.75
1774959720,23358.75,23373,23358,23365.25
1774959780,23365.25,23366.5,23344.5,23344.5
1774959840,23344.75,23357,23343.25,23347.25
1774959900,23348,23359.25,23347.75,23356
1774959960,23355.25,23371,23352.75,23365.75
1774960020,23365.25,23378.75,23359,23367.25
1774960080,23368.75,23415,23361.25,23400.5
1774960140,23401.75,23407.75,23384,23400.75
1774960200,23401.5,23410,23391.25,23393.25
1774960260,23392.75,23412,23392.75,23404.5
1774960320,23404.25,23413,23392,23401
1774960380,23400.25,23405.25,23394.25,23400.5
1774960440,23400.25,23415,23396.5,23410
1774960500,23410.75,23436.25,23408.5,23435
1774960560,23434.25,23435.25,23412.75,23413.75
1774960620,23414,23422.25,23407,23421.75
1774960680,23421,23423,23408.75,23410
1774960740,23409.75,23415,23402.5,23405
1774960800,23404.75,23411.75,23401,23403.25
1774960860,23403,23410.5,23399,23409
1774960920,23408.25,23409.25,23402.75,23406.5
1774960980,23406,23420.25,23404.5,23415.5
1774961040,23415.5,23424,23414.75,23422.5
1774961100,23422.25,23426.5,23405.5,23406.75
1774961160,23407.5,23417,23405.25,23413
1774961220,23413.25,23413.25,23403.25,23405.25
1774961280,23405,23413,23395,23399.5
1774961340,23399.5,23406.25,23393.75,23402.5
1774961400,23402.5,23404,23391.5,23397.5
1774961460,23397,23410,23396,23407.75
1774961520,23408,23427.25,23405.5,23419.5
1774961580,23419.25,23426.75,23414,23420
1774961640,23419.5,23420.75,23404.25,23409.5
1774961700,23408.75,23410.25,23400.75,23401.5
1774961760,23401.25,23404.25,23387.25,23392.25
1774961820,23392.25,23393,23372,23379.75
1774961880,23380.25,23382.5,23368.75,23379.75
1774961940,23379.25,23382.25,23368.5,23369.75
1774962000,23370.25,23383,23370.25,23376.75
1774962060,23377,23381,23371.25,23379.25
1774962120,23378.75,23386.75,23376.5,23383.5
1774962180,23383,23385.5,23369,23369
1774962240,23370.25,23370.75,23357.25,23366
1774962300,23365.5,23377.5,23364.75,23372
1774962360,23373,23380.25,23368.25,23371.75
1774962420,23371.5,23374.5,23366.25,23374
1774962480,23374.25,23385.5,23373,23384.5
1774962540,23384.5,23388.5,23378.25,23386.5
1774962600,23386.5,23392.5,23385,23391.75
1774962660,23391.25,23391.25,23382,23385
1774962720,23385.25,23391,23378.75,23390.5
1774962780,23390.5,23394,23375.5,23377.5
1774962840,23377.25,23388.75,23375.75,23381
1774962900,23381.5,23390.5,23378.25,23389
1774962960,23389.25,23396,23385.25,23390.75
1774963020,23391.25,23395.5,23385.75,23386.5
1774963080,23386.75,23402,23385.25,23399.25
1774963140,23399,23400.25,23394,23399.5
1774963200,23400,23404,23393.75,23394.25
1774963260,23394.5,23398.75,23390,23395.25
1774963320,23396.25,23406,23393.75,23398.25
1774963380,23397.75,23403.25,23390,23397
1774963440,23397.5,23402.5,23394.5,23398.5
1774963500,23399,23399,23383.25,23386.25
1774963560,23386.75,23390,23381.25,23385
1774963620,23384.5,23390,23374,23375
1774963680,23375.75,23388,23375.75,23384
1774963740,23384.25,23398.25,23381.25,23381.5
1774963800,23381,23431.5,23378.75,23416
1774963860,23416,23442.75,23412.75,23433.75
1774963920,23433.5,23439.75,23388.75,23388.75
1774963980,23389.75,23426.75,23381.75,23424
1774964040,23424.5,23459.5,23414.5,23458
1774964100,23457.5,23460.5,23425.25,23427.25
1774964160,23427.25,23434.5,23403.25,23416.25
1774964220,23415,23449,23409.25,23437.75
1774964280,23437.75,23443.5,23402.75,23420
1774964340,23419.75,23445.75,23407,23444.5
1774964400,23443.75,23470,23433.75,23453.75
1774964460,23453.75,23455.25,23437.75,23444.5
1774964520,23443.5,23468.5,23440.25,23450.5
1774964580,23450.25,23463,23440.25,23445
1774964640,23444.5,23445.25,23407,23418
1774964700,23416.75,23461.25,23416.75,23458
1774964760,23458,23484.25,23449.25,23478.75
1774964820,23479,23490,23466.5,23483
1774964880,23482.5,23486.5,23476.75,23483.25
1774964940,23483.5,23531.5,23483,23531.25
1774965000,23530.25,23531,23506,23513.75
1774965060,23513.25,23522,23504.25,23519.75
1774965120,23519.5,23519.5,23499.25,23516
1774965180,23515.75,23544,23508,23541.75
1774965240,23541.5,23561.25,23538,23556.25
1774965300,23556.25,23568.5,23548.5,23550.75
1774965360,23551.75,23557.25,23522,23529.75
1774965420,23530,23534,23509.25,23522.5
1774965480,23522.25,23560,23521.75,23558.5
1774965540,23558.25,23577.5,23552.75,23577.5
1774965600,23577.25,23581,23547.25,23570.25
1774965660,23570.75,23571.25,23556.5,23569.25
1774965720,23568.75,23569,23551.75,23564
1774965780,23565,23566,23538.25,23545.5
1774965840,23546,23562.5,23543,23558.75
1774965900,23558.75,23559.25,23528.25,23529.75
1774965960,23530.5,23536.25,23516.25,23529
1774966020,23529,23530,23509.5,23512.75
1774966080,23513,23519,23496.5,23508.75
1774966140,23509.25,23519.5,23498.25,23502.5
1774966200,23503.25,23512.25,23495.25,23506.75
1774966260,23506.75,23538.5,23505.25,23524
1774966320,23524,23524.75,23505,23510.5
1774966380,23510.25,23524.5,23507,23518.25
1774966440,23519,23531.5,23513.25,23524
1774966500,23524.25,23537.25,23518,23530.5
1774966560,23530.25,23532.25,23506,23522.25
1774966620,23522.25,23549,23520.25,23548.25
1774966680,23547.75,23572.75,23545.75,23565
1774966740,23565,23565,23545.75,23549.75
1774966800,23550.25,23552,23525.75,23530.25
1774966860,23530.5,23544,23502.25,23535.5
1774966920,23535.75,23546,23521.25,23542.25
1774966980,23542.5,23568,23538.25,23558.5
1774967040,23558.25,23570.5,23553.5,23558.5
1774967100,23559.5,23559.75,23540.75,23547.75
1774967160,23547.5,23565,23541.5,23561.75
1774967220,23561.5,23569,23554.75,23557.75
1774967280,23557.5,23578,23555,23567.5
1774967340,23567,23574.5,23561.5,23567.25
1774967400,23567.75,23573.5,23558,23563.75
1774967460,23563.75,23566,23552.25,23553
1774967520,23552.75,23563.75,23541.75,23558.25
1774967580,23558.75,23588.5,23558,23579.75
1774967640,23579.5,23579.75,23556.25,23559.5
1774967700,23559.75,23568.25,23540.25,23547.25
1774967760,23547.5,23559.5,23524.75,23526
1774967820,23526,23531.25,23513,23519.5
1774967880,23519,23534,23504.75,23512.25
1774967940,23512.25,23524.75,23510.5,23519
1774968000,23519.5,23538.75,23514.75,23516.75
1774968060,23517,23520,23508.75,23514.25
1774968120,23514.5,23519.75,23500.5,23504
1774968180,23503.75,23505.5,23483.75,23487
1774968240,23487,23496.75,23476.5,23491.25
1774968300,23491,23496.5,23469.75,23480
1774968360,23480.5,23504.75,23476.5,23494
1774968420,23494,23495.5,23467.5,23475
1774968480,23475.25,23476.75,23455,23457.5
1774968540,23457.5,23459.25,23445.5,23448.25
1774968600,23448.5,23453.75,23430.5,23436
1774968660,23436.25,23446.5,23421.5,23421.75
1774968720,23422.25,23429,23415.75,23420.75
1774968780,23421,23423,23403.75,23409.25
1774968840,23409,23416,23400,23407.25
1774968900,23407,23407.5,23383.75,23387
1774968960,23386,23401.25,23377.5,23389
1774969020,23389,23397.75,23379.75,23381.5
1774969080,23381.75,23408.75,23380.5,23406.25
1774969140,23406,23416.75,23401.25,23409.25
1774969200,23409.25,23433.5,23407.75,23427.75
1774969260,23427.75,23443.5,23421.25,23442.5
1774969320,23442.5,23468,23440.75,23458
1774969380,23457.5,23458.75,23433.75,23456.25
1774969440,23457,23470,23449.5,23462.5
1774969500,23462.25,23476.75,23457.5,23475.25
1774969560,23476,23515.75,23475.25,23505.75
1774969620,23505.25,23507,23488,23497.5
1774969680,23497.75,23501.75,23477,23484.5
1774969740,23484.75,23485,23470.25,23477
1774969800,23477.25,23484,23468.5,23480.25
1774969860,23480.5,23501.5,23480.25,23495
1774969920,23495.5,23509.75,23491,23505
1774969980,23505,23534.25,23498.75,23531.25
1774970040,23531.25,23550,23523.75,23545
1774970100,23545,23554,23535.25,23549.25
1774970160,23549,23552.5,23537.25,23547.75
1774970220,23547.5,23549.75,23528.25,23547.75
1774970280,23547.5,23559.5,23545,23547.75
1774970340,23548,23551.5,23528.5,23534.5
1774970400,23534,23534.75,23501.25,23505.75
1774970460,23505,23512.5,23496.25,23500.25
1774970520,23500.5,23516.75,23495,23510
1774970580,23510.5,23527,23509.5,23521.5
1774970640,23521.5,23539.75,23519.75,23535
1774970700,23535.75,23542,23527.25,23531.75
1774970760,23531.75,23533.5,23492.5,23496
1774970820,23496.5,23500.25,23486.75,23496.25
1774970880,23496.5,23506.75,23483,23505.75
1774970940,23505.75,23508.75,23491.5,23492.5
1774971000,23492.5,23494.25,23477,23479.25
1774971060,23479,23486,23470,23477.75
1774971120,23477.5,23484,23460.25,23460.5
1774971180,23460.75,23476.5,23458.25,23466.25
1774971240,23466.5,23495.5,23466.25,23493.5
1774971300,23493,23519.75,23491.5,23507.25
1774971360,23506.75,23518.25,23500.25,23514.75
1774971420,23514.5,23521,23503.25,23512.75
1774971480,23513.5,23520.5,23507.75,23510.5
1774971540,23510.75,23513,23497.5,23505.25
1774971600,23506,23509,23493.75,23493.75
1774971660,23494.5,23497,23480.75,23495.25
1774971720,23495,23502.5,23485.5,23491.75
1774971780,23492.25,23494.75,23477.75,23482.25
1774971840,23483.25,23493.25,23479.25,23483.5
1774971900,23483.5,23484,23466,23470
1774971960,23470,23474.5,23455.25,23469.75
1774972020,23469.25,23479.5,23460.25,23460.5
1774972080,23460.5,23471,23459,23465.75
1774972140,23465.25,23483.25,23463.25,23474.5
1774972200,23474.25,23491.25,23464.5,23481
1774972260,23481,23511.25,23480,23500
1774972320,23500.25,23509,23492.75,23505.25
1774972380,23506,23509,23494.25,23497.25
1774972440,23497.5,23497.5,23477.75,23487
1774972500,23487,23496.25,23471.75,23479.75
1774972560,23478.75,23484.75,23456,23456
1774972620,23456.25,23467.25,23455.5,23457.75
1774972680,23458.5,23463.75,23452,23455.75
1774972740,23456,23461,23442.25,23446.25
1774972800,23446.25,23462.75,23436,23462
1774972860,23462,23496,23460,23493.25
1774972920,23493.5,23508,23489,23494
1774972980,23494.5,23497.25,23483.75,23484.25
1774973040,23484.75,23488.25,23476.25,23480.75
1774973100,23481,23498,23479.75,23495.25
1774973160,23495.25,23507.75,23492.5,23506.5
1774973220,23506.5,23530,23502.25,23527.5
1774973280,23527.75,23533.25,23522.75,23526
1774973340,23526.25,23527.25,23517.25,23523.5
1774973400,23523.5,23525.5,23510.25,23514.75
1774973460,23515,23518.25,23491,23497.25
1774973520,23497.75,23500.5,23481.25,23491.5
1774973580,23492.25,23513.75,23490.75,23511.75
1774973640,23512,23521.75,23509.75,23514.75
1774973700,23515.5,23528.75,23515.5,23524.75
1774973760,23524.75,23545,23522.75,23535
1774973820,23535.25,23540.5,23531,23538.25
1774973880,23538.5,23541,23532.25,23535.75
1774973940,23536,23536.25,23521.5,23529.5
1774974000,23530.25,23534.5,23523.5,23533
1774974060,23533.25,23538.75,23521.75,23535.75
1774974120,23535.25,23535.25,23522.75,23523.5
1774974180,23523.5,23536,23518.75,23533.25
1774974240,23533.75,23564,23533.25,23563
1774974300,23562.75,23567.75,23557.25,23563.75
1774974360,23563.5,23566.5,23543.25,23546.75
1774974420,23545.75,23552.75,23540.25,23548.25
1774974480,23548,23554.75,23546.25,23553.25
1774974540,23553.25,23554.75,23545.25,23550.25
1774974600,23550.25,23551.75,23537.25,23544.25
1774974660,23544.5,23547.5,23537.25,23541.25
1774974720,23539.75,23544.5,23533.5,23540
1774974780,23540.5,23548.5,23537,23542
1774974840,23542,23548.75,23542,23544.75
1774974900,23544.75,23547.5,23530.75,23534.5
1774974960,23534.75,23560.5,23532.75,23557.75
1774975020,23557.5,23576,23555,23565.75
1774975080,23565,23617,23564.75,23614.75
1774975140,23614.25,23670.5,23609.25,23668
1774975200,23668.25,23743.25,23663.75,23723
1774975260,23723,23823.25,23717.5,23818
1774975320,23817.25,23835.75,23755.25,23822.25
1774975380,23822.25,23860,23795.5,23821
1774975440,23821,23831,23758,23779
1774975500,23779,23823.25,23761.75,23789.75
1774975560,23789.5,23791.5,23722.25,23750.25
1774975620,23750.25,23767.25,23721.75,23725.5
1774975680,23725.25,23728,23697.25,23716.25
1774975740,23716,23767.75,23712.75,23759.75
1774975800,23760,23822.5,23749.25,23794.75
1774975860,23792,23792.25,23753.75,23760.75
1774975920,23760.5,23762.75,23709.75,23730.25
1774975980,23730,23790,23718.75,23777.5
1774976040,23776.75,23786.5,23767.25,23768.5
1774976100,23769,23773.75,23746.25,23750
1774976160,23750.5,23759.5,23736,23753.75
1774976220,23754.25,23771.5,23732,23758.25
1774976280,23758.25,23780,23755.5,23772.25
1774976340,23771.25,23780,23760.5,23774.75
1774976400,23775,23804,23771.25,23794.75
1774976460,23794.75,23814,23779.25,23805.5
1774976520,23804.5,23837.25,23797.75,23832
1774976580,23832,23854,23831.5,23846.5
1774976640,23846.25,23862.75,23838.75,23840.75
1774976700,23841,23842.5,23802.5,23804
1774976760,23804.5,23804.5,23784.25,23787.5
1774976820,23787.25,23812.75,23783.25,23810.5
1774976880,23810,23824,23807.5,23821.75
1774976940,23821.25,23827.75,23760.25,23774.5
1774977000,23774.25,23793.25,23766.75,23783.75
1774977060,23783,23815,23782.25,23808
1774977120,23808.25,23811.5,23789.75,23801.25
1774977180,23801.75,23821,23779.5,23810.75
1774977240,23811,23832.25,23809,23828.75
1774977300,23828.5,23851.75,23826.25,23845
1774977360,23845.5,23862,23835.5,23845.25
1774977420,23844.75,23867.25,23838.75,23860.25
1774977480,23860.25,23863,23845.5,23848.5
1774977540,23848.25,23877.25,23839.5,23865.25
1774977600,23865.25,23872.75,23841,23848
1774977660,23847.5,23859,23844.5,23851.25
1774977720,23851.25,23869,23844.5,23861
1774977780,23861.25,23867.75,23855.25,23859
1774977840,23858.25,23860.25,23847.75,23853.25
1774977900,23853.25,23858,23816.5,23829
1774977960,23829,23835.5,23817.75,23826
1774978020,23824.75,23837.25,23803.25,23805.5
1774978080,23806.5,23821.5,23800.75,23808.5
1774978140,23808.25,23811.75,23793.75,23805
1774978200,23805.25,23820.25,23800.75,23808.75
1774978260,23808.75,23841,23808.75,23833.75
1774978320,23834,23855,23822.75,23824
1774978380,23824,23850.5,23821,23847.5
1774978440,23847.5,23863.5,23842.25,23858.5
1774978500,23858,23872,23855.5,23857
1774978560,23857.25,23859.25,23794.5,23826
1774978620,23825.5,23834,23778.75,23787
1774978680,23787,23794.5,23762,23775
1774978740,23775,23802.75,23774.25,23793
1774978800,23793,23820.25,23789.5,23811.5
1774978860,23810,23810.25,23786.75,23793.25
1774978920,23794,23797.5,23771,23779
1774978980,23778.5,23796,23778.25,23783.5
1774979040,23783.75,23790.75,23763.75,23785.25
1774979100,23784.75,23791.25,23776,23787.25
1774979160,23787.25,23796.5,23782.5,23787
1774979220,23786.5,23819.75,23781.75,23805.25
1774979280,23805.75,23811,23795.75,23801.25
1774979340,23801,23812.5,23796.25,23809.5
1774979400,23810,23815.5,23801.75,23805.75
1774979460,23805.5,23822.75,23799.75,23802.5
1774979520,23802.5,23806.25,23791.25,23801.5
1774979580,23800.75,23804.75,23789,23794.5
1774979640,23794.25,23799.5,23786,23796
1774979700,23795.5,23797.25,23764.5,23773.75
1774979760,23774.25,23776.5,23756,23759.5
1774979820,23759.25,23770.5,23754.75,23759.75
1774979880,23760.25,23768,23747.25,23764
1774979940,23763.5,23766.75,23754.75,23761.75
1774980000,23760.25,23786.75,23760,23777.75
1774980060,23777.5,23805,23774.75,23795
1774980120,23795,23813.25,23795,23798
1774980180,23797.75,23809.25,23791.5,23803
1774980240,23803.5,23807.75,23786,23793
1774980300,23793.5,23810,23791.25,23807
1774980360,23807,23816.25,23788.5,23795.75
1774980420,23796.25,23818.25,23796.25,23814.25
1774980480,23813.75,23816.25,23804.75,23813.25
1774980540,23813,23830.25,23810.75,23820.25
1774980600,23820.25,23824,23807.75,23810.5
1774980660,23810.25,23811.5,23792.75,23803.25
1774980720,23803.5,23805.25,23791,23796.75
1774980780,23796.5,23806.25,23789.75,23804.75
1774980840,23805,23823.75,23803.25,23817.75
1774980900,23817.5,23825.75,23814.75,23818.75
1774980960,23817.75,23833.75,23817,23828.25
1774981020,23828.5,23839.75,23821,23832.75
1774981080,23833,23835.5,23820.5,23822.75
1774981140,23822.5,23825.5,23814.75,23825
1774981200,23825,23827.75,23819,23823
1774981260,23821.75,23828,23814,23818.75
1774981320,23818.5,23825.25,23808,23819
1774981380,23819,23819.25,23810.75,23815.25
1774981440,23814.25,23820.25,23801.75,23806.25
1774981500,23806,23807,23797.75,23800.75
1774981560,23801,23808.75,23794.5,23799
1774981620,23798.25,23811.5,23793.5,23811
1774981680,23811,23849,23810,23825
1774981740,23824.5,23836.25,23821,23826.5
1774981800,23826.5,23836,23815.75,23819
1774981860,23819.5,23829.25,23811,23814
1774981920,23813,23820,23807.5,23813.75
1774981980,23813.5,23821.75,23804.75,23820.5
1774982040,23820,23825.5,23815,23820.5
1774982100,23820.5,23837.75,23813.25,23836.5
1774982160,23836.25,23849.25,23833.25,23844.25
1774982220,23843.75,23860.25,23841.75,23857.25
1774982280,23856.75,23864.5,23856.5,23861.75
1774982340,23861.5,23862.75,23851.5,23853.5
1774982400,23852.75,23854.25,23837.5,23844.75
1774982460,23845.5,23850.25,23832.75,23837.75
1774982520,23837.25,23845.75,23837.25,23843
1774982580,23843.5,23843.75,23831,23831.75
1774982640,23831.5,23838.25,23827,23837.5
1774982700,23837.25,23859.25,23837,23854
1774982760,23854.25,23864.25,23846.75,23859.5
1774982820,23859.25,23866,23856.25,23858
1774982880,23858,23858.75,23847.5,23850.5
1774982940,23850.75,23853.25,23837,23851.25
1774983000,23851.25,23868.25,23849,23861.25
1774983060,23861.75,23871.75,23858.75,23862.5
1774983120,23862.25,23863.75,23854.75,23858.5
1774983180,23858.25,23864.75,23857,23860
1774983240,23860,23863.5,23855.5,23858
1774983300,23858,23867.5,23856.75,23860
1774983360,23859.75,23864.75,23858.25,23863
1774983420,23863,23866,23854,23855.25
1774983480,23855.25,23864,23852.25,23863.5
1774983540,23863,23863.75,23855.75,23855.75
1774983600,23856.25,23870,23853.25,23868
1774983660,23868,23879.75,23864,23865.75
1774983720,23866,23873,23861,23867
1774983780,23867.25,23877.75,23865.75,23875.25
1774983840,23875.5,23876,23863,23869.25
1774983900,23869,23869.75,23854.25,23856.75
1774983960,23857,23861.25,23851,23855.75
1774984020,23856,23856.25,23845,23849.25
1774984080,23849.75,23850.75,23834,23837.5
1774984140,23837,23848.5,23835.75,23845.5
1774984200,23845.5,23885.75,23844,23876.25
1774984260,23876.25,23886.5,23873.75,23880.25
1774984320,23879,23881,23871,23877.5
1774984380,23877.25,23880.75,23866.5,23878.5
1774984440,23878.75,23883.75,23874.25,23879.5
1774984500,23879.75,23897.75,23879,23897.25
1774984560,23897.75,23904.75,23885.25,23886
1774984620,23886.25,23888.75,23875.5,23879.5
1774984680,23879,23887.75,23872.5,23882
1774984740,23881.75,23892,23881.25,23884
1774984800,23884,23898,23882,23894
1774984860,23894.5,23906.5,23893.5,23895.25
1774984920,23895.75,23901,23891.25,23901
1774984980,23900.75,23908.75,23895,23898.5
1774985040,23898.25,23900.75,23892,23896.5
1774985100,23896.25,23897.75,23890,23890.75
1774985160,23890.5,23896,23874.5,23882.5
1774985220,23882.5,23893,23878.25,23880.5
1774985280,23880.25,23887.75,23877,23885.5
1774985340,23885.25,23886.5,23879.5,23882.25
1774985400,23882.25,23903.75,23878.5,23898.5
1774985460,23898.25,23899,23881.75,23886.5
1774985520,23886,23890.25,23881.5,23882.25
1774985580,23882.75,23889,23875,23888.75
1774985640,23888,23893.75,23883.5,23885.25
1774985700,23885.5,23901,23883.5,23896.25
1774985760,23896.75,23909.75,23891.5,23901
1774985820,23901,23914,23900.5,23908
1774985880,23907.75,23910.75,23904.25,23909.25
1774985940,23909.25,23915.25,23907,23909.75
1774986000,23910,23919,23904.5,23913.5
1774986060,23913.25,23914.75,23901.25,23906
1774986120,23905.75,23909.5,23897.5,23899.75
1774986180,23899.5,23900.5,23892,23894.25
1774986240,23895,23911.5,23891,23907.75
1774986300,23907.25,23913.5,23898.75,23908.5
1774986360,23908.75,23931.75,23905.75,23928.5
1774986420,23928.25,23933.5,23922.25,23932.25
1774986480,23931.75,23942.75,23930.25,23939
1774986540,23939,23945.75,23936,23938.5
1774986600,23938.75,23974,23937,23947
1774986660,23946.75,23949,23914.5,23919.5
1774986720,23919,23923.25,23899,23902.5
1774986780,23902.25,23909,23893.75,23903
1774986840,23903.25,23920.75,23895.25,23910.25
1774986900,23910.5,23928.25,23899.5,23901.25
1774986960,23902,23907.25,23882.5,23888.75
1774987020,23889,23913.5,23882,23909
1774987080,23908.25,23915.25,23902.25,23904.75
1774987140,23904.5,23932,23900,23910
1774987200,23909.75,23928,23898.25,23918.5
1774987260,23918,23923.5,23901,23909.25
1774987320,23909.5,23914,23892.75,23897
1774987380,23897.75,23902.75,23882.75,23885.75
1774987440,23885.5,23889,23868,23878.25
1774987500,23878.25,23898,23877,23894.25
1774987560,23894,23900.5,23891,23899.25
1774987620,23899.75,23909,23891.75,23906.75
1774987680,23907.5,23916.25,23903,23912
1774987740,23912.5,23931,23909.75,23923.25
1774987800,23922.5,23934,23913.75,23931.25
1774987860,23931.5,23933.25,23917.25,23919.75
1774987920,23920,23924.25,23917.75,23919.75
1774987980,23920,23934,23918.25,23928
1774988040,23928,23930.75,23922.5,23926.25
1774988100,23926,23940,23916.5,23935.75
1774988160,23935.25,23938.5,23928.25,23928.5
1774988220,23928.25,23933,23926.75,23931.5
1774988280,23931.5,23940.25,23931.5,23937.25
1774988340,23937.5,23942.5,23934.25,23940
1774988400,23940.5,23945,23937.5,23939.5
1774988460,23939,23941,23929.25,23933
1774988520,23932.75,23936.25,23929.25,23934
1774988580,23933.75,23939.25,23932.5,23937.75
1774988640,23938,23938,23931.25,23935
1774988700,23935.25,23940.75,23932.25,23939
1774988760,23939,23942,23930.25,23933
1774988820,23934,23936.25,23929.5,23930.25
1774988880,23930.5,23937.75,23927,23937.25
1774988940,23937.25,23943.75,23936.5,23942.25
1774989000,23942,23946,23938.25,23939.75
1774989060,23939.75,23940.25,23933,23937.75
1774989120,23938,23940.5,23935.5,23939.75
1774989180,23940,23940.5,23936,23938.75
1774989240,23939,23940.25,23934.25,23939
1774989300,23939,23943,23937.75,23940.75
1774989360,23940.75,23941,23935,23936
1774989420,23935.75,23937,23931.5,23932.5
1774989480,23932.5,23934.75,23929,23930.75
1774989540,23930.75,23930.75,23920.5,23929.25
1774989600,23929,23929.25,23923.25,23926.5
1774989660,23925.5,23927.5,23921.75,23921.75
1774989720,23922,23925,23915.75,23916.5
1774989780,23916.25,23917.75,23910.75,23911.75
1774989840,23911.25,23912.75,23907,23909.75
1774989900,23909.75,23918.25,23909,23910.75
1774989960,23910.75,23913,23907,23908
1774990020,23907.75,23913.25,23906.25,23913.25
1774990080,23913,23917.75,23912,23912.5
1774990140,23912.75,23917,23910.25,23913
1774990200,23912.5,23913,23906.75,23906.75
1774990260,23907.25,23910.25,23904.5,23908.25
1774990320,23908.5,23913.25,23908.5,23910.5
1774990380,23910.25,23911.75,23905.5,23906.75
1774990440,23906.5,23908,23902.5,23907.5
1774990500,23907.75,23909.25,23903.25,23904
1774990560,23905,23906.75,23900.25,23900.25
1774990620,23900.5,23901.5,23898.25,23901
1774990680,23900.75,23900.75,23895,23898.25
1774990740,23898.25,23908.5,23895.75,23904.75
1774994400,23895,23919,23880.25,23907.25
1774994460,23907.25,23920,23905.75,23913.75
1774994520,23913.25,23923.5,23911.5,23916.5
1774994580,23916.25,23932.5,23913,23932.25
1774994640,23931.75,23945.75,23916.5,23918.25
1774994700,23919,23932.75,23918.5,23930.75
1774994760,23930.5,23937.5,23924.25,23925
1774994820,23925,23925.75,23918.75,23922
1774994880,23922.25,23929.5,23918,23918.25
1774994940,23919,23919.75,23912.5,23913
1774995000,23914.75,23917,23907.25,23913
1774995060,23914,23929,23912.25,23928.25
1774995120,23929.25,23939,23928.5,23937.5
1774995180,23937.75,23948.75,23936.25,23947.75
1774995240,23947.75,23969.25,23945,23963.25
1774995300,23962.75,23967.25,23953.5,23964.5
1774995360,23964,23968,23951.25,23954
1774995420,23953.5,23961.5,23950,23956.75
1774995480,23956.75,23959,23951,23953.25
1774995540,23952.75,23957.5,23950.75,23955.25
1774995600,23954.5,23962,23948.75,23954
1774995660,23953.75,23961.5,23933.5,23960.5
1774995720,23960.5,23973.25,23952.25,23958
1774995780,23956.25,23957.25,23943.75,23947.5
1774995840,23947.25,23965,23947.25,23958.5
1774995900,23958,23960.75,23948.5,23957.5
1774995960,23957,23960.75,23955.75,23958.5
1774996020,23958.5,23960.5,23957.75,23959.75
1774996080,23959.5,23968.5,23959,23965.5
1774996140,23965,23966.75,23954.75,23958.5
1774996200,23958,23959.5,23954.25,23954.75
1774996260,23954.75,23962.75,23953.5,23959.75
1774996320,23958.5,23959.5,23950.5,23951
1774996380,23951.25,23951.5,23942.75,23948
1774996440,23947.25,23948.75,23940,23941.25
1774996500,23942.75,23945.25,23939,23941.5
1774996560,23942,23945.5,23937.5,23940.5
1774996620,23941,23950.25,23940,23948.75
1774996680,23949.75,23957.75,23946.5,23952.75
1774996740,23954,23959.25,23952.75,23955.75
1774996800,23956,23965.25,23953.25,23964.5
1774996860,23963.75,23969,23958,23958.75
1774996920,23958.75,23973.25,23958.5,23970.25
1774996980,23970.75,23970.75,23960.5,23963.75
1774997040,23964.25,23967.75,23957.25,23962.5
1774997100,23962.25,23964.5,23959.25,23959.5
1774997160,23959.5,23965,23955.75,23960
1774997220,23959.75,23960.5,23951.5,23952.5
1774997280,23952.5,23955.25,23946.5,23950.5
1774997340,23950.25,23962.75,23950.25,23956.25
1774997400,23955.75,23955.75,23950,23952
1774997460,23951.25,23951.25,23946.75,23948
1774997520,23947.75,23951.75,23946.5,23949.5
1774997580,23949.5,23952,23947.5,23949.75
1774997640,23949.75,23957.5,23949.25,23953.25
1774997700,23953,23957.75,23952.25,23955.25
1774997760,23954.75,23957,23954.25,23955
1774997820,23956,23956.75,23950,23952
1774997880,23952,23958,23951,23955.75
1774997940,23955.5,23959.5,23953.5,23958.25
1774998000,23957.5,23958.25,23946.5,23946.75
1774998060,23946.75,23947.5,23943,23945
1774998120,23944.75,23959,23944.25,23956
1774998180,23956,23961.5,23955.25,23958.75
1774998240,23959.25,23960.5,23952.75,23953.75
1774998300,23953.75,23963.25,23951.75,23962.25
1774998360,23963,23964.25,23957,23960.75
1774998420,23961,23961.75,23952.75,23954.75
1774998480,23955.25,23958,23951.25,23952.75
1774998540,23952.75,23954.25,23948.5,23950
1774998600,23950.5,23957.25,23950.5,23951.75
1774998660,23952.5,23957,23946.75,23949.25
1774998720,23948.75,23957.25,23946.25,23956
1774998780,23956.25,23956.5,23952,23956.25
1774998840,23956.25,23956.75,23953,23954.5
1774998900,23954.75,23954.75,23947.75,23948
1774998960,23948.75,23959.75,23948.5,23957.75
1774999020,23959,23969.5,23958,23968
1774999080,23967.75,23968,23961,23966.25
1774999140,23966.5,23969.25,23963,23965.5
1774999200,23965.25,23968.5,23961.5,23968.25
1774999260,23968.25,23968.25,23964.25,23966.25
1774999320,23964.25,23965,23955,23956.5
1774999380,23957.75,23966,23956.75,23965.5
1774999440,23965,23968.25,23962.5,23967.5
1774999500,23968,23970.5,23963.25,23963.5
1774999560,23964.25,23971,23962.75,23967.25
1774999620,23967.5,23970.75,23963.75,23967.75
1774999680,23966.75,23970.5,23965.5,23968.75
1774999740,23969.5,23988,23968.75,23978
1774999800,23977.25,23987.5,23972.5,23983.25
1774999860,23984.25,23984.25,23978,23978.75
1774999920,23979,23981.75,23973.5,23981.75
1774999980,23981.75,23985.5,23979.5,23985.25
1775000040,23985.5,23996.75,23984.75,23996
1775000100,23996,24005.25,23993.5,23996.75
1775000160,23996.75,24016.75,23992.25,24007.75
1775000220,24006.5,24013.75,24004.75,24010.25
1775000280,24010.25,24020,24004.75,24013
1775000340,24012.25,24016.75,24009,24010.75
1775000400,24010,24010.75,23995,23997.25
1775000460,23997.5,23998.5,23988,23993
1775000520,23992.25,23995.75,23989.75,23991.25
1775000580,23991,23993.25,23986.75,23988.25
1775000640,23988,23992,23985,23987
1775000700,23987,23994.75,23985,23990.75
1775000760,23990,23990.75,23985.75,23989.75
1775000820,23989.5,23994,23981.75,23985.75
1775000880,23985.5,23989.75,23983,23989.75
1775000940,23989.75,23997.25,23985.75,23995.5
1775001000,23994.75,24010,23993.25,24005.5
1775001060,24005.75,24005.75,23999,24000.5
1775001120,24000.5,24016,24000,24012.5
1775001180,24011.75,24023.75,24009.5,24012.75
1775001240,24012.75,24019,24011,24015
1775001300,24015.5,24015.5,24007.5,24012.5
1775001360,24011.75,24012.5,24007.5,24012
1775001420,24010.75,24023,24010,24021.25
1775001480,24020.75,24045.75,24019.75,24035.25
1775001540,24035.25,24042.25,24032.5,24037
1775001600,24036.25,24037.25,24020.25,24026.75
1775001660,24026.75,24029.5,24019.75,24024.75
1775001720,24025.25,24030.5,24020.75,24029.5
1775001780,24029.25,24049,24028,24041.75
1775001840,24041.75,24047,24035.5,24047
1775001900,24046.25,24046.5,24031,24038.5
1775001960,24038,24042,24024.75,24025.75
1775002020,24027,24031,24021.5,24022.75
1775002080,24023.5,24041.5,24022,24032.25
1775002140,24032.25,24040.25,24030.75,24031.25
1775002200,24030,24039.25,24025.25,24028.25
1775002260,24027.5,24029.75,24020.25,24022.75
1775002320,24022.75,24031,24021.5,24030
1775002380,24027.25,24034.75,24023.25,24029.75
1775002440,24030.5,24037.25,24025.5,24034.5
1775002500,24034.5,24037.5,24025.75,24031.75
1775002560,24032.5,24036,24014.5,24016.75
1775002620,24016.75,24021.75,24013.25,24021.5
1775002680,24021.5,24026.5,24019.75,24020
1775002740,24019.75,24031.5,24018.75,24025.75
1775002800,24025.75,24026.25,24019.75,24021.25
1775002860,24020.75,24021.25,24005.25,24013.5
1775002920,24015,24018.25,24007.25,24013
1775002980,24013.25,24021.25,24008.75,24021
1775003040,24020.75,24033.25,24020.75,24026.5
1775003100,24027,24030.5,24021.5,24027
1775003160,24027.25,24027.5,24015.75,24017.25
1775003220,24017.25,24021.75,24013.5,24019.5
1775003280,24019,24020.75,24013,24016.5
1775003340,24016.5,24023.5,24014.75,24022.25
1775003400,24022.75,24024.75,24016,24017.25
1775003460,24016.25,24019.5,24011,24011.5
1775003520,24011.75,24012.25,23992.25,24008.5
1775003580,24009,24009.25,23998.75,24007.75
1775003640,24008.25,24012,24001.75,24002.25
1775003700,24002.5,24012.75,24000,24010.75
1775003760,24011.5,24012.75,24004.5,24004.75
1775003820,24004.75,24014.5,24002.75,24007
1775003880,24007,24011.75,24005.75,24007.75
1775003940,24008,24010.5,24005.25,24006.25
1775004000,24007,24024,24006.25,24022.75
1775004060,24022.75,24024.5,24019.75,24022
1775004120,24021,24025.75,24017,24017.25
1775004180,24018,24019.25,24015,24017.75
1775004240,24017,24023,24016.5,24020.5
1775004300,24020,24020.75,24011.25,24012.75
1775004360,24014.5,24020.25,24013.25,24017.5
1775004420,24016.25,24021.75,24015.5,24019.5
1775004480,24020.25,24020.25,24016,24017
1775004540,24017,24020.75,24013.5,24017
1775004600,24017,24026,24017,24022.5
1775004660,24021.75,24028.5,24020,24026.25
1775004720,24026.75,24032,24016.5,24019.25
1775004780,24018.25,24027.25,24016.75,24023.75
1775004840,24023.75,24024.25,24018.75,24022
1775004900,24023,24027,24022,24022.75
1775004960,24022.5,24023,24016,24017.25
1775005020,24018.5,24025.25,24017.25,24024
1775005080,24023.75,24030.75,24022.25,24027.75
1775005140,24027.25,24037.25,24026.25,24036
1775005200,24036.75,24042.5,24014,24025
1775005260,24025,24032.25,24009.25,24013.25
1775005320,24012.75,24023,24005,24015
1775005380,24015.25,24026,24011,24023
1775005440,24023.25,24024.25,24006.75,24007.75
1775005500,24007.5,24009.75,23989.5,23990.75
1775005560,23990.75,23994.5,23975,23978.25
1775005620,23979,23999.25,23978.25,23994.75
1775005680,23995,23998.5,23987.5,23993.75
1775005740,23993.75,24000,23992.75,23997.25
1775005800,23997.5,24009.75,23991,24007.75
1775005860,24007.25,24009,24001.75,24008.75
1775005920,24008.75,24009.25,23995,24002.25
1775005980,24002.75,24007.75,23995.5,23996.5
1775006040,23996.75,24002.5,23996.75,23999.25
1775006100,23998.75,23999.75,23988.75,23989.5
1775006160,23990.25,23992.25,23981.5,23982.75
1775006220,23983.75,23987.75,23980.75,23986.75
1775006280,23986.75,23998,23984,23994.5
1775006340,23994.5,23999.75,23991,23997.25
1775006400,23997.25,24003,23996.5,24001.75
1775006460,24001.5,24001.5,23993.25,23997
1775006520,23997,23998.5,23990.25,23991
1775006580,23991.75,23993,23988.25,23991.5
1775006640,23991,24001.75,23990.25,24000.25
1775006700,24000.75,24005.5,23998,24003.75
1775006760,24003.25,24012.5,24001,24011.5
1775006820,24011.5,24015.5,24007,24013.5
1775006880,24013.25,24013.75,24007.25,24009
1775006940,24010,24013,24008.25,24011
1775007000,24009.25,24013.25,24007.25,24009.75
1775007060,24009.5,24010.75,24003,24005.5
1775007120,24004.5,24005.5,23995.75,23995.75
1775007180,23997.75,24006.75,23996.25,24005.5
1775007240,24005,24007.5,23987.75,23989.25
1775007300,23989,23993.5,23984.25,23990
1775007360,23990,23995.25,23983.5,23987
1775007420,23986.75,23989.75,23984.5,23987.25
1775007480,23987.5,23987.75,23981.25,23983.75
1775007540,23983.5,23988.5,23983,23988.5
1775007600,23988,23993.25,23986.75,23987
1775007660,23986.5,23987.25,23979,23980.25
1775007720,23980.5,23981.25,23968,23969
1775007780,23969.5,23972.75,23967,23968.25
1775007840,23969,23977.25,23968.75,23976.25
1775007900,23977.25,23977.25,23968.5,23973.75
1775007960,23974.5,23979.5,23973.5,23975.25
1775008020,23974.75,23976.75,23971.75,23975.75
1775008080,23974.75,23976.25,23970.25,23974.25
1775008140,23973.75,23975.5,23967.25,23969.25
1775008200,23969.25,23974.75,23967,23974
1775008260,23974.25,23976,23970.5,23971.75
1775008320,23972.75,23974,23967.75,23972.5
1775008380,23973.25,23977.75,23973,23974.75
1775008440,23974.75,23984.5,23971.5,23983.5
1775008500,23983,23984.75,23979.75,23981.25
1775008560,23981.75,23982.75,23976,23976.25
1775008620,23976.25,23982,23974.5,23980.75
1775008680,23982,23982.75,23977.5,23979.25
1775008740,23978.5,23980.5,23975.75,23977.5
1775008800,23978.25,23986.5,23977.75,23985.75
1775008860,23985,23991.5,23981.75,23990
1775008920,23990,23996,23989.75,23994.75
1775008980,23994.5,23994.5,23988,23990.75
1775009040,23991.5,23995.25,23988.25,23991.25
1775009100,23990.75,23993.75,23987,23991
1775009160,23991,23992.75,23987.25,23987.75
1775009220,23987.75,23992.5,23985.5,23989
1775009280,23989,23990.75,23986.25,23988
1775009340,23986.75,23991.25,23985.25,23988.5
1775009400,23988.75,23991.5,23980.25,23981.75
1775009460,23981,23982,23971,23972.25
1775009520,23972.25,23977.25,23972.25,23974.75
1775009580,23975,23975.5,23970.75,23972
1775009640,23972.25,23977,23972.25,23975.5
1775009700,23975,23975.25,23968,23972.5
1775009760,23972,23974,23969,23972
1775009820,23973.25,23974.75,23968,23972.25
1775009880,23972.5,23975,23972.5,23973.75
1775009940,23974.25,23981.5,23974.25,23979.25
1775010000,23978.75,23979.75,23971.75,23976
1775010060,23975.5,23975.5,23972.25,23975.25
1775010120,23975.75,23975.75,23971.75,23972.25
1775010180,23971.75,23978.25,23970.25,23978.25
1775010240,23977,23977.75,23972.5,23975.25
1775010300,23976.25,23976.75,23970.75,23973.25
1775010360,23973,23974.75,23965.5,23969.25
1775010420,23969.75,23973.25,23965.75,23971.25
1775010480,23972.25,23973,23964.75,23970.25
1775010540,23970.25,23970.25,23965.25,23968.25
1775010600,23969,23972.75,23961,23969
1775010660,23968.75,23973,23968.25,23968.5
1775010720,23968,23969,23963.75,23965.25
1775010780,23966,23970.25,23963.5,23966
1775010840,23966,23966.75,23958.5,23959
1775010900,23959.25,23964.75,23958,23958.75
1775010960,23959.5,23963,23956.5,23958
1775011020,23958,23964.75,23956,23961
1775011080,23961,23964.25,23958,23964
1775011140,23964.25,23965.5,23961.75,23963.75
1775011200,23963,23966.25,23962.5,23964.5
1775011260,23965,23972.25,23961.75,23971.5
1775011320,23971.5,23976,23969.5,23973
1775011380,23973.5,23975,23970.75,23972.75
1775011440,23972.25,23973.75,23970,23971
1775011500,23971.5,23981.25,23971.25,23977.75
1775011560,23978.25,23983.5,23970,23970
1775011620,23970,23975.75,23968.25,23975.5
1775011680,23976,23978.75,23971.5,23975
1775011740,23973,23975,23968.5,23970
1775011800,23969.25,23972,23968.75,23969.25
1775011860,23969.75,23972.5,23969,23969
1775011920,23968.5,23970.75,23966,23967.75
1775011980,23967.25,23973.75,23964.75,23970.5
1775012040,23971,23977.25,23969.75,23975.5
1775012100,23976,23978.75,23970.5,23973
1775012160,23972.25,23972.5,23966.5,23968.75
1775012220,23970,23972.75,23967.5,23969
1775012280,23968.5,23971.25,23965,23966.25
1775012340,23966.75,23969.25,23966,23967
1775012400,23967.25,23969,23964.25,23964.75
1775012460,23965,23977.5,23963.5,23976.75
1775012520,23976.5,23976.75,23971.75,23976.75
1775012580,23976,23978.25,23974.75,23976.25
1775012640,23976,23976.25,23970.5,23971.75
1775012700,23972.5,23974.5,23971.25,23973.25
1775012760,23972.5,23978.75,23972.25,23974
1775012820,23974.75,23987.5,23974.5,23983.25
1775012880,23983,23986,23980,23984
1775012940,23984.25,23988.75,23982,23984
1775013000,23983.5,23985.75,23982.25,23984.75
1775013060,23984,23985.5,23979,23981.25
1775013120,23980.5,23984.25,23978.5,23983.75
1775013180,23983.75,23986.25,23981.75,23984.25
1775013240,23984,23986.25,23980.75,23982.5
1775013300,23982.25,23984.25,23977.5,23979.25
1775013360,23980,23981.5,23979,23980.25
1775013420,23980.25,23983.5,23980.25,23981.25
1775013480,23980.75,23981,23975.25,23976.5
1775013540,23976,23980.75,23975.5,23976.25
1775013600,23976.5,23978,23973.75,23977
1775013660,23977,23981.75,23975,23979
1775013720,23978.75,23979.75,23974.75,23977.5
1775013780,23977.25,23981.25,23976.5,23980.5
1775013840,23980.5,23980.5,23968,23969.25
1775013900,23970,23974.25,23968.75,23972.75
1775013960,23972.75,23977,23970.25,23971
1775014020,23970.75,23985,23970.75,23974.25
1775014080,23974.5,23976.25,23972.5,23976
1775014140,23976,23977.25,23971.25,23975.75
1775014200,23975,23987.25,23975,23983
1775014260,23982.5,23983.75,23979.25,23981.25
1775014320,23982,23983.25,23980.25,23982.25
1775014380,23981.5,23985.5,23980.75,23985.5
1775014440,23985,23985.75,23980.75,23981.75
1775014500,23982,23985.25,23978.25,23978.25
1775014560,23978.5,23982.25,23976.5,23981.75
1775014620,23981.5,23984.75,23980.75,23982
1775014680,23980,23985,23979.25,23984.75
1775014740,23984.25,23986.5,23982.25,23984.75
1775014800,23985.5,23986.75,23983.75,23985.25
1775014860,23984.5,23984.5,23981,23983.5
1775014920,23984,23987.5,23983.5,23985
1775014980,23985.5,23991,23984.75,23989.5
1775015040,23989.25,23991,23987,23988.25
1775015100,23988,24000.75,23987.25,23990.25
1775015160,23990,23991.25,23987,23988.5
1775015220,23988,23988.5,23978,23978.25
1775015280,23978.25,23984,23976.75,23980.5
1775015340,23981,23985.25,23981,23983
1775015400,23983.25,23989,23983,23983
1775015460,23983,23983.5,23978.75,23982.5
1775015520,23982.25,23988,23981.75,23983.75
1775015580,23983.5,23984.25,23980,23984.25
1775015640,23984.5,23985.25,23981.5,23984
1775015700,23984,23985.75,23983,23983.5
1775015760,23983,23984.5,23979.75,23980.75
1775015820,23980.75,23983.5,23980.25,23983.5
1775015880,23983,23983,23979.25,23980.5
1775015940,23980.75,23983.25,23979.75,23982.25
1775016000,23982.25,23988.75,23981.75,23988
1775016060,23988,23989.5,23985,23987
1775016120,23987.5,23990.25,23985.5,23989.25
1775016180,23989.5,23992,23987,23988.75
1775016240,23989.75,23990,23985,23986
1775016300,23985.75,23985.75,23978,23984.25
1775016360,23984.75,23988.25,23981.5,23987
1775016420,23988,23989.5,23987.5,23988.75
1775016480,23988.5,23990.25,23986,23988
1775016540,23987.25,23990,23986,23988.75
1775016600,23989.75,23990,23986.25,23988
1775016660,23987,23990.75,23986.75,23989.25
1775016720,23988.5,23989,23982.25,23983.5
1775016780,23983,23983.75,23980,23982.25
1775016840,23982,23984,23980.25,23982.5
1775016900,23983,23984.25,23981,23982.25
1775016960,23982.25,23983,23979,23979.75
1775017020,23979,23986.75,23978.25,23986.25
1775017080,23985.75,23992.25,23985,23989.5
1775017140,23989.25,23990.5,23986,23987.75
1775017200,23988.5,23989.5,23986,23989.5
1775017260,23989.75,23990.25,23986,23989
1775017320,23989.25,24013.5,23989,24000.75
1775017380,24000.5,24007,23998,24004.25
1775017440,24004.25,24008.25,24000.25,24004
1775017500,24004.25,24005.5,24000.75,24002
1775017560,24000.75,24001.25,23995.25,23997.75
1775017620,23997.25,24004,23997.25,24004
1775017680,24003.25,24004.5,23999,24004.5
1775017740,24004,24007.75,24002.75,24007.5
1775017800,24007,24011.75,24006.75,24008.5
1775017860,24008.25,24008.75,24002.25,24004.25
1775017920,24004,24009.25,24003,24008
1775017980,24008.75,24010.75,24006,24007.25
1775018040,24006.75,24011,24006.75,24009
1775018100,24009.5,24011.25,24003.5,24007
1775018160,24007.5,24007.5,23998.75,24001.75
1775018220,24001.75,24005.75,24001.25,24004
1775018280,24004.25,24007.5,24002.25,24007.5
1775018340,24007.75,24008,24004,24005.75
1775018400,24005.75,24008,24005.25,24007.25
1775018460,24007.5,24008,24004.25,24005
1775018520,24005,24007.25,24003.75,24006.5
1775018580,24006.5,24007.75,24005.5,24007.25
1775018640,24007,24008.25,24005.5,24008.25
1775018700,24008.5,24008.5,24003.25,24003.75
1775018760,24003.5,24007.25,24001.5,24006.5
1775018820,24007,24010,24006,24008.25
1775018880,24008.25,24013,24007.25,24011.75
1775018940,24012.25,24023.25,24012.25,24018
1775019000,24017.5,24020.5,24014.25,24016.5
1775019060,24016.75,24019.5,24015.5,24018.25
1775019120,24017.75,24019.75,24016.5,24019
1775019180,24018.75,24022.5,24017.25,24021
1775019240,24021.25,24021.25,24014.25,24014.5
1775019300,24014.5,24015.75,24005.5,24006.75
1775019360,24008,24011,24006.75,24009.25
1775019420,24009.5,24014,24009,24013.25
1775019480,24012.75,24016,24012.25,24012.25
1775019540,24012.75,24013.75,24010,24012.5
1775019600,24012.75,24014.75,24007.5,24009.5
1775019660,24009.75,24013.25,24007,24012.5
1775019720,24011.75,24018.25,24011.75,24015.25
1775019780,24015.5,24018,24013.25,24018
1775019840,24017.5,24019.5,24013,24019.5
1775019900,24019.5,24029.5,24016,24026.25
1775019960,24025.5,24028.5,24022.75,24026
1775020020,24026.5,24030.75,24024,24030.75
1775020080,24030.5,24031,24027.25,24027.25
1775020140,24027.5,24035.25,24026.25,24033
1775020200,24033,24036.5,24029.75,24030.75
1775020260,24031.25,24038.5,24031,24034.5
1775020320,24034.5,24034.5,24031,24032.25
1775020380,24032,24039.25,24031.25,24038.5
1775020440,24038,24045,24037,24043
1775020500,24043,24044.25,24035.75,24039.75
1775020560,24040.75,24043.25,24038.5,24040.75
1775020620,24040.75,24044,24039.25,24043.5
1775020680,24043.5,24046.25,24042,24045.5
1775020740,24044.75,24047,24041.25,24043.25
1775020800,24042.25,24044,24038.75,24040.25
1775020860,24040.25,24043.5,24038.75,24040
1775020920,24040.5,24042.25,24039,24040.25
1775020980,24040.25,24042.75,24038.25,24041.75
1775021040,24042,24058,24041.25,24053.25
1775021100,24054,24074,24050.75,24063.75
1775021160,24063.75,24064.75,24054.75,24057.25
1775021220,24057,24061,24051.5,24053.5
1775021280,24053.5,24054.25,24048.75,24052
1775021340,24052,24054.25,24049.5,24052
1775021400,24053.25,24059.25,24052.5,24052.75
1775021460,24054,24059.5,24051.25,24059.5
1775021520,24059.5,24064.25,24056.25,24057
1775021580,24057.25,24065,24057,24061
1775021640,24060.5,24062.75,24057.75,24058.5
1775021700,24058.25,24060.75,24055,24058
1775021760,24058.5,24058.75,24030.5,24037
1775021820,24037,24043.75,24036.5,24040.5
1775021880,24040.75,24044.75,24038,24041.5
1775021940,24040.75,24048,24038.5,24048
1775022000,24048.5,24051.25,24045,24046.25
1775022060,24046.25,24052.5,24045.5,24048.5
1775022120,24047.5,24049,24042.75,24045.25
1775022180,24045,24052.25,24045,24048.75
1775022240,24048.75,24054,24047,24053.75
1775022300,24053.75,24060,24052.75,24053.5
1775022360,24053.25,24054.5,24045.25,24047.75
1775022420,24048.25,24049.5,24043.75,24047.75
1775022480,24048.75,24051.25,24041.5,24044.25
1775022540,24044.25,24056.5,24044.25,24055.5
1775022600,24055.5,24060.25,24054.75,24057.5
1775022660,24057.75,24062.5,24054,24061.5
1775022720,24060.75,24060.75,24054,24059.25
1775022780,24059.5,24061.5,24054.5,24056
1775022840,24055.75,24056.25,24049.5,24050.25
1775022900,24051,24053,24045.5,24050.75
1775022960,24051,24052,24042.25,24044.5
1775023020,24044,24044.5,24038.5,24040
1775023080,24040,24044.75,24038,24039
1775023140,24039.25,24045,24038.5,24040.5
1775023200,24041.5,24048.75,24039,24047.5
1775023260,24046.75,24061.75,24044,24060
1775023320,24060.25,24060.25,24052.75,24057.5
1775023380,24057.5,24058,24049,24053.75
1775023440,24053,24053.75,24041,24041
1775023500,24041.75,24050.75,24039,24050.25
1775023560,24050.75,24057.5,24047.75,24056.75
1775023620,24056.75,24068.25,24055.25,24059.5
1775023680,24059.25,24065.75,24058.75,24063.25
1775023740,24062.75,24066,24053.25,24055
1775023800,24055,24059.75,24053.25,24058.75
1775023860,24059.25,24064.25,24058.75,24061.25
1775023920,24061.5,24083.75,24061.25,24079
1775023980,24078.75,24080.75,24070.25,24074.5
1775024040,24073.5,24081.5,24072,24080
1775024100,24079.5,24095,24075.75,24090.75
1775024160,24091.25,24105,24087,24098.5
1775024220,24098.75,24106.25,24096.5,24103.75
1775024280,24103,24109,24089.5,24090
1775024340,24089.75,24096.25,24085.25,24095.25
1775024400,24095.5,24103.5,24091.25,24102
1775024460,24102.25,24113.25,24099,24108.25
1775024520,24108,24109,24098.25,24100.5
1775024580,24101.75,24107.5,24098.25,24104.5
1775024640,24104.5,24109.5,24101.75,24108
1775024700,24108.25,24110.25,24101.75,24105
1775024760,24104.5,24112.5,24104.25,24112
1775024820,24111.5,24112,24104.25,24105.75
1775024880,24107,24117,24107,24114
1775024940,24113.75,24127,24113.5,24119.25
1775025000,24118.5,24131.5,24112.5,24131
1775025060,24130.75,24150,24130.75,24141
1775025120,24140.5,24145,24136.5,24142.25
1775025180,24142,24152,24141.75,24149.25
1775025240,24148.75,24160.75,24148.75,24154
1775025300,24154,24154.75,24146.5,24151.75
1775025360,24151.25,24165,24147.75,24162.25
1775025420,24162.5,24166,24158.5,24164.25
1775025480,24164.75,24167.5,24154.5,24156.5
1775025540,24156.25,24156.75,24149.25,24153.75
1775025600,24153.25,24159.75,24144.25,24145.75
1775025660,24145.25,24160,24144.25,24158.5
1775025720,24158.75,24169.5,24157.25,24160.5
1775025780,24161,24161.25,24154,24157.75
1775025840,24157.75,24169.5,24156.75,24167.75
1775025900,24167.75,24169.25,24158.5,24164
1775025960,24163,24163.25,24154.25,24159.75
1775026020,24159.5,24169.25,24157.75,24168.25
1775026080,24167.25,24177.25,24166.25,24175
1775026140,24174.5,24175.75,24161,24161.25
1775026200,24161.25,24166.25,24153.25,24164.25
1775026260,24164,24165,24153.75,24158.5
1775026320,24157.25,24165,24155.75,24162.25
1775026380,24162.75,24167.75,24161,24167.5
1775026440,24167.75,24173.5,24164.5,24169
1775026500,24169.25,24174,24167,24172.75
1775026560,24172.5,24173.5,24166.5,24169.25
1775026620,24169,24170.5,24163.5,24167.5
1775026680,24167,24172.75,24167,24167.5
1775026740,24168.75,24170.25,24166.75,24169
1775026800,24169.5,24175.75,24162,24172.5
1775026860,24172,24181.5,24165.75,24166.5
1775026920,24166.75,24168.5,24160,24160.75
1775026980,24160.75,24163,24152.25,24157.75
1775027040,24158.75,24159.75,24152.75,24155.5
1775027100,24155.5,24158,24148,24152.25
1775027160,24152.5,24155.25,24146.25,24151.75
1775027220,24151.75,24159.75,24147,24154
1775027280,24154.75,24166,24152,24155.25
1775027340,24155,24162.25,24151,24162.25
1775027400,24161.5,24163.75,24147.5,24150.5
1775027460,24150.5,24153.5,24141.25,24145.25
1775027520,24146,24152.5,24144.5,24145.75
1775027580,24146,24149.75,24142.5,24144.75
1775027640,24144.75,24150,24142.75,24150
1775027700,24149.75,24149.75,24141.5,24145.5
1775027760,24146.5,24151.75,24143,24146.5
1775027820,24146.25,24150.5,24141.25,24150.5
1775027880,24150.75,24150.75,24143,24147
1775027940,24145.5,24147.5,24143,24143
1775028000,24143,24145.25,24139.25,24141.75
1775028060,24142,24144.25,24136.5,24136.75
1775028120,24136.5,24140.5,24131,24137.5
1775028180,24137.25,24139.75,24133.25,24134.25
1775028240,24134.5,24139.75,24134.25,24137.5
1775028300,24137.5,24143.25,24134.25,24139.25
1775028360,24139,24144.25,24138.25,24139
1775028420,24138.5,24149.5,24137.75,24147.5
1775028480,24147,24147.5,24142.25,24146.25
1775028540,24145.5,24150.75,24144,24147
1775028600,24147,24161.5,24146.75,24159.5
1775028660,24160,24161.25,24151.75,24152.75
1775028720,24152.5,24159,24145.25,24147
1775028780,24146.75,24159,24143,24156.5
1775028840,24157.25,24163.25,24154,24156
1775028900,24156.75,24167.25,24156.75,24164.5
1775028960,24165.25,24168,24158.5,24164.5
1775029020,24165,24174.25,24164.5,24171.25
1775029080,24171.75,24179.5,24169.25,24173.75
1775029140,24173.25,24174.25,24163.75,24165.75
1775029200,24165.5,24169.75,24160,24163.25
1775029260,24163.5,24164,24148.75,24151.25
1775029320,24151,24165.75,24149,24162.25
1775029380,24162.5,24168.5,24159.25,24160.25
1775029440,24161,24168.5,24158.5,24167.5
1775029500,24167,24169.25,24159.75,24161.25
1775029560,24161,24169.5,24158,24165.5
1775029620,24165,24166.25,24159.25,24164.5
1775029680,24163.75,24166,24144,24145.75
1775029740,24146.5,24146.5,24125.5,24127.25
1775029800,24128,24130.75,24105.5,24110
1775029860,24110,24114.5,24089.25,24098.5
1775029920,24099,24103.5,24088,24090.25
1775029980,24090.75,24096.75,24082.25,24096
1775030040,24095,24102.75,24091.25,24097
1775030100,24097.25,24100.75,24083.25,24093.25
1775030160,24094,24104.25,24093.75,24098
1775030220,24097.5,24101.75,24090.25,24094.25
1775030280,24093.25,24094,24083.5,24087
1775030340,24086.75,24091,24074.75,24078.25
1775030400,24078.5,24090.5,24071.75,24086
1775030460,24086.5,24086.5,24066.5,24068
1775030520,24068.75,24076.75,24060,24067
1775030580,24066.25,24088,24066.25,24085.75
1775030640,24086.5,24095.5,24080,24084.25
1775030700,24082.75,24085.5,24072.5,24074.75
1775030760,24075,24082.75,24055.25,24057
1775030820,24057.25,24065.5,24056.25,24062.5
1775030880,24063.5,24064.5,24056,24063
1775030940,24063.5,24063.75,24050.75,24055.25
1775031000,24054.5,24056,24048,24051.5
1775031060,24052,24053,24033.25,24044
1775031120,24042.25,24051,24038.25,24047.5
1775031180,24047.75,24059.25,24047.75,24054.25
1775031240,24054.75,24058,24047.25,24048.75
1775031300,24048.75,24066.5,24047.25,24063.25
1775031360,24063,24064,24044.25,24046.75
1775031420,24046.25,24064.75,24043.25,24063.25
1775031480,24062.75,24072,24062.25,24072
1775031540,24071.25,24073.75,24067.75,24071.5
1775031600,24070.25,24076.5,24068.5,24074.75
1775031660,24074.25,24079,24071.25,24073.5
1775031720,24073.25,24083,24073,24081
1775031780,24079.75,24088.75,24071.25,24076.25
1775031840,24075.5,24086.25,24075,24085.75
1775031900,24086.25,24104.75,24085,24101.75
1775031960,24101.5,24107.25,24098,24103.75
1775032020,24103.5,24107.25,24094,24094.75
1775032080,24095,24095.5,24079.5,24080.25
1775032140,24081.25,24086,24072.25,24081
1775032200,24082,24088,24079.75,24083.75
1775032260,24084,24090.5,24081.5,24084.5
1775032320,24084.5,24096.75,24082.5,24095.25
1775032380,24096,24098.75,24089.5,24089.5
1775032440,24090.5,24096.25,24088.25,24093
1775032500,24092.5,24095.75,24082.75,24082.75
1775032560,24082.5,24087.25,24077.75,24087.25
1775032620,24087.75,24088.5,24077,24079.75
1775032680,24080.5,24088.5,24078.25,24086
1775032740,24085.75,24093.5,24081.25,24090.75
1775032800,24091.75,24093.5,24083.5,24091.25
1775032860,24092.5,24097.75,24086.75,24090.75
1775032920,24090.5,24090.5,24081.5,24083
1775032980,24082.5,24088,24077.5,24087.5
1775033040,24087,24094,24085,24091.5
1775033100,24091.25,24094.25,24084.5,24090.5
1775033160,24090.5,24091,24079.25,24080.75
1775033220,24080.5,24084,24076.25,24080.75
1775033280,24080.25,24088,24079.75,24085.25
1775033340,24085,24091,24084,24087.75
1775033400,24087.75,24095,24086.25,24092
1775033460,24092,24095,24083,24083.5
1775033520,24082.25,24090.75,24079,24086
1775033580,24086.25,24102.5,24086.25,24098
1775033640,24097.25,24099,24026.25,24072
1775033700,24072.5,24077,24052,24069.5
1775033760,24069.25,24088.25,24064.75,24075.5
1775033820,24074.5,24082.75,24074.25,24081.5
1775033880,24082.25,24086,24069.5,24073.5
1775033940,24072.25,24076.75,24065,24070.5
1775034000,24071.5,24074.75,24061.25,24063.75
1775034060,24063.75,24083.25,24057.75,24073.25
1775034120,24073.25,24076.75,24068.5,24073.75
1775034180,24074.5,24074.5,24058.25,24065.75
1775034240,24064,24068.5,24059,24063
1775034300,24063.25,24068,24063,24065
1775034360,24065.75,24070,24058.5,24061.75
1775034420,24062,24062.25,24050,24055.25
1775034480,24055.75,24056.75,24042,24044.75
1775034540,24045.75,24050.5,24042.5,24045.5
1775034600,24046,24048.25,24033,24034.25
1775034660,24034.5,24040.25,24031,24033.75
1775034720,24033.75,24044,24029.25,24042.75
1775034780,24043.75,24045.25,24032,24042.75
1775034840,24042,24044.75,24034,24037.5
1775034900,24037.75,24043.75,24033.75,24037.25
1775034960,24037,24038.75,24031.75,24034
1775035020,24034.75,24039,24031.5,24031.5
1775035080,24032.25,24034,24022.25,24025
1775035140,24024.75,24029.75,24021,24027
1775035200,24026,24031,24011.75,24014
1775035260,24013.75,24021.25,24006.25,24007.5
1775035320,24007.75,24013.25,24006,24011.75
1775035380,24011.25,24016.5,24003.75,24013.75
1775035440,24013.5,24017.75,24009,24016
1775035500,24015.75,24033.5,24015.75,24029.75
1775035560,24030.75,24031,24020.75,24023.25
1775035620,24022.75,24032,24021,24029.75
1775035680,24030.75,24032.25,24024.25,24025
1775035740,24025,24032,24024.25,24029.75
1775035800,24029.25,24038,24028.75,24037.25
1775035860,24037.75,24045.5,24034.25,24036.5
1775035920,24036.5,24043.5,24035.5,24035.5
1775035980,24036.75,24043,24030,24037.25
1775036040,24038,24043.75,24034.5,24039.75
1775036100,24040.5,24043.25,24037.75,24042.5
1775036160,24042.25,24055.5,24041.75,24049.75
1775036220,24050,24052.5,24046,24049.75
1775036280,24050,24055.5,24048,24054.5
1775036340,24053.5,24054.25,24041.75,24045.5
1775036400,24045.5,24050,24040.25,24045.5
1775036460,24044,24048.5,24042.5,24046.5
1775036520,24045.75,24049,24042.75,24045
1775036580,24044.5,24052,24044,24049.5
1775036640,24049,24052.75,24044.5,24050
1775036700,24049.75,24062,24049,24053.5
1775036760,24053.5,24064,24048.5,24062.5
1775036820,24062.25,24065.25,24057.75,24064
1775036880,24064.25,24074,24064,24068
1775036940,24069,24075.75,24066.5,24075
1775037000,24075.25,24085.75,24073.75,24082.75
1775037060,24082.5,24083,24073.25,24079
1775037120,24078.75,24082.25,24075.25,24076.5
1775037180,24077.5,24080.75,24074,24078.5
1775037240,24077.5,24079.25,24069.5,24073
1775037300,24073.5,24077,24059.5,24061.25
1775037360,24061,24072.5,24055.25,24070
1775037420,24069.75,24090.5,24065.75,24083
1775037480,24083.5,24083.75,24064,24068.75
1775037540,24068.75,24072.5,24066.75,24069.75
1775037600,24070.5,24087.25,24064,24086.25
1775037660,24085.75,24087.25,24071,24078.75
1775037720,24078.5,24079.25,24069,24076.75
1775037780,24076.75,24083,24075,24077
1775037840,24077,24077,24057.75,24062
1775037900,24062.25,24073,24056.5,24066
1775037960,24065.5,24067.75,24060.75,24064.75
1775038020,24065.75,24067.25,24057,24059.75
1775038080,24059.5,24066.5,24058,24063.25
1775038140,24063.25,24069.25,24054.5,24055.75
1775038200,24055,24060.5,24050.25,24054
1775038260,24054,24063.25,24052.75,24060.5
1775038320,24059.5,24071.75,24058.75,24069.25
1775038380,24070,24080.25,24068,24076.75
1775038440,24076.5,24077.5,24070.75,24070.75
1775038500,24070.25,24076.5,24066.25,24071.5
1775038560,24071.5,24075.75,24069.25,24074.5
1775038620,24074.5,24081.75,24073.25,24074.5
1775038680,24073.75,24077.75,24072.75,24077.75
1775038740,24076.5,24077,24067.75,24072.5
1775038800,24072.75,24086.75,24071.25,24072.75
1775038860,24071.75,24084.25,24071.75,24083
1775038920,24083,24086,24073.5,24075.25
1775038980,24075,24081.75,24072.25,24080.5
1775039040,24079,24080,24072.25,24073.75
1775039100,24074.5,24075.75,24062.25,24068.25
1775039160,24067.5,24071,24056,24069
1775039220,24068.75,24071.5,24065,24066
1775039280,24065.75,24070.75,24062,24068.25
1775039340,24067.5,24072.75,24066.25,24067
1775039400,24066.75,24084,24065.5,24079
1775039460,24078.25,24082,24075.25,24079.5
1775039520,24079,24083.5,24070.75,24073.5
1775039580,24073.25,24074.75,24063.75,24069.25
1775039640,24069.5,24070.25,24063.5,24065.25
1775039700,24065.25,24071.25,24063.5,24068.75
1775039760,24069.75,24072,24065,24068
1775039820,24069,24073,24064.75,24073
1775039880,24072.25,24073.5,24066.5,24073.25
1775039940,24073,24086.25,24072.75,24082.5
1775040000,24082.25,24088.75,24081.25,24086
1775040060,24086,24093.75,24084.5,24092.5
1775040120,24092,24094.25,24087.25,24087.25
1775040180,24087.25,24088.75,24082,24084.75
1775040240,24085,24093.75,24085,24090.25
1775040300,24090,24105,24089,24104
1775040360,24103.25,24122.5,24103.25,24120.25
1775040420,24119.5,24123.5,24114.5,24120.75
1775040480,24120.5,24128.5,24119.25,24120.25
1775040540,24119.5,24132.5,24116.75,24132.5
1775040600,24131.25,24137.75,24128.75,24135
1775040660,24134.25,24139.5,24129.75,24135
1775040720,24134.75,24137.25,24127.25,24129.25
1775040780,24129.75,24133.75,24122.5,24124.5
1775040840,24124.5,24131.25,24119.75,24128.25
1775040900,24128,24128.5,24111.25,24113
1775040960,24113.5,24121.25,24110.25,24116.75
1775041020,24118.25,24128,24117.75,24125.75
1775041080,24124.5,24127.5,24119.5,24123
1775041140,24123.25,24137.75,24122,24128
1775041200,24128,24133,24123.25,24126.5
1775041260,24126.25,24131.25,24123,24130
1775041320,24131,24140.25,24129.5,24135.75
1775041380,24135.75,24147.5,24133.5,24142.5
1775041440,24141.5,24148.75,24137,24145.25
1775041500,24145.5,24149,24143.5,24145.75
1775041560,24146.25,24148.25,24143,24145.75
1775041620,24146,24147.25,24138,24143
1775041680,24142.75,24150.25,24141.75,24147.25
1775041740,24147.75,24150.75,24143.75,24145.75
1775041800,24145.25,24148.25,24141,24141.25
1775041860,24141,24149.75,24139.25,24148.75
1775041920,24148.75,24153,24146.25,24150.75
1775041980,24151,24152.5,24148.25,24148.75
1775042040,24148.75,24158.75,24148.75,24156.25
1775042100,24156,24162.5,24153.5,24154.5
1775042160,24153.75,24154,24145.75,24150
1775042220,24149.5,24151,24145,24149.5
1775042280,24150,24150.5,24142.75,24144.75
1775042340,24144.75,24158,24144.25,24157.75
1775042400,24157.25,24159.25,24149.5,24152.75
1775042460,24153,24157.5,24148,24152.5
1775042520,24151.75,24153.5,24142.25,24147.5
1775042580,24147,24152.5,24145.5,24149.75
1775042640,24149,24156.5,24146.25,24153.5
1775042700,24153,24163.75,24149.75,24162
1775042760,24162,24166,24155.5,24162.25
1775042820,24161.5,24161.5,24152.75,24157.5
1775042880,24157.75,24161.25,24148,24149.25
1775042940,24148.25,24154.25,24148.25,24150.5
1775043000,24150.5,24161,24146.25,24157.75
1775043060,24156,24162,24152.75,24158.5
1775043120,24157.75,24163.5,24154,24156.75
1775043180,24156.75,24162,24153.25,24156.5
1775043240,24157,24162.5,24154,24162
1775043300,24162,24171.75,24161,24165.25
1775043360,24164.75,24175,24164.75,24169
1775043420,24169,24176.25,24163.5,24175.75
1775043480,24175.25,24184.5,24173.5,24180.5
1775043540,24180.5,24183.25,24177.5,24181.75
1775043600,24181.75,24184.5,24178.5,24182.75
1775043660,24182,24187.75,24180,24182
1775043720,24181.5,24184.5,24168,24168.5
1775043780,24168.25,24175.75,24167,24174.25
1775043840,24174,24183.75,24171.5,24177.75
1775043900,24178.25,24182,24172,24179.5
1775043960,24178.5,24180.25,24174.5,24175.75
1775044020,24175.5,24177.75,24170.25,24171.5
1775044080,24171.5,24179.5,24170.25,24177
1775044140,24177.5,24185,24171.5,24182
1775044200,24182.5,24186.5,24178.75,24182
1775044260,24181.5,24185,24179.25,24184.25
1775044320,24183.75,24194.5,24182.75,24194.5
1775044380,24193.75,24203,24187.75,24189.25
1775044440,24189,24191.5,24184,24189
1775044500,24190,24198.75,24188,24194.5
1775044560,24194.75,24201.25,24193.75,24195.25
1775044620,24194.25,24204.25,24191,24202.5
1775044680,24201.75,24205.5,24195.75,24196.25
1775044740,24196.5,24196.75,24189.5,24191
1775044800,24190,24192.25,24179.75,24191.75
1775044860,24191.25,24194.25,24182,24193.25
1775044920,24192.5,24193.25,24181,24185.75
1775044980,24186,24186.5,24173,24173.75
1775045040,24174.5,24185,24174.5,24176.75
1775045100,24177.25,24197.5,24176.25,24188.5
1775045160,24188,24194.75,24181,24189
1775045220,24189.25,24190.5,24182.5,24182.5
1775045280,24182.75,24185.25,24172.25,24175
1775045340,24173.5,24178,24171.5,24177.5
1775045400,24177.25,24179,24171.75,24174.75
1775045460,24174.5,24175.75,24167.5,24169.25
1775045520,24169,24171.75,24166,24167
1775045580,24167.25,24169.5,24162.5,24164.75
1775045640,24164.75,24170.5,24163.5,24167
1775045700,24167,24175.25,24165.25,24173
1775045760,24172.5,24176.75,24165.5,24172.25
1775045820,24171.75,24173,24164.5,24167
1775045880,24167.5,24171.5,24167.5,24170.75
1775045940,24171,24173,24167.75,24170
1775046000,24170,24172.25,24158,24164
1775046060,24163.75,24164.25,24149,24151.75
1775046120,24152,24154.75,24140.25,24147.25
1775046180,24147,24153.5,24144.75,24147.75
1775046240,24147,24149.25,24144,24147.5
1775046300,24147.5,24150.25,24144.5,24145.75
1775046360,24145.5,24145.5,24131.25,24134.5
1775046420,24135,24139,24125.5,24128.5
1775046480,24128.25,24143,24123,24143
1775046540,24143.25,24148.75,24139.25,24144.5
1775046600,24144.5,24165,24133.75,24142.5
1775046660,24142,24143.25,24129.5,24133.75
1775046720,24134.5,24142.75,24131.75,24134
1775046780,24134.5,24143.5,24130.25,24133
1775046840,24133.25,24141.5,24129.75,24138.75
1775046900,24139.75,24148.25,24134.5,24143.75
1775046960,24143.25,24145.75,24126.5,24131.25
1775047020,24131.5,24131.75,24110.5,24111
1775047080,24111.5,24117.25,24105.5,24113
1775047140,24113,24120,24108.25,24110
1775047200,24110.75,24128,24106.75,24126
1775047260,24125,24126.5,24115,24117
1775047320,24118,24122.75,24111.75,24115.5
1775047380,24114.75,24115.75,24109,24112.75
1775047440,24112.75,24245,24105.75,24180
1775047500,24183,24240.5,24100,24157.25
1775047560,24156.5,24164,24119.75,24134.5
1775047620,24134.25,24139,24116.75,24129.25
1775047680,24129.75,24132.75,24086.5,24089.5
1775047740,24087.5,24092.25,24073,24085.25
1775047800,24083.5,24102.5,24076.75,24085.25
1775047860,24084.75,24097.25,24062.25,24065
1775047920,24065,24082.5,24062.75,24079
1775047980,24078.75,24084,24065.75,24071.5
1775048040,24071.5,24071.5,24052,24060
1775048100,24060.75,24072.25,24049,24067.25
1775048160,24067.25,24076.75,24058,24066
1775048220,24067,24076.25,24059,24065
1775048280,24065.25,24069.5,24055.5,24056.25
1775048340,24057,24065.5,24052.5,24061.75
1775048400,24061.25,24063.75,24048,24055.5
1775048460,24055,24063.75,24042,24063.25
1775048520,24063.25,24067.75,24052,24059.25
1775048580,24058.75,24069.75,24055.75,24063
1775048640,24062.5,24064.25,24047,24051.5
1775048700,24051.25,24055.5,24037.25,24046.75
1775048760,24046.25,24047.25,24036.25,24038
1775048820,24038.25,24051.5,24037.5,24045.75
1775048880,24045.25,24050.25,24039.25,24046
1775048940,24046,24054.25,24040.75,24053
1775049000,24053,24073.75,24049.25,24060
1775049060,24060,24076,24054.25,24068.5
1775049120,24068.75,24075.5,24060.75,24072.75
1775049180,24072.5,24083.5,24071.75,24078
1775049240,24077.75,24079,24063.25,24066.75
1775049300,24066.5,24073,24061,24066.25
1775049360,24066,24087.75,24064.5,24085.5
1775049420,24086.25,24088.5,24078.25,24081
1775049480,24081.25,24092.5,24077,24079
1775049540,24079,24089,24075.75,24087
1775049600,24087.25,24089.5,24074.75,24083.5
1775049660,24083,24085,24059.75,24062.5
1775049720,24063,24077.75,24053.75,24075.25
1775049780,24075.75,24080.75,24071.75,24075
1775049840,24074.75,24082.75,24073.75,24082.25
1775049900,24082.5,24094.75,24070.5,24079.75
1775049960,24080.25,24092.5,24077.75,24088.25
1775050020,24088.5,24101.5,24087.5,24098.25
1775050080,24098.5,24101.5,24088.5,24098
1775050140,24097.25,24098.25,24084,24088.25
1775050200,24088.5,24099.5,24054.5,24083.25
1775050260,24083.75,24085,24043.5,24070.5
1775050320,24071.25,24126.25,24069,24124.75
1775050380,24124.25,24145.5,24117,24142.5
1775050440,24143,24163.25,24141,24156.75
1775050500,24156.75,24160.5,24135.75,24158
1775050560,24157.75,24179.25,24147,24165.5
1775050620,24165.25,24176.25,24154.5,24175.75
1775050680,24175.75,24189,24172.25,24184.25
1775050740,24184,24194.5,24177.75,24187.25
1775050800,24187.25,24187.25,24151.25,24157.5
1775050860,24157.5,24165.75,24150.25,24156.75
1775050920,24157,24175.25,24096.5,24104
1775050980,24104.5,24109,24068,24069.75
1775051040,24069.25,24099.25,24068.75,24096.5
1775051100,24095.75,24123,24082.75,24086
1775051160,24085.75,24103,24081.75,24091.75
1775051220,24092.5,24095.75,24062.25,24065.5
1775051280,24065.25,24086.75,24060,24071.25
1775051340,24071.25,24080,24062.5,24075.25
1775051400,24074.75,24101.75,24065.75,24098.5
1775051460,24098.5,24119,24095.75,24110.75
1775051520,24110.5,24126,24091.75,24116
1775051580,24116.5,24141.5,24112.25,24121.25
1775051640,24120,24123.75,24096,24098.75
1775051700,24098.5,24114.75,24083.5,24108.5
1775051760,24108.5,24116,24096,24103.25
1775051820,24103.5,24129.5,24098.25,24108.75
1775051880,24108.5,24121.75,24105.5,24116.5
1775051940,24116.25,24120.75,24101.75,24119.5
1775052000,24119.75,24141.25,24108,24122.75
1775052060,24123,24158,24121,24148
1775052120,24147.25,24154.25,24136,24152.25
1775052180,24152,24167.5,24139.5,24146.25
1775052240,24145.75,24157.75,24132,24147.5
1775052300,24148.5,24166,24147.75,24156
1775052360,24156,24157,24120.5,24134.5
1775052420,24134.5,24167,24131.75,24160.25
1775052480,24160.25,24178.5,24153.75,24166.75
1775052540,24167,24172.5,24151,24160.25
1775052600,24160,24168.5,24136.25,24151.75
1775052660,24151,24151,24132.5,24135.25
1775052720,24135.5,24166,24131,24162.25
1775052780,24161.5,24163,24142,24151.25
1775052840,24150.75,24168.5,24146.75,24165.5
1775052900,24165.5,24187.75,24162,24182
1775052960,24181.5,24183.25,24163.5,24174.5
1775053020,24174.5,24181.5,24159.75,24165.25
1775053080,24165.25,24179,24162.5,24174
1775053140,24173.5,24180.5,24153,24178.75
1775053200,24178.75,24185,24155.5,24159.75
1775053260,24160,24191,24158.5,24185.25
1775053320,24185,24210.25,24180.25,24204
1775053380,24203.75,24205.75,24184,24200
1775053440,24199.75,24202.25,24162,24176.75
1775053500,24176.75,24197.25,24171.75,24195.25
1775053560,24195.5,24196.75,24171.25,24176
1775053620,24175.75,24189.25,24172.75,24178
1775053680,24177.75,24191.5,24176,24184.25
1775053740,24183.75,24189.75,24180.5,24187.5
1775053800,24186.25,24207.5,24183.25,24205
1775053860,24204.75,24217,24198.5,24207.75
1775053920,24208.25,24211,24193.25,24193.75
1775053980,24193.75,24197.75,24160.5,24171
1775054040,24170.75,24176.75,24151.5,24157.5
1775054100,24157.5,24159,24135,24150.5
1775054160,24150.75,24156.5,24131.5,24145.25
1775054220,24145.25,24155.75,24131.75,24152
1775054280,24151.5,24184,24150,24173.5
1775054340,24173.75,24244.25,24172.25,24213.5
1775054400,24214,24214,24168,24188.25
1775054460,24187.5,24199.25,24178.25,24196.25
1775054520,24196.25,24223,24192,24211.5
1775054580,24211.75,24223,24197.75,24203.75
1775054640,24203.5,24209.75,24192.25,24206
1775054700,24206,24213,24193.75,24200.75
1775054760,24201.25,24202.25,24176,24187.5
1775054820,24186.75,24208.25,24177.25,24204.25
1775054880,24204.25,24219,24203.5,24217.75
1775054940,24217.75,24244,24215.5,24234.75
1775055000,24234.5,24238.5,24224,24229.5
1775055060,24229.5,24238.75,24214,24230.25
1775055120,24230.5,24248.25,24230,24239
1775055180,24239.25,24260,24237,24254
1775055240,24253.5,24261,24244,24246.5
1775055300,24246.75,24249.5,24235.25,24237.5
1775055360,24236.75,24253.5,24231.25,24251
1775055420,24250.75,24264.75,24249.75,24256.5
1775055480,24256.25,24269.75,24251,24263.75
1775055540,24263.5,24266,24250.75,24260.25
1775055600,24260.5,24267,24251.75,24266.25
1775055660,24266.5,24274,24258.25,24269
1775055720,24269.25,24282,24268,24272.75
1775055780,24272.5,24276,24263,24267.5
1775055840,24267.75,24273.25,24258.25,24261
1775055900,24260.75,24272.5,24255.25,24271
1775055960,24271.25,24286.5,24259.25,24266
1775056020,24266.5,24284,24263.5,24282.5
1775056080,24282,24283.25,24273.5,24280.25
1775056140,24280.25,24288,24279.25,24282
1775056200,24282.25,24283.75,24264,24266
1775056260,24265.75,24279.25,24263.75,24273.75
1775056320,24272.5,24280.75,24262.75,24277.25
1775056380,24277.25,24280.75,24270,24270.75
1775056440,24271.5,24274,24261,24265.75
1775056500,24266.25,24272.75,24258,24262.75
1775056560,24263.25,24269.75,24259.5,24265.5
1775056620,24265.25,24267.75,24257,24260.75
1775056680,24260.5,24276.75,24259.75,24274.25
1775056740,24274.5,24279.75,24272.25,24278.25
1775056800,24277.75,24280.5,24273.75,24276
1775056860,24276.5,24283,24265,24267.5
1775056920,24268.25,24279.5,24266.75,24279.5
1775056980,24279.25,24284.75,24279.25,24281
1775057040,24281,24281.5,24261,24268.5
1775057100,24268.25,24271.5,24262.75,24268.25
1775057160,24268.5,24278.75,24266.75,24271.75
1775057220,24272.5,24272.5,24257.25,24262
1775057280,24262,24269.25,24251.25,24263
1775057340,24263,24263.5,24247.75,24249.75
1775057400,24249.75,24252.5,24230,24235.25
1775057460,24235.75,24265.5,24235.5,24260.25
1775057520,24260,24264,24250.5,24258.5
1775057580,24259,24259,24249,24254.5
1775057640,24255.5,24263.75,24251,24259.75
1775057700,24260.25,24280.75,24259,24277
1775057760,24277.25,24287.25,24271.75,24284
1775057820,24284.5,24291,24272,24277.25
1775057880,24277,24280.75,24270,24277.75
1775057940,24277,24283.75,24275,24282.75
1775058000,24282.75,24283.25,24265,24268.25
1775058060,24268.75,24277,24267.5,24269.75
1775058120,24270.25,24278,24269.25,24275.25
1775058180,24274.75,24283.75,24272,24283.5
1775058240,24283.5,24295,24280.25,24290
1775058300,24290.25,24302,24288,24293
1775058360,24293.5,24296.75,24286,24286.5
1775058420,24286.5,24295.75,24278.75,24294.25
1775058480,24294.25,24295.25,24287,24289.5
1775058540,24288.75,24294,24286.75,24288.25
1775058600,24288.75,24296,24283.5,24286.5
1775058660,24286.5,24298.25,24281.5,24292.75
1775058720,24292.25,24298.75,24291.5,24291.75
1775058780,24292,24305.75,24291.5,24300.75
1775058840,24300.5,24303.75,24298.5,24300.75
1775058900,24301,24311.5,24298.75,24310.75
1775058960,24311,24325.75,24310.5,24318.5
1775059020,24318.5,24326.5,24317.5,24321.25
1775059080,24320.75,24326.5,24318,24324.75
1775059140,24325,24325.25,24313.25,24313.5
1775059200,24314,24318,24309.25,24312
1775059260,24311.5,24319,24309.25,24319
1775059320,24319.25,24323,24314,24315.75
1775059380,24315.25,24316.25,24305,24306.25
1775059440,24306,24315.25,24303.75,24314.75
1775059500,24314.75,24316.75,24311,24315.25
1775059560,24315.5,24322.5,24310.75,24313.75
1775059620,24313.5,24320.5,24307.25,24309
1775059680,24309,24314.5,24306.75,24311.5
1775059740,24311.75,24326,24311.75,24323.75
1775059800,24324,24326.25,24319.5,24322
1775059860,24322.5,24323.5,24305,24310.5
1775059920,24310.75,24311.25,24298.5,24303.25
1775059980,24303.75,24314.25,24302.5,24308.5
1775060040,24308.5,24309.25,24296.5,24300.75
1775060100,24301.25,24309.25,24296.75,24306.5
1775060160,24306.25,24307,24294.75,24299.5
1775060220,24299,24303,24295.75,24302
1775060280,24302,24319,24300.25,24318.5
1775060340,24318.25,24331.75,24317.75,24323.25
1775060400,24323,24323.25,24312.25,24314.25
1775060460,24313.75,24318.25,24312,24316
1775060520,24316.5,24320.5,24313.25,24316.25
1775060580,24316,24321.75,24312.75,24316.75
1775060640,24316.5,24319.5,24309.5,24310
1775060700,24310.75,24313.25,24306.75,24310.5
1775060760,24310.25,24313.25,24307.75,24310
1775060820,24309.75,24318,24304.25,24316.75
1775060880,24316.5,24320.75,24306.5,24308.5
1775060940,24308.5,24308.5,24301.5,24304.5
1775061000,24304.75,24310.5,24298.25,24305.5
1775061060,24306,24307.75,24290,24291
1775061120,24291.75,24302.75,24288,24293
1775061180,24293,24300,24291.25,24295.5
1775061240,24295.75,24307.75,24295.5,24306.25
1775061300,24305.75,24315.75,24305.75,24312.75
1775061360,24312.75,24320,24310.5,24320
1775061420,24319.5,24320,24313.75,24317
1775061480,24316.75,24319,24313,24314.5
1775061540,24315,24316,24309,24310.75
1775061600,24310.75,24316.5,24310.75,24313.5
1775061660,24312.75,24320,24309,24316
1775061720,24316.25,24319.5,24311.75,24318.75
1775061780,24318.75,24323.75,24316,24321.5
1775061840,24321.25,24328.25,24321.25,24325
1775061900,24325.25,24328.5,24323,24323.75
1775061960,24324.25,24324.75,24312.75,24319.75
1775062020,24319.25,24327.75,24318.75,24325.75
1775062080,24326,24326.25,24320.25,24320.75
1775062140,24320.5,24326,24319.25,24323.25
1775062200,24324,24331.5,24324,24326.75
1775062260,24326.5,24329,24321,24325
1775062320,24325.25,24326.5,24320.5,24322.25
1775062380,24321.75,24327.5,24321.25,24324.25
1775062440,24324,24328.5,24323.5,24325.25
1775062500,24325.25,24325.5,24316,24318.5
1775062560,24318.75,24326.75,24317,24325
1775062620,24324.75,24330,24323.25,24325.25
1775062680,24325.75,24328.75,24322.5,24324.25
1775062740,24324,24324,24318.75,24318.75
1775062800,24319.5,24322.25,24314.5,24319.75
1775062860,24319.75,24325.75,24317.75,24320.25
1775062920,24319.75,24326,24319.25,24324.25
1775062980,24324,24340.75,24323.75,24338.25
1775063040,24338.75,24346.25,24334,24341.5
1775063100,24341.25,24344.5,24339.25,24342.75
1775063160,24342.75,24349,24338.5,24340.25
1775063220,24340.25,24345.75,24337,24343.75
1775063280,24343.75,24345.75,24338.75,24341.5
1775063340,24341.75,24342.75,24335.75,24338.5
1775063400,24338.5,24345.25,24338,24342.25
1775063460,24342.75,24343.75,24337,24339
1775063520,24338.5,24341.75,24335.75,24337.75
1775063580,24337.75,24341.5,24335,24338.5
1775063640,24338.5,24343.75,24338.25,24341.5
1775063700,24341.5,24346.75,24341.5,24343.25
1775063760,24343.25,24345,24338.5,24340
1775063820,24340,24344,24337.25,24341.75
1775063880,24341.5,24342,24336.5,24338.5
1775063940,24338.75,24340.25,24336,24338.75
1775064000,24338.75,24345.25,24338.25,24341
1775064060,24340.75,24345,24339,24342.75
1775064120,24343,24345,24336.25,24337.75
1775064180,24338,24339.25,24329.5,24336.5
1775064240,24336.5,24341.75,24333.5,24338.25
1775064300,24338.5,24339.25,24335,24338.75
1775064360,24339.25,24340.5,24334,24334.25
1775064420,24334.5,24336,24329.5,24335.25
1775064480,24335.75,24338,24333,24335
1775064540,24335.25,24336,24330.25,24331
1775064600,24331.5,24342,24327.5,24331.5
1775064660,24331.75,24338.25,24331.25,24337.25
1775064720,24337,24337.75,24324,24325.5
1775064780,24325.25,24326,24318.5,24319.25
1775064840,24318.5,24322.25,24306,24307.25
1775064900,24307.5,24313,24306.25,24310
1775064960,24310.75,24321.25,24310.75,24314.5
1775065020,24314.75,24315.5,24308,24313.25
1775065080,24313.75,24320,24312.75,24319
1775065140,24318.5,24330,24316.5,24321.25
1775065200,24321.25,24328.75,24319,24321
1775065260,24320.5,24326.25,24318.25,24319.75
1775065320,24319.75,24326,24317.5,24320.5
1775065380,24321.25,24321.5,24307.75,24308.5
1775065440,24308.75,24311.75,24304.5,24310.75
1775065500,24311.5,24316,24309.25,24310.75
1775065560,24310.75,24316,24305.5,24308.25
1775065620,24308.5,24314,24305.5,24311.25
1775065680,24311.75,24313.75,24306.25,24307
1775065740,24307.25,24308.25,24299.25,24304
1775065800,24304,24309.5,24297.75,24303.5
1775065860,24303.25,24310,24298,24299.75
1775065920,24299.75,24301.5,24293.25,24300
1775065980,24299.75,24303.5,24295.75,24296
1775066040,24296,24304.25,24295,24298.5
1775066100,24298,24302.75,24298,24300
1775066160,24300.5,24300.75,24286.25,24294.5
1775066220,24294.75,24295,24279.5,24281
1775066280,24280.75,24283.5,24266,24268.25
1775066340,24268.25,24275.5,24265.75,24266.5
1775066400,24266.75,24274.5,24254,24255.75
1775066460,24256.5,24265,24249.25,24251.25
1775066520,24251.25,24253,24226.5,24236.75
1775066580,24236.5,24239,24222.5,24223.5
1775066640,24223.75,24236.25,24215.5,24229.75
1775066700,24229,24247.25,24227.25,24239
1775066760,24239.25,24243,24230.25,24232.5
1775066820,24232,24240.25,24226,24229.75
1775066880,24229.5,24235.25,24225.25,24226.25
1775066940,24225.75,24238,24223,24233
1775067000,24234,24243.5,24232,24235.5
1775067060,24236,24247.5,24233,24239.5
1775067120,24239.25,24241.5,24232.5,24236
1775067180,24235.5,24235.5,24225.75,24226.5
1775067240,24226.25,24234.5,24225.25,24226.75
1775067300,24226.5,24227.25,24210,24219.25
1775067360,24219,24221,24201.75,24207.25
1775067420,24207.5,24210,24194,24196.5
1775067480,24197.5,24197.5,24181.75,24184.5
1775067540,24185.25,24189,24172.75,24188
1775067600,24187.75,24197.25,24172.25,24174.5
1775067660,24175,24178.25,24167.5,24168.75
1775067720,24168.75,24183.25,24168.75,24173.5
1775067780,24173.25,24178.5,24163.5,24167.25
1775067840,24167.25,24169.5,24143.25,24152
1775067900,24152.75,24160,24140.5,24157.75
1775067960,24157.5,24177,24156.75,24167.75
1775068020,24168,24181.25,24164.25,24165
1775068080,24164.75,24174.25,24159,24160.5
1775068140,24160.75,24161.75,24151,24153.5
1775068200,24154.25,24160,24146.75,24155.25
1775068260,24155.25,24158.25,24146.75,24153.5
1775068320,24152.75,24163,24143,24148
1775068380,24147.75,24150,24132,24144.75
1775068440,24145.25,24145.5,24136,24143.25
1775068500,24143.5,24145,24126.75,24130.75
1775068560,24131.5,24142.5,24124.75,24141.5
1775068620,24141.25,24147.5,24127.5,24128.25
1775068680,24128.5,24141.5,24126.5,24138
1775068740,24138,24173.5,24137.5,24162.25
1775068800,24162,24191.25,24160.5,24184
1775068860,24184.25,24205,24181.25,24194
1775068920,24192.75,24199.75,24189.5,24192.5
1775068980,24193,24193.25,24177.5,24187.75
1775069040,24188,24188.25,24175,24180.75
1775069100,24180.5,24186.5,24168.25,24169.25
1775069160,24169.75,24171.5,24156.75,24159.75
1775069220,24160.25,24179,24160.25,24177.5
1775069280,24177,24184.75,24167.75,24168.75
1775069340,24169,24172.75,24162.75,24169
1775069400,24169.25,24173.5,24157.25,24161
1775069460,24161.25,24161.25,24147.5,24156.75
1775069520,24157,24159.25,24153,24157.5
1775069580,24157.5,24175.25,24155,24164.5
1775069640,24165,24173.5,24164.5,24167
1775069700,24167.25,24168.75,24152.25,24159
1775069760,24159,24168.25,24152.5,24161.25
1775069820,24161.25,24167,24152.25,24164.25
1775069880,24163.5,24163.75,24150.5,24160
1775069940,24160.25,24163.5,24154.75,24159
1775070000,24159,24175.5,24154,24170.75
1775070060,24170.25,24183.75,24170,24174.5
1775070120,24175.25,24187.75,24173.5,24173.75
1775070180,24173.25,24174.75,24160.75,24172.5
1775070240,24172.25,24178.5,24170.75,24174.25
1775070300,24174.75,24192.75,24173.75,24189.25
1775070360,24189.5,24199.5,24183.5,24189.75
1775070420,24189.75,24197.5,24187.25,24195.5
1775070480,24195,24202.5,24186.75,24190
1775070540,24190,24197.5,24188,24193.5
1775070600,24193.75,24194.25,24179.25,24187.25
1775070660,24187.25,24191,24173.25,24176.25
1775070720,24176.75,24189.25,24176.5,24184.25
1775070780,24183.75,24197.75,24183.5,24196
1775070840,24196,24200.25,24191,24192.5
1775070900,24193,24203,24191.25,24197
1775070960,24196.75,24202.5,24188.75,24194.5
1775071020,24193.75,24194.5,24181.5,24189.5
1775071080,24189.5,24204.75,24186.75,24198
1775071140,24198.5,24213.5,24196.75,24211
1775071200,24211.5,24221,24208.25,24214
1775071260,24214.5,24219.75,24199.75,24201.75
1775071320,24202.25,24213,24202,24210.75
1775071380,24210.5,24217.5,24209.25,24215
1775071440,24215,24221.25,24213.5,24217.5
1775071500,24217.5,24237.75,24216.5,24233.5
1775071560,24233.5,24242.75,24232.25,24241.5
1775071620,24241.25,24245.75,24238.25,24241.75
1775071680,24241,24242,24236,24237.75
1775071740,24237.25,24237.75,24230.5,24233.5
1775071800,24233.5,24243,24229.25,24239.5
1775071860,24239,24242.75,24233.25,24234.75
1775071920,24234.75,24237.5,24218.75,24219.25
1775071980,24219,24219.75,24208,24213.5
1775072040,24213.75,24221.75,24208.5,24220.5
1775072100,24220.25,24224,24202,24206.75
1775072160,24206,24223.75,24205,24220.75
1775072220,24220.75,24233.25,24216,24230
1775072280,24229.75,24231.25,24215.75,24224.75
1775072340,24224.25,24234,24223.5,24228.75
1775072400,24228.75,24240.25,24226.25,24238.75
1775072460,24239,24253.75,24234.75,24241.25
1775072520,24241.25,24246.75,24235.5,24236
1775072580,24235.5,24239.75,24234.25,24238.25
1775072640,24238.5,24240.25,24227.25,24229.5
1775072700,24228.75,24240.75,24226.5,24235
1775072760,24234.75,24241.5,24224,24228
1775072820,24227.25,24237.5,24227,24228.75
1775072880,24228.5,24243.75,24227,24241.25
1775072940,24240.25,24242,24231.75,24235
1775073000,24235,24240,24206.75,24209
1775073060,24209,24216.75,24200.75,24211.5
1775073120,24211.25,24221,24201.25,24205
1775073180,24205.5,24207.25,24192.5,24203.25
1775073240,24203,24216.75,24198.25,24205.5
1775073300,24205.5,24207.5,24187.25,24192
1775073360,24193,24208.5,24189.5,24197.25
1775073420,24197,24203.25,24191.75,24201.5
1775073480,24201,24210.5,24200.25,24204.75
1775073540,24204.75,24213.25,24180.75,24199.75
1775073600,24201,24216,24199.75,24202.5
1775073660,24202.5,24205.25,24180.75,24187
1775073720,24186.75,24193,24185.5,24188.25
1775073780,24188.5,24193.75,24185.25,24186.5
1775073840,24185.75,24187.75,24183.5,24186
1775073900,24186,24190.5,24183.5,24187.25
1775073960,24187,24196,24186.5,24192.75
1775074020,24193.25,24199.75,24192,24198
1775074080,24198.25,24198.25,24192.75,24194.25
1775074140,24194.75,24195.5,24189,24192.25
1775074200,24191.75,24204.75,24190.25,24202.5
1775074260,24202.5,24203.5,24188.5,24194.5
1775074320,24194.25,24203.75,24194.25,24202.75
1775074380,24203,24204.25,24199.5,24201.5
1775074440,24201.75,24204.75,24199,24204.5
1775074500,24204.5,24204.75,24193.75,24193.75
1775074560,24194.25,24201,24192,24200.25
1775074620,24200.5,24206,24199.75,24204.5
1775074680,24204.5,24205.75,24201.25,24204
1775074740,24204.25,24205.25,24202,24203
1775074800,24203.75,24203.75,24195.25,24196
1775074860,24196.25,24198.25,24194.5,24196.25
1775074920,24196.5,24201,24196.5,24199.5
1775074980,24199.75,24200.5,24197,24197.25
1775075040,24197,24197,24188.75,24191.5
1775075100,24191.25,24191.25,24182.25,24184.75
1775075160,24185.25,24186.75,24182,24183.25
1775075220,24183.25,24184.75,24178.75,24182.25
1775075280,24181.75,24183,24176.75,24177.75
1775075340,24178.5,24181.75,24176.5,24181.25
1775075400,24181.25,24186,24181,24184
1775075460,24184.25,24185.25,24176.75,24179
1775075520,24179,24182.75,24178.5,24182.75
1775075580,24182.75,24187.5,24182.25,24184.5
1775075640,24184.5,24190,24184.5,24187.75
1775075700,24188.25,24190,24186.5,24189.5
1775075760,24189.5,24194.75,24188.75,24193.25
1775075820,24193,24194,24190.25,24193.25
1775075880,24192.75,24193.25,24191.5,24192.5
1775075940,24193,24196.75,24191.75,24193.75
1775076000,24193.75,24195.75,24193,24194.5
1775076060,24194.5,24194.5,24191,24191.5
1775076120,24192,24192.75,24189.25,24191.5
1775076180,24191.25,24193.25,24189,24191.5
1775076240,24191.25,24191.25,24188.75,24190.25
1775076300,24189.75,24192.5,24188.25,24192
1775076360,24191.75,24194.5,24189.25,24190.75
1775076420,24190.75,24194.5,24190.75,24191.25
1775076480,24191.25,24193.25,24190.25,24191.75
1775076540,24192,24195.25,24189.5,24195
1775076600,24194.5,24198.75,24193.5,24195
1775076660,24195,24195.75,24190.75,24193.5
1775076720,24193.5,24196.75,24192.75,24195.25
1775076780,24195.25,24197,24191,24194.5
1775076840,24195.5,24200.75,24195.5,24197.5
1775076900,24198.25,24202,24195.75,24197.25
1775076960,24198,24200.25,24195.75,24196.5
1775077020,24196.25,24196.75,24193,24194.5
1775077080,24194.5,24194.75,24190.5,24191
1775077140,24190.75,24192.75,24185,24188.25
1775080800,24181.5,24188.25,24174.5,24175.5
1775080860,24176.25,24188.25,24176,24184
1775080920,24183.75,24191,24182,24186.25
1775080980,24186.75,24191.5,24181.25,24190.5
1775081040,24190.5,24204.5,24186,24197.5
1775081100,24197.25,24198.5,24190.5,24193
1775081160,24194.25,24194.25,24182.5,24182.5
1775081220,24182.5,24187.5,24182.25,24183.25
1775081280,24183.25,24193.75,24183,24191.5
1775081340,24190.75,24195.5,24186.75,24194
1775081400,24194.75,24197,24186.25,24187.5
1775081460,24186.5,24189.25,24179,24181.25
1775081520,24181.25,24182.5,24177,24180.5
1775081580,24180.25,24181.75,24171.5,24177.75
1775081640,24179.25,24190.5,24174.5,24186.75
1775081700,24187,24187.75,24176,24180.25
1775081760,24179.75,24186.75,24177,24185.25
1775081820,24186,24188.75,24183.75,24185.75
1775081880,24185.5,24186.5,24181.25,24181.75
1775081940,24182,24184,24177.75,24178.25
1775082000,24179,24180.5,24169.75,24177.5
1775082060,24177.5,24182,24177.25,24181.5
1775082120,24181.75,24190.25,24180.5,24190
1775082180,24189.75,24197.5,24188.75,24191
1775082240,24190.75,24190.75,24184,24184.75
1775082300,24184.5,24190.25,24184.5,24189
1775082360,24188.75,24189.5,24185,24186
1775082420,24186,24191.75,24184.25,24190
1775082480,24190.5,24190.75,24181.5,24186.75
1775082540,24185.75,24195.25,24185.75,24194.25
1775082600,24193.75,24193.75,24185,24187
1775082660,24188.25,24191.5,24182.5,24183
1775082720,24183.75,24187.25,24183,24183
1775082780,24183.5,24188.25,24181.5,24186.25
1775082840,24186.5,24192.75,24185,24190
1775082900,24190,24195,24188.5,24194
1775082960,24194,24194,24188,24193
1775083020,24193,24193,24188.25,24190
1775083080,24190.75,24193.25,24189.75,24192.25
1775083140,24192,24193.5,24191.25,24192.25
1775083200,24193,24200.5,24193,24196
1775083260,24196.25,24198.5,24191,24197
1775083320,24197.25,24201.5,24193,24194.75
1775083380,24194.75,24198.25,24193.5,24196.75
1775083440,24197,24198.5,24193.5,24196
1775083500,24196.25,24196.75,24188.5,24190.5
1775083560,24190.5,24193.75,24188.75,24191.25
1775083620,24190.75,24195.75,24186,24192.5
1775083680,24193,24196.25,24192.25,24196
1775083740,24196.25,24197.25,24183.25,24184.5
1775083800,24184.75,24186,24182,24183
1775083860,24182.75,24183,24161.25,24164.5
1775083920,24164,24174,24157.75,24165.75
1775083980,24165.5,24168,24160.5,24162.25
1775084040,24163,24165,24159,24163.75
1775084100,24163.75,24166.75,24160.25,24161.5
1775084160,24161,24165.25,24158.25,24164
1775084220,24163.75,24168.5,24162.25,24167
1775084280,24167.5,24176.25,24162.25,24175.25
1775084340,24174.5,24176,24168.5,24169.5
1775084400,24170.5,24173.75,24162.75,24167.5
1775084460,24167,24172.5,24165.75,24170
1775084520,24170.25,24173.75,24168,24170.75
1775084580,24171,24172.75,24169.5,24172
1775084640,24172,24175.25,24171,24175
1775084700,24174.5,24180,24173.5,24178.25
1775084760,24177.75,24178.5,24174.5,24177
1775084820,24177.5,24179.75,24174.5,24177
1775084880,24177.75,24190.75,24177.25,24190.5
1775084940,24190.5,24190.5,24182.75,24189
1775085000,24188.5,24194.75,24186,24186.75
1775085060,24186.5,24189.25,24182.25,24186
1775085120,24186.5,24187.75,24179.5,24187
1775085180,24187.25,24189,24186.5,24188
1775085240,24188.25,24204.25,24188.25,24200
1775085300,24199.75,24202,24194.75,24201.25
1775085360,24201.5,24202.75,24196.75,24200.25
1775085420,24200.25,24201,24195.25,24197.25
1775085480,24197.5,24199.25,24196.25,24197.75
1775085540,24198.25,24199.75,24190.75,24191.25
1775085600,24191.5,24194.5,24188,24191
1775085660,24191,24196.25,24191,24194.25
1775085720,24194,24199,24192.75,24195.75
1775085780,24195.75,24200.75,24195,24200
1775085840,24200,24200.25,24196.5,24198
1775085900,24198.5,24199.5,24193.25,24195.75
1775085960,24196.25,24200,24196.25,24199.25
1775086020,24199.25,24199.25,24196,24197
1775086080,24196.5,24197,24191.75,24194.5
1775086140,24194.75,24203,24193.5,24202
1775086200,24201.75,24202.25,24197.5,24200.25
1775086260,24200.25,24201.5,24194.5,24199
1775086320,24198.5,24199.25,24190.5,24195.25
1775086380,24194.5,24196.25,24192.25,24193.5
1775086440,24193.25,24195.25,24192,24194
1775086500,24194.25,24195,24185,24187.25
1775086560,24186.75,24194.25,24186,24193.75
1775086620,24193.75,24195.5,24190,24190.5
1775086680,24190,24191.25,24184,24188.75
1775086740,24188.75,24192.25,24188.25,24190.5
1775086800,24190.75,24190.75,24185.75,24190
1775086860,24190.25,24194,24187.75,24192.75
1775086920,24193,24193.25,24184.25,24188.25
1775086980,24187.75,24189,24185.25,24188
1775087040,24188.5,24194,24186.75,24193
1775087100,24194,24197.25,24189.25,24193
1775087160,24193.5,24198,24193,24196.5
1775087220,24196.5,24200,24193,24196.25
1775087280,24196.5,24197.25,24193,24195
1775087340,24195,24195,24190.75,24193.75
1775087400,24193.75,24196.25,24173.25,24174.75
1775087460,24175.25,24188.75,24159,24188.75
1775087520,24188,24197.5,24179.5,24185
1775087580,24184.25,24194.5,24183.75,24193.5
1775087640,24192.75,24193.5,24189.25,24190
1775087700,24190,24190.75,24183,24183.25
1775087760,24184,24191.5,24180.75,24189
1775087820,24188.5,24191,24181.25,24184.25
1775087880,24183.5,24189.5,24183.25,24188
1775087940,24187.75,24188,24180.25,24183.25
1775088000,24183.75,24185.25,24167.25,24171.5
1775088060,24172.75,24182.25,24168,24175.5
1775088120,24175,24180,24162.25,24169
1775088180,24168,24170.25,24160,24166
1775088240,24165.5,24179.75,24163.5,24167.75
1775088300,24168.75,24179.25,24165.5,24177.25
1775088360,24177.5,24178.5,24168.25,24172
1775088420,24171.75,24172.25,24160.25,24164.25
1775088480,24166.25,24168.5,24161.25,24164.5
1775088540,24162.25,24174.25,24161,24171.75
1775088600,24171.75,24180,24169.5,24171.5
1775088660,24172.5,24175.25,24160.75,24165.5
1775088720,24166,24168.5,24156,24161.25
1775088780,24161.75,24171.75,24158.75,24166
1775088840,24166,24169.75,24161.25,24169.25
1775088900,24168.25,24171.25,24160,24165.75
1775088960,24165.5,24187,24164.5,24184.25
1775089020,24184.25,24185.25,24168.25,24168.75
1775089080,24168.25,24177.75,24168,24173.5
1775089140,24173.5,24176,24167,24172.5
1775089200,24171.75,24182.25,24170,24178.25
1775089260,24178.75,24180.75,24167.5,24168.25
1775089320,24167.25,24171.5,24161,24169
1775089380,24168.75,24174.5,24167.5,24171.25
1775089440,24171,24175.25,24166.5,24166.75
1775089500,24167.5,24174,24163.5,24171
1775089560,24171.25,24175,24159.5,24164.25
1775089620,24164,24168.25,24158,24164.75
1775089680,24165,24173,24164.25,24166.75
1775089740,24166.75,24170.25,24164.75,24165
1775089800,24164.25,24170,24162,24167.5
1775089860,24167.5,24167.75,24154.25,24159.75
1775089920,24160,24167.5,24158,24161.75
1775089980,24163.75,24183.5,24163.75,24181
1775090040,24182,24182.5,24167,24176.25
1775090100,24176.5,24179,24172.5,24178.5
1775090160,24179,24185,24174.25,24174.75
1775090220,24174.75,24183.75,24171.5,24180.25
1775090280,24179.75,24180.75,24162,24168
1775090340,24168.5,24179.75,24167.75,24178.25
1775090400,24178.25,24192.25,24174,24187.5
1775090460,24188.5,24217.25,24183.25,24201.75
1775090520,24202.25,24215.75,24196.25,24213
1775090580,24213.25,24219.25,24206,24217.5
1775090640,24217.5,24229.25,24217.5,24226.5
1775090700,24226,24229.5,24213.75,24216.5
1775090760,24217,24230,24215.75,24224.25
1775090820,24224.5,24229.5,24220.5,24222.25
1775090880,24221.25,24224.5,24214.75,24217.25
1775090940,24217.75,24226.25,24216.25,24220.75
1775091000,24220,24225,24216.5,24216.5
1775091060,24217.5,24220.25,24210,24211.75
1775091120,24212.25,24215.5,24208.5,24210.25
1775091180,24210,24228.25,24207.75,24225.75
1775091240,24226.25,24227.75,24213,24219.25
1775091300,24218.75,24223,24206.75,24208.75
1775091360,24208.25,24218.75,24207.5,24216.5
1775091420,24216.75,24226,24216.25,24224.25
1775091480,24224.5,24243.75,24224,24238.25
1775091540,24238.25,24245.75,24227.5,24236.75
1775091600,24236.5,24240,24180,24196.75
1775091660,24197,24207.75,24191.75,24202.5
1775091720,24202.5,24211.5,24181.75,24192.5
1775091780,24192.25,24198,24109.5,24132.25
1775091840,24134,24175.75,24134,24150
1775091900,24151.5,24152.75,24082.25,24113.25
1775091960,24111.75,24121.75,24085,24088.25
1775092020,24088.5,24136,24084,24095
1775092080,24096.25,24137.75,24091.25,24130
1775092140,24130,24151.5,24124.25,24142.5
1775092200,24142.5,24195.5,24134.5,24189
1775092260,24189.25,24235.75,24153.75,24177.25
1775092320,24175.75,24181,24123.75,24132
1775092380,24132.25,24158.25,24130.75,24142.25
1775092440,24142,24158,24132.75,24142.25
1775092500,24142.25,24143.75,24109.5,24110
1775092560,24110,24149,24074.25,24095
1775092620,24095.75,24110,24034.25,24038.25
1775092680,24037.5,24060.75,24007,24011
1775092740,24010,24030,23987.75,23995.75
1775092800,23996.75,24038.5,23984.75,24036.75
1775092860,24036.75,24061,23988.5,23995
1775092920,23993.5,24014.5,23975.5,23992.5
1775092980,23992.25,24021,23984,24002
1775093040,24000.25,24009,23990.75,23996
1775093100,23996,24006.25,23964,23978.25
1775093160,23977.5,23988,23967.25,23978
1775093220,23977,23989.75,23963.5,23986.5
1775093280,23985.75,23997,23978.5,23991.75
1775093340,23991.5,24000.25,23973.5,23974
1775093400,23974.25,23981.5,23935,23941.25
1775093460,23940.75,23946.5,23916.75,23924.75
1775093520,23924.75,23932.25,23915.75,23928.5
1775093580,23928.25,23942.25,23914,23918
1775093640,23916.75,23943.5,23915.5,23942
1775093700,23941.25,23961.5,23939.75,23959.75
1775093760,23958,23975,23953.5,23960.75
1775093820,23960.75,23973.25,23954.75,23960
1775093880,23961.25,23971.25,23950,23953.25
1775093940,23953,23969.5,23937.25,23968.75
1775094000,23968.75,23976.75,23955,23964.25
1775094060,23964.75,23976.25,23957.75,23960.5
1775094120,23960.25,23974.25,23952,23956.25
1775094180,23956.75,23966.75,23950,23956.5
1775094240,23957,23967.5,23945.75,23949.5
1775094300,23949.5,23952.25,23930.5,23931.75
1775094360,23931,23943,23928.75,23938
1775094420,23938,23938.25,23914.75,23918
1775094480,23918.75,23940.5,23912.25,23934.25
1775094540,23934,23949.75,23929.75,23940.75
1775094600,23940.25,23948.5,23933,23946.5
1775094660,23946,23957.75,23945.25,23954.25
1775094720,23954,23960,23949.75,23951.75
1775094780,23953,23959.5,23943.25,23946.5
1775094840,23946,23949.5,23929,23944
1775094900,23945,23962,23937.5,23957.5
1775094960,23958,23962.75,23937.75,23939.75
1775095020,23939.75,23951.5,23933,23943.25
1775095080,23943.5,23953,23941,23941.75
1775095140,23942.25,23950.75,23938.5,23940.25
1775095200,23940.75,23951.25,23934.5,23944.75
1775095260,23944,23944,23932.75,23934.25
1775095320,23934.25,23947.25,23931.5,23943.75
1775095380,23943,23947.25,23936.5,23939.25
1775095440,23938.75,23947.25,23937.25,23944
1775095500,23943.75,23952.5,23933.75,23937.75
1775095560,23938.5,23957,23937.5,23955.5
1775095620,23955.5,23967,23953.25,23960.25
1775095680,23960.5,23961.75,23924.5,23924.5
1775095740,23925.25,23926.75,23913.75,23922.75
1775095800,23922.5,23924.5,23909,23921.25
1775095860,23920.5,23922.5,23897.25,23903
1775095920,23903.25,23909.25,23891.25,23898.75
1775095980,23899,23900.5,23888.5,23892
1775096040,23892,23892.75,23862,23874.25
1775096100,23874.75,23904.25,23872.75,23898.5
1775096160,23898,23903.5,23892.75,23892.75
1775096220,23893.25,23896.25,23883.5,23894
1775096280,23894,23899.5,23886.25,23896.75
1775096340,23896.25,23898.75,23886.75,23892.5
1775096400,23892.25,23894,23884.5,23886
1775096460,23886,23889.75,23879.5,23887.5
1775096520,23887.5,23890.5,23880,23881.75
1775096580,23882.5,23887,23875,23876.5
1775096640,23877,23894.75,23874.25,23889.5
1775096700,23888.75,23892.5,23885,23886.75
1775096760,23886,23886.25,23869.5,23872.5
1775096820,23872,23878.25,23870,23876.5
1775096880,23876.25,23883.75,23872.5,23875.75
1775096940,23875,23875.75,23864.75,23867.5
1775097000,23868.25,23883.25,23864,23874
1775097060,23874.25,23874.25,23863.75,23868.75
1775097120,23869.5,23870,23859.25,23866
1775097180,23865.25,23877.5,23861.5,23874.75
1775097240,23873.75,23880.5,23867,23878
1775097300,23878.5,23885.5,23871.5,23880
1775097360,23880.5,23880.5,23871,23873.25
1775097420,23874,23875,23853.5,23859.5
1775097480,23859.75,23876.5,23854.25,23868.5
1775097540,23868.25,23870,23857.5,23860.75
1775097600,23861,23869.25,23857.5,23867.75
1775097660,23868.25,23870.5,23860.75,23867.5
1775097720,23867.25,23873,23864,23869.25
1775097780,23869.5,23872,23860.5,23865.75
1775097840,23866.75,23874.75,23865.25,23870.75
1775097900,23870.75,23886.25,23868.75,23880.5
1775097960,23880,23887.75,23877,23886
1775098020,23886.25,23886.25,23872.25,23872.75
1775098080,23873.25,23875.75,23863.75,23868.5
1775098140,23868,23873,23865.25,23871.75
1775098200,23871.5,23879.75,23869.75,23878.25
1775098260,23878.25,23881.75,23873,23877.5
1775098320,23877.75,23888.75,23877,23886.5
1775098380,23886.25,23886.75,23875.5,23876.25
1775098440,23876.5,23881.5,23875.75,23878.75
1775098500,23879.5,23887.75,23879.5,23886
1775098560,23886,23889.75,23877.5,23881.5
1775098620,23881.25,23890,23880.25,23889.75
1775098680,23889.75,23894.75,23884.5,23885
1775098740,23885.25,23890.25,23884,23885
1775098800,23884.75,23885.75,23872.75,23875
1775098860,23874.5,23877.25,23864.75,23866.25
1775098920,23866.75,23867.5,23855.75,23857
1775098980,23857,23862,23850,23859
1775099040,23858.25,23869.25,23858.25,23861.5
1775099100,23861.75,23872.5,23859.75,23868.5
1775099160,23868.5,23877.25,23866.5,23872.5
1775099220,23872.5,23876.25,23868,23869
1775099280,23868.75,23877.25,23868,23876.25
1775099340,23876.25,23876.25,23867.75,23871.25
1775099400,23871.5,23872.5,23862.75,23869.25
1775099460,23869.25,23874.25,23868.25,23870.75
1775099520,23871.25,23875.75,23867.75,23874.5
1775099580,23874.5,23877,23872.5,23874.25
1775099640,23874.25,23876.5,23871.75,23872
1775099700,23873,23884.5,23871.25,23880.75
1775099760,23880.75,23881.5,23873,23879
1775099820,23879,23879,23870.5,23876.25
1775099880,23876.75,23884.5,23876.25,23877.25
1775099940,23876.75,23882.5,23876.75,23880
1775100000,23880.5,23881.25,23873,23877
1775100060,23876.75,23885.75,23873.25,23885.5
1775100120,23885,23886,23880,23884.5
1775100180,23884,23891.5,23882,23885
1775100240,23885,23893.75,23883.75,23892.75
1775100300,23893,23894.25,23887.75,23890.25
1775100360,23889.5,23893.25,23888.75,23892
1775100420,23891.25,23891.25,23878.25,23880.5
1775100480,23880.5,23882.75,23877,23881.75
1775100540,23881.25,23881.25,23875.25,23880
1775100600,23879.75,23879.75,23870.5,23879.5
1775100660,23877.5,23884.75,23871.75,23873.5
1775100720,23874,23877.75,23865.75,23873.75
1775100780,23873.75,23874.25,23862.5,23863.75
1775100840,23864.25,23877,23864,23869.5
1775100900,23870,23872.25,23863.5,23868
1775100960,23869,23870.5,23863.75,23867.5
1775101020,23866.5,23868.5,23854.25,23855.5
1775101080,23855.75,23858,23839.75,23842.75
1775101140,23843.5,23852.75,23842,23848
1775101200,23847,23848.25,23835.75,23838
1775101260,23838,23840.75,23834,23837.5
1775101320,23837,23839.25,23828.25,23836.25
1775101380,23836.25,23859,23835,23856
1775101440,23855.25,23857.25,23841.5,23846.5
1775101500,23847,23848.75,23836.5,23838
1775101560,23837.5,23842.75,23832.5,23841
1775101620,23842,23844,23837.5,23841.5
1775101680,23841,23844.75,23835,23836
1775101740,23835.75,23835.75,23826,23827.75
1775101800,23827,23830.75,23820.25,23829
1775101860,23828.75,23835,23821.25,23824.75
1775101920,23823.75,23828,23817.25,23825.5
1775101980,23826,23828.75,23821.75,23826
1775102040,23826,23826.75,23818.25,23820
1775102100,23820,23827,23818.5,23825.75
1775102160,23825.25,23825.75,23816,23816
1775102220,23817.25,23824.75,23815,23823
1775102280,23823.5,23824.25,23815.5,23822.25
1775102340,23821.25,23826.25,23820,23821.5
1775102400,23821.25,23832.25,23821,23828.25
1775102460,23827.75,23834,23827.75,23831
1775102520,23830.75,23837.75,23827.25,23828.25
1775102580,23828.5,23832.75,23824.75,23827.25
1775102640,23826.75,23831.5,23824.75,23827.25
1775102700,23827.25,23829.75,23808.75,23815.5
1775102760,23816,23818.25,23809,23813.75
1775102820,23813.5,23820.75,23811.5,23814
1775102880,23814,23816,23811,23815
1775102940,23815.25,23819.75,23814.25,23818
1775103000,23817.5,23819.5,23811.75,23813.25
1775103060,23814.75,23821.5,23812.5,23817.5
1775103120,23817.25,23820.25,23812.75,23815.75
1775103180,23815.75,23832.75,23815.75,23820.75
1775103240,23821,23823.25,23819,23822.5
1775103300,23822.75,23839,23822.5,23833
1775103360,23832.5,23839,23831.5,23836.75
1775103420,23837,23839.25,23835,23838.25
1775103480,23838,23841.75,23830.75,23830.75
1775103540,23830.5,23833.75,23828,23832
1775103600,23831.5,23833.75,23825,23831
1775103660,23830.5,23831.5,23823.5,23826.75
1775103720,23826.5,23828.25,23817.5,23819.5
1775103780,23819.25,23823.75,23817.5,23820.25
1775103840,23820,23825.5,23818,23824.25
1775103900,23824,23825,23819.75,23821.75
1775103960,23821.75,23823,23816.75,23821.5
1775104020,23821.5,23825.5,23815.5,23817.25
1775104080,23817.75,23819,23812,23815
1775104140,23815.5,23819.75,23812.25,23818
1775104200,23818.25,23823,23812.75,23821
1775104260,23819.5,23829,23817.75,23821
1775104320,23821.75,23825.25,23818.25,23823.5
1775104380,23825,23827.75,23818.25,23821.25
1775104440,23820,23820.5,23814,23818.5
1775104500,23819,23819.25,23815,23816.5
1775104560,23816.25,23816.75,23804.75,23805.5
1775104620,23805.5,23813.25,23804.75,23809.75
1775104680,23809.75,23810.5,23803.75,23810.5
1775104740,23810.75,23811.25,23806.25,23808
1775104800,23808,23810,23802.25,23804.5
1775104860,23805,23805.25,23800.25,23800.5
1775104920,23802,23807.5,23801,23806.5
1775104980,23806.25,23815,23805.25,23810.25
1775105040,23810.5,23814.5,23809.75,23813.25
1775105100,23812.75,23818,23808.75,23817
1775105160,23817,23818.5,23811.25,23813.5
1775105220,23812.25,23815.25,23803,23806.5
1775105280,23806.25,23807.25,23802.75,23806.75
1775105340,23806.25,23810.75,23803,23808
1775105400,23809.25,23813.5,23808.25,23811.5
1775105460,23811,23813,23805,23806.5
1775105520,23806.25,23807.5,23801,23807.25
1775105580,23807.5,23807.75,23795.25,23797
1775105640,23796.5,23799.75,23795,23797
1775105700,23797,23799,23795.25,23797.25
1775105760,23797.25,23805.75,23796.25,23800.5
1775105820,23801,23809.75,23800,23808.5
1775105880,23808,23808.75,23803,23806.75
1775105940,23806.25,23806.75,23802.25,23804.75
1775106000,23804.75,23816.75,23804.75,23814.5
1775106060,23814,23823.25,23811,23823.25
1775106120,23823.5,23826.5,23814.75,23817
1775106180,23817,23819,23813.75,23816
1775106240,23816.5,23819,23811,23812.75
1775106300,23812.75,23817,23809.5,23812.75
1775106360,23812.75,23820.25,23812,23816.25
1775106420,23815.5,23820.25,23811.75,23818
1775106480,23818,23819.5,23810.5,23812.5
1775106540,23813,23813.75,23805,23810.25
1775106600,23810.25,23812.25,23807.25,23808.75
1775106660,23810,23811.5,23803.75,23805.75
1775106720,23806.25,23819.5,23805.25,23818.25
1775106780,23818.75,23818.75,23808,23809.5
1775106840,23809.25,23811,23802.75,23806
1775106900,23806,23813,23806,23810.75
1775106960,23811.25,23815.25,23805.5,23807.75
1775107020,23808.5,23808.75,23802.25,23805.25
1775107080,23804,23804.75,23798.5,23801
1775107140,23801.25,23805,23800.25,23802.25
1775107200,23801.25,23809.75,23801,23805.25
1775107260,23805.25,23806.75,23795.5,23801.25
1775107320,23801.25,23804.5,23799.75,23800.25
1775107380,23801,23810.25,23801,23804.25
1775107440,23804,23805.5,23801.5,23802.75
1775107500,23802,23803,23790.25,23797.5
1775107560,23797.75,23806,23797.5,23805.75
1775107620,23805.5,23812,23804,23807
1775107680,23807,23812,23807,23811.25
1775107740,23811.25,23815.75,23809.75,23814.5
1775107800,23815,23828,23814.25,23822
1775107860,23822,23824.25,23800,23800.75
1775107920,23800.25,23817,23797.5,23816
1775107980,23815.5,23815.5,23794,23794.5
1775108040,23794.5,23805,23794.5,23798.5
1775108100,23797.75,23803.5,23795.5,23802.75
1775108160,23802.25,23802.25,23785.75,23792.25
1775108220,23793,23795.25,23786.25,23791
1775108280,23790.25,23795.25,23783,23788
1775108340,23788.25,23797.75,23788,23791.75
1775108400,23792.5,23797,23783.75,23794.25
1775108460,23794,23797,23785,23787
1775108520,23787.75,23792,23786.75,23787.5
1775108580,23787,23788.25,23777.25,23783
1775108640,23783.75,23783.75,23776.75,23781.5
1775108700,23782.25,23785.25,23774.25,23777
1775108760,23777,23777.25,23766,23767.75
1775108820,23767.25,23768.75,23761,23768.25
1775108880,23768.25,23770,23762.5,23765.5
1775108940,23765.5,23769.75,23758.25,23761.25
1775109000,23762,23763.75,23756.5,23759.25
1775109060,23759.5,23769.5,23756.75,23769
1775109120,23768.25,23771.5,23763.5,23768.75
1775109180,23768.25,23773.25,23767.25,23769
1775109240,23768.5,23770,23758.75,23766.5
1775109300,23766.5,23766.5,23759,23760.75
1775109360,23761,23768,23759.5,23760.5
1775109420,23760.5,23763.75,23759.25,23762.5
1775109480,23762.75,23762.75,23758.25,23758.25
1775109540,23759,23759.75,23754.5,23757.25
1775109600,23757.25,23772,23757.25,23767.5
1775109660,23767.75,23769.75,23761.5,23766.5
1775109720,23766.75,23771.25,23761.25,23768.25
1775109780,23768,23774.75,23768,23771
1775109840,23770.75,23776.25,23766.25,23774.5
1775109900,23774.75,23777.75,23770.75,23774.5
1775109960,23775.25,23782.75,23773.75,23778.5
1775110020,23778.75,23790.5,23777.5,23786.25
1775110080,23785.5,23791.75,23783.75,23786.25
1775110140,23786.75,23788.5,23779,23779.75
1775110200,23779.25,23779.75,23768.5,23772.5
1775110260,23772.5,23774.75,23763,23767
1775110320,23767.25,23768.5,23758.25,23760
1775110380,23759.25,23761.25,23752,23756.25
1775110440,23756.75,23761,23752.75,23760
1775110500,23760.5,23767.25,23758.25,23767
1775110560,23767,23768,23760.75,23763.5
1775110620,23763.75,23764.5,23753.75,23759
1775110680,23759,23773.25,23757.25,23770.75
1775110740,23770.75,23774.5,23766.75,23768.25
1775110800,23768.5,23777,23768,23775.5
1775110860,23774.5,23776,23769.5,23775.25
1775110920,23775.25,23782.25,23771.75,23777.25
1775110980,23777,23789.25,23774.25,23786.25
1775111040,23786.25,23787,23780.5,23784
1775111100,23784.25,23787.5,23779.5,23783.5
1775111160,23783,23790.5,23780,23786.75
1775111220,23786,23795,23785.5,23790.75
1775111280,23790.25,23794.5,23788,23793.5
1775111340,23794,23795.75,23786,23790.75
1775111400,23789.75,23792,23784,23784.25
1775111460,23784.5,23797.25,23784.25,23793.75
1775111520,23794.5,23799,23786,23790.25
1775111580,23790.25,23797.75,23790.25,23795.25
1775111640,23795,23796,23788.75,23790.75
1775111700,23790,23792.25,23783,23790
1775111760,23789.25,23794.75,23786.75,23792.5
1775111820,23792.75,23793,23783.75,23787
1775111880,23786.75,23803,23786.25,23797.5
1775111940,23797.5,23799.75,23793.5,23798.75
1775112000,23798,23802,23796,23798.75
1775112060,23798,23805.75,23792.25,23794
1775112120,23793.25,23799.5,23793.25,23797.75
1775112180,23798.25,23800.25,23787,23788
1775112240,23788,23796.25,23787.5,23793.75
1775112300,23793.75,23793.75,23784.5,23787.25
1775112360,23787.75,23792.5,23783.25,23790.5
1775112420,23790.25,23791,23787,23791
1775112480,23791.25,23791.25,23784,23788.75
1775112540,23788.25,23791.75,23786.5,23788.75
1775112600,23789.25,23795.75,23787.5,23792.5
1775112660,23792.25,23793.25,23788.25,23791.5
1775112720,23791,23807.75,23789.75,23805.5
1775112780,23804.75,23808.75,23802.75,23805
1775112840,23804.75,23812.25,23802.75,23803.75
1775112900,23803.75,23809.75,23798.25,23803
1775112960,23802.75,23809,23802.25,23805.25
1775113020,23805.25,23812.75,23804.5,23807.25
1775113080,23806.75,23811.25,23805.5,23810.75
1775113140,23810,23818.5,23810,23816
1775113200,23815.75,23825.25,23815,23816.25
1775113260,23816.5,23821.75,23810.5,23812.5
1775113320,23813.75,23817,23805.25,23813.25
1775113380,23811.75,23820.25,23810.25,23816.75
1775113440,23817.25,23823.25,23812,23820.75
1775113500,23821.25,23822.25,23812.75,23821
1775113560,23821.25,23836.25,23818,23831
1775113620,23831.25,23836.5,23824,23825
1775113680,23825,23825.75,23815,23816.75
1775113740,23816,23821.5,23811.5,23816.5
1775113800,23817,23825,23815.5,23824
1775113860,23823.25,23823.75,23816.25,23817.5
1775113920,23817.25,23817.75,23805.25,23811.75
1775113980,23811.25,23817.5,23810.5,23812.25
1775114040,23812.75,23825.5,23811,23820
1775114100,23819.25,23838.75,23817.25,23835
1775114160,23835.5,23838.75,23830.5,23832.5
1775114220,23832,23838.5,23828.75,23834
1775114280,23834,23836.75,23828.5,23831.75
1775114340,23832,23834.75,23823.5,23825.5
1775114400,23826,23830.5,23824.5,23827
1775114460,23827.75,23827.75,23812.5,23812.75
1775114520,23813.5,23815,23797.25,23798.75
1775114580,23799,23813.75,23798.75,23803.25
1775114640,23803.25,23807.75,23795.5,23796
1775114700,23796.5,23809.25,23795.75,23804.25
1775114760,23804.25,23806.25,23798.5,23803.25
1775114820,23802.75,23822.75,23800,23821
1775114880,23820.5,23829.5,23815.25,23822.75
1775114940,23823.5,23825.25,23816.5,23823.25
1775115000,23824.25,23829.75,23819,23827.75
1775115060,23827.75,23829.25,23822,23823.75
1775115120,23823.25,23834,23822.25,23827
1775115180,23827,23832.5,23823.5,23829.5
1775115240,23829.75,23831.75,23825.75,23829.25
1775115300,23830,23831,23825.5,23828.25
1775115360,23827,23840.5,23827,23836
1775115420,23835.25,23842.25,23830.25,23838.25
1775115480,23838.5,23846.75,23838.25,23842.75
1775115540,23842,23851.5,23839,23842.75
1775115600,23842.75,23847,23835,23845.75
1775115660,23846,23852,23844.75,23848
1775115720,23847.5,23849.25,23836.5,23841.5
1775115780,23841,23844.75,23836.25,23837.25
1775115840,23836.75,23843.75,23835.75,23842
1775115900,23842.5,23854.75,23842,23852.75
1775115960,23852.75,23856,23849.75,23851.75
1775116020,23851.75,23855.75,23848,23853.5
1775116080,23853.75,23860.25,23850.75,23857.5
1775116140,23857.25,23858.75,23854,23858
1775116200,23858.5,23860,23849.5,23854
1775116260,23854.25,23857.25,23850.75,23853.25
1775116320,23853.5,23863.75,23849,23860
1775116380,23859.5,23866.5,23857.75,23859.25
1775116440,23859,23866,23857.5,23863.5
1775116500,23863.5,23865.25,23858,23863
1775116560,23863,23870,23862,23867.75
1775116620,23867.75,23871.75,23866.75,23869.25
1775116680,23868.25,23876.5,23865.25,23875.25
1775116740,23874.75,23882.25,23874,23879
1775116800,23878.25,23882.25,23872.75,23873.75
1775116860,23874.5,23878.5,23865.75,23867.25
1775116920,23867.5,23867.5,23855,23857.75
1775116980,23858.5,23866.25,23854,23855
1775117040,23856,23857.5,23850.75,23855.75
1775117100,23856.25,23856.25,23843.25,23844.5
1775117160,23844.25,23853.25,23841,23849
1775117220,23848.5,23855,23848,23853.25
1775117280,23853.25,23855,23842.75,23849
1775117340,23849.5,23852,23844.25,23848.25
1775117400,23848.75,23853,23844.5,23846
1775117460,23846.75,23850,23843.75,23845.25
1775117520,23844.75,23849.25,23839.25,23847.25
1775117580,23846.75,23851,23844.5,23848
1775117640,23849,23849.25,23841.5,23843.25
1775117700,23843,23845,23834,23838
1775117760,23839,23855,23838.5,23849.5
1775117820,23850.5,23852.25,23843.5,23847.25
1775117880,23847.5,23847.75,23841.5,23841.75
1775117940,23841.5,23842.5,23831.25,23836.5
1775118000,23835.75,23841,23832.5,23834.75
1775118060,23834.25,23834.25,23823.5,23826.5
1775118120,23826,23837,23823.5,23832.75
1775118180,23833,23839,23830.5,23832.25
1775118240,23832.25,23836.25,23829.5,23830.5
1775118300,23830.25,23836,23830,23834.25
1775118360,23834,23834.5,23828,23830.5
1775118420,23830.25,23834.5,23825.25,23826.25
1775118480,23826.25,23834.5,23822.5,23831
1775118540,23831,23841.25,23829.75,23837.75
1775118600,23837.75,23849.25,23837,23847
1775118660,23846.5,23860.5,23846.5,23857
1775118720,23857,23859.75,23852.25,23858.75
1775118780,23858,23859.25,23848.75,23854.5
1775118840,23854.25,23855,23849,23853.25
1775118900,23853.5,23854.5,23846.5,23849.75
1775118960,23849.25,23851.75,23840,23842.25
1775119020,23841.5,23846.5,23840,23844.25
1775119080,23843.75,23849.5,23843,23849
1775119140,23848.75,23859.25,23846.75,23853.5
1775119200,23853.5,23856,23845.75,23852
1775119260,23852,23856.75,23850,23853.5
1775119320,23852.75,23864.5,23849.5,23863.5
1775119380,23863,23869,23859.75,23862.5
1775119440,23863,23870.5,23845,23846.25
1775119500,23847.25,23856.25,23846.75,23855
1775119560,23855.75,23857.25,23849,23851
1775119620,23851.25,23853,23841.75,23848.75
1775119680,23848,23850.75,23844,23846.5
1775119740,23845.75,23852,23844,23846.75
1775119800,23846.75,23848,23840.75,23845.75
1775119860,23845.75,23851.25,23845.25,23845.25
1775119920,23845.25,23845.75,23839.25,23840.75
1775119980,23840.5,23841.25,23833,23835.75
1775120040,23836,23846.75,23835.75,23844.75
1775120100,23845,23849.25,23838.5,23849
1775120160,23848.25,23849.5,23839.25,23841.5
1775120220,23842.25,23844.25,23834.25,23836.5
1775120280,23837,23840.5,23831.25,23838.5
1775120340,23838.75,23843,23834,23834.5
1775120400,23835.25,23844.25,23834.75,23842.5
1775120460,23843.5,23848.25,23840.75,23844.25
1775120520,23844.5,23845.5,23835.5,23838.25
1775120580,23838.25,23841.5,23833,23838.25
1775120640,23838.5,23839,23828.5,23836.5
1775120700,23836.75,23836.75,23827,23832.75
1775120760,23832,23836.25,23828,23836.25
1775120820,23836.5,23840,23830.75,23832.75
1775120880,23832.75,23838.5,23832.25,23835.25
1775120940,23835.75,23835.75,23828,23830.25
1775121000,23830,23831.75,23826.25,23827.75
1775121060,23828,23832.25,23826,23829.25
1775121120,23829.5,23829.5,23823.75,23826.25
1775121180,23826.5,23830.25,23825,23828
1775121240,23828,23830.75,23826.25,23827.25
1775121300,23827.5,23833.75,23825.5,23829.75
1775121360,23830.25,23834,23828,23831
1775121420,23831.5,23835,23827.75,23831
1775121480,23831.75,23841.75,23828.75,23839
1775121540,23838.75,23839.5,23829.25,23830.5
1775121600,23830.25,23838.75,23826.75,23837.5
1775121660,23837.75,23848.75,23837.25,23846
1775121720,23845.75,23848.5,23841,23841.75
1775121780,23840.75,23843.5,23838.25,23842.5
1775121840,23841.75,23848.25,23839.25,23845.75
1775121900,23846.5,23858.75,23846.5,23855.5
1775121960,23855.25,23860,23854,23854
1775122020,23854,23857.75,23851.25,23853
1775122080,23853,23853.75,23845.75,23851
1775122140,23851.25,23852.75,23846,23850
1775122200,23850.5,23850.75,23841,23843.75
1775122260,23843.75,23848.5,23836.25,23838.25
1775122320,23838.25,23843.75,23832.25,23834
1775122380,23834.5,23836.5,23829,23833.75
1775122440,23833.75,23836,23829,23830.75
1775122500,23830.5,23834.5,23820.25,23824.75
1775122560,23824.75,23829.75,23822.5,23825.25
1775122620,23825.25,23828,23822.5,23824.25
1775122680,23824.25,23829.25,23822.5,23826.25
1775122740,23826.25,23832.75,23824.25,23827
1775122800,23827.25,23828,23824,23825.75
1775122860,23826,23831,23823.25,23830
1775122920,23830,23832.25,23825.5,23830.5
1775122980,23830.75,23833.25,23827.5,23832.25
1775123040,23831.5,23831.5,23825.5,23828
1775123100,23827.5,23831.25,23822.75,23824
1775123160,23824,23828.5,23822,23828
1775123220,23828.25,23832,23821.5,23823.75
1775123280,23824.25,23829,23818.25,23825.25
1775123340,23826,23827.25,23822.75,23826.25
1775123400,23825.75,23834.5,23824.75,23831.5
1775123460,23831.25,23839,23829.75,23831
1775123520,23832,23834.25,23829.25,23831
1775123580,23831.5,23834,23827,23833
1775123640,23832.75,23837,23831.75,23834
1775123700,23834,23840.25,23832.5,23835.25
1775123760,23835.5,23838.75,23827.5,23829.25
1775123820,23829.5,23830.75,23824.5,23828
1775123880,23828.5,23831,23820.75,23823
1775123940,23823,23832.75,23822.75,23830.5
1775124000,23830.5,23832.75,23812.75,23814.75
1775124060,23815.5,23827.5,23814.75,23822
1775124120,23822,23828,23820.25,23823.5
1775124180,23823.25,23832.5,23821.5,23830.75
1775124240,23831,23831.5,23825.25,23827
1775124300,23827,23840.75,23825.75,23834
1775124360,23833.75,23834.75,23810.5,23810.5
1775124420,23810.25,23822.75,23809.5,23819
1775124480,23818.75,23820,23811,23813.25
1775124540,23812.5,23820,23812.5,23816.25
1775124600,23816.5,23819.75,23807.75,23807.75
1775124660,23808.5,23810.5,23803.75,23806.25
1775124720,23805.75,23813.75,23805.5,23808.5
1775124780,23808.75,23811,23802,23802.5
1775124840,23802.5,23803.25,23785,23788.25
1775124900,23788.25,23792.25,23782.75,23784.5
1775124960,23785.25,23787.25,23777.75,23781.5
1775125020,23782,23782.25,23776.75,23780.25
1775125080,23781,23791.5,23780,23791.5
1775125140,23791.75,23796.5,23782.25,23784.5
1775125200,23785.25,23790,23780.75,23785.5
1775125260,23785,23787,23776.75,23779.5
1775125320,23779.5,23786.5,23779,23782.75
1775125380,23783,23785.5,23780,23782
1775125440,23782.25,23787.5,23778.5,23783.75
1775125500,23783.75,23792,23780,23787.25
1775125560,23787.75,23791.5,23785.75,23788.75
1775125620,23789.25,23790.5,23780.75,23785.25
1775125680,23785.5,23786,23780,23785.25
1775125740,23785.25,23785.5,23780.5,23780.75
1775125800,23781,23786.25,23779.5,23784.75
1775125860,23783.75,23785.25,23773.5,23781.5
1775125920,23781.75,23794.5,23779.5,23794
1775125980,23793.75,23796.25,23790.75,23792.5
1775126040,23792.75,23798.25,23791,23796.25
1775126100,23796,23808.5,23795.5,23803.25
1775126160,23804.25,23807.25,23800.25,23802.75
1775126220,23803.5,23805,23797.25,23802.25
1775126280,23802.75,23804.25,23796,23797
1775126340,23797,23799,23788,23789.25
1775126400,23788.5,23794.25,23788,23791.75
1775126460,23790.25,23793.5,23787.25,23788.5
1775126520,23788.75,23816.25,23788.25,23812.75
1775126580,23811.75,23817.75,23809.25,23813.5
1775126640,23813.5,23814.25,23804.25,23806.5
1775126700,23807,23816.25,23805,23816
1775126760,23816.25,23816.75,23807.5,23811.75
1775126820,23811,23812.25,23805,23807.25
1775126880,23807.25,23815.25,23803.75,23809.25
1775126940,23808.5,23814.25,23808.25,23810
1775127000,23810.75,23811.25,23801.25,23803.25
1775127060,23802.75,23803.5,23798.25,23800.5
1775127120,23800.5,23809,23798.5,23807.25
1775127180,23806.75,23811.5,23804.75,23806
1775127240,23805.5,23806.25,23796.25,23799.5
1775127300,23799,23813.5,23797.75,23811.75
1775127360,23810.75,23812.5,23801.75,23805.5
1775127420,23806,23814.5,23805,23814.5
1775127480,23813.75,23819.75,23811.5,23816.25
1775127540,23816,23818.75,23810,23812.75
1775127600,23812.75,23818.75,23811.75,23815.25
1775127660,23816,23822,23806.25,23811
1775127720,23811,23818.75,23806.75,23816.75
1775127780,23816.5,23819,23808,23810
1775127840,23810.75,23810.75,23802.5,23804.5
1775127900,23804.25,23806,23784.25,23786
1775127960,23786.25,23789,23776.75,23777.5
1775128020,23778.25,23779.75,23768.75,23776
1775128080,23775.75,23780,23773.5,23775
1775128140,23775.25,23776.75,23767.25,23769
1775128200,23769.5,23770.75,23760.75,23762.25
1775128260,23763.25,23767,23757.5,23761
1775128320,23760.75,23770,23759.75,23768
1775128380,23768.5,23773.25,23758.75,23761.25
1775128440,23761.25,23765.75,23758.5,23759
1775128500,23759.5,23761.25,23738.5,23752
1775128560,23751.75,23751.75,23732,23735.5
1775128620,23735.5,23743.75,23734.25,23738.75
1775128680,23738.75,23739,23730,23735.75
1775128740,23735.75,23745.5,23735.75,23745.25
1775128800,23745.5,23748.75,23739.75,23747
1775128860,23747.75,23753,23744,23745.5
1775128920,23745.75,23750,23740.5,23749.5
1775128980,23749.5,23752,23740.5,23746.5
1775129040,23745.75,23749,23739,23745.75
1775129100,23744.5,23745.75,23735,23737
1775129160,23737,23737,23729.5,23734.5
1775129220,23735,23739.75,23732.5,23738
1775129280,23738.5,23738.75,23725,23733.75
1775129340,23735,23735.75,23722,23727
1775129400,23727,23732.5,23720,23730.75
1775129460,23731,23745,23729.75,23743.75
1775129520,23743.75,23749,23739.75,23746
1775129580,23746.5,23750.75,23741.5,23746
1775129640,23745.75,23746.5,23732,23734.25
1775129700,23734.5,23739.25,23732,23735.25
1775129760,23734.75,23736,23721,23723.75
1775129820,23723.5,23725,23714.75,23715.75
1775129880,23716.25,23723.75,23711.5,23720.75
1775129940,23721,23721.5,23710.25,23712.75
1775130000,23712.5,23715.25,23708,23710.25
1775130060,23709.5,23710.5,23705.5,23708
1775130120,23708,23709.25,23702,23703.25
1775130180,23703.5,23712.75,23700.5,23712.25
1775130240,23711.5,23717.5,23708.5,23710
1775130300,23709.5,23715.25,23708.5,23709.25
1775130360,23709.25,23713.25,23706,23706.5
1775130420,23706.75,23711.5,23701,23710.25
1775130480,23711.25,23718.5,23710.25,23710.75
1775130540,23711,23717.25,23710,23714.25
1775130600,23714,23716.5,23709.75,23712
1775130660,23712,23723.25,23710.75,23719.25
1775130720,23720,23724.5,23716.25,23720
1775130780,23720.25,23722.75,23715,23719.25
1775130840,23719,23731.25,23718.75,23729.75
1775130900,23729.75,23730.25,23721.25,23721.25
1775130960,23721,23724.75,23716.5,23719.75
1775131020,23719.75,23721,23708,23709.5
1775131080,23710,23710,23696.25,23700.5
1775131140,23701.25,23701.25,23683,23683
1775131200,23683.75,23691.25,23675,23684.5
1775131260,23684.25,23687.25,23676.25,23684.25
1775131320,23684.75,23685.75,23672.5,23679.25
1775131380,23678.25,23696,23678.25,23688.75
1775131440,23689.25,23695.75,23684.75,23693.75
1775131500,23694.25,23697.25,23688.25,23695
1775131560,23695,23700,23692.75,23696
1775131620,23697.5,23701,23694.5,23698.75
1775131680,23699,23700,23686,23689
1775131740,23690,23690.5,23676.75,23682.5
1775131800,23683.5,23687,23667,23674.75
1775131860,23674.75,23680,23671.75,23671.75
1775131920,23671.5,23682,23666.5,23680.25
1775131980,23680.75,23688.75,23680,23686.75
1775132040,23686.5,23694.75,23685,23691.25
1775132100,23691.5,23696.5,23687.25,23688.5
1775132160,23688.75,23692.5,23685,23688.5
1775132220,23689,23692.75,23686.75,23691.25
1775132280,23690.5,23706.75,23689.75,23702.25
1775132340,23703,23704.75,23695.75,23702.75
1775132400,23701.5,23707,23698.75,23700.5
1775132460,23700.25,23720.25,23700,23718.75
1775132520,23719,23723.5,23712,23721
1775132580,23720.75,23728,23719.75,23724.75
1775132640,23725.75,23734,23725,23732.25
1775132700,23732,23734.75,23722,23722
1775132760,23722.5,23724.75,23710.5,23718.5
1775132820,23719,23723.5,23714,23721
1775132880,23721.75,23731.5,23715.75,23725
1775132940,23724.25,23729.25,23718.75,23725.75
1775133000,23726,23733,23716.75,23718
1775133060,23718,23725,23711.5,23724.5
1775133120,23724.75,23729,23722.25,23725
1775133180,23725.75,23741.75,23724.75,23730.75
1775133240,23730.75,23737.5,23728.25,23734.25
1775133300,23734.75,23743,23729.25,23740.25
1775133360,23740.75,23745.5,23731.25,23736.5
1775133420,23736.5,23738.75,23725.75,23729
1775133480,23728.75,23740.25,23728.5,23739.25
1775133540,23739.25,23747.25,23732.75,23744.25
1775133600,23744.25,23748.25,23736,23743
1775133660,23743,23744.5,23737.75,23739.75
1775133720,23740,23742,23732,23735.25
1775133780,23735.75,23744.75,23734.5,23736.25
1775133840,23735.5,23744.75,23732,23742.5
1775133900,23742,23742.25,23734.5,23737.5
1775133960,23737.75,23755.75,23737.25,23738.5
1775134020,23738.75,23741.75,23731,23736.75
1775134080,23736,23749.25,23736,23746.75
1775134140,23746.25,23754.5,23743.5,23752.25
1775134200,23752.25,23757.75,23747.5,23751
1775134260,23751,23755,23744.25,23748.25
1775134320,23747.75,23755.5,23747.75,23752.75
1775134380,23753,23754,23746.25,23749
1775134440,23749,23756.5,23743,23750.75
1775134500,23750.25,23754.25,23746.5,23747.5
1775134560,23748,23753.75,23745.75,23750
1775134620,23749.75,23751.75,23737.75,23739.25
1775134680,23739.25,23739.5,23728.25,23730.5
1775134740,23730.75,23737.75,23722.5,23725.25
1775134800,23725.5,23734.25,23718.25,23731.25
1775134860,23731.75,23742.75,23727,23737
1775134920,23737.25,23740.25,23717.25,23719.5
1775134980,23719.75,23726.75,23714.75,23725.5
1775135040,23725.25,23732.75,23720.5,23726.75
1775135100,23726.75,23738.25,23721.5,23731.75
1775135160,23731.25,23751.25,23727,23735.25
1775135220,23735.25,23745.75,23735,23743.5
1775135280,23743.5,23743.5,23729.5,23730.75
1775135340,23731.5,23735,23727.5,23729.75
1775135400,23729.5,23733.5,23717.25,23725
1775135460,23724.75,23726.75,23719,23722.75
1775135520,23722.75,23723.5,23714,23716
1775135580,23716.5,23719.5,23708.25,23719.5
1775135640,23719.5,23723.5,23717,23721
1775135700,23720.75,23739.5,23719,23735
1775135760,23735,23736,23723,23728
1775135820,23727.75,23736.25,23721.75,23735
1775135880,23735,23738.25,23721.5,23727.25
1775135940,23727,23727,23718,23725
1775136000,23725.25,23733.75,23721.5,23729.25
1775136060,23729,23739.75,23726.5,23733.25
1775136120,23733,23748.75,23733,23738.75
1775136180,23738.5,23740.75,23724.25,23728.25
1775136240,23728.75,23729.5,23722.75,23724.5
1775136300,23725,23729.75,23719.25,23725.25
1775136360,23726,23737,23726,23736.5
1775136420,23736.5,23748,23733.5,23741.25
1775136480,23741.25,23761.25,23741.25,23755.5
1775136540,23754.75,23767.75,23751,23763.25
1775136600,23763.25,23810.75,23762.75,23794.5
1775136660,23794.25,23819,23785,23813.25
1775136720,23812.75,23816,23768.5,23776.75
1775136780,23776.75,23791.75,23763,23784
1775136840,23784.5,23794.5,23775,23789
1775136900,23788.5,23788.5,23733.25,23734.25
1775136960,23734.75,23755.5,23726.25,23734
1775137020,23734.25,23758,23734,23747
1775137080,23746,23755.75,23715.75,23717.25
1775137140,23717.75,23719.75,23687,23689.5
1775137200,23689.75,23710.5,23678,23693
1775137260,23693.25,23739.5,23687,23738.25
1775137320,23737.75,23739.75,23701.5,23705.5
1775137380,23705.75,23715.75,23690.75,23695.5
1775137440,23694.75,23713,23694.5,23710.75
1775137500,23711.75,23754,23695,23743.25
1775137560,23743.25,23777,23743,23773.5
1775137620,23773.5,23792.5,23767.25,23777.25
1775137680,23776.75,23781.5,23764,23779.5
1775137740,23780,23788.75,23765.5,23770
1775137800,23770.75,23786.5,23760.5,23784.25
1775137860,23784,23809,23777.25,23795
1775137920,23795,23807.75,23787.25,23801.25
1775137980,23801.25,23844.5,23798.75,23832.5
1775138040,23832.5,23863.75,23825,23845.5
1775138100,23845.5,23860.75,23841.75,23853.75
1775138160,23854.25,23858,23841,23850.5
1775138220,23850.5,23876.25,23836.25,23872.5
1775138280,23871.75,23891.75,23866,23887.5
1775138340,23887.25,23907.75,23882.75,23897.75
1775138400,23897.75,23921.5,23887,23896.5
1775138460,23896.5,23904,23882.5,23886.5
1775138520,23886,23896.75,23871.75,23874.25
1775138580,23874,23888.5,23864.75,23883
1775138640,23882.5,23892,23871.75,23879.25
1775138700,23878.5,23888.25,23858.5,23886.25
1775138760,23886.5,23945.5,23880.5,23945
1775138820,23945,23945.5,23917.75,23925.5
1775138880,23924.75,23945,23914,23938
1775138940,23937.5,23943.5,23925.25,23931.25
1775139000,23930.5,23932.75,23912.75,23926.25
1775139060,23925.75,23964.75,23923.25,23947
1775139120,23947.5,23948.75,23935,23941
1775139180,23940.75,23949.75,23926.75,23937.75
1775139240,23937.5,23942.5,23925.75,23934.5
1775139300,23933.75,23960.5,23929.25,23959.25
1775139360,23958.5,23998,23950.5,23952
1775139420,23952,23973.5,23946.5,23971.5
1775139480,23971.25,23994.25,23964,23987.75
1775139540,23987.5,23988.25,23973.25,23977.75
1775139600,23977.5,23987.75,23966,23967.25
1775139660,23968,24006,23967,23997.25
1775139720,23997.5,23998,23976.5,23985.25
1775139780,23985,23993.5,23976.25,23979.25
1775139840,23978.75,23983.5,23968,23978.25
1775139900,23979,23982.75,23941,23953
1775139960,23952.5,23969.25,23943.75,23944.5
1775140020,23944.5,23963.5,23938.25,23945.25
1775140080,23945.5,23967.25,23942.75,23961.75
1775140140,23961.5,23961.5,23939.75,23942.75
1775140200,23941.75,23958,23931.75,23955.75
1775140260,23955.75,23975.75,23955.75,23962.75
1775140320,23962.75,23991,23948.75,23977.25
1775140380,23977.5,24032.5,23975.25,24024
1775140440,24024,24025.25,24011,24017.25
1775140500,24017.75,24086.75,24015,24076.5
1775140560,24076.25,24215.25,24062.25,24187.5
1775140620,24187.5,24267.75,24167.25,24229
1775140680,24230,24231,24147.75,24156
1775140740,24157.5,24229,24137.25,24210.75
1775140800,24210,24215.5,24149.5,24157
1775140860,24157.75,24167.75,24122.5,24132
1775140920,24132.5,24168.5,24131.75,24148.75
1775140980,24148.75,24197.75,24140.75,24179
1775141040,24179.5,24207.5,24166.75,24201
1775141100,24201,24211.5,24188.25,24196.25
1775141160,24197.5,24197.75,24160.5,24165.5
1775141220,24165,24175.25,24148.25,24167.5
1775141280,24167,24172.25,24137.25,24146.5
1775141340,24146.75,24155.75,24114.75,24118.75
1775141400,24119.25,24123,24084,24104.75
1775141460,24104.5,24115.25,24087.25,24098
1775141520,24098,24139.75,24085.5,24138.5
1775141580,24137.75,24152.5,24114.5,24118.25
1775141640,24118.25,24151.75,24118.25,24140
1775141700,24139.5,24177.75,24136.25,24171
1775141760,24171,24188.5,24162.75,24170.25
1775141820,24170.25,24195.75,24155.5,24190.5
1775141880,24190.75,24202.75,24182.5,24192.75
1775141940,24193.5,24193.5,24166,24175.5
1775142000,24174.75,24179.25,24123,24128.25
1775142060,24128.25,24143.5,24116.25,24123.75
1775142120,24122.5,24131,24105.75,24107.75
1775142180,24108.5,24148.5,24104.75,24143
1775142240,24141.75,24174.5,24135.75,24165
1775142300,24164.75,24172.25,24137,24143.75
1775142360,24143.25,24157.5,24141.75,24143
1775142420,24141.75,24145.75,24122.75,24124.5
1775142480,24126.75,24155.25,24126.5,24147.25
1775142540,24148,24165.75,24140,24162.5
1775142600,24162.5,24192,24152.75,24185.25
1775142660,24184.5,24204.75,24176,24189.75
1775142720,24188.75,24214.25,24188,24205.75
1775142780,24205.5,24209.75,24191.75,24192.75
1775142840,24193,24194.5,24167.25,24180.5
1775142900,24180.75,24187,24171.5,24181
1775142960,24180.75,24198.5,24175.75,24194.75
1775143020,24194.5,24205,24170,24171.5
1775143080,24171.25,24183.5,24153.5,24180.5
1775143140,24180.75,24192.5,24177.5,24181.5
1775143200,24181.75,24183.75,24134.75,24146.75
1775143260,24146.5,24153,24122.25,24139.75
1775143320,24139.5,24155.5,24120,24124.25
1775143380,24124,24140.5,24124,24135
1775143440,24135,24164.75,24133.75,24156.5
1775143500,24156,24157.5,24127,24139.75
1775143560,24140.25,24172.5,24137.75,24170.25
1775143620,24169.75,24188,24157.5,24188
1775143680,24187.75,24203,24187,24197.25
1775143740,24197.5,24197.75,24173.75,24180.75
1775143800,24181.5,24189.5,24161.25,24174
1775143860,24174,24174,24151.75,24168
1775143920,24168,24172,24160.5,24165.5
1775143980,24165.25,24165.5,24139.75,24146
1775144040,24146.25,24168.5,24138.25,24167
1775144100,24166.75,24182.25,24159.5,24177.25
1775144160,24177,24195.75,24175.25,24195.75
1775144220,24195,24212.25,24187.25,24199.25
1775144280,24199.75,24199.75,24182,24191.75
1775144340,24192.25,24199.75,24175,24185.75
1775144400,24185.75,24196.25,24172.5,24181.5
1775144460,24181.5,24187,24155.75,24164.75
1775144520,24164.75,24170,24148.5,24154.75
1775144580,24155.25,24172,24152.5,24168.5
1775144640,24168.5,24194.5,24166.5,24187.75
1775144700,24188,24188.25,24151.5,24156
1775144760,24156,24177.25,24151.75,24165.75
1775144820,24165.75,24169.25,24150.75,24165.25
1775144880,24166,24173.75,24139.5,24147.75
1775144940,24148.75,24154,24134,24138.5
1775145000,24138.25,24140.75,24107,24110.25
1775145060,24110.5,24120.5,24089,24098.25
1775145120,24098.25,24128.75,24096.75,24125.5
1775145180,24125.75,24128.5,24111.75,24116
1775145240,24116.75,24155.75,24112.25,24146.25
1775145300,24146.5,24161.75,24134,24160.25
1775145360,24161.5,24161.5,24137.25,24140.5
1775145420,24140.25,24144.25,24119.75,24129.5
1775145480,24129.25,24139,24126,24130.5
1775145540,24129.75,24145.75,24128.5,24136.25
1775145600,24135.5,24147,24127,24133.25
1775145660,24133,24167.5,24133,24162.75
1775145720,24161.75,24163.75,24141.75,24147.75
1775145780,24147.75,24151.25,24137.75,24145
1775145840,24145.5,24148,24115.25,24125.75
1775145900,24125.5,24138,24124.75,24132.5
1775145960,24131.25,24132.5,24117.25,24122
1775146020,24122,24122.25,24105,24108.5
1775146080,24108.25,24114.25,24082.5,24085.5
1775146140,24085.25,24121.75,24084.75,24116.75
1775146200,24116.75,24125.75,24103.5,24105.75
1775146260,24105.5,24112,24094,24107
1775146320,24105.75,24118.5,24102.5,24107
1775146380,24106.75,24128.25,24101.75,24121.25
1775146440,24120.75,24124,24110.5,24111.5
1775146500,24112,24113.75,24100.25,24110
1775146560,24110.25,24125.75,24108,24111
1775146620,24111.25,24119,24098.25,24106
1775146680,24106.5,24116,24094.25,24102.75
1775146740,24102.5,24106.5,24072,24074.75
1775146800,24075,24083.25,24057.75,24074.25
1775146860,24074.75,24092.75,24072.75,24086
1775146920,24085.75,24099,24082.5,24093.5
1775146980,24093,24101.25,24074,24082.5
1775147040,24082.5,24087.75,24074.5,24074.5
1775147100,24075,24083.25,24066,24070
1775147160,24069.75,24086.5,24068.5,24083.25
1775147220,24083.5,24095.5,24078.5,24094
1775147280,24094,24109.5,24090.5,24095.25
1775147340,24095,24095.5,24084.5,24086
1775147400,24086.25,24091.25,24074.25,24075.75
1775147460,24076,24100.25,24073.25,24095.5
1775147520,24095.5,24128.5,24092.75,24126.25
1775147580,24125,24137.75,24115.5,24129.25
1775147640,24129,24130.75,24117.75,24120.5
1775147700,24120.5,24133,24111.25,24126.25
1775147760,24125.5,24126.25,24075.75,24106.25
1775147820,24106,24111.25,24088.75,24104.75
1775147880,24104.75,24108,24068.75,24094
1775147940,24093.75,24110,24092.75,24102
1775148000,24101.25,24177,24099,24142
1775148060,24142.25,24142.75,24118,24128.75
1775148120,24128,24139.25,24124,24133.25
1775148180,24133,24140.75,24126.75,24139
1775148240,24138.75,24157.75,24138.5,24145.5
1775148300,24144.75,24159,24141.25,24155.25
1775148360,24156,24161,24148.25,24152.25
1775148420,24152,24152.5,24139,24147.75
1775148480,24147.5,24147.5,24126.25,24127.75
1775148540,24127.75,24144.25,24127,24141.75
1775148600,24141.75,24149.75,24141.25,24145.5
1775148660,24145,24146,24128.25,24139.25
1775148720,24139.25,24149.25,24139.25,24146.25
1775148780,24146,24154.75,24144.5,24153
1775148840,24153.75,24159.5,24147.5,24150.75
1775148900,24150.5,24150.5,24138,24143.25
1775148960,24142.75,24143.25,24132.75,24135.5
1775149020,24136,24143.25,24131,24132
1775149080,24131.75,24137.25,24123.5,24130.5
1775149140,24131,24138.5,24118.75,24120.5
1775149200,24120.75,24125.25,24101.25,24102.5
1775149260,24102.75,24114.75,24098,24102.5
1775149320,24102,24108,24100.25,24104.5
1775149380,24104.75,24134.25,24104.75,24130
1775149440,24130.5,24135,24123.25,24129.25
1775149500,24128.5,24133.5,24120,24133
1775149560,24133.5,24137,24120,24130.75
1775149620,24130.5,24140,24129.5,24133.5
1775149680,24133.75,24134.25,24114.75,24119.25
1775149740,24118.75,24130.75,24115.5,24128
1775149800,24128,24133,24121,24124
1775149860,24123.25,24131,24118,24120.25
1775149920,24120.75,24134.25,24117.75,24133
1775149980,24133.75,24153.5,24130,24153.25
1775150040,24152.25,24168,24150.25,24156.25
1775150100,24155.5,24165.5,24150.75,24161
1775150160,24160.5,24180.75,24157.75,24163
1775150220,24162.75,24166.5,24155,24164.25
1775150280,24163.5,24166.75,24157,24157.25
1775150340,24157,24167.5,24156.75,24165
1775150400,24164.75,24171.5,24160.75,24168.25
1775150460,24168.5,24168.75,24159.75,24165.25
1775150520,24165.25,24169.75,24155.25,24167.75
1775150580,24167.5,24176.75,24165,24175.25
1775150640,24175.25,24179.75,24169.25,24172.75
1775150700,24172.5,24184.75,24170.5,24172.25
1775150760,24173,24174.25,24165.75,24167.75
1775150820,24167.25,24169.75,24162.25,24169.5
1775150880,24169.25,24172.5,24163.75,24169
1775150940,24169.75,24170,24162.5,24164.25
1775151000,24164.25,24169.25,24158.75,24163.25
1775151060,24163,24169,24154.5,24156.25
1775151120,24156.25,24159.5,24152.25,24155.25
1775151180,24154.75,24157.5,24142.75,24148.25
1775151240,24148.75,24160,24147.75,24150.5
1775151300,24150,24151.25,24135.5,24140.5
1775151360,24139.5,24146.5,24136.25,24139.5
1775151420,24139.25,24140.25,24131.75,24134
1775151480,24135,24144.25,24132.25,24136.25
1775151540,24136.25,24150,24135.5,24146.75
1775151600,24147,24154.25,24143,24144.25
1775151660,24144.75,24149,24132.75,24135
1775151720,24135,24136,24124.5,24132
1775151780,24131.5,24137.25,24127,24131
1775151840,24131.25,24140,24127.5,24138
1775151900,24137.75,24140,24119.5,24119.75
1775151960,24119.75,24123.75,24103,24109
1775152020,24110,24112,24084.5,24090.25
1775152080,24090.5,24094.25,24074.5,24076.5
1775152140,24076.75,24081.5,24071,24074.25
1775152200,24073.75,24091.25,24071.75,24086.5
1775152260,24086.5,24092.25,24075.25,24076.25
1775152320,24076,24079.75,24063.5,24075
1775152380,24075,24092.75,24073.75,24083
1775152440,24083,24096.25,24080.25,24094.25
1775152500,24094.5,24104.25,24083,24089
1775152560,24089,24092,24080.25,24087
1775152620,24087.25,24089,24080,24081.5
1775152680,24082,24085.5,24075.75,24084
1775152740,24084.25,24095.25,24082.75,24090.25
1775152800,24090.75,24112.25,24090.75,24101.75
1775152860,24101.75,24115.25,24101.75,24111.75
1775152920,24111.25,24112,24104,24108.75
1775152980,24109,24114.5,24101.5,24109
1775153040,24109.5,24124.25,24104.75,24122.75
1775153100,24122.5,24145.25,24119.25,24138.75
1775153160,24139.25,24139.25,24123.5,24136
1775153220,24136.75,24137.25,24121.25,24124.25
1775153280,24124.25,24129.25,24117.25,24123.75
1775153340,24123.5,24131.5,24122.5,24128.25
1775153400,24128.75,24143,24126.25,24138.25
1775153460,24138.75,24141.75,24135.75,24137.25
1775153520,24137.5,24137.5,24123,24130.75
1775153580,24130.75,24131.25,24124.25,24128.75
1775153640,24129,24131.25,24120.75,24125.5
1775153700,24125,24128,24111.75,24119.25
1775153760,24119.5,24131.5,24117.5,24129.25
1775153820,24129.25,24136.5,24126.5,24133.75
1775153880,24134.25,24138,24129.5,24131.25
1775153940,24131,24132.5,24119.25,24125.25
1775154000,24125.25,24128.25,24120.25,24121.25
1775154060,24121.75,24129.25,24117.25,24125.25
1775154120,24125,24129.25,24119.5,24129.25
1775154180,24129.25,24130.75,24119.75,24123.75
1775154240,24124,24128.5,24115,24115.25
1775154300,24115.75,24116,24102,24104.5
1775154360,24104.5,24110.75,24099.25,24103.25
1775154420,24103,24109.5,24100.75,24106.25
1775154480,24106.5,24115.75,24103.75,24109.75
1775154540,24110,24115.25,24104.25,24107.5
1775154600,24107.75,24118.75,24106,24117.25
1775154660,24117,24121,24106.5,24110.5
1775154720,24110.5,24113.75,24101,24104.75
1775154780,24105.25,24112.25,24101,24109.5
1775154840,24110.75,24119.5,24110.25,24116.5
1775154900,24117,24123.5,24111.5,24118.75
1775154960,24118.5,24120,24112.5,24117.75
1775155020,24117,24120.25,24113,24118.75
1775155080,24119,24120,24107,24108.75
1775155140,24109.25,24112.25,24101,24107.75
1775155200,24107.5,24134,24106.25,24133.75
1775155260,24133.25,24148.5,24127.25,24139.25
1775155320,24139.5,24140.5,24128.25,24131.75
1775155380,24131.25,24132,24120,24124.75
1775155440,24124.75,24138.5,24124.5,24138.5
1775155500,24138.75,24146.5,24132,24142.75
1775155560,24143,24149.25,24139.5,24146.5
1775155620,24146.75,24150,24140.75,24143.75
1775155680,24143.5,24149.5,24134.75,24136.25
1775155740,24135.75,24144.25,24134.75,24143.5
1775155800,24143.25,24148,24136.75,24139
1775155860,24138.5,24145.5,24136.25,24144
1775155920,24144.5,24155.5,24143.75,24153.75
1775155980,24153.25,24165.25,24151.75,24157.75
1775156040,24158,24159,24150.5,24153.5
1775156100,24154,24154.75,24141.5,24144.75
1775156160,24144,24153,24144,24147.25
1775156220,24146.75,24150,24143.75,24145
1775156280,24145.25,24149.5,24142.75,24144.5
1775156340,24145,24145.25,24136.25,24140.5
1775156400,24140.75,24150.75,24138,24147
1775156460,24146.75,24154.25,24145.75,24150.5
1775156520,24150.5,24157.5,24150.5,24155.25
1775156580,24155.25,24155.75,24147.25,24148.75
1775156640,24148.75,24149.25,24141.75,24148
1775156700,24147.75,24167.75,24146.25,24158.5
1775156760,24158,24161,24153.25,24160
1775156820,24160,24164.5,24155.5,24162.5
1775156880,24162.25,24165.5,24151.5,24162.25
1775156940,24162,24164.5,24156.25,24162.5
1775157000,24162.5,24175.5,24162.25,24174.75
1775157060,24174.75,24181.75,24171,24175.5
1775157120,24175,24176.25,24169,24172.75
1775157180,24172.25,24173.25,24165.75,24166.75
1775157240,24166.5,24167.75,24158,24162.75
1775157300,24162.25,24167.75,24155.5,24158.25
1775157360,24158.25,24159.5,24145,24153.25
1775157420,24153.25,24154.25,24146.5,24147.5
1775157480,24147,24150.25,24142.75,24143.75
1775157540,24143.75,24155.5,24143,24152
1775157600,24152,24154.5,24147.25,24147.5
1775157660,24147.25,24149.75,24139.25,24141.75
1775157720,24142,24155,24134.75,24154.25
1775157780,24154.25,24165.75,24143.75,24159.5
1775157840,24159.5,24160,24146.5,24147.75
1775157900,24147.5,24148.5,24137.5,24139.25
1775157960,24139.25,24143.25,24134.75,24140.25
1775158020,24140.25,24148.25,24139.75,24143.5
1775158080,24143.25,24145,24137.5,24141.25
1775158140,24141.5,24148,24140,24146.75
1775158200,24146.75,24152.5,24143.5,24148.75
1775158260,24148.25,24155.75,24146.25,24151.5
1775158320,24151,24155.5,24143,24146
1775158380,24146.25,24148,24136.75,24138.5
1775158440,24138.75,24145.25,24137.25,24144.5
1775158500,24145,24161,24142.5,24150.5
1775158560,24150.75,24158.25,24148.5,24154
1775158620,24154,24157.25,24149.75,24150
1775158680,24150,24156.75,24149.25,24154.25
1775158740,24153.25,24161.5,24151.5,24159.75
1775158800,24159.75,24167.5,24157.25,24167.25
1775158860,24166.75,24168.5,24155.75,24158.5
1775158920,24158.5,24162,24150.5,24151.75
1775158980,24151.5,24157,24149.75,24150.75
1775159040,24150.75,24151.5,24142.25,24143.5
1775159100,24143.5,24151,24137.5,24143.5
1775159160,24143,24147.5,24140.25,24146.25
1775159220,24147,24153.25,24144.25,24152.25
1775159280,24152.5,24155.5,24144.25,24150.25
1775159340,24150,24152.25,24147.25,24149.75
1775159400,24150,24202.25,24150,24188.25
1775159460,24188,24189,24177.75,24187.5
1775159520,24187.5,24198.5,24185.25,24194.5
1775159580,24194.25,24201.25,24191,24195.5
1775159640,24195.25,24206.25,24191.5,24202.75
1775159700,24202,24224.5,24196.25,24213.25
1775159760,24213,24215,24205.25,24207.75
1775159820,24207.75,24214,24200.25,24212.75
1775159880,24213,24219,24209.25,24210.25
1775159940,24209.75,24225.75,24207.5,24221
1775160000,24221,24225.75,24207.5,24218.5
1775160060,24217.5,24229.75,24215.75,24223
1775160120,24222.5,24223.75,24213.75,24218.25
1775160180,24217.5,24225.75,24216,24225.25
1775160240,24225.25,24225.5,24213.25,24214.75
1775160300,24214.25,24215.5,24208.25,24209.25
1775160360,24209.75,24212,24203.5,24209.25
1775160420,24208.5,24213.5,24208,24211.75
1775160480,24211,24211.5,24200.5,24201.5
1775160540,24201.25,24205.5,24199.25,24201
1775160600,24200.75,24207.5,24200.5,24204.75
1775160660,24204.25,24213,24203.25,24211.75
1775160720,24211.75,24216.75,24208.75,24209.25
1775160780,24209.25,24211.25,24206.5,24210.75
1775160840,24210.5,24214.75,24205.25,24212.5
1775160900,24212.75,24218,24208.5,24215.5
1775160960,24215.75,24217,24208,24208
1775161020,24208,24211.75,24207.5,24209.25
1775161080,24209.25,24209.75,24206.5,24209
1775161140,24209.25,24209.5,24204.75,24207.75
1775161200,24207.75,24209,24202,24203.75
1775161260,24204,24207.5,24203.75,24205.5
1775161320,24205.25,24210,24203.5,24206.75
1775161380,24206.75,24212.25,24206.25,24211
1775161440,24210.75,24212.25,24208.75,24210
1775161500,24209.5,24210.25,24207.75,24207.75
1775161560,24208.25,24210.25,24206.5,24207.75
1775161620,24208.5,24215.25,24206.5,24215
1775161680,24214.5,24217.5,24211.25,24216.75
1775161740,24216.75,24235.75,24216.75,24226
1775161800,24226,24228.75,24223,24224.75
1775161860,24224,24225.5,24219,24222.75
1775161920,24222.25,24222.5,24216,24216.75
1775161980,24216.5,24220.25,24216.5,24217.5
1775162040,24218,24218,24207,24209.25
1775162100,24209.5,24211,24207.25,24208.75
1775162160,24209,24212.25,24207.75,24212
1775162220,24211.75,24212,24206.25,24208.5
1775162280,24208.75,24210.25,24203.5,24207
1775162340,24207,24213,24206.5,24210
1775162400,24210,24211,24205.5,24206.75
1775162460,24207.25,24210.5,24206.25,24207.5
1775162520,24207.25,24212.25,24207,24210.25
1775162580,24210.75,24215.5,24209.75,24213.75
1775162640,24214.25,24216,24212,24215
1775162700,24215,24217.75,24213.75,24215.25
1775162760,24215.25,24219.5,24214.25,24219.25
1775162820,24219,24222.25,24216.75,24219.75
1775162880,24219.5,24220.5,24215.25,24218.25
1775162940,24218.75,24219,24214.75,24215.25
1775163000,24215.5,24215.75,24208.75,24212
1775163060,24212,24213,24210,24212.75
1775163120,24213,24214.75,24210.75,24212.25
1775163180,24213,24214,24211,24211.75
1775163240,24211.25,24213.25,24209.5,24212.5
1775163300,24211.75,24213.5,24209,24211.5
1775163360,24211.25,24212.75,24210.25,24211.75
1775163420,24212,24213,24208,24212.25
1775163480,24212.25,24215.75,24211.75,24215.25
1775163540,24215,24219.75,24214.25,24219.75
1775167200,24213.75,24215,24196,24203.25
1775167260,24204,24206.25,24191,24198.5
1775167320,24198.25,24204.5,24194,24199
1775167380,24199.5,24208.75,24198.75,24201.75
1775167440,24200.75,24203.25,24198,24199.25
1775167500,24198.5,24201.5,24195,24201.5
1775167560,24200.5,24205,24200,24203.5
1775167620,24203.5,24205.75,24200.25,24201.5
1775167680,24201.75,24202.25,24196,24200
1775167740,24198.25,24203.5,24195,24201.25
1775167800,24201.25,24205,24199,24202
1775167860,24201.25,24201.25,24195,24198.5
1775167920,24198,24198.5,24195.25,24197.25
1775167980,24196.5,24197.75,24194.5,24196.75
1775168040,24196,24198.5,24195,24196.5
1775168100,24196.25,24199.75,24194.5,24198.25
1775168160,24198.75,24205.75,24198.75,24202.5
1775168220,24203,24203.25,24192,24194
1775168280,24194.75,24205.25,24194,24204.75
1775168340,24204.25,24217.25,24187.75,24188.5
1775168400,24189,24198,24177.5,24186
1775168460,24186.5,24191.5,24181.75,24190.25
1775168520,24191,24198.25,24186.75,24195.25
1775168580,24195.5,24203,24191.25,24200.5
1775168640,24200.75,24200.75,24195.5,24196.75
1775168700,24196.75,24201.5,24193.25,24200
1775168760,24200,24210.75,24199.5,24208.25
1775168820,24208.5,24216.25,24204.75,24213
1775168880,24213,24214.5,24203.75,24205
1775168940,24204.75,24208,24203.75,24205.75
1775169000,24206.75,24214,24204.5,24213.75
1775169060,24214,24216,24211.75,24214.25
1775169120,24214.25,24218.75,24213,24214.25
1775169180,24215,24218.5,24212,24212
1775169240,24212.25,24214.75,24210,24212.25
1775169300,24212.75,24216.5,24209,24215
1775169360,24214.75,24214.75,24210.25,24211.75
1775169420,24211.75,24212.25,24206.75,24208.5
1775169480,24208,24209.75,24207,24207
1775169540,24208,24210.5,24201,24207.5
1775169600,24207.5,24210.25,24207,24209
1775169660,24209,24213,24205,24206.75
1775169720,24206.25,24208.5,24202.75,24208
1775169780,24207.25,24210.75,24207,24209
1775169840,24210,24210.75,24204.5,24204.5
1775169900,24204,24206.5,24201.75,24205.25
1775169960,24205.5,24205.5,24201.75,24202
1775170020,24202,24205,24200,24205
1775170080,24205,24207.5,24201.5,24203.25
1775170140,24204,24205.75,24202.25,24205.75
1775170200,24206,24208.25,24205.5,24205.75
1775170260,24205.25,24205.25,24203.5,24204
1775170320,24204,24204.75,24203.25,24203.25
1775170380,24203.75,24208.25,24203.75,24207.75
1775170440,24207.75,24209.5,24206.25,24206.25
1775170500,24206.75,24208.25,24203.75,24204.75
1775170560,24204.25,24205,24202,24203.25
1775170620,24203.25,24203.5,24201.25,24203
1775170680,24203.25,24204.75,24202.25,24203
1775170740,24203.5,24205,24203,24203
1775170800,24203.75,24203.75,24189,24192.5
1775170860,24193.25,24199.25,24192.5,24198
1775170920,24198,24199.25,24192.75,24194.5
1775170980,24195.75,24198.25,24194.5,24196.75
1775171040,24197.5,24198,24196.25,24197.75
1775171100,24197.75,24198,24194,24196.5
1775171160,24196.5,24197.5,24195,24197.5
1775171220,24197.5,24197.5,24195.5,24196.5
1775171280,24196.25,24198.25,24193.5,24194
1775171340,24193.5,24195.25,24192.5,24194.25
1775171400,24195,24196,24192,24195.5
1775171460,24195.75,24195.75,24192.75,24193.25
1775171520,24193.75,24197,24193,24194.75
1775171580,24194.25,24195,24191.5,24193.25
1775171640,24193.25,24195.75,24193.25,24194.5
1775171700,24195.25,24199,24195.25,24197.25
1775171760,24197.25,24198.5,24196.5,24197.25
1775171820,24197.25,24197.5,24193.5,24196.5
1775171880,24196.5,24200,24196.5,24197.75
1775171940,24197.75,24198.25,24195.75,24197.25
1775172000,24196.5,24197.5,24195.75,24196.5
1775172060,24196.5,24200.75,24195.25,24198.25
1775172120,24199,24201.75,24198.25,24201
1775172180,24200.25,24204.75,24199.25,24202.25
1775172240,24201.5,24201.5,24197.5,24198.75
1775172300,24199,24202.25,24198.25,24202.25
1775172360,24202,24204.75,24201.5,24203.75
1775172420,24203,24211.75,24201.75,24210.25
1775172480,24210.5,24212.25,24207,24207.75
1775172540,24207.75,24210,24207.75,24208.75
1775172600,24208.25,24213.25,24205.75,24209.5
1775172660,24209.25,24217,24208.75,24214
1775172720,24213.25,24213.5,24208,24208.75
1775172780,24209.25,24211.75,24207.5,24210.25
1775172840,24210,24213.25,24207.5,24212.5
1775172900,24213.25,24216,24210.75,24211.5
1775172960,24211,24211.75,24208,24209.75
1775173020,24209.25,24210.75,24208.25,24208.5
1775173080,24209.25,24210.5,24208.25,24209
1775173140,24209,24212.5,24209,24210.75
1775173200,24211,24215,24211,24212.75
1775173260,24213,24216.5,24211.5,24215.25
1775173320,24215.25,24215.75,24212,24213
1775173380,24213.25,24215.5,24211.25,24215.5
1775173440,24214.75,24215,24212,24213.25
1775173500,24214,24215,24210,24210.25
1775173560,24210.5,24211,24207.5,24209.5
1775173620,24208.75,24210,24207.75,24209.75
1775173680,24210,24213.5,24210,24212.25
1775173740,24211,24215.5,24209.5,24213.5
1775173800,24213.25,24213.25,24204.25,24205
1775173860,24205.25,24207.75,24204.25,24206.75
1775173920,24206,24211.75,24203.75,24205.5
1775173980,24205.75,24208.25,24204.5,24207.5
1775174040,24207.5,24208.5,24205.5,24208.5
1775174100,24208,24209.25,24206.25,24208
1775174160,24208.75,24215,24208.5,24214.25
1775174220,24214,24214.75,24210.5,24211
1775174280,24211,24212.75,24210,24211.25
1775174340,24211.5,24214.25,24211.25,24212.75
1775174400,24214,24233.25,24214,24228.25
1775174460,24227.75,24255.5,24226.25,24248
1775174520,24248.5,24248.5,24235.5,24238.25
1775174580,24237.25,24239.5,24234.75,24237
1775174640,24238,24250,24236.25,24245.25
1775174700,24245,24246.5,24237.5,24244.25
1775174760,24243,24244.75,24237,24244.25
1775174820,24244.5,24247.75,24239.5,24240.5
1775174880,24239.75,24240.75,24233.25,24235
1775174940,24234.25,24235.75,24229.25,24232
1775175000,24231.75,24234.5,24227.75,24231.5
1775175060,24231.75,24236.5,24230.25,24235.25
1775175120,24235,24241.75,24234.5,24237
1775175180,24236.25,24242,24233.75,24240.25
1775175240,24239.5,24243,24236.75,24240.5
1775175300,24238.75,24239,24223.5,24229
1775175360,24228.5,24233.25,24224.5,24232.75
1775175420,24232.75,24234.5,24227.5,24227.75
1775175480,24227.25,24229.25,24221.75,24222.75
1775175540,24223.75,24225.75,24222,24224.75
1775175600,24224,24226,24219.5,24223.25
1775175660,24223.5,24227.5,24221,24227.5
1775175720,24226.75,24231.5,24224.25,24227
1775175780,24227.25,24230.75,24225.75,24228.5
1775175840,24227.5,24230.75,24226.75,24227.75
1775175900,24228.5,24234,24228,24233
1775175960,24232.25,24232.25,24224.5,24229.25
1775176020,24229,24239.5,24229,24235.75
1775176080,24235.25,24240.5,24234.25,24238.25
1775176140,24238.75,24240.5,24234.5,24237.5
1775176200,24236.5,24238.75,24228.25,24228.75
1775176260,24228.5,24234,24227.5,24233.75
1775176320,24235,24239.5,24234.5,24235.5
1775176380,24235.5,24236,24232,24232.75
1775176440,24232.5,24237.5,24230.75,24237
1775176500,24235.5,24237.25,24228.5,24230.25
1775176560,24230.75,24233.75,24229.75,24230
1775176620,24230.25,24230.75,24216.75,24222
1775176680,24222.25,24223.25,24213.75,24220
1775176740,24220,24223,24215,24217.25
1775176800,24217.25,24222,24213,24213.5
1775176860,24214.25,24219.25,24213,24219
1775176920,24218.25,24224,24218,24223.75
1775176980,24223.5,24223.5,24214.5,24218.5
1775177040,24218.5,24223,24218.5,24218.5
1775177100,24219.25,24221,24213.5,24217.25
1775177160,24216.5,24221.5,24215.75,24218.75
1775177220,24219.5,24220.75,24217,24219.5
1775177280,24220.5,24220.75,24217.25,24220
1775177340,24220,24221.5,24217.5,24219
1775177400,24218.5,24220.75,24218,24218.75
1775177460,24219,24222,24216.25,24221.5
1775177520,24220.5,24223.5,24219.75,24222.25
1775177580,24222.75,24223.75,24216,24217
1775177640,24216.5,24218.5,24215,24215.5
1775177700,24215.25,24220,24215.25,24218
1775177760,24217.75,24225,24217,24223.75
1775177820,24224,24226,24222.5,24224.75
1775177880,24223.5,24227.25,24223,24225.75
1775177940,24225.75,24225.75,24222,24225.25
1775178000,24226,24226,24222.75,24223.75
1775178060,24223.5,24225.25,24222.25,24225
1775178120,24224.75,24225.5,24221,24221.75
1775178180,24221.5,24224.5,24218.5,24222.25
1775178240,24222.5,24225.25,24221.25,24225
1775178300,24224.75,24225.5,24222.75,24223
1775178360,24223.5,24229.25,24221,24228.5
1775178420,24228.5,24232.25,24226.25,24226.25
1775178480,24226.25,24227.75,24223,24225.75
1775178540,24225,24226.5,24222.25,24226.25
1775178600,24226.75,24227,24220.75,24222
1775178660,24222,24223.25,24218.75,24223
1775178720,24222.5,24222.75,24218.75,24219.75
1775178780,24220,24220,24207.25,24211.5
1775178840,24210.75,24212.5,24208.25,24211.5
1775178900,24211,24215.75,24209.75,24211.75
1775178960,24211.75,24214.75,24208,24212.25
1775179020,24213.25,24217.75,24211,24217.75
1775179080,24218,24222.75,24215.75,24219
1775179140,24219.25,24219.75,24216.5,24217.25
1775179200,24216.75,24217.5,24212.5,24213.5
1775179260,24213.25,24218,24211.5,24218
1775179320,24218.25,24220,24216.75,24219.5
1775179380,24219.25,24221.25,24214,24216.75
1775179440,24216.75,24217,24214,24215.5
1775179500,24215,24218.25,24214,24216
1775179560,24216.5,24220.25,24216,24219.5
1775179620,24218.75,24219.25,24216.25,24216.25
1775179680,24216.75,24218,24212.75,24216.75
1775179740,24216.75,24219,24214.25,24217.75
1775179800,24218.25,24218.25,24213.75,24217
1775179860,24217,24220,24216.75,24218.75
1775179920,24218.5,24219.25,24217,24217
1775179980,24216.75,24216.75,24209,24210.5
1775180040,24210.5,24213.25,24205.5,24205.75
1775180100,24206.75,24211.75,24206.25,24211.75
1775180160,24211.5,24213,24209.25,24212.25
1775180220,24211.75,24214.75,24208.25,24211.25
1775180280,24210.5,24215.5,24210.5,24214.75
1775180340,24214.75,24215.5,24209.75,24211.5
1775180400,24211.25,24212,24205.5,24207.25
1775180460,24208,24209.25,24205.5,24207.25
1775180520,24208.25,24209.25,24207.25,24207.75
1775180580,24207.75,24208,24206,24207.5
1775180640,24207.5,24209.5,24205.75,24207.5
1775180700,24207.75,24209.25,24202,24203.75
1775180760,24203.5,24203.75,24201,24203.5
1775180820,24204,24205,24201,24203.75
1775180880,24204,24204.75,24201.75,24204.75
1775180940,24205,24207,24204,24204.5
1775181000,24205.75,24206.5,24204.75,24204.75
1775181060,24205,24208.25,24204.25,24205.5
1775181120,24206.25,24206.5,24202.75,24204
1775181180,24205.5,24207.25,24204.5,24206.75
1775181240,24207,24207,24204.5,24206.25
1775181300,24206.25,24207.75,24203.25,24203.5
1775181360,24204.25,24206.5,24202.5,24205.75
1775181420,24205.5,24205.5,24196.5,24202.25
1775181480,24202,24202,24195.75,24197
1775181540,24197.25,24198.25,24196,24197.25
1775181600,24198,24198.75,24195.25,24196
1775181660,24196,24199.75,24196,24198.75
1775181720,24198.25,24198.75,24195.25,24197
1775181780,24198.5,24199,24196,24196
1775181840,24196,24199,24195.75,24197.5
1775181900,24198,24198.25,24192.5,24195
1775181960,24195,24195.5,24191.5,24194.25
1775182020,24194.25,24196.5,24193.75,24194.25
1775182080,24194.5,24197,24192.75,24197
1775182140,24196.75,24197.75,24191.5,24195.5
1775182200,24195.75,24200.5,24195.25,24198
1775182260,24197.75,24198.5,24195.75,24197.5
1775182320,24197.5,24200.25,24197,24200
1775182380,24199.5,24200.25,24198,24200
1775182440,24199.5,24201.25,24199,24200.5
1775182500,24200.5,24200.75,24197.75,24200.75
1775182560,24201,24201.25,24197.25,24199
1775182620,24199.5,24205.5,24199.5,24203.5
1775182680,24204,24204,24200.5,24202
1775182740,24202,24204.25,24201.75,24204.25
1775182800,24204.5,24205,24203,24203.25
1775182860,24203,24203.5,24197.5,24198.5
1775182920,24198.75,24201.5,24193.75,24194.25
1775182980,24195,24196.25,24190.5,24192.25
1775183040,24191.75,24192.5,24185.75,24187.75
1775183100,24188,24188,24182,24184
1775183160,24184.5,24184.5,24168.75,24169.25
1775183220,24170.25,24172.25,24164.75,24167
1775183280,24167.25,24171.75,24165.75,24169.5
1775183340,24169.75,24172,24167.75,24168.5
1775183400,24168.75,24172,24164,24169.5
1775183460,24170,24170.75,24162,24165
1775183520,24165.75,24172.75,24163.75,24166.75
1775183580,24167.5,24168.25,24160,24162.75
1775183640,24162.5,24164.75,24157,24164.25
1775183700,24164.5,24170,24161.75,24169.75
1775183760,24169.5,24172,24167.75,24169
1775183820,24169,24171.25,24166.5,24169.5
1775183880,24169.5,24169.75,24163.75,24166.75
1775183940,24167.25,24167.5,24161.75,24162.75
1775184000,24163.75,24166.5,24162,24165.75
1775184060,24164.75,24168.5,24154.75,24163
1775184120,24162.75,24170.75,24158.75,24165.75
1775184180,24165.75,24166.75,24163.25,24165.25
1775184240,24165.5,24169.25,24162.5,24167.5
1775184300,24168,24170.5,24165.5,24166
1775184360,24165.75,24165.75,24161.5,24162.25
1775184420,24161.5,24164.25,24160.25,24162.75
1775184480,24162.25,24162.25,24155,24157.75
1775184540,24157.5,24161.5,24156.25,24159
1775184600,24159,24160.75,24152.5,24155.25
1775184660,24154.75,24159.25,24151,24159.25
1775184720,24159.25,24161.75,24158.5,24160.75
1775184780,24160,24197.25,24160,24190
1775184840,24190,24192.5,24180.25,24180.5
1775184900,24180.75,24181.5,24177.25,24181
1775184960,24181.5,24189.75,24178.25,24188
1775185020,24187.75,24188.5,24180.5,24185.25
1775185080,24184.75,24187.5,24182,24183.25
1775185140,24182.25,24182.5,24180,24181.5
1775185200,24181,24183,24178.25,24180
1775185260,24180.5,24183.5,24180,24180.75
1775185320,24180.25,24185,24179.5,24184.25
1775185380,24183.75,24186,24182.5,24183.25
1775185440,24183.25,24185.25,24181.75,24184.5
1775185500,24183.5,24189,24182.25,24185.75
1775185560,24186.25,24187,24183,24185.5
1775185620,24186,24193,24185,24188.5
1775185680,24188.5,24191.5,24187,24189.75
1775185740,24189.25,24190,24184,24185.75
1775185800,24185.5,24188.25,24184.25,24187
1775185860,24187,24187.25,24183.75,24184
1775185920,24184.25,24186.5,24183.5,24185
1775185980,24185.25,24185.25,24179,24181.5
1775186040,24181.5,24182.75,24177.5,24179.25
1775186100,24179.25,24182.75,24178.5,24179.75
1775186160,24178.75,24187.75,24178.75,24182
1775186220,24182,24182.5,24179.5,24182.25
1775186280,24182.25,24182.25,24180,24181.5
1775186340,24182,24184.25,24178.75,24182.75
1775186400,24182.75,24185.5,24182,24183.25
1775186460,24183.25,24184,24182,24184
1775186520,24183.25,24186,24182,24185.25
1775186580,24185,24186.5,24180.5,24181.25
1775186640,24181.25,24182.75,24178.5,24178.5
1775186700,24178.5,24180.25,24178.25,24179
1775186760,24179.25,24179.75,24178,24178.75
1775186820,24179.75,24180,24177.5,24178.25
1775186880,24178.5,24178.5,24173.25,24174
1775186940,24174,24175.25,24170,24171.5
1775187000,24172.25,24175.75,24172,24175.75
1775187060,24175.25,24181,24173.75,24180
1775187120,24180,24180.25,24174.25,24174.25
1775187180,24174.75,24179.5,24174.25,24177.75
1775187240,24177.75,24177.75,24172,24172.75
1775187300,24172.75,24176.5,24172,24172
1775187360,24172,24175,24172,24173.5
1775187420,24173.75,24173.75,24168.25,24169.25
1775187480,24169.25,24171.5,24167.5,24168
1775187540,24168.5,24172.5,24165.75,24170.25
1775187600,24170,24170,24161.5,24163.25
1775187660,24163.5,24166.75,24163.25,24165
1775187720,24165.75,24170,24164.75,24168.75
1775187780,24168,24169,24166,24166.5
1775187840,24167,24167,24162.75,24164.75
1775187900,24163,24167.5,24162.75,24166.5
1775187960,24165.75,24167.25,24165.5,24167
1775188020,24166.25,24168.75,24164,24168
1775188080,24168.25,24168.25,24164.75,24166.5
1775188140,24167.25,24168.25,24164.25,24167
1775188200,24166.25,24168.25,24165.75,24168
1775188260,24168,24170.5,24167,24169
1775188320,24168.5,24170,24167,24167
1775188380,24167.25,24171.75,24166.5,24170.75
1775188440,24171,24174.75,24169.5,24169.5
1775188500,24169.25,24171.5,24168.5,24169.25
1775188560,24169.5,24170,24165,24168
1775188620,24168.25,24171.5,24168.25,24170.75
1775188680,24169.75,24170.5,24167.25,24167.25
1775188740,24167.25,24168.5,24166,24167.5
1775188800,24167.25,24168.75,24165.75,24167.5
1775188860,24167.75,24169.5,24165,24165.25
1775188920,24165.5,24166.75,24163.75,24164.5
1775188980,24164.75,24169.25,24164.25,24168.75
1775189040,24168.5,24176,24168.5,24174.25
1775189100,24174,24175,24169,24171.25
1775189160,24170.75,24178.5,24170.5,24176.75
1775189220,24176.75,24176.75,24172.25,24176.25
1775189280,24175.75,24176.25,24173.5,24175.75
1775189340,24175.75,24177.25,24173.5,24174
1775189400,24175,24176,24172.5,24172.75
1775189460,24173,24175.5,24172.25,24174.75
1775189520,24174.5,24174.75,24173.25,24174.75
1775189580,24173.75,24174.75,24173,24174
1775189640,24173.5,24177,24173.25,24175.25
1775189700,24175,24184,24175,24182.75
1775189760,24182.75,24182.75,24178.75,24182
1775189820,24181,24181.75,24178,24178.5
1775189880,24178.25,24179.75,24177,24178.5
1775189940,24178.75,24178.75,24177,24177.25
1775190000,24178,24179.5,24177.75,24179.25
1775190060,24179.5,24181.5,24179.5,24181.5
1775190120,24180.5,24182.25,24176.25,24176.75
1775190180,24177.25,24177.25,24172,24174.5
1775190240,24175.5,24177.5,24174.75,24175.25
1775190300,24176.25,24178.75,24176.25,24178.5
1775190360,24178.25,24179.25,24177.25,24178.25
1775190420,24179.25,24181.5,24176.75,24179
1775190480,24178.75,24180.25,24176.5,24177.25
1775190540,24177.25,24179.25,24176.25,24176.25
1775190600,24176.5,24177.5,24175,24176
1775190660,24177.25,24178.75,24173.5,24178.25
1775190720,24177,24179.25,24176,24178.25
1775190780,24178.75,24179.25,24177.25,24178
1775190840,24178,24180,24177,24178.5
1775190900,24178,24178.25,24175,24175
1775190960,24175,24176.5,24174,24176
1775191020,24176.5,24177.75,24175.75,24176
1775191080,24175.25,24175.75,24170.75,24174.25
1775191140,24174.75,24175,24171,24171.75
1775191200,24171.25,24173.5,24167.75,24169
1775191260,24169,24170.25,24166.75,24166.75
1775191320,24166.75,24168.5,24162.5,24163.75
1775191380,24163.5,24164.5,24157,24160
1775191440,24160.25,24160.25,24157.5,24159.75
1775191500,24159.5,24163.25,24158.5,24161.75
1775191560,24161.75,24168.5,24161.5,24168.5
1775191620,24168,24176.5,24167.25,24173.5
1775191680,24173.25,24174,24170.25,24174
1775191740,24174.25,24175.5,24171,24171.5
1775191800,24172.75,24172.75,24168.5,24169.25
1775191860,24169.25,24174.75,24169,24174.25
1775191920,24174.5,24175.75,24171.5,24172.5
1775191980,24171.5,24171.5,24169,24170.5
1775192040,24171,24171.75,24168,24169.75
1775192100,24169.75,24172.5,24169.5,24171.25
1775192160,24171,24171.25,24168.75,24171.25
1775192220,24170.75,24171.75,24169.75,24171.5
1775192280,24170.75,24170.75,24167.25,24169
1775192340,24168.5,24168.5,24165.5,24167.5
1775192400,24167.5,24169.25,24162.75,24163.75
1775192460,24164,24170.5,24164,24170.5
1775192520,24171.75,24174.25,24170.5,24172.5
1775192580,24172.5,24174,24170.75,24173.25
1775192640,24173.25,24177,24172.25,24174.5
1775192700,24174.5,24189,24174.5,24185.75
1775192760,24185.5,24187,24181.75,24184.5
1775192820,24184.25,24185.5,24182.5,24184.5
1775192880,24184.25,24184.75,24180.75,24182.75
1775192940,24182,24185,24182,24185
1775193000,24184.75,24185.75,24180.75,24182.5
1775193060,24182.25,24184.25,24182,24183.5
1775193120,24183.25,24184,24179,24180
1775193180,24180,24180.75,24176.25,24177.75
1775193240,24177.5,24181.5,24175.25,24181
1775193300,24181.75,24182,24177.5,24178.5
1775193360,24178.25,24179.75,24174.5,24177
1775193420,24177,24177.25,24170.75,24171.25
1775193480,24170.75,24170.75,24165.75,24170.25
1775193540,24170.25,24171.5,24169.5,24170.25
1775193600,24170,24172.75,24168,24170.75
1775193660,24171,24171.75,24170,24171
1775193720,24171.25,24171.25,24162.25,24162.75
1775193780,24162.5,24164,24159.25,24162.5
1775193840,24161.75,24164.5,24161.75,24162.75
1775193900,24163.75,24169.5,24162.75,24169
1775193960,24168.25,24174,24168.25,24170.25
1775194020,24170.25,24173.25,24168.5,24168.75
1775194080,24168.5,24171.25,24167,24170.75
1775194140,24170.25,24170.75,24168.25,24169.25
1775194200,24169.75,24178.5,24169.75,24178.25
1775194260,24178.25,24183,24177.75,24181.75
1775194320,24181.5,24182.5,24179.75,24180
1775194380,24179.5,24179.75,24174.75,24175.75
1775194440,24176,24181,24176,24180.5
1775194500,24180.75,24181.25,24179.5,24180
1775194560,24180.75,24184,24178.5,24182.5
1775194620,24181.5,24184.5,24180.25,24183
1775194680,24183.75,24184,24179.25,24182.25
1775194740,24182,24186.75,24182,24186.75
1775194800,24186.25,24188.5,24184.25,24184.5
1775194860,24184.5,24186.75,24184.25,24186
1775194920,24186,24187.5,24185,24186.25
1775194980,24187,24192,24184.5,24185.5
1775195040,24186,24190.5,24185,24188
1775195100,24188.5,24190.75,24186.5,24188.5
1775195160,24189,24193.5,24189,24191.25
1775195220,24191,24191.5,24185.75,24186.75
1775195280,24187.25,24189.25,24186,24187.75
1775195340,24188,24191,24188,24189
1775195400,24190,24191.25,24185.25,24186.25
1775195460,24186.5,24187,24183.25,24186
1775195520,24186.5,24188.25,24185.5,24186
1775195580,24185.5,24187.25,24181.25,24183.5
1775195640,24184,24185,24180.5,24183
1775195700,24182,24182,24177.5,24177.5
1775195760,24177.75,24179.5,24177.75,24178.5
1775195820,24178.5,24183.5,24178,24182.25
1775195880,24181.75,24183,24180.75,24182.75
1775195940,24182,24183,24179.5,24181
1775196000,24181.25,24183.5,24176,24178.25
1775196060,24178.25,24180.75,24178.25,24180.75
1775196120,24180,24182.25,24179.25,24179.25
1775196180,24179.75,24184.25,24179.5,24180.5
1775196240,24180.5,24182.5,24180.5,24180.75
1775196300,24180.75,24183.5,24180.75,24183
1775196360,24182.5,24183.25,24176,24178
1775196420,24178.25,24180,24176,24177.5
1775196480,24177,24180.25,24177,24177.5
1775196540,24177.25,24179.5,24177,24179
1775196600,24178.75,24180.75,24178.25,24180
1775196660,24179.75,24180,24178,24179
1775196720,24179.75,24180.25,24178.25,24180.25
1775196780,24179.5,24179.5,24177.75,24178.5
1775196840,24179,24180.5,24178.5,24179
1775196900,24178.25,24179,24177.5,24178.75
1775196960,24179,24181.25,24178.25,24179.5
1775197020,24180,24182.75,24179.25,24179.75
1775197080,24180.25,24180.5,24176.25,24178
1775197140,24178,24180.75,24178,24180
1775197200,24178.75,24179.25,24178.25,24178.25
1775197260,24177.75,24179.5,24177,24178.25
1775197320,24178.25,24181.5,24178,24180.75
1775197380,24181.25,24181.25,24177.75,24179.25
1775197440,24179.25,24180.25,24178.5,24179
1775197500,24178.75,24181,24176.25,24179
1775197560,24178.5,24178.75,24173.5,24174.25
1775197620,24173.75,24175,24167.25,24168.75
1775197680,24168.25,24171.75,24167.25,24170.5
1775197740,24169.75,24173.25,24169.25,24173.25
1775197800,24172.5,24172.75,24167,24169.25
1775197860,24168.25,24168.25,24146,24154
1775197920,24153,24161.5,24153,24155.5
1775197980,24155.25,24156,24151,24152
1775198040,24151.5,24157.25,24151.5,24154
1775198100,24153.25,24159.75,24153.25,24159
1775198160,24158.25,24158.75,24155.75,24158.75
1775198220,24158.75,24160.25,24154,24157.75
1775198280,24157.5,24157.5,24153.25,24153.5
1775198340,24154.25,24157.5,24152.5,24153.5
1775198400,24153.75,24157.5,24153.75,24156.75
1775198460,24156.75,24156.75,24151.75,24151.75
1775198520,24152,24156.25,24152,24156.25
1775198580,24156.75,24159.25,24156.25,24158
1775198640,24159,24159,24153,24153
1775198700,24153,24158.5,24152.25,24158.5
1775198760,24158.75,24164.75,24158.75,24161.5
1775198820,24161.75,24162,24158.25,24159.25
1775198880,24158.5,24159,24153.75,24155
1775198940,24155.75,24159.25,24155.25,24158.25
1775199000,24158.75,24160.25,24157,24158
1775199060,24157.25,24158.75,24152.5,24152.75
1775199120,24152,24152.75,24147.5,24148.5
1775199180,24148.5,24148.75,24144.25,24146.25
1775199240,24145.25,24145.75,24140.5,24144.25
1775199300,24144,24145,24140,24140.25
1775199360,24141.5,24149.75,24140,24148
1775199420,24146.5,24150.25,24146.25,24150
1775199480,24150,24151.25,24148,24149.75
1775199540,24150.5,24154,24147.25,24153.25
1775199600,24152.25,24154.5,24144.25,24149
1775199660,24148.75,24151.25,24145.25,24148.5
1775199720,24148,24148.5,24145,24145.25
1775199780,24145,24146.5,24137.75,24139
1775199840,24138.25,24139,24135.5,24136.5
1775199900,24136.5,24136.75,24130.75,24131.5
1775199960,24131.5,24134.75,24130.75,24132
1775200020,24133.25,24133.75,24128.5,24129
1775200080,24128.75,24129.75,24125.5,24128.75
1775200140,24128.75,24129.25,24124,24124.25
1775200200,24125,24130.5,24120.25,24130.25
1775200260,24129.75,24132,24127.5,24131.75
1775200320,24132.25,24134.25,24129.5,24133.25
1775200380,24132.5,24133.5,24123.75,24124.5
1775200440,24124.5,24128.5,24123.25,24127.5
1775200500,24127.75,24133.75,24127,24132
1775200560,24132,24133.25,24130,24132
1775200620,24132,24139.5,24132,24135.5
1775200680,24134.5,24140,24134.5,24140
1775200740,24139.5,24142.25,24138,24140.75
1775200800,24140,24143.5,24138.5,24138.5
1775200860,24139.25,24141.25,24137,24139
1775200920,24138.75,24139.25,24130.75,24132.75
1775200980,24132.75,24134.5,24131.75,24133.25
1775201040,24134,24142.25,24133.25,24140.25
1775201100,24140.25,24148.5,24140,24146.75
1775201160,24146.75,24150.75,24146,24149
1775201220,24148.5,24149.5,24146.5,24147.25
1775201280,24147.5,24148,24145.5,24148
1775201340,24147.25,24149.75,24146,24148.75
1775201400,24149.75,24154.25,24148.75,24152.75
1775201460,24152.75,24156.5,24151,24152
1775201520,24152.5,24157.75,24149.75,24156.5
1775201580,24157.5,24159,24155,24155.5
1775201640,24154.75,24157,24154,24154.75
1775201700,24155.5,24160,24155.25,24156.25
1775201760,24156.75,24156.75,24153.5,24156
1775201820,24156.75,24161.75,24156.75,24161.75
1775201880,24162.25,24163.75,24157,24158.75
1775201940,24158.75,24159.5,24154.75,24155.75
1775202000,24155.5,24159,24154,24157.75
1775202060,24157.25,24161.5,24157.25,24159.75
1775202120,24160.5,24162.5,24159.25,24160.75
1775202180,24160.75,24162.25,24158.75,24161.75
1775202240,24162,24163.75,24158.75,24159
1775202300,24159,24160.75,24158,24158.75
1775202360,24159.5,24160.25,24157,24158.25
1775202420,24158.75,24159.5,24154.5,24155.5
1775202480,24156.25,24156.5,24152.5,24153.75
1775202540,24154,24154.25,24150.75,24152
1775202600,24152.5,24154,24149.25,24153.75
1775202660,24153.75,24157,24151.25,24157
1775202720,24156.5,24158,24155.75,24157.75
1775202780,24157.75,24160,24156.25,24158.5
1775202840,24157.25,24158.25,24156.5,24157
1775202900,24157,24159.25,24155.25,24158.75
1775202960,24158.25,24158.25,24154.25,24156
1775203020,24155.75,24157.25,24155.75,24156.5
1775203080,24156,24156,24152,24153.75
1775203140,24154,24155,24152.5,24154.5
1775203200,24154.75,24158,24153,24156.25
1775203260,24155,24166,24152.75,24165
1775203320,24164.5,24167.5,24160.5,24160.5
1775203380,24161,24161.5,24157,24161
1775203440,24160.25,24164.25,24156.75,24164
1775203500,24163,24164.25,24159.5,24160
1775203560,24161.25,24163.5,24160.25,24161.5
1775203620,24161.75,24162,24158,24158.5
1775203680,24159,24159,24155,24156
1775203740,24156.5,24163,24156.25,24161.25
1775203800,24160.5,24160.5,24157.5,24158.75
1775203860,24159.5,24163,24159.5,24162.5
1775203920,24162,24163,24161.25,24162.5
1775203980,24161.75,24162,24158.5,24158.5
1775204040,24158.75,24159.75,24157,24158
1775204100,24158.75,24159.75,24158.25,24159.25
1775204160,24159,24162,24157.25,24157.25
1775204220,24157,24157.5,24154.25,24156
1775204280,24156,24156.25,24154.25,24156
1775204340,24154.75,24157,24154.25,24154.5
1775204400,24154,24155,24152.5,24154.5
1775204460,24155,24155,24148.75,24150.25
1775204520,24149.5,24152.75,24144.75,24145.75
1775204580,24146,24146.75,24142.75,24145
1775204640,24144.25,24148.5,24144,24148.5
1775204700,24147.5,24152.25,24147,24151
1775204760,24150.25,24152.5,24149.25,24151
1775204820,24151,24151.25,24147.5,24148
1775204880,24148,24151,24146.75,24147.25
1775204940,24147.5,24149.75,24145.5,24146.25
1775205000,24146.25,24147.75,24142.25,24144.5
1775205060,24145,24152.75,24144.5,24151.25
1775205120,24151.25,24152.75,24149.75,24152.75
1775205180,24152,24153.25,24150.25,24152
1775205240,24152,24158.5,24150.25,24154.25
1775205300,24154.25,24155.25,24151,24151.25
1775205360,24151.5,24155.25,24151,24154.5
1775205420,24154,24154.75,24153,24154.25
1775205480,24154.25,24155.75,24151,24153
1775205540,24152.25,24153.5,24151,24151.75
1775205600,24152.25,24152.25,24148.25,24148.75
1775205660,24148.25,24150.5,24147.5,24150
1775205720,24149.25,24153.25,24148.75,24152.5
1775205780,24151.75,24151.75,24148.5,24149
1775205840,24148.75,24153,24148.25,24151.75
1775205900,24151.75,24152,24149,24152
1775205960,24151.5,24155,24151.25,24151.5
1775206020,24151,24153.25,24151,24151.75
1775206080,24152,24154.25,24151.5,24154.25
1775206140,24154.25,24154.75,24152.25,24153.5
1775206200,24154,24158.75,24153.25,24156
1775206260,24155.5,24157,24154.75,24154.75
1775206320,24155,24156,24151.75,24152
1775206380,24151.75,24152.5,24151,24152.5
1775206440,24151.75,24153,24151,24153
1775206500,24152.75,24152.75,24150,24150
1775206560,24150.5,24151.5,24146.5,24149.75
1775206620,24149.25,24152,24148.75,24151.75
1775206680,24151.5,24152.75,24150.75,24151.75
1775206740,24152.75,24152.75,24149.25,24150
1775206800,24149.75,24151.25,24145.5,24147.5
1775206860,24147.5,24150.75,24145.75,24150.75
1775206920,24150.75,24154.25,24145.5,24153
1775206980,24153,24153,24144.25,24148.75
1775207040,24148.25,24149.5,24146,24146
1775207100,24145,24147.25,24142,24143.25
1775207160,24142.75,24148.5,24142.75,24148.5
1775207220,24148.75,24148.75,24145,24145
1775207280,24145,24145.25,24142.5,24144.75
1775207340,24144.75,24145.5,24143.25,24144.25
1775207400,24144.25,24145,24143,24143
1775207460,24142.25,24142.75,24137.75,24137.75
1775207520,24138.75,24141,24137.5,24138.25
1775207580,24139.25,24140.75,24134,24135.75
1775207640,24136.5,24137.75,24135.5,24136.25
1775207700,24136.75,24138,24133.75,24135
1775207760,24133.75,24136,24132.25,24134.75
1775207820,24135.25,24138.25,24131.75,24138.25
1775207880,24138.25,24138.25,24135.75,24137.25
1775207940,24137,24148.25,24137,24146.75
1775208000,24147.25,24150.5,24145.25,24147.75
1775208060,24147.25,24148.25,24144.5,24144.75
1775208120,24144.5,24144.75,24140.25,24140.5
1775208180,24140.75,24143.75,24137,24137.25
1775208240,24137.5,24141,24137.25,24140.5
1775208300,24141.75,24143,24139,24141.75
1775208360,24142.25,24146.75,24141.5,24144.5
1775208420,24144.5,24144.5,24142.25,24144.25
1775208480,24143,24145.25,24142.25,24142.5
1775208540,24142.5,24145,24142.5,24144
1775208600,24144.5,24148.25,24144.5,24148
1775208660,24147.75,24148.75,24146.25,24146.25
1775208720,24147.25,24148,24144,24144.75
1775208780,24144,24146.25,24144,24146
1775208840,24145.75,24146.25,24144.5,24145.75
1775208900,24145,24146,24144.25,24146
1775208960,24146.5,24148.75,24142.25,24144.75
1775209020,24144,24144.75,24142.75,24142.75
1775209080,24143,24144.75,24141.25,24144.25
1775209140,24145.25,24145.5,24141.75,24143.5
1775209200,24144.25,24146.25,24143,24145.25
1775209260,24145.25,24146.25,24145,24146.25
1775209320,24144.75,24148,24144.5,24146.25
1775209380,24147.5,24147.75,24145,24145.5
1775209440,24145.5,24146.25,24141.75,24142.25
1775209500,24142.5,24142.5,24140.75,24141
1775209560,24141.5,24145,24141.25,24142.75
1775209620,24142.75,24143,24138.75,24138.75
1775209680,24140,24142.25,24140,24141.25
1775209740,24141.75,24144,24141.75,24144
1775209800,24143.75,24145.5,24143.25,24144.5
1775209860,24144.5,24144.5,24142.5,24143.5
1775209920,24143,24143.25,24141.75,24142.75
1775209980,24142,24143.75,24141,24143.75
1775210040,24143.75,24145,24143.5,24145
1775210100,24144.75,24145.5,24143.75,24144.5
1775210160,24144.25,24145,24143,24143.25
1775210220,24142.5,24143.5,24142.5,24143.5
1775210280,24143,24143.75,24142.5,24143.75
1775210340,24143.25,24143.25,24139,24139
1775210400,24139,24140,24134.75,24137.25
1775210460,24138,24143,24135.25,24141.75
1775210520,24141.75,24143.25,24139,24140.5
1775210580,24140.5,24143.25,24140.25,24143
1775210640,24143,24143,24139.75,24140.75
1775210700,24142,24142.25,24139.75,24140.75
1775210760,24140.75,24144.25,24140.75,24144
1775210820,24144,24144.25,24137.25,24137.5
1775210880,24137.75,24138.25,24136.25,24137.75
1775210940,24137.75,24139.75,24137.5,24139
1775211000,24139,24140.25,24136.25,24136.75
1775211060,24137,24138,24136.5,24137.25
1775211120,24136.5,24138.5,24133,24137.5
1775211180,24137.75,24137.75,24125.75,24131
1775211240,24131,24136.5,24130.75,24134
1775211300,24134.75,24136.25,24131.75,24131.75
1775211360,24131.75,24133,24131,24132.25
1775211420,24132.25,24139.25,24131.75,24138.5
1775211480,24139.25,24143.25,24138.5,24140.5
1775211540,24140.5,24140.5,24134.5,24134.5
1775211600,24134.75,24137.5,24134.5,24137.25
1775211660,24139.25,24142.75,24139,24142.75
1775211720,24142.25,24143.25,24138.25,24140.25
1775211780,24140.5,24144.25,24139.75,24142.25
1775211840,24143.25,24144.25,24139.25,24141
1775211900,24140.5,24141,24137,24139.75
1775211960,24140.25,24143.5,24140.25,24142
1775212020,24142.25,24143,24140.5,24141.75
1775212080,24141.25,24141.25,24134,24135.75
1775212140,24136.5,24136.5,24132.25,24134
1775212200,24135,24138.25,24134,24136.25
1775212260,24137.25,24137.5,24128.5,24131
1775212320,24131.75,24133.25,24129.25,24132.25
1775212380,24132.25,24133.5,24127.25,24132.25
1775212440,24132.75,24135,24129,24135
1775212500,24135.25,24136.25,24133.5,24135
1775212560,24134.75,24134.75,24131.5,24133.25
1775212620,24133.5,24136.25,24133.5,24135
1775212680,24135,24135,24130.75,24132.25
1775212740,24131.25,24134.75,24131,24133.25
1775212800,24133.25,24136.25,24133,24135.5
1775212860,24135.75,24139,24134,24137.5
1775212920,24137.75,24142.5,24136.75,24141
1775212980,24140.5,24140.75,24136.25,24137.25
1775213040,24137,24138.25,24135.25,24136.75
1775213100,24136.75,24142.25,24136.75,24141
1775213160,24141,24142.75,24140,24142
1775213220,24142.5,24144.75,24139.75,24140.75
1775213280,24141,24141.25,24138.75,24138.75
1775213340,24138.5,24142.5,24137.75,24141.5
1775213400,24141.5,24143.75,24141,24142.5
1775213460,24142.75,24143.5,24142,24143
1775213520,24142.5,24142.75,24139,24141
1775213580,24140.25,24142.5,24140.25,24142
1775213640,24141.5,24143.5,24140.75,24143.5
1775213700,24142.75,24144.25,24142.25,24142.25
1775213760,24142.25,24143.25,24141.75,24143.25
1775213820,24143,24143.5,24140.5,24140.5
1775213880,24140.5,24142.5,24138.75,24141.25
1775213940,24141.5,24141.75,24138.25,24138.5
1775214000,24138.75,24140.75,24134.75,24135
1775214060,24136,24137.75,24133.75,24136.25
1775214120,24135.5,24138,24133.25,24134
1775214180,24134.25,24137,24132.75,24134.75
1775214240,24135,24135.5,24132.5,24134.25
1775214300,24133.75,24133.75,24125.75,24131
1775214360,24130.5,24131,24125.25,24126.5
1775214420,24126.75,24126.75,24113.75,24114.5
1775214480,24114.25,24120,24114.25,24117.25
1775214540,24117,24124.25,24116.5,24122.5
1775214600,24123,24130.5,24122.5,24124.5
1775214660,24124.5,24131,24124,24130
1775214720,24130,24132.25,24126.75,24131.5
1775214780,24130.75,24135.5,24128.5,24132.25
1775214840,24133,24133,24129.25,24131
1775214900,24129.5,24130.25,24126,24130.25
1775214960,24130.25,24139.5,24129.5,24136.25
1775215020,24135.5,24136.25,24129.75,24133
1775215080,24132,24139.5,24131.5,24136.75
1775215140,24137,24143.75,24136.5,24141.75
1775215200,24141.75,24149.5,24141.5,24146.25
1775215260,24146.75,24148.75,24145,24145.5
1775215320,24145.75,24147.75,24142.75,24144.5
1775215380,24144.5,24145.5,24140,24141.5
1775215440,24140.75,24145,24140.75,24141.5
1775215500,24141.25,24142,24137.75,24138.5
1775215560,24138.5,24140.25,24136.5,24139.25
1775215620,24138.5,24144,24138.5,24142.25
1775215680,24142,24148.25,24140.75,24146.25
1775215740,24146.25,24154,24146.25,24152.5
1775215800,24151.5,24152,24148,24148.75
1775215860,24149.25,24152.25,24146.75,24150
1775215920,24149.25,24154.25,24148.75,24152.75
1775215980,24152.5,24154.5,24151.75,24154
1775216040,24153.25,24155,24150.25,24151.75
1775216100,24151.5,24153.25,24150.5,24151.75
1775216160,24151,24152.5,24148.5,24149.25
1775216220,24150,24152.5,24150,24151.5
1775216280,24151,24157.5,24151,24156.25
1775216340,24155.75,24159.75,24154.25,24156.75
1775216400,24156.25,24157.75,24151.5,24153.25
1775216460,24152.5,24153.25,24149.25,24151.75
1775216520,24150.75,24151.5,24147.5,24150.5
1775216580,24149.75,24153.25,24149.25,24151
1775216640,24150.25,24151.25,24147.25,24148.5
1775216700,24148.5,24150,24147,24148.75
1775216760,24148.25,24150,24147.25,24148
1775216820,24147.25,24150.75,24147,24149
1775216880,24148.75,24151.25,24148.5,24149
1775216940,24148.25,24150,24147.5,24149.75
1775217000,24149.5,24151.25,24148.75,24150.25
1775217060,24149.75,24149.75,24146.25,24148
1775217120,24147.5,24151,24147.25,24150
1775217180,24150,24156.25,24150,24155.75
1775217240,24155.75,24156.5,24153.25,24153.25
1775217300,24153,24154,24148,24150.5
1775217360,24150.25,24154,24150,24151.5
1775217420,24151.25,24153,24149.5,24153
1775217480,24152.25,24154.75,24151.25,24152.75
1775217540,24154,24154,24150.75,24151
1775217600,24150.5,24157.75,24150.25,24155.5
1775217660,24154,24157.75,24150.75,24157
1775217720,24157,24166.25,24156.75,24164.75
1775217780,24165.25,24180,24164,24178.5
1775217840,24178.5,24180,24174.25,24177.75
1775217900,24177.75,24178.75,24172.75,24175.25
1775217960,24175.25,24177.75,24173,24174.75
1775218020,24174.5,24175.25,24164,24164
1775218080,24164,24168.75,24163,24163.25
1775218140,24163.5,24166.25,24161,24161.5
1775218200,24161.25,24161.5,24156.5,24156.5
1775218260,24156.5,24157.25,24151.25,24153.75
1775218320,24153.25,24159.75,24152.75,24158.25
1775218380,24157.25,24162.5,24155.75,24160.75
1775218440,24160.5,24163.25,24159.75,24160.5
1775218500,24160.75,24162.25,24152.75,24154
1775218560,24153.5,24153.75,24133,24133.5
1775218620,24133.75,24137,24130,24132.25
1775218680,24131.5,24134.25,24128,24133
1775218740,24132.25,24142.25,24131.5,24140
1775218800,24140,24146,24139,24142.25
1775218860,24142.25,24146.5,24142,24143.5
1775218920,24143,24147,24139,24141.75
1775218980,24142.5,24148.5,24138.5,24144.5
1775219040,24144.25,24151.25,24139,24149.25
1775219100,24149,24171.75,24148.5,24168
1775219160,24168.5,24168.5,24160,24160
1775219220,24159.5,24169.5,24155.25,24159.75
1775219280,24160.5,24166.75,24159.75,24163.5
1775219340,24164,24182.5,24130,24174.25
1775219400,24163.75,24240.25,24163,24211.5
1775219460,24212.75,24212.75,24181.75,24185.5
1775219520,24186.75,24201,24179.25,24190.25
1775219580,24189.75,24193.25,24176.5,24186.75
1775219640,24186.25,24186.25,24165.25,24168.5
1775219700,24167.25,24169,24146.75,24148
1775219760,24147,24164.75,24146.5,24160.5
1775219820,24159.25,24160.5,24134.75,24135.5
1775219880,24135.25,24144,24128.5,24143.5
1775219940,24142.25,24147,24137,24144.25
1775220000,24144.25,24151.25,24140,24149.25
1775220060,24148,24155,24144.75,24155
1775220120,24153.75,24154.75,24148,24152.5
1775220180,24151.75,24166,24151.75,24157.25
1775220240,24156.25,24165.75,24155.5,24162.25
1775220300,24163,24169.25,24160,24166.5
1775220360,24167,24169,24160.75,24161.75
1775220420,24162,24163.25,24149.5,24157.75
1775220480,24157.75,24159.75,24151.25,24152
1775220540,24151,24153,24137.5,24137.75
1775220600,24138,24138.75,24122.75,24127
1775220660,24126.5,24128.25,24120,24128
1775220720,24128,24133.5,24123.25,24130
1775220780,24130.5,24132,24120.25,24125.75
1775220840,24125.75,24130,24121.5,24125.75
1775220900,24125,24132.25,24119.25,24129
1775220960,24128.5,24135.5,24126,24131.25
1775221020,24130,24133.75,24122.75,24122.75
1775221080,24123.5,24127.25,24111.5,24114.75
1775221140,24115,24118.75,24113.5,24118.25
1775221200,24117,24118.25,24105.75,24114
1775221260,24113.25,24126.75,24109,24125.75
1775221320,24126.75,24129.75,24116.25,24123
1775221380,24123.75,24133,24123,24125.75
1775221440,24125.75,24129,24119.25,24125.75
1775221500,24124.5,24132,24123.75,24131.75
1775221560,24130.5,24137.5,24126.75,24131
1775221620,24132.25,24132.25,24123.5,24125
1775221680,24124.25,24129.5,24119.25,24123
1775221740,24124.5,24126,24120.5,24122.5
1775221800,24122.5,24123.5,24113.5,24117.5
1775221860,24116.75,24121.5,24113.5,24114
1775221920,24113.5,24129.5,24113,24129.5
1775221980,24129.5,24131.25,24123,24128.75
1775222040,24129.75,24135,24125,24132.25
1775426400,24093.25,24100,24030,24035
1775426460,24036,24056.75,24032.5,24045.5
1775426520,24047.75,24056.75,24033.25,24043.5
1775426580,24043.75,24051.25,24020,24034.25
1775426640,24034,24050,24032,24038
1775426700,24038.75,24039.5,24020.25,24029.75
1775426760,24030.25,24032.75,24004.25,24011.25
1775426820,24011.5,24026.75,24007.25,24014.5
1775426880,24013.25,24017.5,23995.75,23999.25
1775426940,23998.75,24005.5,23994,24002.5
1775427000,24002.75,24004.75,23985,23989
1775427060,23989,24009.5,23981.25,23982.75
1775427120,23983,24019.25,23981,23998.25
1775427180,23998.5,24014.5,23998.5,24013.25
1775427240,24013.25,24035.5,24011.5,24024.75
1775427300,24025,24028.5,24010,24017.75
1775427360,24018.25,24039,24017,24018.5
1775427420,24019.25,24035,24016.75,24028.75
1775427480,24027.5,24031.5,24019,24024.75
1775427540,24023.75,24028.75,24017.25,24023
1775427600,24024,24030.75,24018.25,24028.75
1775427660,24029,24042.5,24025,24031.5
1775427720,24031.75,24045.5,24031,24043.25
1775427780,24043.5,24066.75,24038.5,24049
1775427840,24048.75,24063.5,24044.5,24051.75
1775427900,24051.75,24058.5,24041,24049.75
1775427960,24049.75,24058.75,24039.25,24040
1775428020,24040.75,24054.5,24039.25,24052.5
1775428080,24052.25,24073,24052.25,24066
1775428140,24065.75,24067,24054.5,24062.25
1775428200,24062.25,24067.25,24048.25,24060
1775428260,24060.25,24077,24060.25,24063.5
1775428320,24064,24070,24059.25,24062
1775428380,24061.75,24061.75,24048,24048
1775428440,24048.75,24053.25,24043,24044.5
1775428500,24044.5,24049.5,24035.25,24039.75
1775428560,24039.25,24048.75,24038.25,24041
1775428620,24041,24045.5,24034,24035.75
1775428680,24036,24069.5,24036,24060.75
1775428740,24061,24082.5,24059.5,24071.75
1775428800,24073.5,24083,24066.25,24072.25
1775428860,24072.25,24076.5,24063.75,24076.5
1775428920,24076.75,24076.75,24059.75,24063
1775428980,24061.75,24067.25,24056,24061.5
1775429040,24061.5,24067.25,24057.25,24059.5
1775429100,24058.5,24065.75,24050.5,24062.25
1775429160,24062.75,24072.5,24060.25,24061.5
1775429220,24060.5,24061.5,24053,24055
1775429280,24055.25,24059.5,24045,24051.5
1775429340,24051.75,24064.75,24051,24064
1775429400,24063.75,24086.25,24063.75,24074.25
1775429460,24075,24087.75,24073.75,24075.25
1775429520,24075.25,24088.75,24072,24088.75
1775429580,24087,24088.25,24075.25,24078
1775429640,24079,24083.75,24075.25,24079
1775429700,24079.75,24089.75,24079,24085.5
1775429760,24086.75,24087.25,24078,24084.5
1775429820,24084.5,24090.75,24080.5,24087.25
1775429880,24088,24098,24083.5,24084.75
1775429940,24084,24091.5,24075.25,24079.25
1775430000,24079,24090.5,24065.75,24080.25
1775430060,24078.75,24085.75,24062.25,24066.25
1775430120,24067.75,24077.75,24052.75,24066.75
1775430180,24066.25,24077.5,24045.5,24067.75
1775430240,24067.75,24069.5,24040,24059.25
1775430300,24060.75,24078.25,24043.75,24071
1775430360,24072.5,24091.75,24066.75,24085
1775430420,24082.75,24094.5,24075,24078.25
1775430480,24077.5,24079.5,24062.25,24064.75
1775430540,24064.75,24067.5,24053,24057.25
1775430600,24059.25,24073.75,24047.75,24062
1775430660,24062,24073.5,24048.75,24059.5
1775430720,24059.25,24068,24044.25,24047.75
1775430780,24048,24061.25,24045.75,24054.75
1775430840,24055.5,24072.25,24051.25,24069
1775430900,24069.75,24078.75,24055,24076
1775430960,24075.5,24082.75,24067,24080.75
1775431020,24080.75,24084,24068.5,24083.5
1775431080,24083.5,24086.25,24072,24084
1775431140,24084.5,24086.25,24066.25,24078
1775431200,24077.5,24089.75,24077,24080.5
1775431260,24080,24081.25,24070,24074
1775431320,24074.75,24078,24071.5,24074.75
1775431380,24074,24077,24070.5,24071.5
1775431440,24071.25,24073.25,24069.5,24070
1775431500,24071,24074.75,24067.75,24074.5
1775431560,24074.25,24074.25,24069.5,24071.75
1775431620,24071.5,24073.75,24069,24069.75
1775431680,24069.5,24074.25,24068.25,24071.5
1775431740,24072.5,24073.5,24069,24070.25
1775431800,24070.25,24079,24070.25,24078.5
1775431860,24078.75,24082.25,24072.25,24078.25
1775431920,24078,24086,24078,24081
1775431980,24081.75,24081.75,24075.5,24078.25
1775432040,24078.25,24079.75,24071.5,24077.75
1775432100,24077.5,24080,24075.5,24076.25
1775432160,24076.25,24079,24073.25,24079
1775432220,24079,24080,24072.75,24074.5
1775432280,24074.75,24076.75,24072.75,24073.75
1775432340,24073.5,24075.75,24072,24075
1775432400,24075.5,24080.5,24074.5,24076
1775432460,24076,24079,24074,24075.25
1775432520,24075.75,24075.75,24071.5,24073.75
1775432580,24074,24074.5,24069.25,24072.5
1775432640,24071.75,24072.75,24068,24070.5
1775432700,24069.75,24077.5,24069.25,24074.25
1775432760,24073.25,24077.25,24070,24076.25
1775432820,24076,24077,24071.75,24074.75
1775432880,24074.5,24077,24070.75,24072.5
1775432940,24071.75,24073,24068,24071.25
1775433000,24069.5,24082.5,24069,24078.25
1775433060,24077.5,24079,24072.25,24074
1775433120,24073.75,24078,24072.25,24073.5
1775433180,24073,24077,24071,24076.75
1775433240,24075.5,24088.25,24075.5,24078
1775433300,24080.25,24083.25,24078.5,24079.75
1775433360,24080,24089,24078.5,24089
1775433420,24088.75,24089.25,24085.25,24087.75
1775433480,24087.25,24091.75,24083,24087.25
1775433540,24088.75,24092,24084.25,24092
1775433600,24091.25,24136.25,24087.25,24131
1775433660,24130.5,24158.25,24126.75,24154
1775433720,24153,24155.5,24135.5,24145.5
1775433780,24145.5,24152.5,24143.75,24147.25
1775433840,24148,24157,24147,24157
1775433900,24157.25,24166.5,24145.25,24154.5
1775433960,24153,24160,24146.75,24157.25
1775434020,24157.75,24162.25,24152,24158
1775434080,24157,24165,24154.5,24160
1775434140,24160,24168.5,24157.75,24162.25
1775434200,24161.75,24162,24150.75,24151.5
1775434260,24151.5,24159.75,24150.5,24155
1775434320,24154.75,24176.5,24154.5,24165.75
1775434380,24165.5,24169.75,24159.75,24162.5
1775434440,24160.5,24168,24158.5,24164.5
1775434500,24165.5,24172.5,24163,24167.75
1775434560,24168.25,24170.25,24157.25,24160
1775434620,24160.5,24164,24155.75,24160
1775434680,24160.25,24165,24154.75,24159.75
1775434740,24159,24162.75,24157,24160.75
1775434800,24161,24167.25,24159.5,24163.5
1775434860,24163,24164.25,24157,24160.25
1775434920,24159.75,24167.25,24156.75,24166
1775434980,24166.25,24205,24163.75,24194.25
1775435040,24194,24194.25,24180,24183.5
1775435100,24183.5,24188.25,24176,24181.25
1775435160,24179.5,24188,24179,24182.5
1775435220,24182.25,24193.25,24180,24183.75
1775435280,24183,24187.75,24176,24176.5
1775435340,24177.25,24182,24170.25,24173.25
1775435400,24172.75,24180,24171.25,24177.75
1775435460,24177.75,24182.5,24176.5,24179.75
1775435520,24179.5,24189.75,24177.75,24183.25
1775435580,24182.75,24187.75,24178.5,24180
1775435640,24179,24185.5,24177,24182.25
1775435700,24182,24188.25,24180.75,24185.75
1775435760,24186.75,24193.75,24183.25,24192.5
1775435820,24191.75,24196.5,24186.25,24188.5
1775435880,24189.25,24192.5,24178,24182.25
1775435940,24183.25,24185.75,24179,24182.25
1775436000,24182,24189.25,24179.75,24187.5
1775436060,24187.25,24202,24185.75,24196.25
1775436120,24196.5,24197.5,24192.25,24196.75
1775436180,24197.75,24203.5,24194.75,24202
1775436240,24201.5,24202.75,24196.25,24199.25
1775436300,24199.25,24201,24192.5,24196.5
1775436360,24196.75,24200,24194.75,24199
1775436420,24199.25,24204.5,24196,24202
1775436480,24201.25,24209.25,24191,24192.75
1775436540,24192,24196,24191,24194.25
1775436600,24194,24199.25,24188.5,24198
1775436660,24198,24198,24190.75,24192
1775436720,24193,24199.5,24193,24198
1775436780,24198,24198.75,24194.25,24194.75
1775436840,24195,24202.25,24193.5,24197.25
1775436900,24196.75,24206.5,24196.5,24204.75
1775436960,24204.75,24206.5,24200.25,24204.25
1775437020,24204.75,24215,24203.75,24212
1775437080,24212.25,24214.75,24210.25,24211
1775437140,24211,24212.25,24206.25,24209
1775437200,24209.75,24220,24208.25,24216.75
1775437260,24216.75,24223.75,24211.75,24219.75
1775437320,24219,24223.5,24218.25,24219.5
1775437380,24219.25,24222.25,24216.25,24218.5
1775437440,24219,24226.75,24219,24221.5
1775437500,24220.75,24222,24216.25,24221.5
1775437560,24221,24221.75,24215.25,24216.25
1775437620,24216.25,24220.75,24212.5,24220
1775437680,24220.25,24223.75,24215.25,24217.25
1775437740,24217.25,24219,24212.25,24217.75
1775437800,24218.75,24221.75,24216.25,24219
1775437860,24219.75,24223.5,24219,24219.75
1775437920,24220.5,24224.25,24219.75,24222.25
1775437980,24223,24223.25,24216.5,24221
1775438040,24220.75,24221.5,24217,24217.5
1775438100,24217.25,24219,24210.5,24215.75
1775438160,24215.75,24220.5,24215.75,24216.75
1775438220,24216,24218.25,24214.5,24216.5
1775438280,24215.25,24215.25,24203,24203.25
1775438340,24203.5,24206,24197.5,24198.5
1775438400,24197.75,24208.75,24196.5,24206.25
1775438460,24205.25,24216,24204.75,24212
1775438520,24211.75,24223.25,24210.5,24219.25
1775438580,24218.25,24221,24211.5,24213
1775438640,24213.25,24213.25,24207.5,24209.5
1775438700,24210.25,24222.25,24210,24219.5
1775438760,24220.25,24233.75,24218,24226.25
1775438820,24226.25,24226.75,24222.5,24223.75
1775438880,24223.25,24241.25,24223.25,24233
1775438940,24232.75,24238.25,24230.75,24234
1775439000,24233.75,24235.75,24222.75,24225.5
1775439060,24225.25,24228.75,24223.5,24225.75
1775439120,24225,24226,24219.25,24219.25
1775439180,24219.25,24221.5,24212,24215
1775439240,24214.75,24215.5,24208.25,24209.5
1775439300,24209.5,24216,24208.5,24215.5
1775439360,24215.75,24218.75,24213.5,24214.5
1775439420,24215.5,24218,24212,24212.5
1775439480,24212.5,24216.75,24210.25,24215
1775439540,24214.75,24218.75,24214,24217
1775439600,24216,24220.75,24213,24218.75
1775439660,24219.75,24220.5,24215,24218.5
1775439720,24218.75,24222.75,24218,24221.25
1775439780,24220.5,24223.25,24219,24220.25
1775439840,24220.5,24222.75,24218.5,24221.75
1775439900,24221.75,24225.75,24217.5,24221.25
1775439960,24221,24221.5,24217.25,24218.5
1775440020,24219.25,24221,24217,24219.75
1775440080,24219.5,24221.25,24208.75,24209.75
1775440140,24210,24212.25,24200.5,24204.5
1775440200,24205,24206,24200.25,24202
1775440260,24202,24205.25,24200,24200
1775440320,24201.5,24203.75,24199,24201.75
1775440380,24202,24202.5,24194,24196
1775440440,24196.25,24200.5,24195.5,24196.5
1775440500,24196.75,24197.5,24184.25,24188.5
1775440560,24188.5,24192,24184,24184.75
1775440620,24186,24191,24184.75,24188.5
1775440680,24188.25,24192.5,24185.75,24188
1775440740,24188.5,24196,24186.5,24193.75
1775440800,24192.75,24221,24188.25,24211.75
1775440860,24212.75,24213,24200.25,24207.5
1775440920,24207.5,24208.75,24197,24199
1775440980,24198.25,24203.75,24193.25,24202.75
1775441040,24202.75,24206.5,24200.25,24205.5
1775441100,24205.25,24206,24198,24200.75
1775441160,24200.75,24206.25,24197.5,24205
1775441220,24205.75,24216.25,24204.75,24215
1775441280,24215.25,24220,24210,24211.25
1775441340,24211,24250,24209.25,24240.25
1775441400,24238.75,24262.5,24226,24254.75
1775441460,24254.5,24274.75,24253.25,24262.75
1775441520,24261.75,24268,24256.5,24263.25
1775441580,24263.25,24267.75,24259,24265
1775441640,24264.75,24266.5,24257.5,24260
1775441700,24260,24263.25,24252.5,24253.25
1775441760,24254.5,24281,24254.25,24277.5
1775441820,24277.25,24282.25,24270.5,24274.75
1775441880,24274.75,24278.75,24269.75,24278.5
1775441940,24278.5,24299,24275.5,24293.75
1775442000,24293.5,24305,24288.25,24302
1775442060,24301.5,24319.5,24300.75,24314
1775442120,24312.75,24319.5,24306.25,24316.25
1775442180,24317,24323.25,24312.25,24318.25
1775442240,24317,24326.5,24314,24323.5
1775442300,24322.75,24323.75,24305,24310
1775442360,24310.5,24315.5,24306.75,24314
1775442420,24313.75,24315.75,24309,24314.75
1775442480,24314.25,24316.5,24309,24312
1775442540,24310.75,24311.75,24305,24310.25
1775442600,24311,24314,24305.5,24311.75
1775442660,24312,24316.75,24309.75,24309.75
1775442720,24309.75,24309.75,24296.5,24302.5
1775442780,24303,24306.5,24296.75,24304
1775442840,24305,24309.75,24300,24304.25
1775442900,24304.25,24308,24301.25,24302.75
1775442960,24303,24308.25,24300.5,24304.25
1775443020,24305,24305.25,24293.25,24296.75
1775443080,24296,24296,24290.5,24294
1775443140,24293.75,24293.75,24282.75,24283.25
1775443200,24283.5,24284.25,24263.25,24266.5
1775443260,24266,24272.5,24258.25,24261.25
1775443320,24259.75,24268.75,24256.75,24263
1775443380,24262.5,24268,24260,24261
1775443440,24260.5,24264,24252.25,24264
1775443500,24263.25,24269.75,24251.25,24255.75
1775443560,24255.25,24260.5,24250.5,24252
1775443620,24251.25,24259.25,24250.75,24256.25
1775443680,24255.5,24262.75,24255,24258.25
1775443740,24257.75,24261,24248.25,24250.75
1775443800,24250.75,24255.25,24249,24252
1775443860,24251.75,24261.75,24251.25,24258.5
1775443920,24258.25,24258.5,24252.25,24253.25
1775443980,24253,24253.75,24233.5,24234.75
1775444040,24234.5,24242.75,24233,24241.75
1775444100,24241.25,24242.25,24234.75,24238.5
1775444160,24238.5,24241,24234,24235.5
1775444220,24234.25,24236.5,24226.75,24232.5
1775444280,24231.75,24235.75,24229.5,24233
1775444340,24232.75,24234.25,24222.5,24223.75
1775444400,24223.25,24227.75,24220,24225.5
1775444460,24225.75,24230,24223,24225.5
1775444520,24225,24228.5,24208.5,24210
1775444580,24209.5,24218,24208.25,24212.5
1775444640,24212.5,24221.25,24212,24215.25
1775444700,24214.75,24218,24210.5,24215.75
1775444760,24215.25,24222.25,24210,24210.25
1775444820,24210.25,24216.75,24210,24214.75
1775444880,24214.5,24216.25,24201,24205.5
1775444940,24205,24206.75,24198.25,24205.5
1775445000,24205.5,24210.5,24204.25,24206.75
1775445060,24207.5,24211.75,24206.5,24210
1775445120,24209.75,24211,24200.5,24204.75
1775445180,24204.25,24208.5,24199.5,24203.5
1775445240,24202.25,24202.5,24193,24196
1775445300,24196.25,24203.25,24195,24201
1775445360,24200.25,24203.75,24197,24203
1775445420,24202.75,24207.25,24202,24207
1775445480,24207,24210.25,24185.75,24193.25
1775445540,24192.5,24198,24128.75,24153.75
1775445600,24153.25,24170.75,24143,24168.5
1775445660,24169.25,24173.5,24162.25,24164.75
1775445720,24165,24171.5,24162.5,24165.25
1775445780,24165,24174.75,24163.5,24172.5
1775445840,24173.25,24191.5,24172.5,24187.5
1775445900,24187,24191.25,24184,24187.75
1775445960,24187,24190.75,24179.75,24183
1775446020,24184.25,24189.25,24180.5,24187.75
1775446080,24187.75,24193.75,24185.75,24190.75
1775446140,24190.25,24190.75,24182.75,24185.5
1775446200,24186,24187,24176.5,24180.75
1775446260,24180.75,24188.5,24179.25,24186.75
1775446320,24187.75,24189.75,24174,24182
1775446380,24182.75,24185,24179.5,24182.75
1775446440,24181.75,24188,24179.75,24187
1775446500,24187.5,24193,24185.5,24191.25
1775446560,24190,24197,24187.75,24196.5
1775446620,24196.25,24198,24190.5,24192.25
1775446680,24193.25,24196,24189.5,24194.5
1775446740,24195.25,24196.25,24190,24192.75
1775446800,24192.25,24193,24181,24187
1775446860,24186.5,24188,24182,24183.75
1775446920,24183.75,24194.25,24183.75,24189.5
1775446980,24190.75,24198,24188.75,24193.5
1775447040,24194.25,24198,24192,24196.75
1775447100,24197,24198.5,24192,24194.25
1775447160,24193.5,24211,24193.25,24210.25
1775447220,24209.5,24214.25,24203.75,24206.25
1775447280,24206.5,24209,24201,24204.75
1775447340,24205,24206.75,24199,24206.25
1775447400,24206.25,24216.75,24206.25,24212.5
1775447460,24212.75,24213.75,24204.25,24206
1775447520,24205.5,24211.5,24201.5,24211.5
1775447580,24210,24214.75,24209.75,24209.75
1775447640,24209.75,24212.75,24206.75,24211
1775447700,24211.75,24211.75,24208.75,24209.75
1775447760,24209,24211.75,24208,24211.25
1775447820,24211.75,24213.25,24209,24211.75
1775447880,24212,24214,24210.25,24212.5
1775447940,24212.5,24213.25,24210,24212
1775448000,24213,24219.5,24207.5,24219.5
1775448060,24219,24227.75,24217.75,24227.75
1775448120,24227,24227.75,24221.5,24225.25
1775448180,24225.25,24229.25,24223.75,24228
1775448240,24228.5,24238,24227,24234.25
1775448300,24233.5,24235.25,24227,24227.75
1775448360,24227.5,24231.25,24223.75,24228.75
1775448420,24229.5,24232.5,24220.5,24222.75
1775448480,24223,24226,24220.75,24225.25
1775448540,24225,24226.25,24220.5,24224.5
1775448600,24224.5,24225,24213.5,24217.5
1775448660,24217.25,24224.5,24216,24223.25
1775448720,24224.5,24232,24224.5,24229.75
1775448780,24228.75,24231.5,24226,24227
1775448840,24227.75,24229.25,24220,24226.5
1775448900,24227,24230,24224.5,24228
1775448960,24228.25,24230,24225.25,24227.75
1775449020,24227.75,24232,24227.5,24231.75
1775449080,24231.75,24234.5,24229,24233
1775449140,24233.75,24233.75,24221.5,24222
1775449200,24223.25,24226.75,24221.75,24224.5
1775449260,24224.5,24229,24224.5,24227.25
1775449320,24228,24230.25,24226,24227.5
1775449380,24227.75,24231.75,24226,24227.75
1775449440,24228.5,24231.25,24225.25,24229.75
1775449500,24230,24232.5,24228.5,24231
1775449560,24231.25,24232,24227,24230.5
1775449620,24229.75,24229.75,24219.25,24224
1775449680,24224,24225.75,24222.5,24225.5
1775449740,24225.75,24228.25,24223.5,24227.5
1775449800,24227.25,24228.25,24221.5,24223
1775449860,24223.75,24230.25,24222.5,24229.75
1775449920,24230.25,24232.75,24227,24229
1775449980,24228.75,24230.25,24225,24228.5
1775450040,24229.25,24247.5,24227.5,24245
1775450100,24242.5,24252,24240.75,24247.25
1775450160,24247,24251.5,24245.75,24248.75
1775450220,24249.75,24249.75,24245.25,24247.5
1775450280,24247.5,24254,24247,24252.5
1775450340,24251.75,24251.75,24247.75,24249.5
1775450400,24250,24253.75,24240.75,24244.75
1775450460,24245.25,24254.5,24244,24254
1775450520,24254,24258.25,24249,24251.25
1775450580,24252.25,24255.25,24251.25,24252.5
1775450640,24252.5,24254.5,24249.5,24252.25
1775450700,24252.75,24255,24247,24247.5
1775450760,24247.5,24249.25,24244.25,24247
1775450820,24246.75,24248.5,24244.25,24247.5
1775450880,24247.25,24254,24247,24250
1775450940,24250.5,24256,24250,24254.25
1775451000,24254,24255,24249.75,24250.25
1775451060,24249.75,24258,24247.5,24257.5
1775451120,24256.75,24261,24255.75,24258
1775451180,24257.75,24257.75,24253.5,24256.5
1775451240,24256.5,24259,24255,24255.75
1775451300,24255.5,24259.75,24255,24256.25
1775451360,24256,24256,24249.25,24250
1775451420,24250.5,24256,24248.75,24255
1775451480,24255.5,24255.5,24250.75,24253.75
1775451540,24253.25,24254.25,24250.5,24252.5
1775451600,24252.75,24259.5,24252.75,24254.75
1775451660,24254,24259.25,24251.5,24256
1775451720,24256.25,24257,24252,24254
1775451780,24252.5,24256.75,24252.5,24255.25
1775451840,24255.25,24258.75,24253.25,24254.25
1775451900,24254.25,24260,24254.25,24256.75
1775451960,24257,24257,24250.75,24255.5
1775452020,24255.25,24258.75,24253,24257.5
1775452080,24258,24258.75,24253.75,24258
1775452140,24258.75,24268.75,24258,24266
1775452200,24266.5,24266.75,24260.5,24262.25
1775452260,24263,24263.25,24260.25,24260.5
1775452320,24260.75,24263.5,24258.25,24260.25
1775452380,24260.5,24266,24256.25,24257
1775452440,24257.25,24260.75,24255.25,24260.5
1775452500,24260.75,24262,24257.5,24257.5
1775452560,24257.75,24266,24256.5,24265.5
1775452620,24265.25,24265.25,24260,24260
1775452680,24260.5,24264.5,24258.25,24262.5
1775452740,24263.25,24265,24260.5,24265
1775452800,24265,24266.25,24261,24261.5
1775452860,24261.75,24262,24247.75,24254.5
1775452920,24254.25,24257.75,24253,24255.75
1775452980,24256.25,24262,24252.75,24261.5
1775453040,24261.75,24265.75,24261,24264
1775453100,24264.25,24264.5,24259.25,24260.25
1775453160,24259.25,24263.25,24257.25,24261.5
1775453220,24261.75,24263.25,24259,24260
1775453280,24259.5,24261,24254.5,24256.5
1775453340,24256.5,24257.25,24250.25,24251.25
1775453400,24251.75,24254.5,24241.75,24242.5
1775453460,24242.75,24250.75,24242.25,24248.5
1775453520,24249.25,24250.5,24236,24238
1775453580,24239,24245,24239,24243.75
1775453640,24244.25,24246.5,24237,24244.5
1775453700,24245,24245,24240.5,24241.5
1775453760,24241.5,24243.5,24238.5,24241
1775453820,24241,24242.25,24238.5,24239.25
1775453880,24239.25,24244.5,24236,24241.5
1775453940,24241.5,24242,24236,24237.25
1775454000,24238,24239.75,24231.25,24232.25
1775454060,24231.75,24232.25,24223,24226.25
1775454120,24225.75,24228.5,24224,24227.25
1775454180,24227.25,24230.75,24225.25,24229.25
1775454240,24228.5,24230,24225.25,24227.25
1775454300,24227.5,24230.25,24224.75,24227
1775454360,24228,24232,24222.25,24222.75
1775454420,24223,24228.5,24220.75,24228.25
1775454480,24228,24228,24212.75,24215.5
1775454540,24215,24220,24214.5,24216.5
1775454600,24216.75,24225.75,24215.5,24223
1775454660,24222.5,24226.5,24222,24225.25
1775454720,24225.75,24225.75,24220.5,24222.5
1775454780,24223.5,24230.25,24222,24229.25
1775454840,24229.25,24231.5,24226.25,24230.25
1775454900,24231,24237.25,24230.75,24232.25
1775454960,24232.75,24237,24228.75,24235.5
1775455020,24234.25,24235,24230.25,24231.5
1775455080,24231.75,24239.25,24231,24234.25
1775455140,24234.25,24234.75,24229.25,24232.75
1775455200,24232.25,24233,24220.5,24222.25
1775455260,24223,24228.5,24220.5,24220.75
1775455320,24220.5,24225.25,24219.75,24224.75
1775455380,24225.5,24231,24219.75,24221.75
1775455440,24221.25,24228.5,24220.75,24225.25
1775455500,24225.5,24230.75,24221.5,24230.75
1775455560,24230.5,24242.5,24230.5,24242.5
1775455620,24241.25,24250.75,24239.5,24247.75
1775455680,24247.5,24252,24245.5,24247.25
1775455740,24247.25,24250,24245,24247
1775455800,24247,24250.5,24244.75,24249.25
1775455860,24249,24258.75,24248.5,24257.25
1775455920,24256.75,24274,24255,24270.25
1775455980,24270.25,24274.25,24267,24273.25
1775456040,24272.25,24277.5,24270.25,24274.25
1775456100,24274,24275.5,24266.75,24270
1775456160,24269.5,24272,24261.5,24262.75
1775456220,24261.75,24267,24261.75,24262
1775456280,24262,24262,24253,24255.75
1775456340,24257,24257.75,24248.5,24251
1775456400,24251.25,24253.5,24246.5,24246.75
1775456460,24247.25,24253.25,24246.5,24251
1775456520,24250.75,24252,24238.5,24242
1775456580,24241.25,24244,24237,24242.5
1775456640,24243.25,24248.75,24242.25,24244.5
1775456700,24245.25,24247,24239,24242.25
1775456760,24242.75,24244.75,24240,24242.75
1775456820,24241.5,24246.25,24240,24244.25
1775456880,24244,24245,24231,24233
1775456940,24233.5,24234,24222.5,24226
1775457000,24225.75,24226,24216,24222
1775457060,24222.75,24232.25,24221.25,24231.5
1775457120,24232,24236.75,24231.25,24235.75
1775457180,24235.5,24236,24229.25,24230.5
1775457240,24229.5,24233.5,24225.25,24227.5
1775457300,24228.5,24230.75,24223.75,24225.5
1775457360,24225.75,24229,24222.75,24228.5
1775457420,24228.5,24229.75,24220.75,24221
1775457480,24221.75,24226.5,24220.25,24225.75
1775457540,24225.25,24231.75,24224.5,24231
1775457600,24229.75,24230.75,24223.5,24225.5
1775457660,24225.75,24229.75,24223.25,24228
1775457720,24228.25,24230.25,24226.75,24228.75
1775457780,24230,24238,24230,24236.25
1775457840,24236.25,24237,24231.75,24232
1775457900,24231.25,24231.25,24222.25,24223
1775457960,24222.25,24226.5,24219.5,24221
1775458020,24221.75,24225.75,24220.5,24223.25
1775458080,24223.75,24229.25,24221.75,24228.75
1775458140,24229,24234.75,24228.25,24232.5
1775458200,24232.5,24290.5,24229.25,24256.25
1775458260,24256.5,24286,24253.5,24280
1775458320,24279.5,24291.25,24270,24274.5
1775458380,24273.5,24275.75,24254.5,24259.5
1775458440,24260.5,24262.75,24247,24252.5
1775458500,24252.75,24254.5,24246,24249.75
1775458560,24249.75,24259,24246.5,24255
1775458620,24255.5,24259.5,24251.75,24258.75
1775458680,24257.75,24262.5,24250.75,24253.75
1775458740,24253.25,24260.5,24252.25,24256.5
1775458800,24256.25,24262,24248.75,24255
1775458860,24255.75,24256,24242.25,24243.75
1775458920,24243,24247.5,24240.25,24243.25
1775458980,24244.25,24245.5,24238.25,24239.75
1775459040,24240,24240.75,24228.5,24230.75
1775459100,24230.5,24237.25,24229.75,24233
1775459160,24233.5,24236.25,24225.25,24229.75
1775459220,24229.25,24235.25,24229.25,24233.25
1775459280,24233.5,24234.5,24224.5,24225.75
1775459340,24225.25,24229.75,24218.25,24220.75
1775459400,24220.25,24224,24209.25,24224
1775459460,24224,24226,24207.5,24209.25
1775459520,24208.5,24217.5,24208.25,24215
1775459580,24214.75,24223.5,24214.75,24221.25
1775459640,24220,24226,24215.25,24225.75
1775459700,24226.5,24247.5,24226.5,24245
1775459760,24246.25,24255.25,24239.25,24241.5
1775459820,24241.25,24248.75,24240.5,24246
1775459880,24246.75,24247,24241.5,24243.25
1775459940,24243.75,24244.75,24237.5,24239.5
1775460000,24239.5,24243.5,24239.5,24240.25
1775460060,24240.75,24249.75,24239.75,24248.25
1775460120,24248.25,24248.25,24240.75,24242.75
1775460180,24243,24243.5,24225.25,24233.75
1775460240,24233.25,24236.25,24226.75,24235.75
1775460300,24236,24247,24235,24243.5
1775460360,24243.75,24247.75,24241.75,24245.25
1775460420,24245.25,24245.25,24237.75,24237.75
1775460480,24238,24242.5,24235.75,24240.5
1775460540,24241.75,24247.25,24235.5,24238.5
1775460600,24236,24246.25,24234.5,24244.5
1775460660,24244.75,24257,24243,24251.5
1775460720,24252,24257.25,24249,24252.25
1775460780,24252.25,24253.75,24246,24246.25
1775460840,24247,24256,24245,24254.5
1775460900,24255,24260,24252,24258.75
1775460960,24259.5,24268,24256.25,24267.75
1775461020,24267.5,24269,24262.25,24262.75
1775461080,24262.25,24271,24261.75,24269
1775461140,24269.25,24270,24261.75,24261.75
1775461200,24262.25,24263.75,24257.5,24260
1775461260,24260.5,24270,24254,24266.5
1775461320,24266.5,24282.75,24266.25,24280.5
1775461380,24279.5,24282,24269.5,24270.5
1775461440,24271,24275.75,24270.5,24275.25
1775461500,24274.75,24281.25,24271.5,24278
1775461560,24279.5,24283.75,24275.75,24276.25
1775461620,24276,24284.5,24272.75,24282.25
1775461680,24282.25,24296.75,24279.75,24291.5
1775461740,24290.75,24295,24281.75,24294.5
1775461800,24293.75,24300.75,24290,24297.75
1775461860,24298.5,24309,24296.75,24306
1775461920,24306.5,24325.75,24302.25,24323.5
1775461980,24322.5,24324.5,24308.75,24308.75
1775462040,24309.5,24312,24305,24308.25
1775462100,24307.75,24317.75,24306.5,24317
1775462160,24316,24323,24314.25,24321
1775462220,24321.5,24322.75,24316,24321.25
1775462280,24321.75,24325.75,24315.25,24316.5
1775462340,24316,24316.75,24306.25,24309.75
1775462400,24309.75,24329.75,24309,24320.75
1775462460,24319.75,24325.75,24314,24320.5
1775462520,24320.5,24326.5,24320.5,24325.5
1775462580,24326,24335.75,24322.25,24330.5
1775462640,24330.75,24335.25,24326.25,24334.75
1775462700,24334.25,24336.5,24320.5,24330.75
1775462760,24329.75,24332.5,24317.25,24318.5
1775462820,24319,24320.25,24313.75,24318.25
1775462880,24318.75,24327.5,24315.5,24326.25
1775462940,24326,24331.75,24324.75,24328
1775463000,24328.5,24329.25,24320.5,24321.5
1775463060,24321.5,24334.25,24320,24330.75
1775463120,24330.5,24330.75,24323.25,24327
1775463180,24327.25,24331.25,24326,24328.25
1775463240,24328,24330.75,24325,24328.75
1775463300,24328.5,24337.75,24328.5,24332.25
1775463360,24331,24333.25,24322.25,24332.5
1775463420,24332.5,24337.5,24327.75,24330.5
1775463480,24330.25,24330.75,24315.25,24316.5
1775463540,24315.75,24323,24315.25,24320.5
1775463600,24319,24333.25,24318.75,24331.5
1775463660,24331.5,24335.75,24325,24333
1775463720,24332.5,24337.25,24329.75,24334.75
1775463780,24334.5,24340,24330.75,24331
1775463840,24331.75,24343,24328.25,24341
1775463900,24341,24358,24336,24357
1775463960,24356.75,24360.75,24353.25,24358
1775464020,24358.25,24359.5,24351.25,24351.75
1775464080,24352.25,24353.5,24342,24345.25
1775464140,24345.75,24353.25,24345,24350
1775464200,24349.75,24353.75,24346.75,24347
1775464260,24347,24357.75,24344.25,24355.25
1775464320,24355.5,24363.5,24352.5,24361
1775464380,24360.75,24363.5,24355.75,24361.5
1775464440,24361.25,24373.5,24361.25,24366.5
1775464500,24367,24383,24363.75,24381.75
1775464560,24381,24392.25,24374.75,24388.25
1775464620,24388.75,24388.75,24377.25,24378.25
1775464680,24378.25,24390,24378.25,24383.5
1775464740,24384.75,24385.5,24380,24383.25
1775464800,24384,24385.25,24378.5,24384.75
1775464860,24384.5,24391.5,24383.5,24388.75
1775464920,24388.75,24393.5,24383,24386
1775464980,24386,24388.75,24382.25,24388.75
1775465040,24388.5,24393,24386.75,24389.75
1775465100,24389.25,24389.75,24380.25,24380.25
1775465160,24380.75,24389.25,24380.25,24386.5
1775465220,24387.5,24391.5,24380.5,24384.25
1775465280,24383.5,24387.5,24380.75,24385.5
1775465340,24385.75,24391.5,24384.75,24385.75
1775465400,24386,24386,24375.5,24377.5
1775465460,24376.5,24379.75,24373.5,24373.5
1775465520,24373.75,24374,24367.75,24370.75
1775465580,24370.5,24371.75,24363.75,24365.25
1775465640,24365,24372.5,24364.5,24371.25
1775465700,24371,24372,24367.5,24369
1775465760,24369,24374,24367,24372
1775465820,24371.75,24382,24371,24378.75
1775465880,24379.5,24379.75,24369,24369.75
1775465940,24369.5,24371,24367.75,24370.75
1775466000,24370.25,24377.25,24366.5,24373.25
1775466060,24375,24379.75,24372.5,24377.75
1775466120,24377.25,24384,24374.75,24378.75
1775466180,24379,24389.75,24378.25,24386.25
1775466240,24385.5,24388.5,24381.75,24384.5
1775466300,24384.25,24398.25,24383,24385
1775466360,24384.25,24389.75,24381.75,24387.25
1775466420,24387,24387,24376,24379.25
1775466480,24379.75,24387.25,24379.75,24385.5
1775466540,24384.75,24386.25,24378,24382
1775466600,24381.75,24388,24376.75,24377.25
1775466660,24377.25,24379.5,24375,24377.25
1775466720,24377.5,24380.5,24374.5,24376.75
1775466780,24377.5,24378.75,24375.75,24377.5
1775466840,24377,24379.5,24375.5,24378.75
1775466900,24380,24382.25,24371.5,24372
1775466960,24372.75,24379.25,24372.5,24373.5
1775467020,24373.75,24374.5,24368.25,24371.5
1775467080,24371.25,24380,24370,24380
1775467140,24380,24388,24376,24385.5
1775467200,24384.75,24387.75,24383.5,24383.75
1775467260,24383.25,24389.5,24380.75,24387.25
1775467320,24387,24395.25,24387,24394.25
1775467380,24393.5,24395.5,24387.5,24387.5
1775467440,24387.75,24390.5,24373.75,24376.25
1775467500,24377,24380,24371.75,24374.5
1775467560,24374.75,24380,24371.5,24376.75
1775467620,24377.25,24382.5,24376.75,24380.5
1775467680,24380.5,24381.75,24378,24380
1775467740,24379.75,24384,24377.75,24381
1775467800,24380.75,24386.5,24379.5,24385.25
1775467860,24386.75,24389.25,24380.5,24388
1775467920,24388.5,24389.25,24383,24386.75
1775467980,24387,24387,24383.25,24386
1775468040,24385.25,24386.75,24381.75,24384.25
1775468100,24384.75,24385.25,24380.25,24381.75
1775468160,24380.25,24383,24377.5,24381.25
1775468220,24382,24383,24379.5,24380.25
1775468280,24380.25,24383.25,24379.25,24381
1775468340,24381,24381.5,24378.25,24379.25
1775468400,24379.5,24381.5,24374,24379
1775468460,24379.5,24379.5,24374.75,24376.75
1775468520,24377,24379,24374.25,24376.75
1775468580,24377.75,24378,24373.75,24374
1775468640,24373.75,24375.5,24369.75,24372
1775468700,24372.25,24375.5,24371.5,24373
1775468760,24373.25,24378,24372.5,24374.5
1775468820,24375,24378.5,24372.5,24372.5
1775468880,24373.5,24375.5,24369,24372.25
1775468940,24372,24376.5,24371,24372.5
1775469000,24372.5,24372.5,24360,24365.5
1775469060,24366.5,24370.75,24360,24368.5
1775469120,24368.5,24370.5,24360.5,24361.5
1775469180,24361.5,24367.25,24353.5,24355
1775469240,24354.25,24356.25,24332.75,24348.75
1775469300,24348.5,24356.25,24348,24348.75
1775469360,24349.25,24349.5,24340.25,24343
1775469420,24344,24344.5,24333,24337.75
1775469480,24337.75,24338.25,24332,24335.75
1775469540,24336.75,24338.75,24333.25,24336.75
1775469600,24337.75,24339.5,24327,24327.75
1775469660,24328.5,24334.75,24327.25,24331.75
1775469720,24332,24344.25,24330.5,24332.25
1775469780,24332.25,24335.75,24326.5,24333.5
1775469840,24334.5,24341.5,24334,24340.5
1775469900,24340.25,24342.5,24335.5,24338
1775469960,24337.5,24352,24337.5,24350.5
1775470020,24351.25,24353,24347.25,24350.25
1775470080,24351,24354.25,24349.75,24353.75
1775470140,24354,24356.25,24351.5,24355.5
1775470200,24355.25,24359,24352.5,24355.75
1775470260,24355.25,24356.25,24350.5,24353
1775470320,24352.5,24359.25,24347.75,24359.25
1775470380,24358.75,24359.25,24351,24351.25
1775470440,24352,24355,24347.75,24350
1775470500,24350,24350.5,24345.5,24346.5
1775470560,24345.75,24352.75,24343.25,24351.25
1775470620,24351,24352.25,24349.25,24349.75
1775470680,24349.25,24350.25,24345.5,24350
1775470740,24350.75,24353,24345.5,24347.25
1775470800,24347.25,24348.75,24340.25,24341.5
1775470860,24341.75,24344.25,24341.5,24342.5
1775470920,24343,24348.25,24342.5,24346.75
1775470980,24347,24352,24345.75,24349
1775471040,24349,24350.5,24342.25,24342.75
1775471100,24342.75,24342.75,24335,24339.75
1775471160,24340.25,24340.75,24328.75,24331.5
1775471220,24332,24334.75,24327.75,24334.5
1775471280,24334.75,24343.75,24333,24343.5
1775471340,24344,24346.5,24341,24343.5
1775471400,24343.25,24344.25,24336.75,24340
1775471460,24340.5,24349.5,24340.5,24347.5
1775471520,24347,24347.25,24339.5,24343.5
1775471580,24343,24346.25,24341.75,24346
1775471640,24346,24346,24342.75,24345.5
1775471700,24345.75,24348,24342.5,24344.25
1775471760,24344,24353.75,24343.5,24352.5
1775471820,24352,24354.5,24348.75,24352
1775471880,24352,24356.25,24349,24350
1775471940,24349.25,24350.25,24346.25,24347
1775472000,24346.25,24351.25,24346.25,24349.75
1775472060,24350,24351,24346.75,24347
1775472120,24346.75,24348.75,24341.5,24346
1775472180,24346.75,24348.25,24340.25,24343.5
1775472240,24344.5,24344.75,24340.5,24344.75
1775472300,24345,24346.75,24340.75,24342.5
1775472360,24342.5,24343.75,24264,24290.25
1775472420,24291.75,24313.25,24291.25,24302.25
1775472480,24303.5,24329.5,24302.25,24327.5
1775472540,24327.75,24330.75,24316,24324.25
1775472600,24324.25,24332.5,24319,24329.5
1775472660,24329,24329,24310.5,24315.75
1775472720,24315,24329.5,24314,24327.5
1775472780,24328,24328.5,24321.5,24325.25
1775472840,24325.25,24325.25,24308.5,24314
1775472900,24313.75,24320.25,24313.5,24318
1775472960,24318.75,24323.25,24316.5,24317.75
1775473020,24317.5,24320.75,24308.75,24314.25
1775473080,24315,24315,24308.5,24312.5
1775473140,24312.5,24316,24310,24315.25
1775473200,24315.25,24316.75,24304.5,24305.5
1775473260,24305.25,24311.5,24302.25,24307
1775473320,24308.25,24316.75,24305,24308.75
1775473380,24309.25,24311.75,24295,24299.75
1775473440,24300.75,24308.5,24294.5,24305.25
1775473500,24304.25,24305.5,24298.75,24305.5
1775473560,24305.5,24311,24301.5,24303.75
1775473620,24303.75,24303.75,24295.25,24299.25
1775473680,24299.5,24306,24298.5,24302.75
1775473740,24302.75,24307.25,24300.5,24304
1775473800,24303.75,24306.25,24289.5,24296
1775473860,24295,24299.5,24283,24287
1775473920,24286.5,24293.5,24284,24287.75
1775473980,24289,24295.5,24287.5,24295.5
1775474040,24294.5,24298.75,24285.75,24288
1775474100,24289,24295.25,24282.5,24292
1775474160,24292,24300.25,24289.25,24297.5
1775474220,24298,24306.5,24297.5,24305
1775474280,24305.75,24311.75,24303,24307.75
1775474340,24308,24311.75,24306,24308.5
1775474400,24308.5,24309.75,24301.75,24303.5
1775474460,24304,24309.5,24300.25,24300.5
1775474520,24301.25,24301.25,24284,24286.25
1775474580,24286.25,24294,24286.25,24292.5
1775474640,24291.25,24298.5,24291.25,24296.5
1775474700,24296.25,24302.75,24293,24294
1775474760,24294,24300.5,24293,24294.5
1775474820,24294.25,24301.5,24291.75,24300.25
1775474880,24300,24303.5,24298.25,24302
1775474940,24301.75,24305.75,24299.75,24301.75
1775475000,24301.25,24301.75,24294.75,24297.75
1775475060,24297,24305.5,24296.25,24302.5
1775475120,24301.75,24307.75,24297.5,24304.25
1775475180,24303.75,24309.5,24302.5,24306.5
1775475240,24306.5,24309,24303,24308.25
1775475300,24308.25,24315,24295.75,24311.25
1775475360,24311.25,24312.25,24305.5,24308
1775475420,24308.5,24314.5,24308,24312
1775475480,24311.5,24312.5,24305,24306
1775475540,24307,24309.5,24304,24308.75
1775475600,24308.25,24311.25,24304.75,24305.25
1775475660,24305.75,24307.5,24299.75,24300
1775475720,24300.75,24306.5,24299.75,24305
1775475780,24305.75,24306,24297,24300
1775475840,24299.75,24299.75,24292,24295.25
1775475900,24295.75,24305.25,24295.75,24302.5
1775475960,24303.25,24305.5,24300.75,24303.25
1775476020,24303.25,24306,24294,24298
1775476080,24297,24304.75,24296.75,24298
1775476140,24297.75,24305,24297.5,24303.25
1775476200,24302.5,24311.75,24302.25,24310.5
1775476260,24310.5,24314.5,24306.25,24313.25
1775476320,24313.25,24316.75,24309.25,24310.25
1775476380,24309.75,24309.75,24305.25,24306.75
1775476440,24306.25,24312,24305.75,24309
1775476500,24308.5,24311,24302.5,24304.25
1775476560,24304.75,24309,24300.75,24307.25
1775476620,24306.5,24309.5,24304.5,24306
1775476680,24306.5,24309,24305.25,24309
1775476740,24308.5,24309.5,24302.75,24306
1775476800,24306,24308.25,24302.75,24305.25
1775476860,24305.25,24307,24300,24305.75
1775476920,24306,24307.25,24293.75,24297.5
1775476980,24297.25,24305.5,24296.75,24299.25
1775477040,24298.75,24302.75,24297.25,24300.75
1775477100,24301,24304.25,24299.25,24303.75
1775477160,24304.25,24307.25,24300.75,24304.25
1775477220,24304,24307.25,24302.25,24304.25
1775477280,24305,24309.25,24303,24308
1775477340,24308,24308.5,24300.25,24304.75
1775477400,24304,24307.75,24303.75,24305.25
1775477460,24305.75,24310.5,24302,24303.5
1775477520,24304,24311,24301,24306.25
1775477580,24306.75,24306.75,24295.25,24301.5
1775477640,24300.5,24305,24297,24304.25
1775477700,24304.5,24307.75,24300,24305
1775477760,24305.5,24311.75,24302.5,24309
1775477820,24309,24309.5,24303.75,24308.25
1775477880,24307.5,24310.25,24304.5,24304.75
1775477940,24306,24306,24299.75,24302.5
1775478000,24301.25,24301.25,24288,24289.75
1775478060,24289.75,24299.5,24288.25,24295.75
1775478120,24295.5,24298.25,24294,24296.25
1775478180,24295.75,24309.75,24295.75,24309.5
1775478240,24309.5,24310.5,24303,24305.5
1775478300,24306,24308.5,24304.5,24304.5
1775478360,24304.25,24306.5,24301.75,24305.5
1775478420,24305.25,24310.75,24304.75,24308.25
1775478480,24307.25,24317.25,24306,24313.5
1775478540,24313,24316,24307.75,24311.25
1775478600,24310.5,24311.75,24304.5,24308
1775478660,24307.25,24310,24299.75,24309.75
1775478720,24309,24310.75,24301.25,24304.25
1775478780,24304.25,24320.75,24304.25,24319.5
1775478840,24319.5,24329.25,24318.75,24326.75
1775478900,24326,24327.5,24320.25,24324.25
1775478960,24324.25,24326.75,24316.75,24325.25
1775479020,24324,24327.5,24322,24324
1775479080,24323.5,24326.25,24318.5,24320.75
1775479140,24321,24322.5,24318.5,24320
1775479200,24319.75,24321.75,24313.25,24313.75
1775479260,24314,24317,24311.5,24316.5
1775479320,24316.75,24320.5,24311.25,24313
1775479380,24312.5,24317,24310.5,24316.75
1775479440,24316.5,24317.5,24313.5,24317.25
1775479500,24316.75,24331.25,24315.75,24322.5
1775479560,24323.75,24337,24322,24334.25
1775479620,24334.5,24338.25,24329.25,24333.5
1775479680,24333.5,24335.25,24325.5,24328.5
1775479740,24328.25,24329.5,24316.25,24317
1775479800,24317.5,24322.5,24314.5,24322.5
1775479860,24322.25,24325.75,24320.25,24321.25
1775479920,24321.25,24324.25,24308,24314
1775479980,24313.5,24314.25,24308.5,24311.25
1775480040,24310.75,24316,24308.75,24310
1775480100,24310,24313,24306.25,24310
1775480160,24309.5,24312.25,24302.75,24304.75
1775480220,24304.75,24307.25,24302.75,24305
1775480280,24306.25,24309.75,24304.5,24307.25
1775480340,24307,24308.25,24300.25,24306.5
1775480400,24306.5,24313.75,24300.25,24300.5
1775480460,24301.25,24301.25,24291.75,24292.5
1775480520,24292,24295.5,24288.25,24290.25
1775480580,24290.5,24299,24287,24295.25
1775480640,24295.5,24297.25,24285.75,24287
1775480700,24287.25,24289.75,24282.25,24283.25
1775480760,24283,24283.75,24275.5,24278.25
1775480820,24278.75,24285,24272,24284.75
1775480880,24284.75,24291,24283.5,24288.75
1775480940,24289.25,24303.75,24288.75,24301.25
1775481000,24301.25,24302.25,24293.75,24298.75
1775481060,24299,24307,24298,24303.5
1775481120,24304,24313.5,24303,24312
1775481180,24312.25,24312.75,24304.5,24305.5
1775481240,24305.75,24308.25,24304.25,24308
1775481300,24308,24309,24304.75,24306.25
1775481360,24306.5,24311.75,24302,24308
1775481420,24308.5,24315.25,24307,24310.25
1775481480,24310,24311,24302,24302.75
1775481540,24303,24303.5,24290.5,24291
1775481600,24291.5,24295,24279.5,24280.5
1775481660,24281,24289,24278.5,24282.75
1775481720,24283.25,24286.25,24270.25,24279.5
1775481780,24279.5,24288,24279.25,24282
1775481840,24281,24285.5,24278.25,24283.5
1775481900,24283.75,24294.5,24276.5,24288
1775481960,24288,24291.5,24282.75,24283.75
1775482020,24283,24294.75,24279,24284.5
1775482080,24284.5,24284.75,24274.25,24274.5
1775482140,24274.75,24275.25,24256.75,24264.25
1775482200,24265,24330,24264,24330
1775482260,24329.75,24351.5,24321.75,24344.25
1775482320,24342.5,24358,24307.5,24316
1775482380,24316.5,24370,24309,24366.75
1775482440,24365.75,24366,24336.5,24353.75
1775482500,24353.5,24373.75,24324,24324.75
1775482560,24324.5,24325.25,24252.5,24254.75
1775482620,24253.75,24278.5,24245.25,24267.5
1775482680,24267,24287,24250.75,24278.5
1775482740,24278.75,24304.5,24277,24294.5
1775482800,24294.5,24297.5,24264,24290.25
1775482860,24290.25,24319.5,24287.5,24312.5
1775482920,24312,24329.5,24302.75,24325.5
1775482980,24325.25,24347.5,24319.75,24329.75
1775483040,24330,24337,24316.75,24328.75
1775483100,24329.25,24370.75,24326.5,24361.5
1775483160,24361.5,24384,24351.5,24362
1775483220,24362.75,24374.75,24341.25,24371.25
1775483280,24370.75,24374.5,24354.5,24367.75
1775483340,24367.25,24381.5,24359.75,24362
1775483400,24362,24380.75,24355.75,24380.5
1775483460,24380.25,24410.25,24377.5,24396.25
1775483520,24395.25,24404.75,24378.25,24383.5
1775483580,24383.25,24397.25,24365.75,24394
1775483640,24393.75,24403,24379.25,24380.75
1775483700,24381,24395,24360.75,24366.5
1775483760,24366.75,24392,24362.5,24387.75
1775483820,24388.5,24401,24385.75,24389.75
1775483880,24389.75,24395.25,24374.5,24387.5
1775483940,24387.25,24418,24383.75,24418
1775484000,24417.75,24453,24366.75,24398.25
1775484060,24398.5,24403.5,24359.5,24366.75
1775484120,24365.75,24378.25,24351.5,24355.75
1775484180,24355.75,24363,24331.5,24332.25
1775484240,24332.25,24341.75,24285,24292.25
1775484300,24292.25,24312.5,24280.25,24281.75
1775484360,24282.25,24301,24270.5,24300
1775484420,24299.5,24306.25,24284.75,24288
1775484480,24287.5,24306,24283.5,24300.5
1775484540,24300,24319.75,24298.5,24317.5
1775484600,24317.25,24327.75,24279.5,24287.75
1775484660,24287.25,24337,24285.25,24328.5
1775484720,24328.25,24341,24320.75,24325.75
1775484780,24325.5,24346,24315.25,24339.25
1775484840,24338.75,24358,24331,24355
1775484900,24355,24374.25,24348.75,24372.25
1775484960,24371.75,24377.5,24357,24367.75
1775485020,24367.25,24369,24352,24359.25
1775485080,24358,24359.5,24341.25,24354.25
1775485140,24353.75,24375.75,24349.25,24369.25
1775485200,24368.75,24386.25,24361.75,24367
1775485260,24366.75,24391.25,24360.75,24385
1775485320,24385.5,24385.75,24373,24376
1775485380,24375.25,24385,24366.5,24384.5
1775485440,24384.5,24384.5,24367.75,24376.5
1775485500,24376.5,24380.5,24350.5,24357.75
1775485560,24357.25,24369.5,24347.25,24367.25
1775485620,24367.5,24382,24361.5,24367.75
1775485680,24367.5,24381.25,24356.25,24378
1775485740,24378,24378.25,24362.25,24365.5
1775485800,24365.5,24389.25,24363.25,24383.5
1775485860,24383.25,24389.75,24377.75,24383.75
1775485920,24384.25,24389,24351.25,24367.75
1775485980,24368.75,24373.25,24353.5,24354.5
1775486040,24355.25,24370,24354.75,24364
1775486100,24364.75,24383.75,24357.75,24360.75
1775486160,24361,24369,24343.5,24351.75
1775486220,24352.5,24360.5,24342.75,24349.5
1775486280,24349.5,24375,24296.75,24299.5
1775486340,24299.25,24320.5,24287,24303
1775486400,24302.5,24346.25,24299.75,24341.75
1775486460,24341.25,24348.25,24317.5,24329
1775486520,24329.75,24337,24314.5,24317
1775486580,24316,24326.75,24308.5,24324.75
1775486640,24325.25,24337,24312.25,24317.5
1775486700,24317.25,24317.5,24292.5,24308.25
1775486760,24308.25,24317,24295.25,24302
1775486820,24302,24306,24284,24291.5
1775486880,24291.75,24296,24273,24275
1775486940,24274.75,24280.5,24262.25,24269.25
1775487000,24269.25,24285.75,24268.5,24276.5
1775487060,24276.25,24290.5,24272.25,24284.75
1775487120,24284.5,24299.5,24280.75,24297.25
1775487180,24296.75,24309,24294.75,24295.5
1775487240,24295.75,24299.25,24280.75,24297.25
1775487300,24296.75,24306.5,24279,24301.5
1775487360,24301.5,24315,24301,24311
1775487420,24310.5,24328,24308,24312.25
1775487480,24311.75,24325.5,24309.5,24324
1775487540,24324.25,24326.75,24300,24306
1775487600,24306.5,24319.25,24304.5,24317.75
1775487660,24317.25,24330,24316.75,24329.25
1775487720,24329.5,24338,24317,24321.75
1775487780,24321.5,24322.25,24296.75,24301.75
1775487840,24302,24317.5,24292.75,24315.25
1775487900,24314.75,24327.25,24309.25,24317.5
1775487960,24317.5,24321.25,24301.25,24304.75
1775488020,24305,24330.25,24292.5,24328.25
1775488080,24328,24335.25,24319.75,24329
1775488140,24328.5,24330.5,24314.25,24325.5
1775488200,24325,24325.75,24298.25,24307.5
1775488260,24307.25,24312.75,24298,24308.75
1775488320,24308.25,24310.75,24298.75,24306.75
1775488380,24305.75,24324.75,24303,24310.5
1775488440,24310.5,24316,24293.5,24314.25
1775488500,24314.25,24321.25,24303,24304.5
1775488560,24305,24313,24296.25,24306.5
1775488620,24306.25,24324.25,24301.75,24316.5
1775488680,24316.25,24323.25,24307,24308.5
1775488740,24308,24308.5,24298,24307.25
1775488800,24307.25,24313,24298.5,24303
1775488860,24302.5,24308.75,24293,24307.5
1775488920,24307.5,24315.5,24302,24308
1775488980,24308.25,24311.5,24289.25,24294.75
1775489040,24294.5,24296,24282,24287.25
1775489100,24287.25,24287.5,24267.5,24278
1775489160,24278,24289,24276.75,24282.25
1775489220,24282.5,24297,24279.25,24291.5
1775489280,24292,24292.75,24274.75,24286.5
1775489340,24286.5,24295,24280.75,24281
1775489400,24281.25,24285.5,24276,24276
1775489460,24276.75,24288,24272.5,24275
1775489520,24274.5,24280.75,24263.5,24265
1775489580,24265.25,24277,24252.5,24271.25
1775489640,24271.5,24277.75,24269,24274
1775489700,24274.5,24286.25,24267.25,24279.5
1775489760,24279.25,24282.25,24260.75,24264
1775489820,24264,24269.25,24253.25,24268.5
1775489880,24268,24274,24264,24268.25
1775489940,24268.75,24288,24268,24284.25
1775490000,24284.25,24293.25,24281.25,24290
1775490060,24290.25,24293.25,24273.25,24282.5
1775490120,24282.5,24298,24279.75,24292
1775490180,24292.5,24295.25,24284.25,24286.25
1775490240,24286.75,24296.5,24282.25,24293.5
1775490300,24293.25,24295.5,24286,24291
1775490360,24290.75,24303.5,24290.5,24302.25
1775490420,24301.5,24314.5,24300.75,24308
1775490480,24308.5,24312.75,24302.5,24306.5
1775490540,24306.75,24309,24300,24309
1775490600,24308.5,24323.25,24299.5,24322
1775490660,24322.5,24324,24315,24321
1775490720,24321,24329.5,24314.75,24327.5
1775490780,24327.5,24334.5,24323.5,24327
1775490840,24326.75,24329.75,24319.5,24325.25
1775490900,24325.25,24326.75,24317,24317.5
1775490960,24317.25,24321,24306,24313.25
1775491020,24313.25,24320,24308.5,24317.5
1775491080,24317.75,24321.75,24314.75,24319
1775491140,24319,24324.75,24318.25,24323.75
1775491200,24324,24329.25,24316.75,24321.75
1775491260,24322.25,24325.25,24318.5,24322.75
1775491320,24323,24324.25,24298.25,24307
1775491380,24306.75,24314,24306,24310.5
1775491440,24310.25,24310.5,24297.75,24298.25
1775491500,24298,24311,24296.25,24310.75
1775491560,24310.5,24313,24300,24301.5
1775491620,24301,24304.75,24295,24300.75
1775491680,24301.5,24303.5,24288.25,24289.5
1775491740,24289.75,24297.25,24285,24286.25
1775491800,24286.75,24292.5,24283,24289.5
1775491860,24289,24299,24285.5,24296
1775491920,24295.25,24303.25,24291,24296.5
1775491980,24296.5,24303.75,24294.75,24296.5
1775492040,24296.25,24308,24293,24304.5
1775492100,24304.5,24314,24295,24297.5
1775492160,24297,24306.25,24292.5,24305.25
1775492220,24305,24307,24301,24303
1775492280,24302.75,24302.75,24296.75,24300.75
1775492340,24299.5,24306.5,24294.25,24299.25
1775492400,24299,24309,24294.25,24307
1775492460,24307.25,24316.75,24306.5,24309
1775492520,24308.5,24309.5,24298.25,24299.5
1775492580,24299.25,24302.25,24294,24300
1775492640,24300,24311,24299.5,24307
1775492700,24306.75,24316.5,24306.5,24315.5
1775492760,24315.5,24319,24310,24311
1775492820,24310.75,24312.5,24305.75,24311.25
1775492880,24311,24323,24309.25,24320
1775492940,24319.75,24323.5,24311.5,24312.75
1775493000,24311.75,24315.5,24303.5,24304.25
1775493060,24304,24316.75,24301.25,24313.5
1775493120,24313.75,24324.25,24312.25,24322.25
1775493180,24322.5,24325.75,24313.25,24316.75
1775493240,24316.5,24325.75,24315,24324
1775493300,24324.25,24329,24323,24328
1775493360,24328.5,24331,24322.5,24327
1775493420,24327.5,24342,24325,24337.25
1775493480,24337,24347,24333.5,24334.25
1775493540,24333.75,24335,24327,24329
1775493600,24329.25,24330.75,24319.75,24329.25
1775493660,24329.5,24336.25,24323.5,24332.5
1775493720,24333,24337.5,24328,24328.75
1775493780,24329.5,24332,24325.75,24330.25
1775493840,24329.75,24337.75,24328.5,24334.75
1775493900,24334.5,24338.25,24332.5,24333.75
1775493960,24334,24339.25,24329,24339
1775494020,24339.25,24344.25,24335,24337
1775494080,24337.5,24343,24331.25,24338.5
1775494140,24338.75,24340.25,24333.25,24338.25
1775494200,24338,24342.75,24332,24332.25
1775494260,24332.75,24333,24323.5,24326.25
1775494320,24325.75,24327.25,24319,24323.25
1775494380,24323.5,24326.75,24319.25,24323.5
1775494440,24324,24328.75,24307,24321.5
1775494500,24321,24326.75,24309.75,24316.5
1775494560,24316.75,24317,24303,24307.5
1775494620,24307.75,24315,24305,24305.25
1775494680,24305.5,24312.5,24301.25,24308.5
1775494740,24308.5,24313.25,24304.75,24309
1775494800,24309,24311,24292,24295
1775494860,24295,24302.25,24280.75,24282.75
1775494920,24282.5,24283,24258.75,24262.75
1775494980,24263.25,24273,24257.25,24272.5
1775495040,24272.75,24285.5,24270.5,24278.75
1775495100,24278.75,24281.5,24269.75,24272.75
1775495160,24273,24277.25,24263.5,24265.5
1775495220,24265.75,24276.75,24262.25,24273.75
1775495280,24273.75,24288.75,24273.75,24282
1775495340,24282.25,24290.75,24270.75,24278.5
1775495400,24278.75,24281.25,24253,24264.5
1775495460,24264.25,24268.75,24256.75,24262
1775495520,24262.75,24265.5,24222,24224.5
1775495580,24224,24239.5,24204.75,24209
1775495640,24208.75,24233.5,24202.5,24227.5
1775495700,24226.75,24239.75,24217.5,24222
1775495760,24221.5,24236.5,24219.25,24232
1775495820,24232.75,24256.75,24232.25,24240.25
1775495880,24241.25,24243.5,24226.75,24238.75
1775495940,24238.75,24254.25,24235.75,24249.5
1775496000,24249.75,24250.25,24229.75,24232.5
1775496060,24233,24254.75,24230,24249.25
1775496120,24249.5,24274.25,24244.25,24269
1775496180,24269.5,24287,24265.5,24278
1775496240,24278,24292.5,24275.75,24291
1775496300,24290.75,24298.5,24279,24297.5
1775496360,24297,24298.75,24284.25,24291.75
1775496420,24291.75,24310,24288.5,24301
1775496480,24301.5,24308.5,24295.75,24307.5
1775496540,24307,24313.5,24303.5,24306.5
1775496600,24306.25,24307.5,24296.75,24302.5
1775496660,24302.5,24322.25,24300.5,24317.75
1775496720,24318,24322.75,24310.5,24312.25
1775496780,24312.5,24313.25,24304,24312.25
1775496840,24311.75,24335,24301.5,24309.5
1775496900,24309.5,24316,24306,24311.25
1775496960,24311.75,24321.25,24310.25,24319.75
1775497020,24320,24320.75,24301.5,24303
1775497080,24303.5,24306.75,24294.25,24304.5
1775497140,24304.25,24308.75,24293.5,24299
1775497200,24298.75,24301.75,24291.25,24296
1775497260,24295.75,24296.5,24281.75,24286.75
1775497320,24287.25,24292,24282.5,24284.5
1775497380,24284.5,24292,24279.25,24290.5
1775497440,24289.75,24297.25,24285.75,24292.25
1775497500,24292.5,24292.75,24283.25,24284.75
1775497560,24284.75,24288.5,24275.5,24280
1775497620,24280,24280.5,24270,24273.25
1775497680,24273.25,24278.25,24271.75,24272.75
1775497740,24272.75,24286.75,24272.5,24281.5
1775497800,24281.5,24285.75,24273.25,24275.75
1775497860,24275.75,24281,24270.25,24279
1775497920,24278.5,24283.75,24275.75,24276.25
1775497980,24276.25,24277.25,24266.25,24270
1775498040,24270,24272.75,24264,24272
1775498100,24272.25,24282.25,24269,24276.75
1775498160,24276.25,24278.5,24270.25,24274.75
1775498220,24275.25,24278,24264.25,24265
1775498280,24265.25,24268.5,24261.5,24264.75
1775498340,24264.25,24269.25,24261,24263.75
1775498400,24264.25,24268,24258.25,24262.25
1775498460,24263,24268.25,24256.75,24260
1775498520,24260.25,24267.75,24253,24258.25
1775498580,24257.75,24264.75,24252.5,24254.5
1775498640,24254,24263.5,24245.5,24249
1775498700,24249.5,24263.25,24248.25,24259.5
1775498760,24259.5,24265.75,24255.25,24259.5
1775498820,24259.5,24272.5,24258.25,24265.75
1775498880,24266.25,24268.75,24255.5,24262.5
1775498940,24262.25,24277,24261.5,24274.5
1775499000,24274.25,24307.75,24272.75,24302
1775499060,24301,24326.25,24295.25,24309
1775499120,24308.75,24311.75,24297.5,24306.75
1775499180,24307.25,24312.75,24298.5,24308
1775499240,24308,24311.5,24294.25,24304
1775499300,24304.25,24316,24301.75,24312.75
1775499360,24313.25,24320.75,24305.5,24315
1775499420,24315,24324.5,24310.5,24321
1775499480,24320.75,24333,24319.25,24328.75
1775499540,24328.25,24338,24325.75,24333
1775499600,24332,24334.5,24325.25,24326.5
1775499660,24327,24340.75,24321.75,24338.5
1775499720,24339.5,24340,24330.5,24337
1775499780,24337,24346.5,24331.75,24343.75
1775499840,24343.25,24364.5,24340.25,24352
1775499900,24351.75,24352.75,24337.25,24344.75
1775499960,24345.25,24345.75,24332.25,24332.25
1775500020,24332,24355.75,24328,24352
1775500080,24352,24360.25,24344,24345
1775500140,24345.25,24346,24338.5,24341.25
1775500200,24342,24357.5,24341.5,24347.75
1775500260,24347.25,24351,24342.5,24348.25
1775500320,24349,24351.25,24332,24343.5
1775500380,24343.75,24344.25,24334,24334.75
1775500440,24335,24336.5,24323.75,24333.75
1775500500,24333.75,24343.75,24332.5,24342.75
1775500560,24343,24343.75,24335.25,24337
1775500620,24336.5,24339,24331.5,24338
1775500680,24338,24341.75,24336.25,24340.25
1775500740,24340.5,24342.25,24330.5,24331.75
1775500800,24332,24334.25,24326,24327.5
1775500860,24327.5,24334.25,24326.5,24334
1775500920,24334,24338.5,24330.75,24332
1775500980,24331.25,24335.5,24327,24333
1775501040,24333,24338.25,24329,24334.75
1775501100,24335,24350.25,24334.5,24339.75
1775501160,24340.25,24345,24334.25,24338.25
1775501220,24338.25,24344,24337.25,24338.25
1775501280,24338.25,24342.5,24331,24342
1775501340,24341.75,24343,24337,24342.25
1775501400,24342.25,24348,24341.5,24345.75
1775501460,24346,24348.75,24340.25,24341.25
1775501520,24340.5,24345.75,24340.5,24345.5
1775501580,24345,24348.25,24343,24345.75
1775501640,24345.75,24354,24345,24349
1775501700,24348.5,24354,24347,24348.75
1775501760,24348.25,24351.5,24345.25,24350.25
1775501820,24350.75,24353.75,24346.5,24348.75
1775501880,24349,24353.25,24348.5,24351.25
1775501940,24351.25,24355,24350.25,24351.75
1775502000,24352.25,24354.75,24344.75,24352.25
1775502060,24352.5,24355.5,24351.5,24352.75
1775502120,24352.75,24354,24344.75,24350.25
1775502180,24350.25,24351.5,24341.5,24350.75
1775502240,24351,24353,24346.5,24352
1775502300,24352.5,24357.25,24346.5,24350.25
1775502360,24350,24351.75,24344,24346
1775502420,24346,24346.25,24340.75,24345.75
1775502480,24345,24347,24336,24339.75
1775502540,24340,24343,24337,24338
1775502600,24337.75,24338.75,24332.25,24334
1775502660,24333.75,24341.5,24330.75,24338.5
1775502720,24338.5,24339.75,24333.25,24336.75
1775502780,24336.25,24347.25,24336,24342.5
1775502840,24342.5,24345.5,24340.25,24345.5
1775502900,24345,24348.5,24342.25,24346.5
1775502960,24346.75,24347,24335.25,24340
1775503020,24339.25,24340.5,24336.5,24338
1775503080,24337.5,24342,24332.5,24341
1775503140,24341.5,24343.5,24337,24340.5
1775503200,24340.75,24343.5,24339,24342.75
1775503260,24342.5,24349.75,24340.75,24345.5
1775503320,24345.25,24345.25,24337,24338.5
1775503380,24338.5,24341.75,24335,24337.75
1775503440,24338,24339.5,24335,24339.5
1775503500,24339.5,24343.25,24335.75,24342.75
1775503560,24343,24346,24338,24339.75
1775503620,24340.25,24343.25,24335.5,24336
1775503680,24335.5,24339.5,24335.5,24338.5
1775503740,24338,24342,24335.75,24335.75
1775503800,24335.75,24340.25,24333.25,24337.5
1775503860,24337.5,24338.5,24331.75,24334.25
1775503920,24333.75,24338.5,24332,24338.25
1775503980,24338.5,24348,24338,24345.75
1775504040,24345.75,24347,24342.25,24342.5
1775504100,24343,24346.75,24342.75,24344.5
1775504160,24344.25,24349,24340.5,24342
1775504220,24342.25,24345.25,24340.75,24344.5
1775504280,24344.25,24344.5,24338.75,24343.75
1775504340,24343.25,24346.25,24342.75,24343.5
1775504400,24343.25,24346.75,24340.5,24341
1775504460,24340.75,24341.75,24326.25,24329.25
1775504520,24329.75,24335.5,24328,24334.5
1775504580,24334.25,24339,24334.25,24335
1775504640,24335.5,24345,24334.5,24343.25
1775504700,24342.75,24354.75,24340.75,24352.5
1775504760,24352.5,24352.75,24345.25,24349.5
1775504820,24349.75,24353,24346.25,24347.25
1775504880,24347.5,24354.5,24346.5,24354
1775504940,24354,24369.75,24351.75,24365.5
1775505000,24365.75,24376.25,24354,24359.75
1775505060,24359.5,24361.75,24353,24359
1775505120,24359,24361,24347.25,24347.75
1775505180,24348,24356,24346.25,24353.5
1775505240,24353.25,24353.25,24339.25,24343.5
1775505300,24343.75,24349.75,24335.25,24341
1775505360,24340.5,24347.75,24337.5,24339.75
1775505420,24340,24350,24337.75,24348.5
1775505480,24348.75,24358.25,24348.25,24357.25
1775505540,24357,24369.75,24350.5,24363.5
1775505600,24364,24369.75,24355.5,24365.75
1775505660,24366,24369.25,24360.75,24367.75
1775505720,24367.5,24369,24363.75,24364.25
1775505780,24364.5,24368.75,24363.75,24364.5
1775505840,24365,24366.5,24357.25,24358.5
1775505900,24358.5,24358.5,24349.5,24350.25
1775505960,24350.25,24353.75,24348,24352.75
1775506020,24352.25,24355.25,24351,24352
1775506080,24351.75,24353.75,24345.25,24348
1775506140,24347.75,24348.25,24345,24345.75
1775506200,24345.25,24351.75,24344.25,24345.5
1775506260,24345.25,24348.25,24342.75,24347.25
1775506320,24347.25,24348.75,24343.5,24347.5
1775506380,24347.5,24352,24344,24345.75
1775506440,24345.75,24348.75,24343.5,24345.75
1775506500,24345.75,24346.25,24341,24342.75
1775506560,24342.25,24345.25,24341,24341.75
1775506620,24341.5,24344.5,24337.25,24337.5
1775506680,24337.25,24338,24334,24336.5
1775506740,24336.5,24343.75,24335.75,24343
1775506800,24343,24346.25,24342,24343.75
1775506860,24343.25,24347.5,24343,24345.75
1775506920,24345.75,24346,24343,24345.75
1775506980,24345.5,24347.5,24344.25,24346.5
1775507040,24346,24347.25,24342.5,24343.75
1775507100,24343.75,24348.5,24342.75,24347.25
1775507160,24347.25,24350,24346,24348.75
1775507220,24349,24349,24344.75,24345.25
1775507280,24345.75,24348,24343.75,24346.75
1775507340,24346.75,24347.5,24343.25,24344
1775507400,24344.75,24351,24344.75,24351
1775507460,24350.75,24351,24346.75,24348.25
1775507520,24348.5,24349.5,24344.75,24346.75
1775507580,24347,24348.5,24345.25,24347
1775507640,24346.75,24348,24345.25,24347.5
1775507700,24347.5,24351.25,24346.75,24350.25
1775507760,24350.5,24354.75,24350.5,24354.75
1775507820,24354.5,24356.5,24352.75,24353.75
1775507880,24353.75,24353.75,24350.25,24351
1775507940,24351.25,24351.5,24345.75,24347.25
1775508000,24347.5,24349.25,24346.25,24346.25
1775508060,24346.25,24348.25,24344.75,24347.75
1775508120,24347.5,24349,24346.75,24347.5
1775508180,24347.75,24349.5,24346,24349.25
1775508240,24349.5,24351.5,24347.75,24349.25
1775508300,24349.25,24352,24348.5,24348.75
1775508360,24348.25,24348.75,24345.25,24348.25
1775508420,24347.75,24347.75,24342.5,24343.25
1775508480,24342.75,24343.75,24341.25,24342.5
1775508540,24342,24342.75,24339.5,24340.75
1775508600,24341,24343.5,24340,24341.25
1775508660,24341.75,24344,24340.75,24343
1775508720,24343,24344,24340.25,24341.75
1775508780,24341,24342.5,24339.75,24340.5
1775508840,24340.5,24343,24339.5,24342.25
1775508900,24342.5,24346.25,24341.25,24341.75
1775508960,24341.5,24344.25,24340.75,24343.5
1775509020,24343.5,24346.75,24342,24342
1775509080,24342,24346.25,24342,24345.5
1775509140,24345,24349.75,24344.75,24349.75
1775512800,24342,24362.5,24338.75,24358
1775512860,24358.75,24363.25,24352.75,24361
1775512920,24360.75,24362,24352.75,24360
1775512980,24360.5,24366,24359,24362.75
1775513040,24362.75,24373.25,24361.25,24371.5
1775513100,24371.75,24381.75,24369,24380
1775513160,24380.75,24383,24376,24379.25
1775513220,24380.5,24380.5,24371,24376.75
1775513280,24375.75,24375.75,24368.25,24371.5
1775513340,24371.5,24372,24366.5,24370
1775513400,24371.5,24374.5,24369.75,24372.25
1775513460,24371.75,24374.25,24371.5,24371.5
1775513520,24371.75,24374.25,24371,24372.25
1775513580,24371.75,24373.25,24367.25,24367.25
1775513640,24367,24373.5,24365.25,24373.5
1775513700,24374,24375.5,24368.25,24369.5
1775513760,24370,24373,24368.25,24372.5
1775513820,24373,24375,24370.25,24374.5
1775513880,24374.5,24378.75,24370.75,24371
1775513940,24370.5,24371.5,24367.25,24367.75
1775514000,24368,24370,24362,24363.25
1775514060,24364,24364.5,24354.5,24355.75
1775514120,24355,24357.25,24349.25,24352.25
1775514180,24352.25,24352.5,24307.5,24314
1775514240,24315,24325.5,24301.5,24313.75
1775514300,24313.5,24324,24309.25,24323.25
1775514360,24322.5,24324.25,24315.25,24321
1775514420,24320.25,24325.25,24318.75,24321
1775514480,24321,24322,24315.75,24317.25
1775514540,24317,24323,24313.5,24321.5
1775514600,24321.25,24328,24320.25,24323.75
1775514660,24323.75,24325.75,24314.75,24317
1775514720,24317,24319.5,24311,24313.25
1775514780,24312.25,24313.5,24304.25,24306.5
1775514840,24307.25,24311.5,24302,24306.75
1775514900,24306.25,24318.75,24305.5,24312.75
1775514960,24313,24314.5,24309.5,24310.5
1775515020,24311,24316.75,24310,24314.75
1775515080,24315.25,24318.25,24308,24312
1775515140,24311.75,24318.5,24311,24313.25
1775515200,24313.25,24318,24313.25,24317
1775515260,24317,24323,24316.75,24320.75
1775515320,24320.75,24321,24316.25,24317.25
1775515380,24316.75,24319,24315,24317.5
1775515440,24318,24318.25,24313.75,24314.5
1775515500,24315.5,24316.5,24311.5,24315.75
1775515560,24316.5,24318.25,24314.75,24317.5
1775515620,24317.5,24318,24315.5,24316.5
1775515680,24315.75,24317.25,24315.25,24316.5
1775515740,24317.25,24319.5,24316.75,24319.5
1775515800,24318.75,24326,24318,24324.5
1775515860,24324.75,24327,24318.5,24319.25
1775515920,24319.5,24320,24313.5,24316.75
1775515980,24316,24318.5,24308.5,24311.75
1775516040,24310.75,24315,24308.5,24310.75
1775516100,24310.25,24315,24310,24311.5
1775516160,24311.5,24312.25,24299.5,24304.25
1775516220,24303.5,24306.25,24302.75,24306
1775516280,24305.5,24307.25,24304,24304.75
1775516340,24304.75,24306.75,24302.25,24303
1775516400,24303.25,24308,24302,24307.25
1775516460,24307.5,24318,24305.75,24315
1775516520,24316.25,24316.25,24309.25,24312
1775516580,24311,24313.25,24306.5,24308.75
1775516640,24309.5,24315.25,24309.5,24314
1775516700,24315,24319.25,24314.25,24315.75
1775516760,24316.75,24317.25,24312,24315.25
1775516820,24316,24317.25,24314,24314.75
1775516880,24314.75,24315,24311.5,24313.25
1775516940,24313.25,24317.75,24313,24317
1775517000,24316.75,24333,24316,24328.25
1775517060,24328,24329,24325.25,24326.75
1775517120,24327.25,24329.25,24324.25,24328.25
1775517180,24327.25,24328.75,24324.25,24324.75
1775517240,24324.5,24329.75,24323.5,24329.75
1775517300,24329,24332,24323.5,24324.5
1775517360,24325.25,24327.5,24322,24323
1775517420,24323,24324,24320.25,24321.5
1775517480,24320.5,24323.25,24318.75,24322.25
1775517540,24322.25,24322.25,24318.75,24320.5
1775517600,24321.25,24323,24316,24316
1775517660,24316,24317.75,24311.5,24313.75
1775517720,24313,24315,24310,24311
1775517780,24312,24317.5,24312,24316
1775517840,24316.75,24316.75,24312.25,24313.5
1775517900,24313.5,24319.25,24313.5,24316.25
1775517960,24316.25,24318.25,24313.5,24316.5
1775518020,24317.25,24324,24316.25,24322.5
1775518080,24323.5,24323.5,24318,24318.75
1775518140,24318.75,24320.75,24313.75,24314.25
1775518200,24313,24317,24310.75,24311.75
1775518260,24312.75,24316,24311,24315
1775518320,24315.75,24319.25,24314.5,24317
1775518380,24316.25,24323,24316,24321.25
1775518440,24320.25,24322.5,24318.25,24318.25
1775518500,24318.75,24319,24316.25,24317.75
1775518560,24317.75,24317.75,24315.25,24316
1775518620,24315.25,24316,24314,24314.75
1775518680,24315,24317.75,24311.25,24313
1775518740,24311.5,24314.75,24311.5,24312
1775518800,24312.5,24317,24312.5,24314.75
1775518860,24315,24317.75,24314,24314
1775518920,24313.75,24315.75,24313.5,24314.25
1775518980,24314.5,24316,24314,24314.5
1775519040,24315.25,24315.25,24312.75,24314
1775519100,24313.75,24325,24313,24324.25
1775519160,24324.25,24324.5,24316.25,24317.5
1775519220,24318,24318,24311.5,24314.5
1775519280,24315,24320,24315,24318.5
1775519340,24317.5,24318.25,24314.5,24314.5
1775519400,24314.5,24317,24311.75,24313
1775519460,24313,24316.75,24312.75,24315.5
1775519520,24316.25,24319.75,24314.75,24317
1775519580,24317,24318.25,24313.25,24316.5
1775519640,24315.5,24317.75,24315,24316
1775519700,24315.75,24318.25,24313.5,24314
1775519760,24314,24314.25,24311.5,24313.5
1775519820,24313.5,24314.75,24308,24309
1775519880,24308.75,24309,24302,24304.25
1775519940,24306,24307.5,24297.75,24300.25
1775520000,24299.25,24299.25,24284.25,24294
1775520060,24293.75,24296,24288.25,24290.25
1775520120,24291,24298.5,24284.25,24293
1775520180,24292.25,24298.75,24290.25,24292.75
1775520240,24293.5,24304.5,24290,24293.25
1775520300,24293,24296.5,24288.75,24296.5
1775520360,24295.75,24300.5,24278,24284.75
1775520420,24284.75,24288,24282.5,24284.5
1775520480,24285,24292.75,24281.75,24290
1775520540,24290.25,24296.25,24287,24295.5
1775520600,24295.75,24309.25,24292.25,24307.5
1775520660,24307.75,24309.25,24294,24295.25
1775520720,24296.5,24306.5,24293,24306
1775520780,24306.5,24317.75,24304.75,24317.25
1775520840,24317.75,24323.5,24311.5,24315
1775520900,24315.5,24341.5,24314.5,24339.25
1775520960,24339.25,24355.5,24332.25,24354.25
1775521020,24353,24359.25,24345,24349.5
1775521080,24350.25,24352.5,24343.75,24349.25
1775521140,24350,24354.25,24346,24346.25
1775521200,24346.75,24348,24330,24334.25
1775521260,24333.5,24341.5,24326.75,24328.25
1775521320,24326.75,24331.25,24325,24328.5
1775521380,24328.5,24334.25,24324,24326.25
1775521440,24326.75,24334,24325,24329.25
1775521500,24329,24335.5,24327.5,24329
1775521560,24328.5,24337,24328.5,24334.25
1775521620,24334.25,24334.25,24324.5,24326
1775521680,24325.5,24330.75,24322.75,24327.25
1775521740,24326.5,24332.75,24326.25,24330.5
1775521800,24330.5,24335,24327.5,24330.5
1775521860,24329.5,24332.75,24326.75,24328.75
1775521920,24328.5,24330.25,24313.25,24317
1775521980,24317.25,24320.5,24312,24315
1775522040,24315,24318.75,24313.5,24316.75
1775522100,24317.25,24319,24305.5,24310.5
1775522160,24310.5,24311,24298.25,24303.75
1775522220,24303.25,24310.5,24296.5,24298.25
1775522280,24298,24301.5,24285.5,24296
1775522340,24296.5,24301.75,24291.5,24294
1775522400,24293.5,24299.25,24293,24297.5
1775522460,24298,24304.25,24296.25,24301.5
1775522520,24301.5,24306,24298.25,24302.75
1775522580,24303.25,24303.5,24296.25,24300.5
1775522640,24299.75,24304,24299.25,24302
1775522700,24303,24312,24301.75,24308
1775522760,24308.25,24310.5,24305.5,24308.5
1775522820,24308.25,24313,24306.5,24311
1775522880,24311.5,24313.5,24305.25,24311.25
1775522940,24311.75,24318.5,24309.5,24318
1775523000,24317.75,24322.25,24314,24319.75
1775523060,24320.5,24320.75,24314.25,24316
1775523120,24315.75,24318.25,24312.5,24315.75
1775523180,24314.75,24315.75,24309,24311.5
1775523240,24311,24314,24306.5,24308
1775523300,24308.75,24309.5,24303.25,24304.5
1775523360,24305,24307,24300,24303.5
1775523420,24304,24305.5,24297.75,24300
1775523480,24300.5,24307,24299.5,24304
1775523540,24303.75,24305.75,24301.25,24302.75
1775523600,24302.75,24303.75,24281.25,24285
1775523660,24284,24292,24279.5,24291.75
1775523720,24290.75,24301.75,24288.75,24297.75
1775523780,24298,24303.5,24293.25,24303
1775523840,24302.75,24311,24300,24307.25
1775523900,24307.75,24309.75,24295.5,24298.25
1775523960,24298.5,24302,24291.25,24291.5
1775524020,24291.5,24296.25,24290,24295.5
1775524080,24295.25,24299,24282.75,24283.25
1775524140,24283.5,24287.5,24272.5,24276.75
1775524200,24277.75,24280.5,24254.25,24262.5
1775524260,24263.5,24273.25,24261.5,24272.25
1775524320,24270.75,24277.5,24267,24267.75
1775524380,24268.5,24274.5,24266,24268.5
1775524440,24269,24269,24247.75,24256.5
1775524500,24255.75,24263.25,24255.25,24261.5
1775524560,24260.5,24268.75,24257.25,24264.25
1775524620,24265.25,24274.25,24263,24273
1775524680,24273,24277,24268.75,24271.75
1775524740,24271.25,24278.5,24266.5,24277
1775524800,24276.75,24277,24270.25,24275.5
1775524860,24274.75,24278.5,24273.5,24276.75
1775524920,24276.25,24279,24272.75,24277
1775524980,24275.75,24275.75,24269,24270.5
1775525040,24270.5,24275,24270,24272.25
1775525100,24272.25,24275,24270.5,24271.75
1775525160,24271.75,24278.75,24267.75,24276.25
1775525220,24276.25,24282,24274,24282
1775525280,24281,24284,24277.75,24278.5
1775525340,24279,24280.75,24277,24278.5
1775525400,24279.25,24279.25,24272,24274.5
1775525460,24275,24280,24274.5,24277.75
1775525520,24278.75,24282.5,24277.25,24281
1775525580,24280,24280.5,24271,24275.75
1775525640,24276.75,24279.5,24273.75,24274.25
1775525700,24275,24276.75,24269.5,24271.25
1775525760,24271.75,24274,24266,24266.5
1775525820,24266.75,24267,24233.75,24243.25
1775525880,24243.75,24247.5,24227.25,24229.25
1775525940,24229.75,24235.75,24226.25,24234.75
1775526000,24234.5,24242.25,24231.5,24231.75
1775526060,24232,24237.5,24227.75,24234.75
1775526120,24234.75,24239.5,24227.5,24228.25
1775526180,24229.25,24235.5,24227,24232.25
1775526240,24232,24236,24225,24228.75
1775526300,24229.25,24239.25,24227.25,24232
1775526360,24232,24240.75,24230.25,24238.25
1775526420,24238.5,24239.75,24233.75,24235.25
1775526480,24236,24237.25,24231.25,24233
1775526540,24233,24233,24221.5,24222.75
1775526600,24223.5,24226.25,24210.25,24218.25
1775526660,24218.5,24220,24206,24207.5
1775526720,24208.25,24211.25,24187.75,24192.25
1775526780,24192.5,24200.5,24191.75,24195.5
1775526840,24196,24202.75,24195,24199
1775526900,24199.25,24203.75,24193.75,24197
1775526960,24196.75,24197.75,24170.25,24173
1775527020,24173.75,24181.25,24168.5,24176
1775527080,24175.25,24179.5,24169.5,24177.5
1775527140,24177.5,24181,24172.25,24177.5
1775527200,24177.5,24181.25,24166,24177.25
1775527260,24176.75,24178.25,24166.25,24169
1775527320,24168.75,24180.25,24168.5,24173.5
1775527380,24173,24181.5,24172.5,24179
1775527440,24179.5,24181.75,24172,24172.75
1775527500,24172.75,24180.5,24172,24179.5
1775527560,24180.25,24183.75,24177,24177
1775527620,24176,24177.75,24152.5,24157.25
1775527680,24157.5,24170,24155.5,24166
1775527740,24166.75,24176.5,24165.75,24176
1775527800,24175.75,24185.5,24174.5,24184.5
1775527860,24184.75,24188.25,24182,24183.75
1775527920,24182.5,24183,24170,24174.5
1775527980,24174.75,24177,24170.75,24172.25
1775528040,24172.5,24176.5,24168.25,24174.25
1775528100,24173,24176,24169.5,24173.5
1775528160,24173,24177.25,24166.25,24171
1775528220,24170.75,24175,24168,24170.5
1775528280,24171,24177.75,24171,24175.25
1775528340,24175,24187.25,24174.5,24183.75
1775528400,24184,24185.75,24176.5,24183.5
1775528460,24182.25,24183.5,24172,24173.5
1775528520,24173.5,24174.25,24164.75,24169.75
1775528580,24169.25,24174.5,24167,24173.75
1775528640,24173,24181.75,24170.75,24181
1775528700,24181.5,24192.25,24178,24188.25
1775528760,24187.5,24192.25,24184.75,24188
1775528820,24187.75,24192,24185.25,24190.25
1775528880,24190.5,24197.75,24190.5,24195.75
1775528940,24196,24196.25,24190.25,24192.75
1775529000,24192.75,24203.75,24192.5,24198
1775529060,24197.75,24199,24194.25,24197
1775529120,24197.75,24202.25,24194.5,24197.75
1775529180,24197.75,24205,24197.75,24201.75
1775529240,24202.25,24203.25,24195.5,24197.5
1775529300,24197.5,24199.25,24193.75,24195.75
1775529360,24196,24204.5,24191,24204.5
1775529420,24204,24208,24199,24202.25
1775529480,24203,24207.5,24202.5,24205.75
1775529540,24206,24208.5,24204.5,24208
1775529600,24208.25,24209.75,24204.25,24205.5
1775529660,24205.25,24208,24204.75,24207.75
1775529720,24207,24209,24202.75,24203
1775529780,24203.25,24204,24199.25,24202.5
1775529840,24202,24209,24202,24207.5
1775529900,24207,24209,24204.75,24208.5
1775529960,24208.75,24213.25,24205,24212
1775530020,24211.5,24215,24209,24214.5
1775530080,24215,24220.75,24214.5,24219
1775530140,24219.25,24220.25,24215,24215
1775530200,24215,24219.25,24209.75,24211.25
1775530260,24211.5,24211.75,24206.25,24207.5
1775530320,24207,24210.5,24202.25,24205.25
1775530380,24205,24207.5,24203,24204.25
1775530440,24204,24206.75,24202.25,24205.25
1775530500,24205.25,24206.5,24199.75,24202.75
1775530560,24202.75,24205.5,24200.25,24204
1775530620,24203.25,24211.75,24203,24209.25
1775530680,24209.25,24211,24206,24210.25
1775530740,24210,24212.75,24208.25,24212.25
1775530800,24212.75,24214,24209,24211
1775530860,24210.5,24214.75,24209.75,24210.5
1775530920,24210.5,24219.25,24208,24218.25
1775530980,24218.5,24218.75,24211,24211.5
1775531040,24211.25,24214,24209.25,24213
1775531100,24212.5,24212.5,24202.75,24203.5
1775531160,24204.25,24207.5,24202.25,24203
1775531220,24203.75,24207,24202.25,24206.5
1775531280,24207,24208.75,24203.5,24206.75
1775531340,24207.25,24212,24206,24211
1775531400,24210.5,24213.75,24208.5,24211
1775531460,24211.25,24212.75,24206.5,24207.5
1775531520,24207.75,24211.75,24206.5,24210.75
1775531580,24211.25,24213,24207.5,24210.5
1775531640,24210.75,24215.5,24210,24215
1775531700,24215,24216.75,24210,24216.25
1775531760,24215.25,24216.25,24211.5,24212.5
1775531820,24213.5,24213.75,24206,24207
1775531880,24207.75,24209.5,24204,24205.75
1775531940,24206.5,24208.75,24195.75,24197.75
1775532000,24198.25,24202,24192.25,24201.75
1775532060,24202,24205.75,24200.75,24202.25
1775532120,24202,24214.25,24201.25,24210.75
1775532180,24210.75,24218,24206.5,24216.25
1775532240,24216.5,24219,24213,24214.5
1775532300,24214.75,24217,24209.25,24213
1775532360,24213.25,24216.25,24211.5,24212.25
1775532420,24212.5,24216.75,24211.25,24216.5
1775532480,24216.5,24217.5,24214.25,24217.25
1775532540,24217.25,24217.5,24213,24215.75
1775532600,24215.25,24218.5,24212.25,24218
1775532660,24217.25,24233,24216.75,24225.25
1775532720,24225.5,24229.25,24224,24226.5
1775532780,24227.25,24229.25,24223.25,24225
1775532840,24224,24224.25,24219,24222.5
1775532900,24222.25,24222.5,24216.25,24222.25
1775532960,24221.75,24222.5,24218,24219.75
1775533020,24220,24222.25,24218.25,24220.5
1775533080,24221.25,24223,24218.5,24219.5
1775533140,24219.25,24221.25,24218.25,24218.75
1775533200,24219.5,24226.25,24218.5,24221.25
1775533260,24220.5,24223.75,24218.75,24223
1775533320,24222.25,24222.75,24219,24221.5
1775533380,24222,24224.25,24219.75,24221.5
1775533440,24221.75,24227.75,24221,24226.5
1775533500,24227.25,24227.25,24221.75,24224.75
1775533560,24225.25,24227.75,24222.25,24223.5
1775533620,24222.75,24224.75,24221.75,24224.75
1775533680,24225.25,24225.75,24221.75,24222.75
1775533740,24222.25,24222.25,24218.5,24221.75
1775533800,24221.75,24225,24218.75,24225
1775533860,24224.25,24225.25,24221.5,24222.25
1775533920,24221.5,24222,24216.25,24219.25
1775533980,24219.75,24222.75,24218,24218.25
1775534040,24218,24221.5,24218,24220.25
1775534100,24220.25,24225,24220.25,24222
1775534160,24222,24228.25,24221,24227.75
1775534220,24227.5,24228,24224.25,24225
1775534280,24225,24229,24222.75,24224.25
1775534340,24224.5,24224.5,24220.75,24220.75
1775534400,24221.25,24224,24219.75,24222.25
1775534460,24221.75,24226.75,24221.25,24226
1775534520,24225.25,24228,24225,24226
1775534580,24225.75,24230.25,24224.75,24226.75
1775534640,24226.75,24226.75,24214.75,24217
1775534700,24217.25,24218,24208.75,24213.25
1775534760,24213.75,24218.5,24210.25,24215.5
1775534820,24216.25,24219.25,24213.25,24214
1775534880,24214.25,24217,24211,24213.75
1775534940,24214.25,24215.75,24212.25,24213.25
1775535000,24213.25,24216.5,24212,24214.5
1775535060,24213.75,24213.75,24209,24211.5
1775535120,24212.25,24212.5,24204.25,24208
1775535180,24208.5,24209,24203,24204
1775535240,24204.25,24205.5,24201.75,24204
1775535300,24203.75,24211,24203.75,24210
1775535360,24209.75,24215,24208.75,24210.5
1775535420,24210.25,24211.5,24207,24207
1775535480,24207.75,24207.75,24201.5,24203.25
1775535540,24203.25,24205,24198.5,24202.75
1775535600,24203.25,24207,24199.25,24203.25
1775535660,24202.25,24204.5,24201.25,24203
1775535720,24202.75,24209.75,24200.75,24205.25
1775535780,24204.5,24222.25,24204.5,24220
1775535840,24220,24225.5,24217.25,24225.5
1775535900,24225.5,24242.25,24222.75,24232
1775535960,24232.5,24234.75,24228,24231
1775536020,24230,24230,24221.75,24226.75
1775536080,24227.25,24229.5,24224.75,24229.25
1775536140,24229.5,24234.5,24226.25,24226.25
1775536200,24226.5,24243.25,24226,24241
1775536260,24239.5,24239.5,24234.25,24235.75
1775536320,24236.25,24237.5,24232.5,24236
1775536380,24235.25,24244.5,24231.5,24241
1775536440,24241.5,24248.5,24237.25,24244.5
1775536500,24245,24249.25,24242.75,24243.5
1775536560,24242.75,24246,24241,24243.25
1775536620,24243.5,24246.5,24241,24243
1775536680,24243,24246.5,24237.25,24240
1775536740,24239.75,24241.75,24238,24241.5
1775536800,24240.75,24242.5,24236.25,24239.5
1775536860,24239.75,24240,24236.75,24237.75
1775536920,24237.75,24239.75,24235.25,24236
1775536980,24235.25,24241.5,24234,24239.5
1775537040,24238.75,24239.75,24235,24239.5
1775537100,24239.5,24242.25,24237.5,24241.25
1775537160,24241.75,24245.75,24241.25,24244
1775537220,24243.25,24252.5,24242.5,24252.25
1775537280,24252.25,24258.75,24248.25,24254.75
1775537340,24255.5,24257,24252.75,24255.75
1775537400,24255.5,24262.75,24253.25,24257.25
1775537460,24256.5,24257.25,24251.25,24251.5
1775537520,24251.25,24252.5,24246,24250.75
1775537580,24250.25,24252.25,24246.25,24251
1775537640,24251.25,24254.25,24250.75,24253.25
1775537700,24253.5,24258,24252.25,24256
1775537760,24255.25,24255.5,24251,24251.5
1775537820,24251.25,24252.25,24250,24251.25
1775537880,24250.5,24251.25,24246.5,24247.25
1775537940,24247.25,24248,24245,24247.25
1775538000,24247.5,24253.5,24246.25,24247.5
1775538060,24246.25,24257.75,24245,24256.25
1775538120,24256,24258.5,24250.5,24251.25
1775538180,24251.25,24253,24248.25,24249.5
1775538240,24248.75,24249.5,24244,24245.25
1775538300,24244.75,24249,24244,24249
1775538360,24249,24250.5,24240.75,24244
1775538420,24243.5,24249.5,24242,24248.25
1775538480,24248,24249.25,24244.75,24245
1775538540,24244.5,24245.25,24242.25,24243.75
1775538600,24244.5,24250,24242.25,24247.5
1775538660,24247,24249,24246,24247.75
1775538720,24248.25,24253.5,24247.75,24249.5
1775538780,24249.75,24252.75,24249.25,24251.25
1775538840,24251.25,24252,24249.75,24249.75
1775538900,24249.75,24251.25,24247.5,24249
1775538960,24248.5,24253.25,24246.25,24253
1775539020,24252.5,24252.75,24248.75,24249.25
1775539080,24249.5,24253,24248.25,24253
1775539140,24252.75,24254.75,24249.75,24251
1775539200,24251.25,24256.25,24250.25,24253.75
1775539260,24253.75,24256.75,24252.25,24256.5
1775539320,24256.25,24259.25,24251.25,24252.25
1775539380,24251.25,24252.5,24241.75,24245.25
1775539440,24244.5,24246,24232.75,24239.25
1775539500,24239.25,24243,24236,24237.75
1775539560,24237.75,24238.75,24231.25,24234.5
1775539620,24234.75,24239.75,24233.75,24235.5
1775539680,24235.25,24235.5,24222.75,24226
1775539740,24225.75,24228,24220.25,24224.5
1775539800,24224.5,24228,24212.25,24213.75
1775539860,24213.75,24218.25,24212.25,24215.75
1775539920,24215,24225.25,24214.75,24220
1775539980,24220.25,24221.75,24215.5,24216
1775540040,24216.25,24220.25,24214.25,24214.5
1775540100,24215,24220.5,24211,24218.75
1775540160,24217.75,24217.75,24208.5,24210.25
1775540220,24210,24217.5,24209.5,24214.75
1775540280,24214.75,24218.5,24213.25,24218
1775540340,24217.25,24221.25,24216,24218.5
1775540400,24218,24218.75,24212.25,24214.5
1775540460,24214,24215.5,24207.25,24210
1775540520,24209.75,24213,24205.75,24212.5
1775540580,24211.75,24213,24208.25,24210.5
1775540640,24210.75,24212.25,24207,24207.5
1775540700,24206.5,24211.25,24204.5,24209
1775540760,24209.75,24216.75,24209.75,24213.5
1775540820,24213.25,24215.25,24208.5,24213
1775540880,24212.75,24213.25,24210,24210.75
1775540940,24210.75,24212.25,24208,24212.25
1775541000,24212,24218.25,24209.5,24217.25
1775541060,24216.75,24227.25,24214.75,24225.75
1775541120,24225.5,24226.5,24219.5,24221.5
1775541180,24221.25,24223.75,24218.5,24223
1775541240,24223,24224,24217.75,24221.5
1775541300,24222.25,24228.25,24221.5,24226.25
1775541360,24227.5,24232.25,24225,24230.75
1775541420,24230.75,24232,24226.75,24229.25
1775541480,24228,24229,24224.25,24225.75
1775541540,24225,24229.5,24224.75,24228
1775541600,24228,24231.5,24224.25,24230.75
1775541660,24230.25,24230.25,24222.5,24226.5
1775541720,24227.75,24231.75,24224,24228
1775541780,24228,24235.75,24226.75,24230.25
1775541840,24229.5,24231,24227.25,24227.25
1775541900,24226.75,24228,24221.75,24222.5
1775541960,24221.75,24227.25,24220.75,24224.5
1775542020,24225.75,24230.25,24224,24230
1775542080,24229.5,24238.5,24227.5,24237.25
1775542140,24237.75,24239.25,24228.5,24228.75
1775542200,24229,24229.25,24222.25,24226.25
1775542260,24226.25,24226.5,24219,24221.5
1775542320,24222,24226.25,24220.75,24225
1775542380,24225.25,24228.5,24218.5,24221.75
1775542440,24222.25,24222.5,24217.5,24220
1775542500,24219,24222.25,24214,24221.25
1775542560,24221.5,24225.5,24215.75,24217.25
1775542620,24216.75,24226,24216.25,24224
1775542680,24224.25,24224.5,24216,24219.25
1775542740,24219.5,24223.75,24217,24218.5
1775542800,24217.75,24222.5,24216.75,24218.5
1775542860,24218.75,24219.25,24213,24215.75
1775542920,24215.25,24217.25,24207.25,24210.5
1775542980,24210.75,24215.25,24209.75,24212
1775543040,24211.75,24231,24210,24230.25
1775543100,24229.5,24238.25,24227,24227.75
1775543160,24227.75,24234,24226,24230.25
1775543220,24230,24235.5,24229.25,24234
1775543280,24233.75,24234.25,24225.5,24229.75
1775543340,24230,24242.25,24228.5,24239
1775543400,24239.5,24245,24236.25,24242
1775543460,24241.5,24242.5,24234.25,24237.5
1775543520,24238.25,24238.25,24230.5,24231.75
1775543580,24232.75,24235.5,24225.25,24227
1775543640,24227.5,24228,24219.25,24221
1775543700,24220.75,24229.25,24219.25,24227.25
1775543760,24227.5,24232.5,24226.5,24229.75
1775543820,24230,24234.25,24229,24232.5
1775543880,24232.5,24240.75,24230.5,24239
1775543940,24238.75,24240.75,24235.75,24237
1775544000,24236.5,24237.75,24232.5,24234
1775544060,24234.25,24235.75,24231,24233.25
1775544120,24234.25,24239.75,24226,24236.25
1775544180,24236,24242.75,24236,24239.5
1775544240,24239.5,24241,24234.5,24236
1775544300,24236.5,24239.25,24231.25,24232.5
1775544360,24232,24232.75,24220.75,24228.25
1775544420,24228.5,24233,24224.75,24225
1775544480,24225.25,24226.5,24223.5,24225.75
1775544540,24226.25,24231.5,24224,24230.75
1775544600,24231.5,24234,24227.25,24230
1775544660,24230.5,24238,24230.5,24233.5
1775544720,24233.25,24238.5,24229.75,24236.75
1775544780,24236.5,24239.75,24235,24238
1775544840,24237.75,24240,24233.75,24234
1775544900,24235,24239,24232,24238.5
1775544960,24237.75,24239.75,24230.5,24233.25
1775545020,24233,24238.25,24232,24235.75
1775545080,24235.5,24238.75,24234,24235.5
1775545140,24236,24243.5,24232.75,24242
1775545200,24242.5,24253.75,24235.75,24236.5
1775545260,24237,24249.75,24231.75,24248.5
1775545320,24247.75,24256.75,24244.25,24247
1775545380,24247.25,24250,24243,24248
1775545440,24247,24248.25,24237,24240.75
1775545500,24241,24241,24228.25,24231
1775545560,24230.75,24234.5,24226.75,24232.5
1775545620,24232.5,24235.75,24227.5,24234.25
1775545680,24235,24238,24230.25,24233
1775545740,24232.25,24242.25,24230.75,24237.5
1775545800,24238.25,24239.5,24231.5,24235.25
1775545860,24235.5,24245.75,24222.75,24226
1775545920,24226.5,24236.5,24226.25,24236.5
1775545980,24235.75,24243.5,24227,24242.75
1775546040,24243.25,24244.5,24237.5,24240.75
1775546100,24242.75,24242.75,24233.25,24236.5
1775546160,24236.5,24245,24234.25,24236.5
1775546220,24237.25,24243.25,24236.5,24242.5
1775546280,24243.75,24244.25,24231.5,24238.25
1775546340,24237.25,24237.25,24224.25,24229.25
1775546400,24229.5,24239.25,24227.25,24228.5
1775546460,24228,24233,24220.5,24222.25
1775546520,24221.75,24221.75,24211,24216
1775546580,24216.5,24220.5,24209.25,24219.75
1775546640,24220.25,24225,24215.75,24224
1775546700,24225,24235,24223,24230
1775546760,24229.5,24233.5,24224,24226.5
1775546820,24227.5,24227.5,24216.75,24219.75
1775546880,24219.75,24226.5,24219.5,24224.5
1775546940,24223.75,24225,24217.75,24218.5
1775547000,24218.75,24225.25,24217.25,24224.75
1775547060,24224.75,24229.25,24221.5,24222
1775547120,24221.25,24237.5,24220.75,24233.75
1775547180,24234.5,24238,24231,24232.75
1775547240,24233,24233.5,24224.25,24225
1775547300,24225.25,24230.75,24224.75,24229.75
1775547360,24229.75,24234,24229.25,24232
1775547420,24231.5,24231.5,24225.25,24228.25
1775547480,24228.25,24230.5,24223.75,24226.25
1775547540,24225.75,24232.5,24225.25,24231.75
1775547600,24230.75,24235.5,24230,24234
1775547660,24233.5,24234.75,24228.5,24233.75
1775547720,24234.25,24238.25,24232.5,24238
1775547780,24237.25,24244.5,24236.25,24244.25
1775547840,24244.5,24251,24243.25,24245.75
1775547900,24245.75,24248.75,24243,24245
1775547960,24245.5,24249.5,24243.25,24247.5
1775548020,24247,24247.5,24241,24242.5
1775548080,24242,24244.25,24239,24241
1775548140,24240.75,24243.75,24237,24240.25
1775548200,24240.5,24240.75,24233.75,24238.25
1775548260,24238.75,24242.75,24234.5,24236.75
1775548320,24235.5,24236,24226,24229.25
1775548380,24229.5,24232.75,24227,24231
1775548440,24230,24231,24225.75,24227
1775548500,24226.5,24231,24223.75,24227.25
1775548560,24227.5,24231.5,24224.25,24231
1775548620,24230.75,24241,24230.75,24235.75
1775548680,24234.75,24244.5,24234.5,24243.25
1775548740,24243.25,24249.25,24240,24247.25
1775548800,24247.5,24269.5,24246.25,24269
1775548860,24269,24284,24262.25,24283.5
1775548920,24283.5,24348,24280.5,24330.5
1775548980,24328,24328.75,24291,24294.75
1775549040,24294.5,24295.5,24272,24276
1775549100,24275.25,24285.25,24270,24279.25
1775549160,24278.5,24280.75,24262.5,24272.75
1775549220,24272.25,24284.75,24269,24278.5
1775549280,24278.5,24288.25,24276.75,24282.75
1775549340,24282.25,24295.75,24281.75,24290.75
1775549400,24290,24297,24284.25,24296.75
1775549460,24296.25,24316,24294.5,24313.5
1775549520,24313.75,24322.25,24310.25,24310.75
1775549580,24310,24316.25,24303.5,24315
1775549640,24315,24321.25,24307.25,24314.5
1775549700,24314.5,24329.5,24305.5,24327.75
1775549760,24327.5,24332.5,24320,24326
1775549820,24325.25,24327,24314,24315.5
1775549880,24316.25,24319.5,24305.25,24317.75
1775549940,24318.25,24335,24317.75,24332.75
1775550000,24332.5,24346,24326.25,24345.25
1775550060,24345.25,24357.5,24338.75,24349.5
1775550120,24349.5,24355.25,24345.75,24349.25
1775550180,24348.5,24355.5,24342.75,24352.25
1775550240,24352.25,24369,24348.5,24354.75
1775550300,24354.25,24355.75,24343.75,24351.25
1775550360,24351,24351.75,24338.5,24345.5
1775550420,24345.5,24348.25,24335.75,24337.75
1775550480,24338.25,24342.5,24333.5,24340
1775550540,24339.75,24340,24327.75,24338
1775550600,24339,24344.75,24333.25,24343.25
1775550660,24343.5,24356.75,24342.5,24353.25
1775550720,24352.75,24376.5,24352.5,24367.25
1775550780,24367,24373.25,24363.25,24369
1775550840,24368.75,24378,24361.5,24375.75
1775550900,24376,24383,24365.75,24371.75
1775550960,24372.5,24376.25,24366.5,24370
1775551020,24369.5,24370.75,24362,24368.25
1775551080,24369,24376,24366.25,24369.75
1775551140,24369,24370.25,24364,24364.75
1775551200,24364.5,24366.5,24356.5,24359.25
1775551260,24359.5,24360,24348.5,24352
1775551320,24351.5,24359.25,24350.25,24354.25
1775551380,24354.25,24358.75,24349.25,24358
1775551440,24357.5,24366,24354.75,24362.5
1775551500,24362.25,24370.75,24361,24367
1775551560,24367.75,24367.75,24352.5,24355.75
1775551620,24356.75,24359.75,24351,24354.25
1775551680,24354.75,24356.75,24346.75,24354
1775551740,24354.75,24361.5,24351.75,24354.25
1775551800,24354,24356.25,24348.5,24354.5
1775551860,24355.5,24355.75,24346,24348.25
1775551920,24348.5,24351.5,24346.25,24350.25
1775551980,24350,24354.75,24345.75,24346.75
1775552040,24345.75,24356.75,24345.75,24350.25
1775552100,24349.75,24354,24348.75,24350.25
1775552160,24349.75,24352.25,24346.75,24352
1775552220,24352.5,24363,24351,24361.75
1775552280,24362,24370,24359.75,24363.75
1775552340,24364.25,24367.5,24356.75,24360.75
1775552400,24360,24365,24356.5,24362
1775552460,24361.75,24368.25,24356.75,24367.5
1775552520,24367.5,24371.75,24364.5,24368
1775552580,24368,24374.5,24366,24367
1775552640,24366.5,24370,24362,24365.75
1775552700,24365.75,24366.5,24359.75,24360.75
1775552760,24362,24362,24352,24356
1775552820,24356.5,24363.25,24352.75,24357.75
1775552880,24357.75,24371.25,24355.25,24367.5
1775552940,24367.75,24378,24367.5,24374.75
1775553000,24375.25,24387.75,24372.75,24378.25
1775553060,24379.5,24381.25,24372.25,24381
1775553120,24380.75,24388.5,24380,24381.25
1775553180,24380.75,24386.25,24377.75,24381.75
1775553240,24381.75,24383.75,24370.75,24375.5
1775553300,24374.75,24375.5,24367.75,24371.5
1775553360,24370.5,24381.5,24369.5,24378.5
1775553420,24377.75,24399.5,24376,24391.25
1775553480,24390.75,24391.75,24383.75,24388.5
1775553540,24388.75,24391,24385,24389
1775553600,24388.25,24394.75,24382.25,24392
1775553660,24392.5,24395.25,24388.25,24392.5
1775553720,24391,24395.5,24388.25,24393.25
1775553780,24393,24393.75,24385,24389.25
1775553840,24388.25,24397.25,24386.5,24396
1775553900,24396,24398.5,24390,24393.75
1775553960,24393.75,24407.5,24393.75,24404.75
1775554020,24404.25,24412.25,24402.75,24405.75
1775554080,24406.5,24411.25,24377.5,24399.5
1775554140,24399.75,24410,24396.25,24402.75
1775554200,24401.75,24408.25,24400,24406
1775554260,24406.5,24406.5,24399,24402.5
1775554320,24404,24413.75,24400.75,24405.75
1775554380,24405.75,24413.25,24400.25,24410
1775554440,24409.75,24421,24409.5,24419.5
1775554500,24419.75,24420,24413.25,24417.75
1775554560,24418.25,24419.5,24410.5,24415.5
1775554620,24415,24415,24406,24407
1775554680,24407.25,24411.5,24404.75,24408.25
1775554740,24408.25,24408.25,24400.75,24405.25
1775554800,24404.75,24406.25,24400.25,24402.25
1775554860,24402,24405.25,24399.75,24401.5
1775554920,24401,24401,24391.25,24396
1775554980,24397,24399,24392.25,24394.75
1775555040,24395,24395.5,24386.25,24387
1775555100,24386.25,24387.5,24381.25,24383.5
1775555160,24381.5,24382.25,24371.5,24372.25
1775555220,24372.5,24381,24372,24379
1775555280,24379.75,24390.5,24378.25,24385.5
1775555340,24386,24392,24382.25,24383
1775555400,24384.25,24388,24380,24386.5
1775555460,24386.75,24396.5,24386,24395.75
1775555520,24394.75,24395.75,24383.5,24384
1775555580,24384.75,24391,24384.25,24390
1775555640,24389.75,24390,24385,24388.75
1775555700,24388.75,24390.5,24382.75,24385.75
1775555760,24385.25,24390.25,24383.75,24388
1775555820,24387.25,24394.75,24386.5,24392.5
1775555880,24392.75,24397,24390.5,24391.5
1775555940,24392.25,24394,24385.75,24385.75
1775556000,24386,24390,24383.25,24387.5
1775556060,24387,24399.75,24386,24392.5
1775556120,24392.75,24394.5,24388.25,24389.75
1775556180,24389.5,24390.25,24374,24375
1775556240,24375.5,24379.5,24368.5,24376.5
1775556300,24376,24387.5,24373.25,24385
1775556360,24385.25,24385.25,24373.25,24374.5
1775556420,24374.5,24382.5,24374.5,24382.5
1775556480,24381.5,24384.5,24376.25,24380.5
1775556540,24381,24381.25,24293.5,24357.75
1775556600,24360.75,24373.25,24332.25,24347
1775556660,24347.5,24369.75,24341,24364.5
1775556720,24363.5,24377.5,24359.25,24370.75
1775556780,24369.75,24374.25,24365.25,24371.5
1775556840,24370.5,24380,24360.25,24365.75
1775556900,24365.75,24392.25,24365,24389.75
1775556960,24389,24391.75,24374.25,24377.25
1775557020,24376.75,24380.25,24374,24376.75
1775557080,24377.25,24380.5,24370.5,24372
1775557140,24372.25,24377.75,24365.25,24375.75
1775557200,24375.75,24391.25,24369.5,24381
1775557260,24381.5,24385.25,24368,24376.25
1775557320,24376.75,24380,24371,24374.25
1775557380,24374.75,24378.75,24366.75,24375
1775557440,24374.75,24382.75,24373.25,24380.75
1775557500,24380.25,24384,24332,24332.5
1775557560,24333.5,24337.25,24310,24327.75
1775557620,24328.75,24344.25,24322.75,24340.25
1775557680,24339.25,24367.75,24337.25,24348.75
1775557740,24348.5,24356.25,24340.5,24349
1775557800,24348.25,24352,24340.25,24341.5
1775557860,24341.75,24348.75,24326.5,24330.5
1775557920,24330,24338.75,24319.5,24324
1775557980,24324,24325.75,24315.75,24318.5
1775558040,24318.25,24321.75,24311,24316.5
1775558100,24317,24321.5,24312.25,24317
1775558160,24317.5,24322.75,24314.75,24316.75
1775558220,24316.75,24317.25,24297,24306.75
1775558280,24307.25,24312.5,24300.25,24303
1775558340,24303,24310.25,24289.5,24294.75
1775558400,24295.75,24304.25,24293.25,24298.5
1775558460,24298.5,24300.25,24283.75,24295.25
1775558520,24294.5,24312.75,24292,24306
1775558580,24305.25,24310.25,24270.5,24280.75
1775558640,24280.5,24298.25,24275.25,24288.25
1775558700,24288.75,24290.5,24263.75,24267
1775558760,24267.5,24271,24254.5,24262.5
1775558820,24262.25,24264.5,24255.25,24259
1775558880,24259.25,24261,24236,24249.75
1775558940,24249.5,24252.5,24243.5,24246.25
1775559000,24247,24249.25,24230.5,24241.75
1775559060,24241.5,24247.5,24237.75,24241.5
1775559120,24241.5,24242.25,24196.75,24200.5
1775559180,24200.25,24223.25,24189.25,24218.75
1775559240,24218.5,24226,24213.25,24221
1775559300,24220,24227,24208.5,24216.75
1775559360,24216.75,24219.75,24186,24192.25
1775559420,24191.75,24205.75,24189.25,24201.75
1775559480,24200.5,24212,24199,24202.5
1775559540,24202.75,24210,24195.75,24205
1775559600,24205,24218.5,24203.75,24212.75
1775559660,24212,24217.5,24207.75,24211.5
1775559720,24210,24211.5,24197.5,24205
1775559780,24205,24217.25,24204.25,24212
1775559840,24211.5,24219.75,24210,24212.25
1775559900,24212.5,24220,24207.5,24218
1775559960,24218,24226.75,24209,24210.5
1775560020,24210.75,24214.75,24195.75,24211.75
1775560080,24211.25,24229.5,24211.25,24224
1775560140,24224.5,24234.75,24220.5,24233.25
1775560200,24232.25,24233,24206.5,24211.25
1775560260,24211.25,24223.5,24210.75,24219
1775560320,24219,24223.5,24216.75,24222.5
1775560380,24223,24225,24214.75,24224.75
1775560440,24224.25,24226,24216.75,24221.75
1775560500,24222.25,24250.75,24220.75,24230.75
1775560560,24231.5,24237,24229,24236.75
1775560620,24236,24244.75,24233.5,24241.75
1775560680,24242.5,24247.75,24236.5,24242.5
1775560740,24242.75,24248.5,24241.25,24247
1775560800,24247.25,24247.25,24239.25,24241.5
1775560860,24241.75,24241.75,24232.5,24235
1775560920,24235.25,24248.25,24233.75,24244.75
1775560980,24244.25,24247.25,24233.75,24243.25
1775561040,24243.25,24244.25,24229.5,24234
1775561100,24234.25,24244.75,24233.25,24243.25
1775561160,24242.75,24257.75,24242.25,24254.75
1775561220,24255,24255.5,24235,24239.25
1775561280,24238.75,24238.75,24229.25,24234.25
1775561340,24233.75,24237.5,24223,24224.25
1775561400,24224,24229,24216.25,24226.25
1775561460,24226.25,24228.75,24216,24216.25
1775561520,24217,24222.25,24208.75,24210.5
1775561580,24211.5,24212.5,24200.25,24203
1775561640,24203.5,24206,24199,24203.75
1775561700,24204.25,24204.25,24189.75,24193.75
1775561760,24193.75,24197,24179.25,24187.25
1775561820,24187.75,24225.75,24177.25,24211.5
1775561880,24211,24220,24202.25,24214.25
1775561940,24213,24218.25,24203.75,24210.5
1775562000,24209.5,24216.5,24203.5,24214.25
1775562060,24215,24224.5,24213.75,24220.5
1775562120,24219.5,24219.5,24200.5,24212
1775562180,24212.75,24228.75,24212.25,24222.75
1775562240,24222.25,24223.25,24210.75,24220.5
1775562300,24220.75,24223,24213,24216.75
1775562360,24217,24217.25,24208.5,24211
1775562420,24211.5,24219.75,24211.25,24217
1775562480,24217,24220.75,24210.5,24213.25
1775562540,24213.25,24217,24212,24212.75
1775562600,24212.5,24217.25,24207.25,24215.5
1775562660,24215.25,24217.75,24204,24207.25
1775562720,24206.25,24210.25,24200,24205
1775562780,24205.5,24216,24201.5,24209
1775562840,24208.25,24210.75,24202,24209
1775562900,24209.25,24211,24204,24209.5
1775562960,24209.5,24216.5,24204.75,24212.25
1775563020,24212.25,24220.75,24209.25,24216.5
1775563080,24215.75,24220.5,24215,24218.5
1775563140,24217.25,24219.5,24210,24210.5
1775563200,24211,24214,24199,24201.75
1775563260,24201.75,24205.5,24194.25,24198.75
1775563320,24199,24207.5,24198.5,24199.5
1775563380,24199.75,24202.5,24194.25,24197.75
1775563440,24197.25,24197.75,24191.75,24196.25
1775563500,24196.5,24198.5,24185.5,24188
1775563560,24188.75,24230.75,24133.75,24167.25
1775563620,24167.5,24169.75,24136.25,24158.5
1775563680,24160,24172.75,24143.5,24168
1775563740,24168.5,24184,24167.25,24178.5
1775563800,24178.5,24187,24167,24177.5
1775563860,24178,24185.25,24171.5,24181.25
1775563920,24181,24190,24170.5,24176.5
1775563980,24175.5,24175.75,24161.5,24167
1775564040,24167.25,24178,24165.25,24166.25
1775564100,24166.5,24172.25,24155.5,24160
1775564160,24160.25,24162.5,24140.75,24153.75
1775564220,24154.75,24183,24150.75,24170.75
1775564280,24171.25,24216.5,24170.25,24206.5
1775564340,24207.75,24212.25,24188.75,24203.75
1775564400,24202.5,24207.75,24196.25,24198.5
1775564460,24199.75,24222.25,24195.5,24218.25
1775564520,24218.25,24225,24214.25,24219.75
1775564580,24219,24219,24201.5,24204.5
1775564640,24205.75,24240.75,24202.5,24218.25
1775564700,24218,24233.75,24218,24227
1775564760,24227.25,24234,24219,24221.5
1775564820,24221.5,24237.5,24220.75,24237.25
1775564880,24237.25,24238.5,24227.25,24232
1775564940,24231.25,24243.75,24226.5,24241
1775565000,24241.5,24249.5,24235.25,24238.25
1775565060,24237,24248.5,24227.25,24230
1775565120,24229.25,24230.5,24210,24216.75
1775565180,24215.75,24219.25,24210.75,24212.75
1775565240,24212.25,24219,24209.5,24217.25
1775565300,24217.25,24222,24208.25,24221.5
1775565360,24221.25,24223.5,24214.75,24219
1775565420,24218.5,24222.5,24215.25,24222
1775565480,24222.5,24224.25,24212.75,24215
1775565540,24214,24222.75,24212.25,24217.5
1775565600,24217.75,24218.75,24210.25,24212.75
1775565660,24212.25,24217,24202.25,24207
1775565720,24206.75,24207.75,24198.75,24202.5
1775565780,24203.25,24205.5,24194.25,24196.25
1775565840,24196.75,24209.25,24196.25,24204.5
1775565900,24204.75,24207.5,24199.75,24203
1775565960,24203.5,24211,24195,24201.5
1775566020,24201.25,24202.5,24195,24196.75
1775566080,24197,24198,24184.5,24187.25
1775566140,24187.25,24191.75,24182.25,24186.25
1775566200,24186.5,24188.5,24177.5,24185
1775566260,24185.25,24198.75,24185.25,24196.75
1775566320,24196.25,24205.75,24195.75,24199.5
1775566380,24199,24213.25,24198.75,24212.75
1775566440,24211.75,24217,24210.25,24215.25
1775566500,24215.5,24280.5,24202,24260.75
1775566560,24261,24262,24227.5,24229.25
1775566620,24230,24230.75,24214.5,24217
1775566680,24218.25,24235.25,24214.5,24217.5
1775566740,24217.5,24221.75,24212,24215.5
1775566800,24216,24221.5,24205.5,24207.25
1775566860,24208,24225,24204.75,24219.5
1775566920,24219.5,24226,24218.25,24220.5
1775566980,24220,24227,24216,24225.25
1775567040,24226.25,24229.25,24220.25,24221.75
1775567100,24221.75,24234,24218,24229.5
1775567160,24230,24245.75,24229.25,24241
1775567220,24241.5,24250.25,24233.75,24237
1775567280,24237.25,24243,24232,24237.5
1775567340,24237.5,24237.5,24226.25,24229.75
1775567400,24229.5,24232.5,24213.75,24215.25
1775567460,24215.25,24223.25,24214.75,24222
1775567520,24222,24231.5,24222,24226.75
1775567580,24226.75,24235,24223.25,24234.5
1775567640,24234.75,24234.75,24195,24230
1775567700,24230,24237.25,24229,24232.75
1775567760,24233.25,24235.5,24221.75,24229
1775567820,24229.25,24233,24222,24227.25
1775567880,24227,24228,24212.75,24219
1775567940,24219.25,24222.25,24214,24215.5
1775568000,24215.75,24225.5,24214.25,24221.75
1775568060,24221.25,24228.5,24218,24226.25
1775568120,24226.25,24241.75,24225.25,24237.5
1775568180,24237,24240,24234,24237.5
1775568240,24237.25,24245,24235.25,24242
1775568300,24241.25,24244.5,24233.75,24242.5
1775568360,24243.25,24247.5,24233.75,24235.5
1775568420,24236.25,24238,24224,24237.5
1775568480,24237.75,24249,24237.5,24246.25
1775568540,24245.75,24247,24236.25,24243
1775568600,24243.75,24303.25,24242.5,24252
1775568660,24251.75,24258.75,24198,24212.25
1775568720,24212.75,24239.25,24208.75,24219.5
1775568780,24219.25,24232.75,24205.5,24221.75
1775568840,24222,24236,24216,24221.5
1775568900,24222,24223.75,24201.25,24216.75
1775568960,24216.25,24257.5,24215.75,24242.25
1775569020,24242.25,24262.5,24241.5,24245.25
1775569080,24245.5,24259,24229.5,24231.5
1775569140,24231.5,24239,24202.25,24211
1775569200,24211,24233.25,24196.5,24198.25
1775569260,24198.25,24214.25,24187.75,24200
1775569320,24201,24220.25,24200.5,24212.75
1775569380,24213,24232.25,24205.75,24205.75
1775569440,24206.25,24208.75,24191,24197
1775569500,24197,24205.5,24176.5,24189.75
1775569560,24190.25,24197.25,24177.25,24184
1775569620,24184.5,24186.25,24153.75,24160.25
1775569680,24160.5,24171,24148,24156.25
1775569740,24156.25,24176,24156.25,24166.75
1775569800,24167.75,24170,24150.75,24155.5
1775569860,24156,24174,24139,24160
1775569920,24160.5,24181,24158,24177.75
1775569980,24177,24184.25,24158.5,24184.25
1775570040,24183.75,24203.25,24181.5,24199.75
1775570100,24199.75,24210,24183.75,24195.25
1775570160,24194.75,24197,24152.75,24163
1775570220,24163.5,24169.25,24142.75,24148.25
1775570280,24149,24158.5,24135.75,24145.5
1775570340,24145.75,24151.75,24118,24120.25
1775570400,24121,24129.5,24093.5,24104.25
1775570460,24104.25,24108.75,24086.5,24094
1775570520,24093.75,24102,24080.5,24095.75
1775570580,24095.25,24103.25,24083.5,24086.25
1775570640,24086.25,24091,24070.5,24079.5
1775570700,24079,24081.25,24060.25,24062.75
1775570760,24062.75,24063.25,24012.25,24013.5
1775570820,24013.25,24042.75,24010.25,24013.75
1775570880,24013.5,24021.25,23994,23997
1775570940,23997,24022.5,23996.5,24019.5
1775571000,24020,24038,24018,24032
1775571060,24031.5,24044.25,24015.25,24028.75
1775571120,24028.5,24042.75,24020,24022.25
1775571180,24022,24032,24013.25,24022.75
1775571240,24022.5,24042,24021,24035.25
1775571300,24035,24049.75,24029.75,24046.25
1775571360,24046.25,24069.5,24045.25,24049.75
1775571420,24050,24055,24036,24046.75
1775571480,24046.5,24057.5,24039,24046.75
1775571540,24046.75,24057.75,24034.5,24055.5
1775571600,24055.25,24082.25,24053.25,24067.75
1775571660,24067,24108,24064.25,24100
1775571720,24100.25,24111.5,24089.5,24091.5
1775571780,24091.75,24126.25,24085.25,24119.75
1775571840,24119.75,24132.25,24113.25,24118.75
1775571900,24119.25,24121.5,24108.5,24116.5
1775571960,24116.25,24117.25,24099.25,24112
1775572020,24112,24112.25,24082,24088
1775572080,24087.5,24090,24076.5,24081.25
1775572140,24080.75,24116.25,24080,24107.5
1775572200,24107.75,24118.75,24095.5,24096
1775572260,24096.5,24100.75,24083.25,24096.25
1775572320,24096,24106.5,24086,24086.5
1775572380,24086.75,24146,24084.75,24137.75
1775572440,24137.25,24137.75,24110.75,24112
1775572500,24112.75,24117.25,24086.5,24104.75
1775572560,24104.5,24120.25,24089.5,24106.5
1775572620,24106.75,24118,24094.5,24109.75
1775572680,24109.75,24113.5,24095.25,24104.75
1775572740,24105.25,24105.25,24071.5,24090
1775572800,24090.5,24099.75,24082.25,24083.75
1775572860,24083.75,24093.75,24077.5,24085.75
1775572920,24085.5,24087.25,24067,24072.25
1775572980,24073,24077.75,24059.25,24061
1775573040,24061.75,24089,24061.75,24075.25
1775573100,24075.5,24084,24065.5,24072.75
1775573160,24072.75,24125,24072.5,24091.75
1775573220,24092,24093.25,24079.75,24082.5
1775573280,24082.25,24086.5,24069.5,24073
1775573340,24072.75,24092,24071.75,24077.75
1775573400,24078.75,24083.5,24062.75,24064
1775573460,24064.25,24075.25,24050,24053.25
1775573520,24053.25,24060.25,24048,24058.25
1775573580,24057.75,24085.5,24055.5,24069
1775573640,24068.75,24070,24060.5,24064.5
1775573700,24063.75,24063.75,24045.5,24047.75
1775573760,24047.25,24057,24040.5,24049.25
1775573820,24049,24055.25,24036.75,24051.25
1775573880,24051.25,24060.25,24024,24026
1775573940,24026.25,24031.75,24006,24009.25
1775574000,24009,24011.75,23982,23998
1775574060,23998.5,24003,23988.5,24001
1775574120,24000.75,24015.5,23973.5,23984.75
1775574180,23984.75,23991,23979.25,23985.5
1775574240,23985.5,23993.5,23970.5,23976.75
1775574300,23976.5,23976.5,23943.25,23948.5
1775574360,23948.75,23959.75,23941.5,23956
1775574420,23955.75,23968.5,23955,23961.75
1775574480,23961.5,23967.25,23951,23954.5
1775574540,23954.5,23967,23951,23966.75
1775574600,23966.25,23999,23964.5,23989.5
1775574660,23989.75,24020,23986,24009.5
1775574720,24009.5,24013,24003.5,24006
1775574780,24005.75,24006.5,23994.25,24001.75
1775574840,24002.25,24006.25,23993.75,24005.5
1775574900,24005.25,24083,23997.25,24071.25
1775574960,24070.25,24086.25,24038.25,24041.75
1775575020,24043.25,24047,24029.75,24043.25
1775575080,24043,24055.5,24031.5,24034.5
1775575140,24035.25,24050.5,24031.75,24048
1775575200,24048.25,24052,24037.5,24044
1775575260,24044,24047,24027.25,24040.5
1775575320,24040,24052,24032.5,24046
1775575380,24046,24046.75,24031.5,24042.25
1775575440,24042.25,24048.25,24024.25,24027.25
1775575500,24027,24051.25,24025,24043.25
1775575560,24043.25,24055,24035.75,24053
1775575620,24052.5,24054,24040.25,24051
1775575680,24050.75,24061.75,24041.25,24049.5
1775575740,24049.5,24069.5,24042.25,24066.25
1775575800,24066.5,24073.25,24057.75,24058
1775575860,24058,24068,24046,24065.5
1775575920,24065.5,24074.75,24058.75,24072.5
1775575980,24072.25,24079.5,24062,24074.75
1775576040,24075,24083,24071.25,24071.75
1775576100,24071.25,24090,24069.5,24076.75
1775576160,24076.25,24093.25,24075.75,24091.5
1775576220,24091.5,24093.25,24053,24070.5
1775576280,24070.25,24076.25,24061.5,24067
1775576340,24067.25,24068,24046,24056.5
1775576400,24056,24061.75,24050,24055.5
1775576460,24056,24060.75,24042,24047.5
1775576520,24047.5,24054.5,24043,24051.5
1775576580,24051.5,24065.75,24051.5,24063
1775576640,24063.75,24071.5,24048,24053.25
1775576700,24054.25,24062.75,24052,24061.25
1775576760,24060.75,24081.5,24058.25,24075
1775576820,24075,24080,24066.25,24066.5
1775576880,24066.25,24070.75,24058.5,24069.75
1775576940,24069,24078.5,24065.5,24076.5
1775577000,24076.25,24086,24065.75,24069.5
1775577060,24070,24074.25,24061.25,24064.5
1775577120,24064.5,24070.5,24056.5,24067.75
1775577180,24067.75,24080.75,24066.5,24076.25
1775577240,24077.5,24088.75,24076,24084.25
1775577300,24084,24132.25,24080.25,24105
1775577360,24104,24105.75,24088,24093.5
1775577420,24093.75,24100,24089.5,24097
1775577480,24096.25,24101.75,24088.5,24099.75
1775577540,24100,24110.5,24096.5,24108.25
1775577600,24107.5,24124.75,24105.5,24118.75
1775577660,24119,24124,24107.5,24120.5
1775577720,24120.5,24195.75,24119.5,24189.75
1775577780,24189.5,24237.75,24185,24192
1775577840,24192,24204,24176.75,24177.25
1775577900,24176.75,24183.5,24163.75,24173.75
1775577960,24174.25,24188,24163.75,24180
1775578020,24180,24189,24163.5,24163.5
1775578080,24163.25,24163.25,24145.25,24154.75
1775578140,24154,24157.25,24144,24145.5
1775578200,24145.25,24159.25,24142.25,24149
1775578260,24148.5,24164.75,24144,24160.25
1775578320,24160,24169.25,24153.25,24162.25
1775578380,24162.5,24169.25,24155.5,24159.75
1775578440,24160,24170,24154.75,24157.25
1775578500,24157.5,24176,24147,24175
1775578560,24175.25,24180.75,24170,24177.75
1775578620,24178,24178.25,24159.5,24161.5
1775578680,24161.5,24169.75,24155.25,24164.5
1775578740,24164.75,24167.5,24157.75,24162.5
1775578800,24161.75,24163.75,24151.5,24161.75
1775578860,24161.75,24175,24161.5,24170.75
1775578920,24170,24176.75,24167,24172.5
1775578980,24172.25,24227.25,24166.25,24184.75
1775579040,24185,24196.75,24173.75,24195.5
1775579100,24195.75,24202.75,24182.75,24189
1775579160,24190,24197.25,24180.5,24195
1775579220,24195.5,24212.75,24192.25,24202
1775579280,24202.5,24217.25,24185.25,24193.25
1775579340,24193.75,24201,24187.75,24189.5
1775579400,24189.5,24196.75,24181,24194
1775579460,24193.75,24204,24178.75,24203
1775579520,24202.75,24206.75,24191.75,24194.25
1775579580,24194.5,24204.5,24191.25,24204
1775579640,24204,24207.75,24196.75,24206.25
1775579700,24206.25,24212.25,24200.5,24203.5
1775579760,24203.25,24205,24191.25,24198.75
1775579820,24199,24202.25,24188.75,24195.25
1775579880,24195.25,24199,24185.5,24187.5
1775579940,24187.25,24189.25,24175.25,24187.75
1775580000,24187.25,24195,24180.5,24190
1775580060,24189.75,24209,24189.5,24195
1775580120,24194.75,24204.25,24192,24198.25
1775580180,24198,24199,24187,24190.75
1775580240,24191.25,24206.75,24188.25,24205.25
1775580300,24205.75,24221.75,24204.5,24220
1775580360,24220.25,24233.5,24216,24232.5
1775580420,24232.5,24233.25,24219.5,24231.25
1775580480,24231.25,24241.5,24226.25,24227.5
1775580540,24227.75,24228,24220.25,24221
1775580600,24221.75,24229.5,24213,24229.25
1775580660,24229.5,24231.25,24225.5,24227.75
1775580720,24227.25,24233.25,24220.25,24229.75
1775580780,24230.25,24232.5,24225,24229.75
1775580840,24229.25,24234,24219.5,24223.75
1775580900,24223.5,24223.5,24212.5,24216
1775580960,24216,24216.75,24203,24204.25
1775581020,24205,24213.75,24201.5,24205.5
1775581080,24206,24214.75,24200.75,24213.75
1775581140,24213.75,24214,24198.5,24202.25
1775581200,24202,24238,24190.5,24213.5
1775581260,24214.25,24217.75,24201.5,24208
1775581320,24207.75,24222,24207.5,24220.5
1775581380,24220.75,24233.75,24217,24230.25
1775581440,24230,24236.5,24223.5,24224.75
1775581500,24224.75,24228.75,24215.25,24220
1775581560,24219.75,24231.75,24213.5,24225.5
1775581620,24225.25,24225.75,24212.75,24217.25
1775581680,24217.25,24222.5,24215.25,24217.75
1775581740,24218.5,24219,24209.5,24214.75
1775581800,24214.5,24221.25,24208,24217.75
1775581860,24217.75,24217.75,24206.25,24209.5
1775581920,24209.25,24219.25,24206,24215.25
1775581980,24215.25,24221,24203.5,24205.5
1775582040,24204.75,24205.75,24197.5,24201.75
1775582100,24201.25,24207.5,24192,24207.5
1775582160,24207.75,24213,24189.25,24190.5
1775582220,24191,24199.5,24188,24191.25
1775582280,24191.5,24195,24187.75,24190.75
1775582340,24190.75,24198.25,24187.5,24194.5
1775582400,24194.5,24196.25,24173.75,24175.5
1775582460,24174.75,24177.75,24170,24173.5
1775582520,24173.5,24183.75,24173,24180.5
1775582580,24180,24192.25,24176.5,24187
1775582640,24187.75,24193.75,24185.5,24186.75
1775582700,24186.75,24187,24170.75,24181.75
1775582760,24182,24197,24181.25,24191
1775582820,24190.5,24192,24184.75,24190
1775582880,24190.5,24191,24178,24182.5
1775582940,24182.25,24190.5,24179.25,24188.25
1775583000,24188.5,24200.75,24185.25,24186
1775583060,24186,24196,24183.25,24193.25
1775583120,24193.25,24218,24192.25,24213.25
1775583180,24213.5,24218,24208.25,24216.25
1775583240,24215.5,24233.5,24212.75,24230
1775583300,24229.75,24272,24229.75,24265
1775583360,24265,24299.25,24253,24279.25
1775583420,24279.25,24284.75,24270,24274
1775583480,24274.25,24276.75,24259.5,24263.25
1775583540,24263.75,24270.25,24254.75,24260
1775583600,24259.5,24261.75,24236.5,24239.75
1775583660,24239.5,24252.5,24239.25,24248.75
1775583720,24248.5,24254.25,24240.5,24241.75
1775583780,24241.75,24242,24229.25,24234.5
1775583840,24234.75,24235.25,24226.25,24231
1775583900,24230.75,24235,24217.25,24218
1775583960,24217.5,24234.75,24217,24227
1775584020,24227.75,24236.5,24226.5,24234.25
1775584080,24234.5,24235.25,24219.75,24224.75
1775584140,24224.75,24237.5,24222.25,24235.5
1775584200,24235.75,24243,24230,24234.25
1775584260,24234.5,24245.5,24231.25,24244
1775584320,24243.75,24249.25,24242,24245
1775584380,24245.25,24254.75,24244.75,24248.5
1775584440,24248,24248.25,24235.5,24240.5
1775584500,24240.75,24242.75,24232.5,24235.75
1775584560,24235.75,24239,24231.25,24235.75
1775584620,24235.75,24235.75,24213.25,24228.5
1775584680,24228.25,24232.5,24223.5,24227.25
1775584740,24226.5,24227.75,24222,24225.5
1775584800,24225.75,24235.75,24223.5,24232.5
1775584860,24232.75,24236.5,24228.25,24230.75
1775584920,24230.5,24235.75,24223.5,24232.75
1775584980,24233,24238,24225.5,24235.75
1775585040,24236,24238.75,24217.75,24220.75
1775585100,24220.75,24221.5,24213.25,24220.25
1775585160,24219.5,24219.5,24207.5,24214.25
1775585220,24214,24218.25,24200,24206
1775585280,24206,24213.5,24204.25,24210.75
1775585340,24211,24214.75,24207.75,24209.5
1775585400,24209.75,24211.25,24199.5,24202
1775585460,24201.75,24206.5,24197.75,24205.25
1775585520,24204.5,24211,24202,24204.5
1775585580,24204.25,24215.75,24202.25,24214
1775585640,24214,24216.5,24209.75,24210.25
1775585700,24210.5,24212.25,24206.75,24210
1775585760,24209.5,24214.5,24205,24210.25
1775585820,24210.5,24217.5,24206.5,24209.5
1775585880,24209,24218.25,24206.25,24217.75
1775585940,24218,24226.25,24213,24222.75
1775586000,24222.75,24226,24211.75,24216.25
1775586060,24216,24216.5,24207,24213
1775586120,24212.75,24225.75,24210.75,24220
1775586180,24219.75,24221,24200.25,24203.75
1775586240,24203.5,24203.75,24188.75,24193.75
1775586300,24193.75,24200.75,24188,24192.5
1775586360,24192.75,24200.5,24186.75,24197.75
1775586420,24197.75,24205,24193.5,24193.5
1775586480,24193.75,24203.25,24193.5,24196.5
1775586540,24196.25,24200.75,24191.5,24194
1775586600,24194.5,24200,24188.25,24193.25
1775586660,24193.75,24194.75,24183,24188.25
1775586720,24188.75,24196.5,24187,24193.25
1775586780,24193.5,24198.75,24187.75,24196.75
1775586840,24197.5,24203.25,24195.5,24196.75
1775586900,24196.25,24200.25,24191.75,24195
1775586960,24194.5,24198.25,24187,24198
1775587020,24198.25,24200,24184.25,24186.25
1775587080,24186.5,24188,24181.25,24185.5
1775587140,24185.25,24189.25,24179,24186.5
1775587200,24186.75,24189.5,24167,24171.5
1775587260,24171.75,24176,24157,24160
1775587320,24160.25,24169.25,24156,24161.75
1775587380,24162.5,24167,24152.5,24164.75
1775587440,24165,24173,24162.75,24166
1775587500,24166.25,24167,24142.75,24157
1775587560,24157,24168.25,24156.25,24164.25
1775587620,24164.75,24169.25,24153.25,24153.5
1775587680,24153.5,24154,24144.25,24148.75
1775587740,24148.75,24150.5,24143,24147.25
1775587800,24147,24149.75,24140.25,24145.5
1775587860,24145.25,24148.5,24137.25,24143.25
1775587920,24143,24144.75,24131.5,24135
1775587980,24135,24139.75,24120,24122
1775588040,24122,24122.5,24108.25,24114
1775588100,24113.75,24115,24076.5,24080
1775588160,24080,24092.75,24076.5,24088.75
1775588220,24089.5,24106.75,24089.5,24100
1775588280,24099.75,24113,24096.25,24100.75
1775588340,24101.25,24106.25,24094,24102.25
1775588400,24102.25,24102.75,24090.5,24096.25
1775588460,24096,24102,24091.25,24097.25
1775588520,24096.5,24123.25,24096.25,24120.75
1775588580,24120.75,24129,24112.25,24113.25
1775588640,24113.5,24115,24108,24112.5
1775588700,24112,24113,24096,24099.25
1775588760,24099,24104,24087.5,24096.75
1775588820,24096.75,24098.5,24083,24087.5
1775588880,24087,24132.5,24083.5,24105.25
1775588940,24105.25,24109.25,24100,24102.75
1775589000,24103,24125.25,24100.75,24117.25
1775589060,24117.25,24133,24115.75,24121
1775589120,24120.75,24130.25,24118.75,24123.75
1775589180,24124,24127.75,24117,24126.75
1775589240,24127.5,24136,24125.25,24132.25
1775589300,24132.75,24145.25,24125.75,24142
1775589360,24141.5,24166,24140.5,24149.25
1775589420,24149.5,24164.5,24147.75,24157.75
1775589480,24158.25,24224.25,24155.5,24211.25
1775589540,24211.25,24270.75,24201.75,24252.25
1775589600,24252.75,24296.75,24240.75,24259.25
1775589660,24259,24263,24222.5,24230.25
1775589720,24230.25,24247,24223,24242.5
1775589780,24242.75,24242.75,24206.25,24207.75
1775589840,24208.5,24227.5,24196.5,24226
1775589900,24226,24228.5,24204.25,24214.5
1775589960,24214.75,24223,24190.5,24203
1775590020,24202.5,24220.25,24196.25,24216
1775590080,24215.75,24229.5,24209,24228.5
1775590140,24228.5,24229,24212,24216.75
1775590200,24217.25,24220.75,24203.5,24216.25
1775590260,24215.75,24220,24204.5,24209.75
1775590320,24209.5,24224.75,24206.75,24215.25
1775590380,24214.75,24219.75,24207,24214.25
1775590440,24214.25,24221.25,24210.5,24212.25
1775590500,24212.25,24214.25,24191.75,24199.25
1775590560,24198.75,24209.5,24195.75,24203.75
1775590620,24204.25,24211.25,24194.5,24203.75
1775590680,24203.75,24211.75,24198.25,24203.5
1775590740,24203.25,24209,24198.75,24204
1775590800,24203.5,24223.5,24197.5,24219.75
1775590860,24220,24229,24215.5,24222.75
1775590920,24223.5,24225.75,24213.75,24217.5
1775590980,24217.5,24225.75,24214.75,24217.25
1775591040,24216.75,24259.25,24212,24240.5
1775591100,24240.75,24343,24224,24328
1775591160,24327.75,24343,24277.75,24309
1775591220,24309.25,24311.5,24278,24308
1775591280,24308.25,24325,24295.75,24300.75
1775591340,24301,24315,24275.25,24286
1775591400,24285.75,24317,24285.75,24312
1775591460,24312,24334,24306.25,24328.75
1775591520,24329.25,24342.75,24316.25,24318.5
1775591580,24319,24328.5,24313,24320.25
1775591640,24320.5,24327.25,24301.5,24323.25
1775591700,24322.75,24348.25,24321.75,24339.25
1775591760,24338.5,24354,24336.75,24352.5
1775591820,24352.25,24352.25,24332.5,24341.25
1775591880,24341.75,24345.25,24334,24340.5
1775591940,24340.25,24380.75,24337.75,24369.25
1775592000,24369.25,24372,24345.75,24361.5
1775592060,24361.75,24386,24360,24383
1775592120,24383,24391.75,24379.25,24390.75
1775592180,24390,24398.75,24388.5,24393.5
1775592240,24393.5,24397.75,24379.25,24380.5
1775592300,24381.5,24384.5,24371.25,24373
1775592360,24372.75,24373.5,24360,24363.5
1775592420,24364,24373.25,24361.25,24371
1775592480,24370.5,24390.25,24370,24385.25
1775592540,24385.75,24394,24377,24393.5
1775592600,24393,24398.25,24389.75,24392.75
1775592660,24392.5,24396,24386,24388.75
1775592720,24389.75,24393.5,24387,24387.75
1775592780,24387,24389.25,24380.25,24388.75
1775592840,24388.5,24400.75,24385,24390.25
1775592900,24390.75,24415.75,24375.25,24378.75
1775592960,24379.5,24381.25,24371.75,24380
1775593020,24380,24380.5,24369.75,24371
1775593080,24371.25,24378.5,24365,24375.5
1775593140,24375.5,24384.75,24371.5,24381.75
1775593200,24381.75,24382.25,24371.5,24374.25
1775593260,24373.5,24373.5,24366,24370.25
1775593320,24370.25,24372,24365,24365
1775593380,24365.75,24369.75,24360,24362
1775593440,24362.5,24368,24360,24365.75
1775593500,24365.75,24376.5,24364.25,24374.25
1775593560,24373.75,24379,24362.5,24368.75
1775593620,24368.5,24380.75,24367.25,24377.75
1775593680,24377.5,24382,24375.25,24378.5
1775593740,24378.75,24378.75,24366.25,24367.75
1775593800,24368,24373,24363.25,24372.25
1775593860,24372,24374.25,24367.25,24370
1775593920,24370.25,24373.5,24367.75,24367.75
1775593980,24367.75,24398,24367,24393.5
1775594040,24393.5,24406.25,24383,24383.75
1775594100,24383.25,24395.25,24382.25,24388.75
1775594160,24388.25,24389.25,24370.5,24377
1775594220,24375.75,24380.5,24372.75,24379
1775594280,24380,24382.5,24376.25,24379.75
1775594340,24379.25,24383,24376.25,24377.5
1775594400,24377.75,24378.75,24372.5,24376.25
1775594460,24375.75,24445,24375,24428.75
1775594520,24429,24451.5,24412,24420.5
1775594580,24421.5,24424.5,24409.25,24415.5
1775594640,24415.75,24419.75,24410.25,24412.75
1775594700,24412.5,24419.5,24403.5,24414.25
1775594760,24414,24415.75,24402,24403.25
1775594820,24403.5,24408.25,24401.5,24401.5
1775594880,24402.25,24412.25,24398.75,24408.25
1775594940,24408.25,24411.75,24403.75,24405.75
1775595000,24404.5,24406.5,24394.75,24399.75
1775595060,24400.5,24418.5,24392,24418.5
1775595120,24417,24423.5,24394,24411.5
1775595180,24411.75,24413,24398.25,24404.5
1775595240,24404.5,24407.25,24398.5,24401.25
1775595300,24403,24414,24399.25,24401.75
1775595360,24401.5,24412,24398.5,24411
1775595420,24410.25,24412.5,24388.75,24393
1775595480,24394.25,24401,24392,24401
1775595540,24399.5,24402.5,24393.5,24397.75
1775599200,24490,24658.25,24490,24602
1775599260,24603,24604.5,24566.5,24585.75
1775599320,24585.5,24617.25,24582.5,24594.5
1775599380,24594.75,24605.5,24585.25,24588.75
1775599440,24588.75,24597.75,24582,24593.25
1775599500,24592.75,24641.25,24592.25,24630.5
1775599560,24629.5,24653.25,24623,24634.25
1775599620,24634.25,24637.75,24618.25,24627
1775599680,24627.5,24632.25,24613.75,24629
1775599740,24628.5,24628.75,24611,24615
1775599800,24614.75,24619.25,24606.5,24607.5
1775599860,24608,24616,24605.5,24610.25
1775599920,24611.25,24619.25,24603.75,24616.5
1775599980,24616,24627.75,24610.25,24616.5
1775600040,24615.5,24618.75,24608,24612.25
1775600100,24611.75,24612.75,24592.75,24599.75
1775600160,24598.5,24607.75,24592,24605
1775600220,24605,24609.5,24600.5,24601.5
1775600280,24602.25,24611.75,24594.25,24605.25
1775600340,24604.75,24605.75,24594,24599.25
1775600400,24600,24600,24593,24593.75
1775600460,24593.25,24599.5,24590.25,24594.5
1775600520,24594.75,24607.25,24590.75,24603.25
1775600580,24604.25,24621.25,24600,24615.5
1775600640,24615.5,24616.5,24611,24616.5
1775600700,24616.5,24617.75,24602.75,24610.75
1775600760,24610.75,24613.25,24601,24605
1775600820,24605.75,24615.75,24602.25,24615
1775600880,24614.25,24628.5,24605.75,24608.25
1775600940,24608.25,24612,24603.5,24604.5
1775601000,24605.5,24606.75,24600,24605.75
1775601060,24604.75,24605.5,24596.5,24600.25
1775601120,24600,24748,24360,24446.75
1775601180,24467.75,24677.75,24465.5,24634
1775601240,24630.25,24667.5,24604,24660.25
1775601300,24662,24717.25,24640.5,24695.25
1775601360,24695.75,24738.25,24685,24735.5
1775601420,24733.25,24793.25,24696,24783.75
1775601480,24783,24823.5,24767.75,24813.5
1775601540,24813.5,24842,24798.75,24822
1775601600,24822.75,24837.25,24811.5,24821.25
1775601660,24821,24826,24801,24802.5
1775601720,24804,24807.25,24770,24784.5
1775601780,24783.25,24804,24774.5,24796.5
1775601840,24796.25,24798.25,24772.25,24775
1775601900,24775.25,24794.5,24766.25,24775.5
1775601960,24775.5,24788,24771.25,24781.25
1775602020,24781.75,24798,24772.25,24785.5
1775602080,24784.5,24798,24773.5,24787.5
1775602140,24789.5,24804.5,24784.25,24801.75
1775602200,24802.25,24837.25,24795.75,24817.75
1775602260,24818,24856,24811.75,24852.75
1775602320,24852.75,24857.5,24828.25,24842
1775602380,24841.5,24863.75,24839.5,24861
1775602440,24860.75,24870.25,24843,24849.75
1775602500,24849.75,24855.75,24838.75,24845.75
1775602560,24846.75,24872,24845.5,24860
1775602620,24860.25,24878,24851.5,24872.75
1775602680,24874.25,24900.25,24871.5,24893.75
1775602740,24893,24924.5,24893,24913.5
1775602800,24913.75,24946.25,24913.5,24939.25
1775602860,24940.25,24959.75,24922.25,24952.25
1775602920,24952.75,24964,24947,24956.5
1775602980,24956.25,24971.5,24937.5,24968.5
1775603040,24967.75,24986.75,24940.25,24946
1775603100,24944.75,24951.75,24929,24948.75
1775603160,24948,24953.25,24918.5,24934.25
1775603220,24934.25,24943.75,24913.5,24920.5
1775603280,24920.25,24940.25,24915.5,24933.75
1775603340,24935,24952,24927.25,24934.5
1775603400,24934.25,24958.75,24916.75,24940
1775603460,24940.25,24942,24927,24930.25
1775603520,24930.25,24949,24925,24945.25
1775603580,24944.5,24963.25,24941.75,24956.5
1775603640,24957,24965,24948.75,24964
1775603700,24963.75,24979.25,24962,24972.75
1775603760,24974.25,24986.5,24963,24976.5
1775603820,24976.75,24981.75,24962.25,24967
1775603880,24967,24976,24963,24973.25
1775603940,24973.25,24976.25,24966.5,24973.25
1775604000,24973,24993,24971.5,24990.5
1775604060,24989.5,25010.25,24983.5,25003
1775604120,25002.75,25025.25,24997.25,25021.5
1775604180,25021,25038.75,25019,25033.75
1775604240,25034.75,25063,25034.75,25058.25
1775604300,25057.75,25086.75,25057.25,25075.75
1775604360,25076,25080.5,25049.25,25055.5
1775604420,25056.25,25069,25053.5,25056.25
1775604480,25055,25060.75,25044.75,25049
1775604540,25049.75,25053.5,25040.75,25046.25
1775604600,25046.75,25057,25038,25051
1775604660,25051.5,25054.5,25041.5,25045.75
1775604720,25045.5,25056.25,25036.25,25052.25
1775604780,25053.25,25053.25,25040.75,25044.25
1775604840,25045.5,25045.5,25030,25034
1775604900,25034,25036,25024,25030
1775604960,25030.5,25033,25023.75,25029.75
1775605020,25029.75,25042.25,25027.5,25035
1775605080,25035,25039.75,25023,25024.25
1775605140,25024.5,25033,25020,25031.25
1775605200,25030.5,25038.75,25023.5,25033.25
1775605260,25033.75,25037.75,25020.25,25020.25
1775605320,25020.5,25025.25,25019,25023.5
1775605380,25025,25028.25,25020.5,25023
1775605440,25024,25028.5,25017,25020.5
1775605500,25019.75,25022.25,25010.25,25019.25
1775605560,25019.5,25028,25017,25021
1775605620,25021.25,25037.25,25019.25,25035.25
1775605680,25035.25,25050,25035,25047.75
1775605740,25047.75,25064.5,25046.75,25046.75
1775605800,25048,25049,25037,25040
1775605860,25040,25043.5,25036.5,25040.5
1775605920,25041,25048.75,25037,25048
1775605980,25048.75,25050,25036.75,25043.75
1775606040,25043.25,25050.75,25040.25,25041.5
1775606100,25042.5,25047.75,25037,25045.5
1775606160,25044.75,25046.75,25029.5,25036.25
1775606220,25037,25047.25,25033,25047.25
1775606280,25047.5,25059.75,25046.25,25054.5
1775606340,25054.5,25062,25045.25,25050.75
1775606400,25050.25,25068,25040.25,25064.25
1775606460,25063.75,25065.75,25051.75,25064
1775606520,25064.75,25092.5,25064.5,25080.75
1775606580,25082.5,25086.25,25054,25058.5
1775606640,25057.5,25061.5,25044.5,25054.5
1775606700,25053.5,25062.75,25049.75,25056
1775606760,25054.75,25055.25,25043.75,25047.75
1775606820,25046,25051.25,25030.25,25044
1775606880,25043.5,25046.75,25032,25033.5
1775606940,25032.5,25043.25,25027.25,25041
1775607000,25040,25059.25,25039.25,25057.5
1775607060,25057.75,25063.5,25048,25057.75
1775607120,25056.75,25059.25,25049.75,25059.25
1775607180,25059.5,25067.75,25056.25,25066.25
1775607240,25065.25,25068.75,25055,25058.75
1775607300,25059.75,25059.75,25044.75,25053.5
1775607360,25053.25,25060,25051,25056
1775607420,25056,25057.75,25048.25,25056.25
1775607480,25056.5,25063.5,25050.25,25055.5
1775607540,25055.25,25061,25049,25053.25
1775607600,25053.25,25056.5,25045,25050.75
1775607660,25051,25054.75,25043.75,25053
1775607720,25052,25053.75,25042.5,25050.5
1775607780,25050.5,25054.5,25046.75,25049.75
1775607840,25050.25,25054.25,25035.75,25048.25
1775607900,25048,25055,25046,25052.5
1775607960,25052,25067,25049.5,25056.75
1775608020,25056.5,25057,25041,25041.25
1775608080,25041.25,25041.75,25028.5,25034.75
1775608140,25035.5,25044.25,25030,25041.5
1775608200,25041.25,25044.25,25030.5,25034.25
1775608260,25033.5,25040.25,25025.25,25039.25
1775608320,25039,25040.5,25030.5,25034
1775608380,25034.5,25034.75,25015,25020.5
1775608440,25021.25,25024.25,25013.5,25016.75
1775608500,25016.75,25023,25006.75,25012.25
1775608560,25012.5,25018.75,25008,25012.5
1775608620,25013.5,25031.5,25012.75,25029.75
1775608680,25030.25,25051.5,25023.25,25047
1775608740,25046.75,25054,25043.25,25049.25
1775608800,25050,25057.75,25038.25,25039.5
1775608860,25039.75,25046,25034.75,25044.25
1775608920,25043.5,25056,25039,25055.5
1775608980,25054.75,25057,25047,25052
1775609040,25051.75,25053.5,25042,25045.25
1775609100,25046.75,25053.5,25041.25,25053.25
1775609160,25053.25,25076.25,25052.5,25075.75
1775609220,25074.75,25076.75,25056.25,25056.75
1775609280,25057.5,25073.75,25056.75,25070
1775609340,25069.75,25098.25,25068.75,25088
1775609400,25089,25098.25,25082.75,25094.25
1775609460,25094.25,25099.75,25091,25097
1775609520,25096.5,25099,25092.25,25095.75
1775609580,25096.25,25102.75,25091.75,25095.5
1775609640,25095.75,25096,25089.5,25092.25
1775609700,25092.25,25095,25084.25,25084.25
1775609760,25085.5,25095.75,25081.75,25093
1775609820,25093.25,25095.75,25085.25,25085.5
1775609880,25085.5,25086.5,25073.5,25083
1775609940,25082.5,25088.5,25080.25,25080.75
1775610000,25081.75,25086,25074.75,25077.25
1775610060,25077.25,25085,25071.75,25082
1775610120,25082.25,25089.5,25078.25,25088.25
1775610180,25087.75,25087.75,25075,25078
1775610240,25078.75,25079.5,25069,25073.25
1775610300,25074,25080,25072,25075
1775610360,25075.5,25083.5,25074,25081.75
1775610420,25081.5,25095,25077.75,25091.75
1775610480,25092.75,25116.5,25092,25093.5
1775610540,25092.75,25096.25,25082,25092.5
1775610600,25092.75,25099.5,25088,25094.75
1775610660,25094.75,25098,25089.75,25092.5
1775610720,25093.5,25097,25090.25,25094
1775610780,25093.75,25096,25084.25,25089
1775610840,25088.75,25094.75,25086.5,25088.25
1775610900,25087.25,25090.75,25085.5,25088.25
1775610960,25088,25096,25087.5,25087.5
1775611020,25087,25090,25073,25077
1775611080,25077.25,25078,25063,25070
1775611140,25069.75,25071.5,25061.75,25064.25
1775611200,25064.25,25068,25058.75,25061.25
1775611260,25061.25,25062,25046.75,25056.5
1775611320,25056.5,25068.75,25056.25,25065.75
1775611380,25065.5,25071.25,25061.5,25070.25
1775611440,25070.25,25072.25,25063.5,25066.25
1775611500,25067,25075.25,25065.25,25074
1775611560,25073.75,25075.25,25068,25069.75
1775611620,25070.75,25072.25,25061.5,25065
1775611680,25065.75,25067.75,25062.25,25064.25
1775611740,25065,25070,25064,25067.75
1775611800,25067.75,25071.5,25065.25,25070.25
1775611860,25071,25078.5,25067.75,25073.75
1775611920,25074,25074.5,25064.75,25068.5
1775611980,25068,25075.75,25066,25075
1775612040,25075.75,25087.75,25072.75,25085.5
1775612100,25085.75,25091.5,25081,25089.75
1775612160,25090,25099,25087.25,25093.25
1775612220,25093.5,25097,25088.5,25095.75
1775612280,25095.25,25095.25,25090.25,25090.25
1775612340,25090.25,25093.25,25088,25090
1775612400,25089,25090,25081.25,25088.25
1775612460,25088.5,25090.5,25085.25,25086.5
1775612520,25086.5,25094.5,25082.5,25083
1775612580,25083.25,25090,25082.5,25089
1775612640,25089.5,25090.5,25083.75,25088.25
1775612700,25089.25,25096.5,25088.75,25093.75
1775612760,25093.75,25101.25,25091.25,25097.5
1775612820,25096.75,25102.75,25096,25100.5
1775612880,25101.25,25101.25,25091.75,25095
1775612940,25094.75,25099,25094.25,25097.5
1775613000,25097.75,25105,25097.75,25103.5
1775613060,25103.5,25104.25,25098.75,25103
1775613120,25103.25,25109.75,25102,25108
1775613180,25107.75,25107.75,25093,25093.75
1775613240,25093.75,25093.75,25083.25,25091.5
1775613300,25091,25093.75,25086,25089.25
1775613360,25089.75,25096.25,25089,25094
1775613420,25094,25095.5,25090,25090.75
1775613480,25091.25,25095,25090.25,25093.25
1775613540,25093.75,25098.25,25092.25,25094.5
1775613600,25094,25104.5,25094,25104
1775613660,25104,25107.5,25100.25,25104.5
1775613720,25105,25109.5,25099.5,25100
1775613780,25099.75,25105.25,25098.25,25099.5
1775613840,25099.75,25101.75,25095.75,25101
1775613900,25100.5,25103.25,25098.5,25102.5
1775613960,25101.75,25108.5,25101.75,25106
1775614020,25106.5,25108.25,25103.75,25104.5
1775614080,25104.25,25105,25098.75,25101.5
1775614140,25101.5,25101.75,25093.5,25099.5
1775614200,25099.25,25105.75,25098,25100.75
1775614260,25101.25,25102.5,25097.5,25100
1775614320,25100.25,25103,25098.75,25101.75
1775614380,25102,25105,25100.75,25100.75
1775614440,25101,25102.75,25096.25,25102
1775614500,25102.75,25106.5,25102.5,25106.5
1775614560,25106.25,25107.75,25098.25,25101.5
1775614620,25101.75,25102.75,25098.75,25101.5
1775614680,25101.5,25103.5,25097.5,25097.75
1775614740,25099,25100.75,25095.25,25097
1775614800,25096,25102.5,25095.75,25098.25
1775614860,25098.25,25099.25,25096.5,25098.25
1775614920,25098.25,25099,25096.75,25098.5
1775614980,25098.25,25106,25097,25103.75
1775615040,25103.25,25107.25,25101.25,25103
1775615100,25102,25104,25094.5,25098.25
1775615160,25098.25,25101,25096.75,25099.5
1775615220,25099.5,25101.75,25098.25,25098.75
1775615280,25098.5,25099.75,25094.75,25099.25
1775615340,25099.75,25100,25095.25,25097.75
1775615400,25098,25102.25,25097.75,25099.75
1775615460,25099.5,25100.25,25091,25096.75
1775615520,25096.25,25101.25,25093.75,25101.25
1775615580,25101.75,25108.25,25099.5,25100.75
1775615640,25100.5,25108.75,25100.25,25106.5
1775615700,25106.75,25109,25104.25,25104.25
1775615760,25104,25108.5,25100.25,25105.75
1775615820,25106.75,25109.25,25105,25107.5
1775615880,25108,25113.5,25104.75,25106
1775615940,25105.75,25109.25,25104,25108.75
1775616000,25108.75,25110,25103,25105
1775616060,25104.75,25105,25100.75,25103.75
1775616120,25104,25105.25,25102,25102.75
1775616180,25102.75,25107.25,25102.25,25104.75
1775616240,25104.75,25105.5,25102.25,25103.25
1775616300,25103.75,25106,25102.5,25104.75
1775616360,25104.25,25106,25102.75,25103.25
1775616420,25102.75,25105.25,25100.5,25103
1775616480,25102.75,25105.75,25102.5,25103.25
1775616540,25103.5,25108.75,25103,25108.25
1775616600,25108.25,25112,25106.25,25107.75
1775616660,25108,25108.75,25103.5,25104.25
1775616720,25104.75,25107,25103,25107
1775616780,25107,25107.75,25104.25,25107.25
1775616840,25107.5,25107.5,25105.25,25106.5
1775616900,25106.5,25107.25,25103.25,25106
1775616960,25106,25108.75,25104.75,25105.5
1775617020,25105.5,25106.5,25102.75,25104.5
1775617080,25104.75,25108,25103,25107.75
1775617140,25106.75,25112.25,25106.25,25111.25
1775617200,25111.25,25120,25109.75,25113.75
1775617260,25114.5,25117.75,25114.25,25115
1775617320,25115.75,25116.5,25111,25112.75
1775617380,25112.5,25113.5,25109.25,25113.25
1775617440,25113.75,25114.25,25110.75,25112.75
1775617500,25112.75,25113.5,25107,25108.5
1775617560,25108.5,25110.5,25105.5,25109.75
1775617620,25109.5,25109.5,25105.75,25108.25
1775617680,25107.5,25114,25106.75,25112.5
1775617740,25113,25113.5,25109.25,25109.25
1775617800,25109,25110.5,25107.5,25108.75
1775617860,25108.75,25110.25,25103.75,25104.5
1775617920,25105.25,25107.5,25102.25,25106.75
1775617980,25107.25,25108.25,25105.5,25107.75
1775618040,25107.5,25108,25104,25105
1775618100,25104.75,25108.5,25104.75,25108.25
1775618160,25107.75,25111,25106.25,25110
1775618220,25110,25111,25108.75,25110.5
1775618280,25110,25113,25108.75,25108.75
1775618340,25108.75,25111.5,25100.5,25105
1775618400,25105,25108,25100,25104.75
1775618460,25104.75,25105.5,25100.25,25104
1775618520,25103.75,25106,25098.75,25100.75
1775618580,25101.5,25102.25,25098,25099.75
1775618640,25100,25100.75,25093.25,25093.75
1775618700,25094.5,25100.5,25093.5,25097.25
1775618760,25098,25098,25090.75,25092
1775618820,25091,25091.5,25086.25,25088.75
1775618880,25088.75,25092.5,25087,25091.5
1775618940,25092,25095.75,25091,25093.75
1775619000,25093.25,25097.5,25092.5,25097
1775619060,25097.5,25100,25096,25099.25
1775619120,25098.75,25099.25,25093.5,25094.75
1775619180,25094.5,25096.5,25093.25,25095
1775619240,25094.75,25097,25094.25,25096.75
1775619300,25096.25,25098.5,25095.5,25098
1775619360,25098,25102.25,25097.5,25101.5
1775619420,25101.5,25102,25096.75,25098
1775619480,25098,25099.5,25095,25096.25
1775619540,25096.25,25097,25093.25,25095.25
1775619600,25095,25098.75,25095,25097.75
1775619660,25097,25100.75,25096.5,25099
1775619720,25099.25,25100.5,25097.5,25098.5
1775619780,25098.75,25100.75,25097.75,25100.25
1775619840,25100,25100.5,25091.25,25093.25
1775619900,25093,25096.25,25091.25,25096
1775619960,25096.25,25098.25,25095.5,25097.75
1775620020,25098.5,25099,25090.75,25091.5
1775620080,25090.5,25092.75,25089.5,25092.25
1775620140,25092.75,25094,25090.75,25091.5
1775620200,25092,25094,25090.25,25091.5
1775620260,25092,25100,25091.75,25098.75
1775620320,25098.25,25099.25,25096,25097
1775620380,25096.75,25097.25,25094,25097
1775620440,25097,25097.75,25095,25097.25
1775620500,25097,25099.75,25095.5,25099.75
1775620560,25098.75,25101.5,25097.25,25099.75
1775620620,25099.5,25104.25,25099.25,25103.5
1775620680,25103.5,25104,25102,25102
1775620740,25102.25,25103.5,25100,25102.75
1775620800,25103,25106.5,25102.75,25105
1775620860,25105.75,25110.75,25103.5,25110.5
1775620920,25109.75,25115,25109.75,25114.25
1775620980,25114.25,25117,25110,25112.25
1775621040,25112,25116,25111.5,25115.5
1775621100,25115.25,25129.25,25114.5,25121
1775621160,25121.25,25121.75,25117,25118.5
1775621220,25119,25122.75,25117.25,25119.25
1775621280,25119.25,25126,25119,25124.75
1775621340,25124.75,25126,25123,25124.25
1775621400,25124,25127.25,25121.5,25125.75
1775621460,25125.5,25127,25121.5,25122.75
1775621520,25122.5,25128.25,25122.5,25127.25
1775621580,25127.75,25141,25126.5,25131.25
1775621640,25131.5,25137,25130.75,25134.5
1775621700,25134.75,25138.5,25134.25,25137.25
1775621760,25137.5,25158.75,25136.75,25152.25
1775621820,25152.5,25153.5,25141.5,25142.5
1775621880,25141.5,25141.75,25132.75,25138
1775621940,25138,25139.25,25135,25135.25
1775622000,25135.25,25147.75,25133,25143.75
1775622060,25143.25,25152.5,25141,25143.75
1775622120,25144.5,25145,25140,25142
1775622180,25142.25,25144.5,25139,25140
1775622240,25139.5,25140.25,25135.25,25136.25
1775622300,25135.75,25139.75,25133.75,25137.75
1775622360,25138,25143.75,25137.5,25142.75
1775622420,25142.25,25145.75,25139,25143
1775622480,25142.75,25145,25141.25,25144.25
1775622540,25144.5,25150.75,25143,25147.5
1775622600,25147,25147.75,25143.25,25147.75
1775622660,25147.5,25151.25,25144.75,25150.25
1775622720,25149.75,25151.5,25147.75,25151
1775622780,25150.5,25154,25148,25149.5
1775622840,25148.75,25151,25147.25,25149.5
1775622900,25149.25,25151.5,25148.5,25150.25
1775622960,25150.5,25152.75,25148.25,25149.5
1775623020,25150,25152,25149.5,25151
1775623080,25150.75,25152.25,25148,25148
1775623140,25148,25149,25144,25144.5
1775623200,25144.5,25145.5,25142.75,25144.25
1775623260,25144.25,25146,25141.5,25144.5
1775623320,25145,25147.5,25142.25,25143.5
1775623380,25143.25,25144.25,25141.5,25143.75
1775623440,25143,25143.5,25139,25139.75
1775623500,25140.25,25140.75,25137.25,25138
1775623560,25139.25,25139.25,25134,25138.5
1775623620,25137.75,25140.75,25136.25,25138.75
1775623680,25138.5,25145,25138.5,25142.5
1775623740,25142.25,25143.5,25138.5,25139.25
1775623800,25139.25,25140.75,25136.25,25136.5
1775623860,25137.25,25138,25134.25,25134.5
1775623920,25134.5,25135.5,25122.5,25126
1775623980,25126.5,25130.75,25125.75,25128.5
1775624040,25128.75,25129,25121,25122
1775624100,25122.5,25131.5,25122.5,25129.75
1775624160,25130.25,25132.5,25129.5,25130.25
1775624220,25130.75,25133.75,25126.5,25131.5
1775624280,25131.75,25133,25127.25,25127.75
1775624340,25129,25132,25123.75,25124.75
1775624400,25125.25,25129.75,25120.75,25126
1775624460,25126.25,25128.75,25123.25,25124.5
1775624520,25124.75,25127.5,25118,25119.75
1775624580,25120,25126.75,25119.75,25123
1775624640,25122.5,25129.25,25120,25126.75
1775624700,25127,25131.5,25126.25,25127.25
1775624760,25128,25135.5,25128,25131.75
1775624820,25131.5,25132.5,25127.5,25129.5
1775624880,25129,25129.5,25125.25,25128.75
1775624940,25128.5,25128.5,25119.5,25123.25
1775625000,25123,25126.5,25120.25,25122.25
1775625060,25121.75,25125,25120.25,25125
1775625120,25124.5,25129.75,25121.75,25121.75
1775625180,25121.5,25126,25118.75,25125.75
1775625240,25126.25,25132,25124.25,25127
1775625300,25127,25132.5,25124.5,25130.5
1775625360,25130.75,25133,25127.5,25130.25
1775625420,25130.25,25132.5,25128,25131.75
1775625480,25132.5,25138.5,25131,25135.5
1775625540,25135.75,25138.25,25131.25,25133.75
1775625600,25134.25,25138.25,25132.5,25136.5
1775625660,25136.75,25141.25,25135.75,25140.5
1775625720,25140.25,25148.25,25139.75,25141
1775625780,25141.5,25152.5,25141.5,25149.25
1775625840,25150,25154,25149,25149.75
1775625900,25150,25155,25148.5,25152.25
1775625960,25152.5,25153,25149.25,25150
1775626020,25149.5,25155,25148.25,25153.5
1775626080,25153.75,25165.75,25153.5,25157.5
1775626140,25157.25,25163.25,25156.5,25159.25
1775626200,25158.75,25165,25155.5,25163.25
1775626260,25163.25,25173.5,25160.75,25168.75
1775626320,25170,25177.75,25166.75,25168.5
1775626380,25168.75,25174.75,25168,25170.25
1775626440,25171,25171.75,25158.75,25161.25
1775626500,25161.5,25167.5,25156.75,25161.5
1775626560,25161.25,25162,25156,25160.75
1775626620,25161.25,25164,25152,25159.5
1775626680,25159.5,25160,25145,25147
1775626740,25147.75,25148.25,25140,25145.5
1775626800,25145.25,25150.25,25145.25,25148.75
1775626860,25148,25158,25148,25154.75
1775626920,25155,25159.25,25153.25,25156.25
1775626980,25155.5,25160.25,25155,25158.5
1775627040,25157.25,25159.5,25155.25,25156
1775627100,25156.75,25160.5,25154.5,25159.5
1775627160,25159,25171.5,25158,25166.75
1775627220,25166.75,25168.25,25159.25,25160.25
1775627280,25160.75,25162.5,25157.25,25161.5
1775627340,25160.75,25161,25156.75,25159.25
1775627400,25160,25181,25159.5,25175.5
1775627460,25175.5,25187.5,25175.5,25185.25
1775627520,25186.25,25191.5,25176,25176.5
1775627580,25176.75,25180.5,25175.25,25178.5
1775627640,25178,25193.75,25177.75,25189.25
1775627700,25189.75,25190.5,25182.75,25188.75
1775627760,25188.25,25190.75,25185.5,25186
1775627820,25186.25,25189.5,25181.5,25188.75
1775627880,25189.25,25192.25,25186.5,25189.25
1775627940,25189.5,25194.75,25189.25,25191.75
1775628000,25192,25199.5,25188.75,25197.75
1775628060,25197.75,25201,25185.75,25189.5
1775628120,25189.5,25197,25187.25,25194.25
1775628180,25194.25,25195.25,25183.25,25187.5
1775628240,25187,25189.75,25180.75,25188.75
1775628300,25189,25200.25,25188.25,25197.75
1775628360,25197,25203,25190.75,25193.25
1775628420,25192.75,25196.25,25187.25,25188.75
1775628480,25188.25,25189.75,25176.25,25181.5
1775628540,25180.75,25187.75,25180.25,25183.25
1775628600,25183.5,25193.25,25182.25,25192.5
1775628660,25192.5,25195,25190,25193.5
1775628720,25193.75,25198,25188.25,25190.75
1775628780,25189.5,25200.25,25189.5,25197.5
1775628840,25198.25,25198.75,25193.5,25196.5
1775628900,25196.5,25200.5,25194,25197.5
1775628960,25197.25,25201.75,25191.5,25193.75
1775629020,25193.75,25195.5,25184.75,25187.25
1775629080,25186.75,25191.5,25185,25190.75
1775629140,25191.25,25194.5,25190,25193.75
1775629200,25194.25,25197,25191.25,25193.75
1775629260,25192.5,25192.5,25175.5,25176.75
1775629320,25176.75,25180,25170.75,25172.25
1775629380,25171.75,25179.75,25171.25,25176
1775629440,25176.25,25179.25,25171.25,25172
1775629500,25171.75,25172,25163,25164.5
1775629560,25165,25172,25164.25,25172
1775629620,25172.25,25173.25,25161.75,25168.25
1775629680,25167,25174.75,25166,25174
1775629740,25174.25,25177,25168.25,25173
1775629800,25172.75,25175.75,25170,25173.25
1775629860,25173.25,25173.5,25164.25,25171.25
1775629920,25171,25178.5,25171,25174.75
1775629980,25174.5,25186.25,25174.25,25183
1775630040,25183.25,25183.75,25176.25,25179
1775630100,25179.5,25182,25175.75,25177.25
1775630160,25177.5,25181,25173.75,25178
1775630220,25178.25,25178.75,25174.75,25177.25
1775630280,25177,25183,25174.5,25180.25
1775630340,25180.25,25182.25,25177.25,25180
1775630400,25180.25,25180.25,25174,25175.25
1775630460,25175,25182.75,25174.25,25179.75
1775630520,25180.75,25187,25177.5,25177.75
1775630580,25178.25,25180.5,25173.25,25175.75
1775630640,25176,25178.5,25175,25177.75
1775630700,25178.25,25181.75,25174,25178.5
1775630760,25178.5,25188,25176,25187
1775630820,25186.5,25189,25181.5,25182
1775630880,25182,25186,25179.25,25184.25
1775630940,25184,25188,25181.5,25182.25
1775631000,25181.75,25186,25178.75,25182.75
1775631060,25182.5,25183,25175.5,25181.5
1775631120,25181,25184,25174.75,25177.25
1775631180,25177.5,25178.75,25174,25177
1775631240,25176.25,25178.25,25166.75,25167.75
1775631300,25168,25171.25,25165.25,25167.75
1775631360,25168.5,25176.5,25165.75,25173.25
1775631420,25173.25,25181,25171.75,25176
1775631480,25176,25181.75,25175.25,25176.5
1775631540,25176.25,25177.75,25168.5,25171.25
1775631600,25171.25,25174,25154,25156.75
1775631660,25157,25159,25146.5,25156
1775631720,25155.5,25157.25,25142.5,25143.25
1775631780,25143.75,25153,25142.5,25150.75
1775631840,25151,25154,25143.25,25147.75
1775631900,25148.25,25158.5,25147.75,25153.5
1775631960,25154.75,25160.75,25152.5,25155
1775632020,25155.5,25157.5,25149.5,25154
1775632080,25154.25,25161,25153.25,25160.5
1775632140,25159.75,25162,25150.5,25152.25
1775632200,25152.25,25156.5,25144.5,25151.5
1775632260,25152.25,25163.5,25150.25,25162.5
1775632320,25162.5,25168.75,25159,25163.25
1775632380,25164,25164.75,25154,25156.75
1775632440,25156.25,25163,25153.5,25158
1775632500,25157,25163.75,25156,25159.5
1775632560,25160,25161.5,25149.25,25154.75
1775632620,25154.75,25164.25,25152.5,25159.5
1775632680,25159.75,25160.75,25156.5,25159
1775632740,25159.5,25168,25156.75,25167.25
1775632800,25167.5,25174.75,25165,25166.75
1775632860,25166.25,25170.25,25161.75,25168.25
1775632920,25168.5,25179.75,25168.25,25176
1775632980,25176.5,25188.75,25174.5,25187
1775633040,25187.25,25190,25182,25187.25
1775633100,25187,25188,25180.75,25184.25
1775633160,25184.25,25187.25,25180.5,25182.5
1775633220,25183.25,25186.75,25180.75,25183.5
1775633280,25183.75,25187,25169,25171.75
1775633340,25172,25172.5,25163.25,25167.75
1775633400,25167.5,25168,25149.75,25156.5
1775633460,25156.5,25157.25,25149,25151.5
1775633520,25152,25159.75,25149.25,25157.25
1775633580,25156.75,25157.5,25143,25143.5
1775633640,25143,25146.75,25139.75,25145.25
1775633700,25145.25,25158.25,25144.25,25155.25
1775633760,25155.25,25156.25,25148.75,25152.5
1775633820,25153,25156.75,25149.5,25150.75
1775633880,25150.25,25152.5,25145.5,25151.75
1775633940,25151.75,25153.5,25145.25,25146.75
1775634000,25146.25,25150.5,25141.25,25147.75
1775634060,25146.75,25149.75,25143,25149
1775634120,25149.25,25153.75,25144.5,25146.25
1775634180,25146,25147.25,25137.25,25146.25
1775634240,25147,25148.25,25143.75,25146.5
1775634300,25146.25,25154.5,25145.5,25152.75
1775634360,25152.5,25157.75,25149,25149.5
1775634420,25149.25,25149.75,25141.25,25146
1775634480,25146.25,25149.25,25136,25143
1775634540,25143,25144.75,25137.5,25142
1775634600,25141.5,25147.75,25138,25145.5
1775634660,25145.5,25147.25,25142,25145.5
1775634720,25145,25154,25144.75,25151.25
1775634780,25151,25155.5,25146.75,25149
1775634840,25149.5,25150.75,25146.5,25149.5
1775634900,25149.75,25150.75,25142.25,25145
1775634960,25146.25,25147.5,25137,25138.5
1775635020,25138,25144.5,25136.25,25143.75
1775635080,25143.25,25143.5,25136,25137.5
1775635140,25138.25,25142.75,25135.75,25141.75
1775635200,25142,25147.75,25136.25,25138
1775635260,25137.75,25150,25137.25,25149
1775635320,25148.75,25152.5,25146.5,25149
1775635380,25150,25151.75,25143.75,25143.75
1775635440,25144.5,25144.5,25134.25,25143
1775635500,25143.25,25149.25,25141.25,25146.25
1775635560,25145.75,25155.5,25143,25147.75
1775635620,25148,25153,25145,25146.25
1775635680,25146.75,25154.25,25145.5,25153.25
1775635740,25153.75,25155.5,25149.75,25150.5
1775635800,25149.75,25151.75,25143.75,25150
1775635860,25150.25,25151.25,25145.75,25150.75
1775635920,25150,25154.5,25146,25150.5
1775635980,25150,25158.75,25149.25,25155.5
1775636040,25155.25,25158,25153.25,25157.25
1775636100,25156.75,25163.75,25154.5,25163
1775636160,25162.75,25168.5,25159.75,25167.5
1775636220,25166.5,25171.5,25164,25164
1775636280,25165,25170,25165,25169.75
1775636340,25169.5,25174.75,25168,25172.5
1775636400,25173.5,25175.5,25167.75,25171
1775636460,25170.5,25176.75,25169,25173.75
1775636520,25173.5,25175.25,25167,25174.25
1775636580,25175,25175.75,25165.5,25168
1775636640,25168.5,25168.5,25159.25,25164.5
1775636700,25164.75,25170.75,25162.75,25169
1775636760,25169,25174.25,25165.5,25168.75
1775636820,25168.5,25169.25,25163.75,25167.25
1775636880,25168.25,25171.25,25164.5,25168.25
1775636940,25168.25,25174.25,25167.75,25172.5
1775637000,25172.5,25175.5,25167.25,25173.75
1775637060,25174.75,25178.5,25171.75,25174.25
1775637120,25173.25,25178.25,25172,25176.5
1775637180,25177.75,25185.25,25176.25,25182
1775637240,25181.75,25187,25177.25,25186
1775637300,25185.75,25191,25181.75,25189
1775637360,25189.25,25190.25,25170,25178.5
1775637420,25177.75,25185.25,25160.75,25164
1775637480,25163.5,25174.5,25161.75,25173.25
1775637540,25173,25179.5,25169,25177
1775637600,25177,25178.25,25167.5,25172
1775637660,25172.75,25176.25,25168.5,25170.25
1775637720,25169.5,25172,25160.5,25163.25
1775637780,25163,25163,25146.75,25150.5
1775637840,25151.5,25162.25,25150.75,25161.75
1775637900,25161.75,25172.75,25159.25,25169
1775637960,25168.75,25175.75,25164,25171.75
1775638020,25171.5,25174.5,25170,25173.25
1775638080,25173.5,25183.5,25169.5,25182
1775638140,25181.75,25194,25179.75,25186.75
1775638200,25187,25195,25186.25,25193
1775638260,25193.75,25196.5,25188.5,25190.25
1775638320,25190.75,25191.75,25185.75,25187.5
1775638380,25185.5,25187.75,25182.25,25184.75
1775638440,25184.75,25188.75,25183.75,25185
1775638500,25185.75,25191,25183.5,25190
1775638560,25190,25196.75,25189,25194.75
1775638620,25194.75,25199.75,25193.5,25197.5
1775638680,25197,25200.75,25194,25200.75
1775638740,25200.75,25220.5,25200,25215.75
1775638800,25215.75,25229,25214.5,25227.25
1775638860,25227.25,25232.5,25220.5,25231.25
1775638920,25230.5,25230.75,25213.5,25217.75
1775638980,25216.75,25217.5,25207.25,25208.75
1775639040,25208.75,25213.25,25204.25,25212
1775639100,25211.75,25216.5,25210.75,25216
1775639160,25216,25225,25214.25,25221.25
1775639220,25221.5,25226,25217.75,25221.25
1775639280,25220.5,25221,25214.75,25218.25
1775639340,25217.75,25219.25,25215.25,25217
1775639400,25217.5,25223.5,25215.5,25223
1775639460,25223,25236.75,25219.25,25232.5
1775639520,25232.5,25244,25231.5,25242.5
1775639580,25242,25245.25,25237.5,25240.75
1775639640,25240.25,25240.25,25235,25237
1775639700,25237.25,25238,25232.75,25233.5
1775639760,25234.25,25234.75,25227.5,25228
1775639820,25228,25232.75,25226.25,25232.25
1775639880,25232.5,25238.75,25231.25,25237.75
1775639940,25237.75,25240.5,25229.75,25230.25
1775640000,25229.75,25231,25225,25227.5
1775640060,25227.5,25231.75,25225.75,25228.25
1775640120,25227.25,25230,25226.25,25229.25
1775640180,25228.75,25230.75,25227,25227.75
1775640240,25228,25233.5,25226.5,25232
1775640300,25230.75,25232.25,25223.75,25226
1775640360,25225.25,25225.75,25216,25219.75
1775640420,25219.25,25223.25,25218,25219.25
1775640480,25218.75,25222,25217,25220
1775640540,25220,25222.75,25215.5,25216.25
1775640600,25216,25218,25210.25,25216.75
1775640660,25216.75,25221.5,25215,25217.25
1775640720,25218.25,25218.25,25212,25213.75
1775640780,25213.25,25214.75,25209,25210.75
1775640840,25210.5,25210.75,25197,25199.5
1775640900,25199.75,25210,25198.25,25206.75
1775640960,25206.75,25213.25,25206.75,25211.5
1775641020,25211.75,25214.5,25209.5,25214
1775641080,25213.75,25215.5,25208.75,25210.75
1775641140,25211,25217.5,25211,25213.25
1775641200,25213.5,25214,25205,25206.25
1775641260,25206.25,25208,25201,25206
1775641320,25205.75,25206,25198,25198.5
1775641380,25199,25199.5,25190.75,25194.75
1775641440,25194.25,25195.5,25184,25188.25
1775641500,25189.5,25195.5,25185,25189.5
1775641560,25189.25,25199,25186.25,25196.5
1775641620,25197.5,25203.5,25194,25200
1775641680,25200.75,25203.25,25198,25201.5
1775641740,25201.25,25206,25197,25205
1775641800,25205.25,25217.25,25205.25,25213.25
1775641860,25213.25,25220,25205.5,25209.25
1775641920,25208.75,25221.5,25207.25,25213
1775641980,25213.25,25216.25,25209.25,25214.5
1775642040,25214.75,25216,25212.25,25215
1775642100,25214.5,25219.75,25213,25217
1775642160,25216.5,25219,25210,25210
1775642220,25211.25,25212.75,25203.75,25206
1775642280,25206,25206,25198,25204.5
1775642340,25205,25206,25198,25200.5
1775642400,25199.5,25202.5,25196.75,25201.5
1775642460,25201.25,25209.25,25199.25,25206.75
1775642520,25207,25207.25,25199.5,25201.25
1775642580,25200.75,25204.75,25199,25203.5
1775642640,25202.75,25203.25,25197.25,25200
1775642700,25199.75,25203,25192.5,25203
1775642760,25202.25,25205,25200.5,25203
1775642820,25203.25,25212.5,25203,25211
1775642880,25211.25,25214.25,25206.25,25209.75
1775642940,25209.5,25212.5,25209,25211.25
1775643000,25210.5,25212.25,25205,25211
1775643060,25211,25211,25198.5,25201.75
1775643120,25201.25,25201.5,25195.5,25198.25
1775643180,25198.75,25199.75,25190.25,25194.25
1775643240,25194.25,25196,25191.25,25193.75
1775643300,25194.75,25195.25,25187.5,25188
1775643360,25188.25,25191.75,25185.25,25190.25
1775643420,25190.5,25197.5,25190.25,25195.5
1775643480,25195.25,25196,25191.25,25191.75
1775643540,25191.75,25194,25189.5,25192.75
1775643600,25193.5,25196.25,25190,25191.75
1775643660,25192.25,25200,25189.75,25196
1775643720,25196.75,25204.75,25195.75,25204
1775643780,25204.5,25205.75,25200.25,25201.5
1775643840,25201.5,25201.75,25196.75,25200.5
1775643900,25199.5,25208,25198.25,25205.5
1775643960,25206,25215,25203.5,25212.25
1775644020,25211.75,25214,25210.25,25213
1775644080,25212.75,25221.5,25212.25,25218.25
1775644140,25219.25,25221.25,25218.75,25220.5
1775644200,25220.75,25227.75,25220,25225.5
1775644260,25226,25227.5,25222.75,25224
1775644320,25223.25,25226.75,25222.25,25223.25
1775644380,25223.25,25229,25220.25,25225.75
1775644440,25226.25,25228.25,25223.75,25225.5
1775644500,25225,25229.75,25222,25227.25
1775644560,25227.5,25229,25226,25227.25
1775644620,25228,25232,25226.5,25228.75
1775644680,25228.75,25229.25,25224.75,25226.25
1775644740,25226,25228.5,25216,25216
1775644800,25216.5,25216.5,25207.5,25210.25
1775644860,25210.25,25218,25206,25217.75
1775644920,25218,25220.25,25215,25215.5
1775644980,25215,25219.75,25213.5,25218.5
1775645040,25219,25226.5,25217.25,25223.5
1775645100,25223.5,25226.5,25217.25,25222
1775645160,25221.75,25224.25,25219.5,25220.25
1775645220,25220,25220.75,25215.5,25216.75
1775645280,25216.25,25218.25,25207,25209.75
1775645340,25209.5,25212.5,25208.5,25209.5
1775645400,25209.25,25210.5,25206,25208.5
1775645460,25208.75,25221.5,25208,25216
1775645520,25215.75,25220.25,25215.75,25219.25
1775645580,25219,25221,25213.5,25213.75
1775645640,25214,25218.25,25213,25218.25
1775645700,25218.25,25219.5,25214.25,25214.75
1775645760,25215.25,25217.75,25211.25,25216.25
1775645820,25216.5,25218.25,25207.75,25210.25
1775645880,25209.75,25211,25206,25207.5
1775645940,25208,25210,25202.75,25204.25
1775646000,25204,25205.25,25197.75,25201.75
1775646060,25201.25,25202.5,25189.5,25194.25
1775646120,25193,25201,25192.25,25199.25
1775646180,25199.25,25202.5,25195.75,25198.5
1775646240,25198.25,25201.25,25195.25,25195.25
1775646300,25196.75,25198.25,25184.75,25185.25
1775646360,25185.75,25187.75,25182,25185.75
1775646420,25186.25,25189.25,25184.25,25189
1775646480,25189,25195.25,25188,25193
1775646540,25193.25,25204.5,25193.25,25200
1775646600,25200.25,25206,25198.5,25204.5
1775646660,25204.5,25205.25,25198,25200
1775646720,25200.25,25204.5,25196.75,25203.75
1775646780,25204.75,25210.75,25202.5,25209.25
1775646840,25209,25209.75,25198.25,25200.25
1775646900,25199.75,25201.5,25192.5,25192.5
1775646960,25192.5,25199.5,25192.25,25198.75
1775647020,25198.25,25198.25,25189.5,25189.5
1775647080,25189.5,25193.5,25185.25,25187.75
1775647140,25188,25192.75,25186,25191.5
1775647200,25191.75,25195.5,25188.5,25191.25
1775647260,25191.5,25193.25,25182.25,25182.25
1775647320,25182.5,25200,25179.75,25198.5
1775647380,25198,25203,25194.75,25198.5
1775647440,25198,25214,25197.75,25213.75
1775647500,25213.75,25221,25211.75,25218
1775647560,25217.75,25227.25,25214.5,25225
1775647620,25226.25,25230,25221.5,25227
1775647680,25227.25,25233.5,25226.5,25227.25
1775647740,25228,25233.75,25223.25,25226.5
1775647800,25226.75,25229,25212.5,25218.25
1775647860,25219,25225,25214,25224
1775647920,25224.25,25234.75,25221.5,25229.25
1775647980,25229.25,25229.75,25223.25,25223.75
1775648040,25224.75,25235,25224.75,25228.25
1775648100,25228.5,25230,25220.75,25225.25
1775648160,25225.5,25226.75,25215.25,25216.25
1775648220,25216.25,25220,25208.25,25213.5
1775648280,25213.25,25216,25205.5,25208.75
1775648340,25208.5,25217,25207.75,25214.75
1775648400,25214.5,25224,25214.5,25223.25
1775648460,25222.25,25224,25218,25221.5
1775648520,25221.5,25222.5,25216,25218
1775648580,25217.25,25221,25214,25219.25
1775648640,25218,25218.25,25212.25,25213.75
1775648700,25213.75,25218.75,25211.25,25215.75
1775648760,25215,25220,25212.75,25216
1775648820,25215.75,25220.25,25215,25219
1775648880,25219.5,25226,25219.5,25224
1775648940,25222.5,25223.75,25219.75,25222
1775649000,25221.5,25223.75,25219.75,25222.75
1775649060,25223.25,25228.5,25221.5,25225
1775649120,25224.75,25225.75,25220.5,25221.5
1775649180,25221.25,25224.25,25219,25222.5
1775649240,25222.25,25222.75,25214,25215.5
1775649300,25216,25219,25210.75,25212.5
1775649360,25212.75,25214.75,25205,25207.25
1775649420,25207.75,25214,25207.5,25210.25
1775649480,25209.75,25212.5,25208.25,25210.75
1775649540,25211.75,25215.25,25206.5,25209.25
1775649600,25209.75,25221.75,25209.5,25219.25
1775649660,25219.5,25224.75,25215,25221.5
1775649720,25221.5,25235,25220.75,25231.5
1775649780,25230.75,25238.25,25229.75,25235.5
1775649840,25235.75,25248.75,25233.5,25243.5
1775649900,25243,25245,25235,25241.25
1775649960,25241.75,25255.5,25237.75,25253
1775650020,25252.25,25257.25,25244.5,25246.5
1775650080,25246.75,25246.75,25231.25,25239
1775650140,25239.75,25241,25232.5,25233.5
1775650200,25233.5,25237.25,25228.75,25231.25
1775650260,25232,25242,25225,25232.25
1775650320,25232.25,25236.5,25229.75,25233
1775650380,25233.5,25238.5,25231.5,25237.75
1775650440,25237.25,25244.25,25236.75,25243.75
1775650500,25243.75,25245,25238.75,25241.25
1775650560,25241.75,25244.75,25238.25,25240
1775650620,25240.5,25242.25,25233.75,25241.5
1775650680,25241.5,25242.25,25230.5,25236.5
1775650740,25236.25,25238.75,25206.25,25207.75
1775650800,25207.25,25210.5,25185,25192.75
1775650860,25193.5,25204,25154.5,25159
1775650920,25158.75,25183.75,25158.75,25179
1775650980,25179,25196.25,25171.75,25178.5
1775651040,25179,25194.5,25172.75,25173
1775651100,25173.25,25181.25,25168.5,25175
1775651160,25175.25,25190.75,25172.5,25182
1775651220,25181.75,25189,25175,25189
1775651280,25187.25,25197.5,25181.5,25184.5
1775651340,25183.75,25194,25182.75,25189.25
1775651400,25188.75,25195.25,25185.25,25194.5
1775651460,25194,25201.5,25192,25195.75
1775651520,25196.5,25198.5,25190.25,25195.25
1775651580,25196,25205.5,25194,25200.25
1775651640,25200.75,25204.25,25192.75,25197.75
1775651700,25197.5,25201.5,25191.75,25198.5
1775651760,25197.75,25202.25,25188.5,25193.5
1775651820,25193.25,25197.25,25190.25,25193.25
1775651880,25193,25198,25187.5,25196.5
1775651940,25196.75,25200.25,25192,25193.25
1775652000,25193.5,25195.25,25186.25,25191.75
1775652060,25191.75,25196.25,25186.5,25191
1775652120,25191.25,25191.5,25182,25183.25
1775652180,25183,25190.5,25176.25,25187.75
1775652240,25187.25,25190.25,25180.5,25189
1775652300,25188.5,25197.25,25186.75,25196.25
1775652360,25196,25200.25,25189.5,25200
1775652420,25199.25,25220,25198,25210.5
1775652480,25210.25,25212,25197.5,25199.5
1775652540,25199.25,25203.5,25196.5,25199.25
1775652600,25199.25,25211.75,25198,25205.75
1775652660,25206.25,25219.25,25206.25,25219
1775652720,25218.5,25220.75,25212.75,25218
1775652780,25218,25221.75,25213.5,25214
1775652840,25214,25221,25213.25,25217.25
1775652900,25217.75,25218.25,25214,25215.75
1775652960,25215.5,25215.75,25205.25,25207.5
1775653020,25208,25219.75,25205.25,25215.5
1775653080,25215.25,25220.75,25213.5,25220.5
1775653140,25220.25,25221.5,25213,25213
1775653200,25213.25,25223.5,25211,25223.25
1775653260,25223,25231.5,25221,25228.5
1775653320,25228.5,25233.75,25227,25231.75
1775653380,25232.5,25235.75,25225.25,25229
1775653440,25229.25,25232,25224.25,25230
1775653500,25230,25234.75,25225.25,25225.5
1775653560,25225.25,25229,25223.5,25225.75
1775653620,25224.75,25225.75,25220.75,25224
1775653680,25223.75,25234,25223.5,25231
1775653740,25231.25,25237.25,25228.5,25236.25
1775653800,25235.75,25236.25,25228.5,25231.5
1775653860,25231.25,25232.25,25226.25,25228.25
1775653920,25228,25234,25228,25232
1775653980,25232.5,25233.5,25227.25,25229.5
1775654040,25229.25,25229.25,25222,25227.25
1775654100,25227,25230.25,25219,25220.5
1775654160,25221,25221.75,25214.75,25216
1775654220,25215.75,25216.75,25210.25,25215.25
1775654280,25215,25216.25,25205.5,25207.75
1775654340,25207.5,25216,25207.5,25211.25
1775654400,25211.5,25211.5,25203,25204.75
1775654460,25204.75,25205,25190.75,25192.5
1775654520,25192.5,25193.5,25186.75,25192.5
1775654580,25192.25,25213.75,25192.25,25206
1775654640,25206,25209.5,25203,25207.5
1775654700,25207.25,25229,25205.25,25222.75
1775654760,25222.25,25229.5,25220.75,25226.5
1775654820,25226.25,25230,25223.25,25225.5
1775654880,25225.25,25225.75,25204.75,25208.25
1775654940,25208,25208.75,25186.5,25199.5
1775655000,25199.25,25251.75,25178,25184.75
1775655060,25185,25195,25136.75,25140.5
1775655120,25140.25,25158.75,25137.5,25152.5
1775655180,25152.75,25161.5,25132.75,25154.5
1775655240,25154.5,25173.5,25150,25162.75
1775655300,25162.5,25175,25144.5,25171.25
1775655360,25171.5,25181,25158.25,25167
1775655420,25166.75,25172.75,25143.75,25152.75
1775655480,25152.75,25153.75,25126.25,25148.25
1775655540,25147.5,25148.25,25114,25123
1775655600,25123,25131.25,25109.25,25120.75
1775655660,25120.75,25125.75,25094,25103.75
1775655720,25103.25,25131,25091.25,25094
1775655780,25093.5,25110.5,25089.5,25107.5
1775655840,25108,25124.5,25099,25099
1775655900,25099,25117.5,25097.25,25111.25
1775655960,25111.25,25149.75,25101.5,25147.25
1775656020,25147.5,25161.25,25141.5,25153.25
1775656080,25153.25,25160.5,25118.75,25145.75
1775656140,25146.25,25154.75,25140.25,25153.5
1775656200,25153.75,25154,25124.25,25129.25
1775656260,25128.75,25128.75,25072,25085.5
1775656320,25085.5,25106.5,25083.25,25095.5
1775656380,25095,25101.25,25080,25089.25
1775656440,25089.25,25099,25075.5,25081.5
1775656500,25081.25,25103.25,25073.25,25087.25
1775656560,25088.25,25101,25084.75,25087.75
1775656620,25088,25099.5,25078.25,25082
1775656680,25082.75,25087.5,25065,25084
1775656740,25082.75,25098.75,25080,25081
1775656800,25081.25,25107,25076,25084.25
1775656860,25084.5,25092,25076.25,25084.5
1775656920,25084.75,25094,25077.25,25090.75
1775656980,25091,25092.75,25074,25081
1775657040,25081.25,25095.25,25075,25087.75
1775657100,25087.75,25094.75,25081.25,25094.75
1775657160,25094.75,25096.25,25055.25,25085.5
1775657220,25085.25,25091.75,25074.75,25080.75
1775657280,25081,25093.5,25042.5,25088.5
1775657340,25068,25082.25,25059.5,25077.75
1775657400,25078.5,25090.25,25072.75,25073.25
1775657460,25073.5,25087.5,25057.5,25083.75
1775657520,25084,25086,25071,25077.5
1775657580,25078,25088,25071.25,25084
1775657640,25084,25089.25,25075.25,25077.5
1775657700,25077.75,25089.5,25072.75,25081.75
1775657760,25082,25085,25075.5,25084.5
1775657820,25085,25093.25,25078.5,25082
1775657880,25082,25092.75,25063,25067.25
1775657940,25067.5,25072.25,25049.25,25063.75
1775658000,25064,25082,25059.5,25069.5
1775658060,25069.25,25083.75,25066,25074.5
1775658120,25074.5,25091.25,25071.5,25086.5
1775658180,25086.5,25087.5,25071.25,25073.5
1775658240,25073.75,25083.25,25073.5,25078.25
1775658300,25078,25079.75,25053.75,25062
1775658360,25062.25,25072.25,25056.75,25071
1775658420,25071.25,25077.5,25060.75,25075.75
1775658480,25076.5,25078.75,25057.25,25064
1775658540,25063.75,25068.25,25051,25055.25
1775658600,25055,25067,25040,25057.75
1775658660,25057.5,25071,25029,25051.75
1775658720,25052.25,25062.75,25037.25,25039.5
1775658780,25039.25,25052.5,25034.25,25050
1775658840,25050.5,25057.25,25038.5,25050.5
1775658900,25050.25,25058,25031.25,25037.75
1775658960,25038,25043.75,25027,25038.25
1775659020,25038.75,25062.25,25037.25,25058.25
1775659080,25058.25,25059.75,25044,25046
1775659140,25046.5,25051.25,25038.75,25046.25
1775659200,25046.25,25056.75,25043,25046.75
1775659260,25047,25058,25038.75,25043
1775659320,25042.75,25054.5,25030.75,25054.5
1775659380,25054.75,25060.5,25035,25041.75
1775659440,25041.75,25045.75,25028.25,25032.5
1775659500,25032.25,25039,25024,25025.5
1775659560,25026,25034.25,25012.5,25014.75
1775659620,25015,25015.75,25000.25,25013
1775659680,25013,25033,25012.75,25028.5
1775659740,25028.5,25036.75,25020.75,25030.75
1775659800,25031,25036.75,25019,25028.5
1775659860,25028.25,25032.75,25007.5,25008
1775659920,25008,25012,24993.5,25000.5
1775659980,25000.5,25002,24988.25,24995
1775660040,24995.75,25013,24992.75,25005.5
1775660100,25006,25006,24964,24965.75
1775660160,24966,24971.75,24926.5,24939.5
1775660220,24940,24975.25,24937.75,24972.25
1775660280,24972.75,24988.5,24972.75,24987
1775660340,24987.25,24997.25,24982.75,24993
1775660400,24993,25009.5,24990.5,24998.5
1775660460,24999,25020.75,24997.75,25020
1775660520,25020.25,25025.5,25013.75,25023.5
1775660580,25024.25,25043.75,25018.75,25033
1775660640,25033.25,25033.75,25018.5,25026.75
1775660700,25027,25034,25022,25026.75
1775660760,25026.75,25031.25,25018.75,25027
1775660820,25026.5,25036,25014,25023.25
1775660880,25022.75,25024.5,25007.5,25013.25
1775660940,25012.75,25013.25,24989.25,24990.25
1775661000,24990.75,24994.5,24978.75,24991.25
1775661060,24991.5,25011,24983.5,25000.5
1775661120,25000.5,25015.75,24992.25,25014.75
1775661180,25014.25,25027,25010.25,25019.25
1775661240,25019.75,25026.5,25000,25022.25
1775661300,25022.75,25023.75,25009,25022.25
1775661360,25022,25032.5,25014,25029.25
1775661420,25029.25,25032.75,25014.75,25019.25
1775661480,25019.5,25022.75,25003,25017
1775661540,25016.75,25037,25011,25033.75
1775661600,25034.5,25037,25025.25,25030.75
1775661660,25031,25033,25013.5,25024.5
1775661720,25024.25,25032.75,25018.5,25023.5
1775661780,25023.75,25025.5,25011.25,25022.75
1775661840,25022.5,25029.5,25018.5,25027.25
1775661900,25027.25,25028.75,25015.5,25023
1775661960,25022.75,25027.25,25008.25,25026
1775662020,25026.25,25030.25,25013.25,25019.5
1775662080,25020.25,25025.5,25015.25,25024.25
1775662140,25023.25,25023.25,25007.25,25011.25
1775662200,25011.25,25021,25009.25,25017
1775662260,25017.75,25019.75,25007.25,25012
1775662320,25012,25031.75,25004.75,25026.5
1775662380,25026.75,25034.75,25021.75,25028.5
1775662440,25028.5,25038.5,25026.25,25036
1775662500,25036.5,25048.5,25036.25,25038.25
1775662560,25038.25,25053.5,25030,25050.75
1775662620,25050.75,25058.75,25044.5,25055.75
1775662680,25055.75,25061.5,25050,25055.5
1775662740,25055.5,25059.25,25051.25,25055.25
1775662800,25055,25055.5,25038,25044.25
1775662860,25043.75,25052.75,25033.5,25050.75
1775662920,25050.25,25054.25,25046.75,25053.75
1775662980,25054,25057.25,25046.25,25053.5
1775663040,25053.5,25057.75,25048.75,25056.5
1775663100,25056.5,25068.25,25056.5,25062.75
1775663160,25062.75,25075,25060.5,25072
1775663220,25071.75,25079.75,25068.75,25075.5
1775663280,25075,25077,25068,25074
1775663340,25074,25081.75,25072.25,25079
1775663400,25078.75,25084.75,25077.75,25080.75
1775663460,25081,25083.75,25076.5,25083.25
1775663520,25082.5,25085.75,25078,25081.5
1775663580,25081.5,25088,25080.75,25084
1775663640,25084.75,25086,25076.75,25079.25
1775663700,25079.5,25083.25,25077.25,25082.75
1775663760,25083,25086.25,25080.5,25082.75
1775663820,25082.25,25089.25,25078.75,25086.75
1775663880,25086.75,25087.75,25081.75,25085.5
1775663940,25085.75,25086,25074,25078
1775664000,25078.5,25092.75,25076.75,25091
1775664060,25091.25,25102.75,25089,25100.75
1775664120,25101,25104.25,25098.75,25102.5
1775664180,25102.75,25116.5,25101.5,25112.5
1775664240,25112.5,25115,25089.5,25101.25
1775664300,25101.25,25104.75,25096.25,25099.25
1775664360,25099.5,25104.5,25092.5,25102
1775664420,25102,25104,25093.5,25097
1775664480,25097.25,25098.25,25091,25097
1775664540,25097,25099.5,25092.25,25094.75
1775664600,25095.5,25096,25091,25094.25
1775664660,25094.25,25100.5,25091.25,25100
1775664720,25100,25102.25,25090.75,25093.25
1775664780,25093,25099,25086.75,25098.5
1775664840,25098.5,25100,25079.5,25081
1775664900,25081.5,25088,25069,25077.5
1775664960,25077.5,25080.75,25071.75,25072
1775665020,25072,25075.75,25063.25,25066.25
1775665080,25066.25,25077,25064,25073
1775665140,25072.75,25080.75,25061,25077
1775665200,25077.25,25081.75,25068.25,25069
1775665260,25068.5,25090.25,25067.5,25079.5
1775665320,25080,25080.5,25071.5,25079.25
1775665380,25079,25087.5,25078.25,25083.25
1775665440,25083.75,25088.75,25083,25086.25
1775665500,25086,25087.75,25077,25081.25
1775665560,25081,25093.75,25079.5,25088.5
1775665620,25088.75,25091.25,25085,25090.25
1775665680,25090.25,25093.75,25083.5,25092.5
1775665740,25092.75,25097,25091,25094.75
1775665800,25094.75,25101,25087,25092
1775665860,25092.5,25099,25091.25,25094.5
1775665920,25094,25105.5,25093.75,25104.5
1775665980,25104,25111.75,25103.75,25108.75
1775666040,25109,25110.25,25100.25,25109.5
1775666100,25109.75,25112.75,25106.25,25110
1775666160,25110,25116,25107.25,25110.75
1775666220,25111,25122,25106,25115.75
1775666280,25116.25,25118.5,25106,25113.75
1775666340,25114,25118.5,25112.5,25117.5
1775666400,25117.5,25127,25116.25,25125.75
1775666460,25126,25136.75,25125.25,25135.5
1775666520,25135.5,25137,25130.5,25130.75
1775666580,25131.25,25131.5,25124.5,25127
1775666640,25126,25134,25126,25131.25
1775666700,25131,25136.25,25128,25132.25
1775666760,25132.75,25139.75,25132,25135
1775666820,25135.25,25138.25,25131,25137.5
1775666880,25137.5,25144.25,25134,25143.25
1775666940,25143.25,25145.25,25138,25139.25
1775667000,25140,25144.75,25138,25142.5
1775667060,25142.5,25146.75,25140.5,25144.75
1775667120,25145.25,25149,25143,25144
1775667180,25144.25,25146,25139,25144.25
1775667240,25143.75,25148.25,25143.25,25147
1775667300,25146.75,25157.5,25146.75,25154
1775667360,25154,25157.25,25149,25154.75
1775667420,25154.75,25157.25,25151.75,25154.5
1775667480,25154.25,25155,25146.5,25147.25
1775667540,25147.5,25147.75,25138.25,25141.75
1775667600,25142.25,25147.25,25140,25146.25
1775667660,25146.25,25154.75,25146,25154
1775667720,25154.25,25157,25147.5,25149.75
1775667780,25149.5,25152.5,25144.25,25145.5
1775667840,25145.25,25145.75,25137,25139.5
1775667900,25139.75,25140.5,25130.5,25133.75
1775667960,25134.25,25135.5,25128,25130.75
1775668020,25131.25,25133,25123.75,25130
1775668080,25130,25136.25,25125.5,25126.75
1775668140,25126.5,25127.75,25121.5,25125
1775668200,25125.25,25132.5,25123.25,25128
1775668260,25128.25,25133.5,25120,25127
1775668320,25127.5,25130.5,25119,25119.75
1775668380,25120,25127.5,25119,25121.5
1775668440,25121.75,25125.75,25119,25123.25
1775668500,25123.5,25130.25,25121.25,25121.75
1775668560,25121.75,25122.5,25115,25119.5
1775668620,25118.75,25119,25106,25112.25
1775668680,25112,25119,25107,25110.5
1775668740,25110.25,25113.75,25106,25112
1775668800,25112.25,25116.25,25106.5,25111
1775668860,25111,25120.25,25106.25,25109
1775668920,25108.75,25111.25,25086.5,25102.5
1775668980,25102.5,25110.25,25091,25098.5
1775669040,25098.5,25100.75,25089,25093.25
1775669100,25093,25099.75,25087.5,25096.75
1775669160,25096,25101.75,25089.25,25091.5
1775669220,25091.5,25095.5,25072.25,25082.25
1775669280,25081.75,25091.25,25079.75,25086.75
1775669340,25087.25,25090,25079.75,25083
1775669400,25082.5,25093.75,25080.5,25087.25
1775669460,25087.25,25098.75,25086.25,25093.5
1775669520,25093.25,25098.25,25090.75,25091.75
1775669580,25091.5,25091.75,25079,25082
1775669640,25082,25090.25,25079.25,25088.5
1775669700,25089.25,25091,25080.25,25082.75
1775669760,25082.5,25099.5,25081.5,25096.25
1775669820,25096,25097,25065,25077.5
1775669880,25077.25,25089.75,25077,25081.25
1775669940,25081.5,25090.75,25080,25086.75
1775670000,25087,25092.5,25085,25088.25
1775670060,25089,25097.25,25081.25,25087.5
1775670120,25087.75,25090,25083.25,25089.5
1775670180,25089.5,25097.5,25087.25,25093.25
1775670240,25093.75,25097.5,25092,25092.5
1775670300,25092.75,25096.5,25088,25093.25
1775670360,25093.25,25101.5,25092,25093.25
1775670420,25092.75,25096.5,25085.75,25086.5
1775670480,25086.5,25091.5,25086,25090.25
1775670540,25090.5,25094.5,25085.75,25088
1775670600,25088.75,25093.5,25088,25090.75
1775670660,25089,25095.75,25088.25,25092.25
1775670720,25092,25094.5,25087.25,25093.5
1775670780,25093.75,25097,25091,25091.75
1775670840,25091,25092.25,25086.25,25087.5
1775670900,25087.25,25092,25083.5,25088
1775670960,25087.75,25091.25,25087.25,25088.75
1775671020,25088.25,25091.75,25085.25,25090.75
1775671080,25090.5,25095,25089.25,25094
1775671140,25093.75,25094.75,25091,25094.5
1775671200,25094,25096,25076.25,25092.25
1775671260,25093,25111.5,25091.75,25108
1775671320,25107.75,25111.5,25104,25108.25
1775671380,25108.5,25113.25,25107.25,25111.5
1775671440,25111.5,25119,25109.75,25118.25
1775671500,25117.75,25126.5,25114,25121.75
1775671560,25122,25124,25115.25,25118.5
1775671620,25118.75,25128,25117.5,25126.5
1775671680,25126.25,25129.25,25123.75,25127
1775671740,25126.5,25131,25125,25128.5
1775671800,25129.25,25131.25,25123.25,25129.75
1775671860,25129.75,25130.25,25120.75,25127.25
1775671920,25127,25130,25123.25,25123.75
1775671980,25123.5,25124.5,25113.5,25124.25
1775672040,25123.75,25126.25,25117.5,25120.25
1775672100,25120.75,25126.25,25120.25,25124.25
1775672160,25124.25,25130.25,25123.5,25129.25
1775672220,25129,25131.75,25108.75,25117.25
1775672280,25117.25,25120,25057,25078.5
1775672340,25078.25,25081.25,25032.75,25054.5
1775672400,25054.75,25072.5,25045.25,25053
1775672460,25053.5,25071,25051.5,25067
1775672520,25067.25,25080.25,25056.5,25060.75
1775672580,25060.75,25075,25059.5,25068.5
1775672640,25068.5,25077.25,25061.75,25064.5
1775672700,25064.25,25067.75,25048.5,25054.5
1775672760,25054.25,25073.75,25050.75,25072.25
1775672820,25072.25,25075,25058.75,25061.25
1775672880,25060.75,25070.5,25059.75,25066.5
1775672940,25066.5,25067.25,25053.75,25054.25
1775673000,25054.25,25070.25,25053.75,25064.25
1775673060,25063.75,25072.75,25060,25066.5
1775673120,25066.5,25071.75,25059.25,25063
1775673180,25063,25063,25051.75,25057.25
1775673240,25057.25,25062.5,25052,25059
1775673300,25059.25,25068.5,25057.75,25060.75
1775673360,25060.5,25064.25,25054.75,25062.5
1775673420,25062.75,25063,25053.75,25057.5
1775673480,25056.75,25059.25,25052.5,25055.5
1775673540,25055.75,25055.75,25040.25,25042.75
1775673600,25043,25044.5,25028.75,25033
1775673660,25032.75,25035.25,25025.75,25028.75
1775673720,25029,25041.25,25024.25,25032.25
1775673780,25032.25,25038.75,25022.25,25025
1775673840,25025.25,25031.5,25014,25017.5
1775673900,25018,25020.5,25007.5,25018.25
1775673960,25018,25030,25015.75,25019.25
1775674020,25019,25028.5,25016.75,25019
1775674080,25018.5,25019.75,25009.25,25011.75
1775674140,25012.5,25012.75,25000.5,25002
1775674200,25002.25,25010,24994.75,25008.5
1775674260,25008.75,25010.75,24998.75,25002.5
1775674320,25002.5,25014,24997.5,24998.25
1775674380,24998,25002,24994.25,24997
1775674440,24997.25,25003.5,24993,24994.75
1775674500,24994.5,24995.25,24978,24984.25
1775674560,24984,24984.75,24969.5,24978.25
1775674620,24978.5,24983.25,24967.75,24969.5
1775674680,24970,24973,24960,24962
1775674740,24962,24967.5,24948.75,24953.5
1775674800,24953.5,24960.75,24944.25,24946.5
1775674860,24946,24968.25,24943.25,24964.75
1775674920,24965.25,24979.75,24964.75,24966
1775674980,24966.25,24976.25,24965.25,24970
1775675040,24970,24971.25,24956.25,24965.25
1775675100,24965.25,24969.5,24962.5,24964
1775675160,24964.25,24965.75,24954,24965
1775675220,24965.25,24976.25,24963.25,24975.25
1775675280,24975,24988,24972.25,24979.75
1775675340,24980,24981,24973.5,24977.75
1775675400,24978,24993.75,24977.5,24990.75
1775675460,24990.25,25009,24989.75,25007.25
1775675520,25007.25,25010.5,25000.25,25007.5
1775675580,25007.75,25011.25,25002.5,25009.25
1775675640,25009,25012,24998.75,25007.25
1775675700,25006.75,25011.5,25003.5,25004.25
1775675760,25004,25005,24994.75,24997
1775675820,24997,24997,24981.5,24986.5
1775675880,24987,24987.75,24977.75,24980.5
1775675940,24980.75,24985.75,24970.5,24979
1775676000,24979,24979.75,24971.25,24972.5
1775676060,24972,24978,24969,24970.5
1775676120,24970.5,24972,24959.25,24962.5
1775676180,24961.75,24970.75,24956.75,24970
1775676240,24970.25,24978.25,24965.75,24969.75
1775676300,24969.5,24985.5,24969.25,24977.5
1775676360,24977.5,24982.5,24970.25,24970.5
1775676420,24970.5,24973.25,24961,24961.25
1775676480,24961.25,24963.25,24955.75,24959
1775676540,24959.25,24962.5,24955.25,24958
1775676600,24957.5,24982.25,24956,24978.25
1775676660,24978.5,24991.5,24978.5,24986.25
1775676720,24986,24995,24981.5,24992.5
1775676780,24992.5,24993.75,24984.5,24988.25
1775676840,24987.75,24995.5,24981.75,24994.5
1775676900,24994.75,25008,24993.5,24997
1775676960,24996.75,25017.25,24994.75,25007
1775677020,25007.5,25014,25004,25007.5
1775677080,25007,25011.25,24990.25,24994.25
1775677140,24993.5,25007.75,24992.75,25005.75
1775677200,25005.5,25005.75,24996.25,25000.75
1775677260,25000.75,25001.25,24984.5,24985.5
1775677320,24986,24997.5,24985.25,24996.25
1775677380,24996.25,25007.75,24996,25007.25
1775677440,25007.5,25015.75,25005,25013.5
1775677500,25013,25030.75,25011.5,25029.25
1775677560,25028.75,25036.5,25026.5,25027.25
1775677620,25027.5,25036.75,25023.25,25036
1775677680,25036.75,25037.75,25027.5,25030.5
1775677740,25030.75,25036.75,25027.75,25034
1775677800,25034.25,25048,25032.75,25043.5
1775677860,25043.5,25046.25,25034,25034.5
1775677920,25034.5,25043.25,25028.25,25034.5
1775677980,25034.5,25047.75,25027,25046.25
1775678040,25046.25,25048.75,25036.75,25039.25
1775678100,25038.75,25047.25,25030.75,25036.5
1775678160,25037.5,25044.25,25034,25042.25
1775678220,25042.25,25051.25,25039.5,25048.5
1775678280,25048.5,25052.75,25044,25051
1775678340,25051,25091.75,25050.75,25079.5
1775678400,25079.75,25095.25,25079.5,25081
1775678460,25081.25,25094,25077.5,25091
1775678520,25090.75,25092.5,25085.5,25087
1775678580,25086.5,25087.25,25077,25078.25
1775678640,25078.25,25082,25073.75,25076
1775678700,25075.5,25078.25,25056.75,25060
1775678760,25060.5,25065,25058.5,25061.75
1775678820,25061.75,25065.25,25057.25,25064.25
1775678880,25064.75,25066.25,25061.75,25063.5
1775678940,25063.75,25065,25054.75,25058.25
1775679000,25058.5,25063.75,25056.5,25060.25
1775679060,25060.5,25062,25055.75,25059
1775679120,25059,25063.5,25057.75,25058.75
1775679180,25059.5,25061.75,25053.5,25054
1775679240,25054,25062.25,25053,25059.5
1775679300,25059.5,25070.5,25058.25,25070
1775679360,25070.25,25076,25068,25069
1775679420,25068.75,25069.5,25065,25066.25
1775679480,25066,25067.75,25058,25061.5
1775679540,25061.75,25062.25,25057.25,25058
1775679600,25058.25,25060.25,25055.25,25058.5
1775679660,25058.5,25059.25,25056.5,25057.25
1775679720,25056.5,25056.5,25051.25,25053.25
1775679780,25052.75,25053.75,25051,25053.25
1775679840,25053.25,25058,25052.75,25057.5
1775679900,25057.75,25060,25056,25056.75
1775679960,25057,25057,25048.75,25052.75
1775680020,25053,25056.75,25052.5,25052.75
1775680080,25052.5,25053.25,25051,25052.75
1775680140,25053.25,25053.25,25048.25,25049.75
1775680200,25049.5,25051.25,25048.25,25050.25
1775680260,25050.5,25051.75,25048,25050.25
1775680320,25050.25,25052.25,25046.5,25048.25
1775680380,25048.75,25050,25047.75,25048.25
1775680440,25048.75,25049.25,25046.5,25048.25
1775680500,25048.5,25050,25047.25,25047.25
1775680560,25047.75,25048.25,25043,25044
1775680620,25043.25,25045.25,25038.25,25040.5
1775680680,25040.25,25041.25,25038.25,25039.75
1775680740,25039.75,25043,25039.25,25042.5
1775680800,25043,25044.25,25040.5,25041
1775680860,25040.75,25041.75,25036.5,25041
1775680920,25041.25,25041.75,25039.25,25040.5
1775680980,25040.5,25040.5,25035.5,25037.75
1775681040,25037.75,25039.5,25037.75,25038
1775681100,25038.75,25043.75,25037.25,25038.5
1775681160,25037.75,25041.75,25036,25040.25
1775681220,25040.25,25043.25,25037.75,25043
1775681280,25042.5,25043.5,25040.75,25041
1775681340,25041,25044,25038.75,25042
1775681400,25042,25049.5,25042,25044
1775681460,25044.25,25044.25,25040.5,25041
1775681520,25040.75,25042,25037,25037.25
1775681580,25037.25,25040.75,25036.5,25039.25
1775681640,25039.5,25041,25036.5,25039.5
1775681700,25038.5,25041.75,25038,25041.25
1775681760,25041.25,25045,25039.75,25043
1775681820,25043,25044,25041,25043
1775681880,25043.25,25043.5,25040.5,25042
1775681940,25042.5,25043.75,25033.25,25038.75
1775685600,25038.75,25060,25032.75,25057.75
1775685660,25057.25,25058.75,25044,25049.25
1775685720,25048.75,25058.5,25046.75,25052
1775685780,25052,25052.25,25040.5,25050.5
1775685840,25050.25,25056.25,25045.75,25055
1775685900,25052.75,25063.5,25052.5,25057
1775685960,25057,25058.25,25048.75,25052.5
1775686020,25052.5,25056.75,25051.25,25052.75
1775686080,25053,25059.25,25050.25,25055
1775686140,25056.25,25066.25,25055.75,25062.75
1775686200,25062.75,25062.75,25055.5,25059.75
1775686260,25061.25,25061.25,25053.25,25055.75
1775686320,25055,25055.75,25042.25,25042.25
1775686380,25042.25,25044.5,25038.25,25042.25
1775686440,25041.25,25044.5,25038.5,25041
1775686500,25041.5,25046.75,25041,25043.5
1775686560,25044,25047.5,25042.25,25047
1775686620,25047.25,25047.25,25040.75,25043.25
1775686680,25042.5,25043.5,25028,25028
1775686740,25030.25,25031,25022.75,25024.25
1775686800,25024.75,25028.25,25017,25019.75
1775686860,25020,25029.5,25010.5,25026
1775686920,25026.75,25032.75,25026,25030.5
1775686980,25030.5,25032.75,25027.25,25027.75
1775687040,25028.75,25030,25018,25027.25
1775687100,25027.5,25034.75,25025.5,25032.25
1775687160,25032.75,25033,25027.75,25031.75
1775687220,25032,25033.75,25028.5,25029.75
1775687280,25029.75,25030.75,25024,25027.5
1775687340,25027,25031.5,25020.75,25028
1775687400,25028.75,25036,25028.75,25035.75
1775687460,25035,25037.25,25032,25033.75
1775687520,25033.25,25036.5,25030.5,25032.75
1775687580,25033,25039.75,25031.75,25038.75
1775687640,25039.25,25044.25,25037.25,25040.75
1775687700,25040.75,25050.25,25040.5,25047.25
1775687760,25047.75,25049.5,25040.75,25042.75
1775687820,25043.5,25047,25039,25041.5
1775687880,25040.75,25040.75,25034.75,25036.5
1775687940,25036,25038.25,25034.75,25035.75
1775688000,25035.75,25039.25,25030,25030.75
1775688060,25030.75,25033.75,25028.75,25030.75
1775688120,25030,25033.5,25029.5,25030.25
1775688180,25029.5,25034.5,25028.75,25031.75
1775688240,25031.75,25032,25030,25031.25
1775688300,25030.5,25034.25,25030.25,25031.75
1775688360,25031.75,25032.75,25027.5,25029.25
1775688420,25029.25,25030.25,25028,25028.5
1775688480,25028.5,25030.5,25025.5,25027.75
1775688540,25028,25030.5,25027.5,25029.5
1775688600,25029.75,25032,25028.25,25031.25
1775688660,25031.75,25034.5,25030,25031
1775688720,25029.75,25031.5,25027.75,25029
1775688780,25028.5,25031.75,25028.25,25031.5
1775688840,25032,25033.25,25030.5,25032.75
1775688900,25033,25036.25,25031.5,25035.5
1775688960,25035.25,25035.5,25032.5,25033.75
1775689020,25033.75,25034,25030.75,25030.75
1775689080,25032,25033.5,25028.25,25033.5
1775689140,25033.25,25035,25030,25035
1775689200,25034.25,25034.5,25026.75,25030.25
1775689260,25030.5,25033,25028.25,25031.25
1775689320,25031,25032,25024,25028.75
1775689380,25028,25030.5,25026.5,25030
1775689440,25030.25,25034.25,25029.75,25033.5
1775689500,25033.75,25055.25,25033.5,25048.25
1775689560,25047.5,25047.75,25040,25043
1775689620,25043.25,25046.75,25037.75,25042.75
1775689680,25043,25044.75,25040.75,25044.5
1775689740,25044,25045.5,25039.75,25040.5
1775689800,25041,25047.25,25039.75,25040.5
1775689860,25040.5,25044.75,25036,25042
1775689920,25042,25045.75,25040.5,25042.5
1775689980,25042.25,25048.75,25042.25,25046.25
1775690040,25047.25,25048.5,25041.75,25046.25
1775690100,25046,25047.75,25043.75,25046.25
1775690160,25046.5,25053.25,25046,25050.5
1775690220,25050.75,25052.75,25045.75,25047.25
1775690280,25048,25049.75,25045.25,25045.25
1775690340,25045.25,25045.5,25034.25,25035.25
1775690400,25035.25,25039.5,25033.75,25035
1775690460,25035.25,25036,25030.75,25033
1775690520,25033.25,25035.75,25032.25,25033.25
1775690580,25033.25,25036.25,25032.25,25036.25
1775690640,25036,25036.75,25033.25,25034.75
1775690700,25036.5,25036.75,25032.5,25034.5
1775690760,25034.75,25040.25,25033.75,25038.25
1775690820,25038.5,25040.75,25035.5,25038.25
1775690880,25037.75,25037.75,25033.5,25035.25
1775690940,25035,25035.75,25032.25,25034
1775691000,25033.25,25037.5,25032.75,25036
1775691060,25035.25,25037.25,25034,25036
1775691120,25037.25,25037.25,25026,25030.25
1775691180,25030,25033,25028,25032
1775691240,25031.75,25036.5,25029.5,25034.25
1775691300,25034.25,25034.75,25030.75,25032.5
1775691360,25032.25,25034,25029.75,25032.5
1775691420,25032.75,25034.75,25029.25,25033.5
1775691480,25033.25,25033.75,25029,25030.75
1775691540,25031,25031.5,25028,25030.75
1775691600,25030.75,25033.5,25028.25,25031
1775691660,25031.25,25035.25,25031,25035
1775691720,25034.75,25035.25,25031.5,25032.5
1775691780,25032.75,25033.25,25028.25,25030.75
1775691840,25029.5,25033.25,25028.5,25030
1775691900,25031.5,25037.25,25030.75,25036.5
1775691960,25035.75,25038.5,25032,25034
1775692020,25034.75,25034.75,25025,25029.25
1775692080,25030,25030.25,25026.75,25029
1775692140,25029.75,25030.25,25027.25,25030
1775692200,25030.25,25035,25029.75,25032.75
1775692260,25032.5,25035.5,25030.75,25032
1775692320,25032.75,25033.75,25031,25031.25
1775692380,25031.5,25033.25,25028.75,25033
1775692440,25033.25,25033.5,25026.75,25027.75
1775692500,25028.5,25028.75,25022.25,25027.5
1775692560,25028.25,25030.75,25022.5,25025
1775692620,25025,25029,25024.25,25028
1775692680,25028,25030,25024.25,25024.25
1775692740,25025,25027,25023.25,25026
1775692800,25026.5,25029,25016,25019.5
1775692860,25019.75,25020.5,25008.75,25011.5
1775692920,25011,25016,25007,25010.5
1775692980,25010.25,25016.75,25007,25009.75
1775693040,25010.25,25011.25,25000.25,25002.75
1775693100,25002.5,25015.75,25000,25011.5
1775693160,25010.75,25014.25,25007.25,25009.75
1775693220,25009.75,25009.75,25001.75,25005.75
1775693280,25005.75,25012.5,25005.5,25011
1775693340,25011.5,25011.75,25003.5,25004
1775693400,25003.75,25006.75,25002.25,25004.75
1775693460,25005.25,25009,25003.5,25007
1775693520,25007.25,25008.25,25003.25,25005.25
1775693580,25005.25,25014.5,25003.25,25013.25
1775693640,25013.75,25025,25011.75,25018
1775693700,25018,25020,25012,25016
1775693760,25015.75,25024.5,25011.5,25021.5
1775693820,25021.75,25024,25018.5,25021.75
1775693880,25023,25023.25,25012,25013.75
1775693940,25014,25023,25012.25,25022
1775694000,25021.5,25028,25015.75,25026.5
1775694060,25027.25,25035,25023.5,25031
1775694120,25031,25033.75,25025.25,25029
1775694180,25029.5,25029.5,25025.5,25027.25
1775694240,25027.25,25029.25,25023.25,25025.75
1775694300,25026,25026.25,25013.5,25017
1775694360,25016.75,25020.25,25013.25,25019.75
1775694420,25019,25021.25,25016.75,25020.5
1775694480,25020.5,25020.5,25016,25017.75
1775694540,25017.5,25019.75,25010.75,25011.5
1775694600,25011.75,25023.75,25009.5,25019.5
1775694660,25020.25,25034.25,25019.25,25029
1775694720,25029,25029.75,25020.5,25020.5
1775694780,25021,25023.5,25011.75,25014.5
1775694840,25015.5,25019.5,25012,25018.75
1775694900,25018.5,25021.25,25017.5,25018.75
1775694960,25018,25023,25017.75,25021.75
1775695020,25022,25026.25,25020,25023.25
1775695080,25022.5,25030,25022.5,25027.75
1775695140,25028.25,25028.75,25023,25024
1775695200,25024.75,25029.25,25024.75,25028.5
1775695260,25028.25,25028.75,25022.5,25026.5
1775695320,25027,25029.5,25024.75,25027.25
1775695380,25026.5,25027.5,25022.75,25025.5
1775695440,25025,25027,25021,25025.25
1775695500,25025.25,25027.75,25019,25020.5
1775695560,25020,25020.5,25012.75,25017.5
1775695620,25018,25021,25015.75,25019
1775695680,25019.5,25022.25,25017.5,25021
1775695740,25021,25021,25016.25,25018.75
1775695800,25019.75,25023,25015,25015
1775695860,25016,25021.5,25013.75,25018.5
1775695920,25019.25,25021.25,25015.25,25017.25
1775695980,25017.25,25017.25,25008.25,25009.25
1775696040,25010,25014,25006.5,25010.25
1775696100,25010.25,25011.25,25006.5,25010.25
1775696160,25011.5,25011.75,25008.5,25010.5
1775696220,25011,25014,25010,25014
1775696280,25014.25,25015.25,25011.75,25012.75
1775696340,25013.25,25014.75,25010.5,25012
1775696400,25012,25021.25,25011,25017.25
1775696460,25017.75,25019,25012.5,25013.75
1775696520,25013,25015.25,25008.25,25008.25
1775696580,25008.25,25015,25003,25013.5
1775696640,25013.5,25013.5,25008.25,25013
1775696700,25013,25013.5,24997.5,25002.25
1775696760,25001.5,25011.5,25001.5,25007
1775696820,25007.25,25007.5,25000,25000.75
1775696880,25000.5,25002,24996.75,24998.5
1775696940,24999,25004.5,24997.75,25002.5
1775697000,25002.75,25009.5,25000.5,25008.75
1775697060,25009,25010.25,25003,25006
1775697120,25006,25006,24992.75,24995.5
1775697180,24996.25,24998,24993.5,24997.5
1775697240,24997.5,25001,24994.5,25000.75
1775697300,25001,25004,24999.75,25001.5
1775697360,25001.75,25003,24992,24995.75
1775697420,24996.25,25001.5,24994.25,24996.25
1775697480,24997,24999,24995.5,24997.75
1775697540,24997.75,24998.25,24994.5,24995.75
1775697600,24996.25,24997.25,24992.5,24992.75
1775697660,24993,24997,24992.75,24995.5
1775697720,24995.75,24995.75,24985.5,24988
1775697780,24988,24990,24980.75,24985
1775697840,24985.5,24989,24982.75,24988.75
1775697900,24988,24991,24981.5,24986
1775697960,24986,24992.25,24983.5,24988.5
1775698020,24989.25,24994.25,24987.25,24992.75
1775698080,24993,24995.25,24991.25,24993
1775698140,24993.5,24994.5,24987.25,24988
1775698200,24988,24990.5,24984,24990.5
1775698260,24990.25,24992.5,24988.75,24990.5
1775698320,24990,24992,24988.5,24991
1775698380,24990.25,25000.75,24989.75,24998
1775698440,24997.75,25008.75,24997.25,25006
1775698500,25006,25007,25002.25,25003.75
1775698560,25004,25006.5,24999.75,25005.75
1775698620,25005.25,25006.5,24998.5,24999.25
1775698680,24999,25002.5,24999,25001
1775698740,25000.5,25005.25,24999.5,25004
1775698800,25003.5,25006.75,25001.25,25004.75
1775698860,25004.75,25005.25,25000.5,25001.75
1775698920,25001.5,25013.25,25001,25012
1775698980,25012,25012.25,25006,25006.5
1775699040,25006.75,25007.5,25002,25004.75
1775699100,25005.25,25009.25,25004,25007.75
1775699160,25007.5,25010.5,25007,25008.5
1775699220,25008.25,25008.25,24999.5,25000.5
1775699280,25001,25001.5,24994,25000.5
1775699340,25000.75,25012.75,25000.75,25011.5
1775699400,25011.75,25023.75,25010.75,25018.25
1775699460,25018.25,25020.25,25014.75,25016.5
1775699520,25016.75,25017.25,25013.5,25015.25
1775699580,25015.25,25018,25012.5,25017.75
1775699640,25018,25024.75,25017,25020.5
1775699700,25019.75,25026,25018.5,25021.5
1775699760,25022,25022.75,25018.75,25021.25
1775699820,25020.75,25021.75,25017.5,25020
1775699880,25019.5,25025.5,25017,25024.75
1775699940,25024,25025,25021.5,25022.75
1775700000,25022.5,25031.5,25022.5,25026.5
1775700060,25026.75,25030,25026,25026.75
1775700120,25027.25,25032.5,25026.25,25029.5
1775700180,25029.5,25029.75,25025.75,25028
1775700240,25028,25030.5,25024,25026.25
1775700300,25027,25031.25,25025.25,25029.75
1775700360,25029,25033.25,25027.5,25029.75
1775700420,25029.75,25046.5,25028.75,25036.25
1775700480,25036.5,25039.5,25029,25032.75
1775700540,25033,25034.75,25030.75,25031.25
1775700600,25031,25033.5,25027.5,25029
1775700660,25028.5,25030.75,25027,25029.25
1775700720,25029,25030.5,25027.75,25027.75
1775700780,25027.25,25028,25023.5,25025.5
1775700840,25025.25,25028,25023.75,25028
1775700900,25027.5,25030.25,25024,25026.25
1775700960,25025.75,25031.5,25025.75,25028.25
1775701020,25028,25035,25024,25033.5
1775701080,25034,25041,25033.75,25036.75
1775701140,25036.75,25038.75,25034.75,25038
1775701200,25038,25039.75,25032.25,25032.25
1775701260,25033,25035.75,25032.5,25034.25
1775701320,25033.75,25034.5,25027,25030.5
1775701380,25029.5,25031.75,25028.25,25030.75
1775701440,25030.5,25031.5,25027.5,25030.5
1775701500,25031.25,25032.25,25026.5,25027.75
1775701560,25027.5,25029.25,25026.5,25027.5
1775701620,25028,25031.75,25027.5,25030
1775701680,25029.5,25029.5,25025,25026.75
1775701740,25026.75,25029.5,25025.5,25027.25
1775701800,25027,25031.5,25025.75,25030.75
1775701860,25031.5,25036.75,25031.25,25032.75
1775701920,25032.75,25037.75,25031,25036.75
1775701980,25037,25037.5,25032.75,25033.25
1775702040,25032.5,25033.25,25030.5,25031.25
1775702100,25031.25,25034,25030.25,25032.5
1775702160,25032.5,25032.5,25027.75,25031
1775702220,25030.75,25034,25029.75,25033.75
1775702280,25033,25034,25030.5,25031.75
1775702340,25031.75,25036,25031.75,25033.75
1775702400,25033.25,25033.5,25029.25,25032.25
1775702460,25032.25,25034,25030.25,25030.75
1775702520,25030.5,25032.5,25026.5,25030.5
1775702580,25031.75,25036,25031.5,25034.25
1775702640,25034.25,25035.25,25032.75,25033.75
1775702700,25034.25,25040,25034.25,25039.5
1775702760,25039.25,25041.25,25036.75,25038.75
1775702820,25038,25039,25034.75,25036
1775702880,25036,25036.75,25034.5,25036.25
1775702940,25035.75,25041.5,25035,25041
1775703000,25040.25,25048.5,25039,25043.75
1775703060,25043.75,25049.75,25042,25045.75
1775703120,25045.75,25046.25,25041.5,25043.75
1775703180,25043,25046.25,25039.75,25045.75
1775703240,25046.5,25047,25042,25044
1775703300,25043.5,25044.25,25037.25,25038.5
1775703360,25039,25040,25033.5,25034.25
1775703420,25034.5,25035.5,25031.75,25033.25
1775703480,25032.75,25035.25,25032,25033.5
1775703540,25034.5,25034.75,25030.75,25030.75
1775703600,25031,25032.75,25029.5,25030.5
1775703660,25030.75,25033.75,25026,25027
1775703720,25027.25,25030.5,25025.75,25029.25
1775703780,25029,25030.5,25027.75,25030.5
1775703840,25030.75,25031.25,25028,25029.5
1775703900,25030.25,25032.5,25028.75,25029.25
1775703960,25029,25030.25,25025.25,25028.25
1775704020,25028.5,25032,25027.5,25029.75
1775704080,25030.25,25037.5,25030,25034.75
1775704140,25035,25035.5,25031.25,25031.5
1775704200,25031.75,25033.5,25028.5,25032
1775704260,25031.5,25031.5,25027.75,25029
1775704320,25029,25029.75,25027,25029.5
1775704380,25029.25,25030,25026.5,25027.75
1775704440,25027.25,25029.5,25026,25028.5
1775704500,25029,25029,25025.5,25026
1775704560,25026.5,25027,25024.75,25025.5
1775704620,25025,25026.75,25021.75,25022.25
1775704680,25022.5,25024.75,25019,25020
1775704740,25020.25,25022.5,25019.75,25020
1775704800,25020.25,25021.75,25018.25,25018.75
1775704860,25018.25,25019.75,25016.25,25016.5
1775704920,25016.75,25020,25016,25019
1775704980,25019,25021.75,25019,25020.25
1775705040,25020.75,25020.75,25018,25019.75
1775705100,25020,25020.5,25017.75,25019.75
1775705160,25020,25021.25,25018.25,25019.5
1775705220,25018.5,25021.5,25018.25,25019.75
1775705280,25019.25,25022.5,25019,25019.75
1775705340,25020.5,25022.25,25019.5,25019.5
1775705400,25019.5,25026.5,25018.75,25025.75
1775705460,25025.25,25030.25,25024.25,25027.25
1775705520,25027.75,25030.25,25027.75,25029.5
1775705580,25028.25,25030.5,25028.25,25029.75
1775705640,25030,25030.25,25027.5,25028.5
1775705700,25028.5,25034.25,25028.25,25033.75
1775705760,25033,25033.25,25027.75,25029.5
1775705820,25029.25,25031.25,25028.25,25029.25
1775705880,25029,25029,25026.5,25027
1775705940,25026.5,25028.25,25023.25,25024.25
1775706000,25024.25,25026.5,25022,25023.75
1775706060,25022.75,25024.5,25018,25018.5
1775706120,25018.5,25020.5,25016.75,25017.5
1775706180,25017.5,25020.5,25016.25,25020
1775706240,25020,25023,25019.75,25022.25
1775706300,25022.25,25023,25017,25017
1775706360,25017.5,25018.75,25009.75,25011.25
1775706420,25011.25,25015.75,25008.5,25013.5
1775706480,25013.5,25014.25,25011,25013.5
1775706540,25013.25,25018.25,25012,25017.5
1775706600,25018,25024,25017.25,25018.75
1775706660,25018.75,25018.75,25014.5,25016
1775706720,25015.5,25020.75,25014.5,25018
1775706780,25018.5,25019.25,25016.75,25019.25
1775706840,25019.75,25023.5,25018.75,25020.25
1775706900,25019.75,25019.75,25016,25018
1775706960,25017.75,25027,25016.75,25025.75
1775707020,25025.75,25025.75,25022.75,25022.75
1775707080,25023.25,25023.25,25016,25017
1775707140,25016.75,25020.5,25016.25,25018.5
1775707200,25019.25,25023,25016,25016.5
1775707260,25016.5,25016.5,25009.5,25011.75
1775707320,25012.25,25015.25,25010.25,25014.25
1775707380,25014.5,25015.25,25011,25015
1775707440,25015,25015.5,25011.75,25012.75
1775707500,25012.5,25016.25,25012.5,25016
1775707560,25016.25,25016.75,25010.75,25011.75
1775707620,25012.25,25014.25,25009.5,25012.5
1775707680,25012,25015,25010.75,25014
1775707740,25013.25,25016.5,25012.5,25013.5
1775707800,25014,25019.25,25013.5,25017.75
1775707860,25018,25021,25015.75,25017.75
1775707920,25018.5,25020,25016.25,25017.25
1775707980,25015.75,25017.25,25014,25016.5
1775708040,25016.5,25018.75,25016.25,25016.5
1775708100,25016.75,25019.75,25016.75,25017
1775708160,25017.75,25017.75,25015,25016.5
1775708220,25017,25017.75,25012.25,25012.25
1775708280,25013,25014.75,25012,25013
1775708340,25013.75,25014,25010.25,25013
1775708400,25013,25013,25010,25012.5
1775708460,25012.75,25014.5,25007.5,25011.5
1775708520,25010.5,25012.5,25009.25,25012.25
1775708580,25012.25,25012.75,25008.75,25012.25
1775708640,25012,25012.5,25010.25,25012
1775708700,25011.75,25012.5,25008.5,25011
1775708760,25011.25,25014,25011,25013
1775708820,25013,25015,25012.25,25013
1775708880,25013,25013,25010.25,25011.75
1775708940,25011.75,25014.75,25011.5,25014
1775709000,25013.75,25014,25006.5,25009
1775709060,25008.75,25013.75,25008.25,25011
1775709120,25011.25,25015,25011.25,25011.75
1775709180,25012.5,25013.25,25010.75,25010.75
1775709240,25011.5,25012,25009,25010.25
1775709300,25010.5,25016,25010.25,25015.75
1775709360,25015.5,25015.5,25012.75,25013
1775709420,25013.5,25013.75,25011.5,25012
1775709480,25012.75,25013.5,25012.25,25012.5
1775709540,25012.5,25014.25,25011,25012.5
1775709600,25012.5,25015.25,25012.5,25015
1775709660,25015.25,25020.5,25015.25,25020
1775709720,25020.25,25020.25,25017.5,25018
1775709780,25018.5,25020.25,25017,25018
1775709840,25017.5,25018.75,25014.75,25015.5
1775709900,25016.25,25016.25,25013,25016
1775709960,25015.5,25016.5,25014.75,25014.75
1775710020,25015.25,25017,25014.5,25015
1775710080,25015.25,25018,25015.25,25017.5
1775710140,25018,25020.5,25016.25,25016.25
1775710200,25016.75,25017.5,25015,25016.5
1775710260,25016.75,25024.5,25016.5,25022
1775710320,25022,25023.75,25020.5,25023
1775710380,25022.75,25023.5,25020.5,25021.25
1775710440,25021.5,25022.5,25021,25022
1775710500,25021,25022.5,25017.25,25018.5
1775710560,25018.25,25019.75,25017.75,25019
1775710620,25019,25019,25012,25013
1775710680,25013.25,25016.75,25013,25016.5
1775710740,25016,25017.25,25013.25,25013.75
1775710800,25014.75,25017.75,25013.25,25017.25
1775710860,25018,25020,25016.5,25016.75
1775710920,25017.25,25018.75,25013,25014
1775710980,25014,25014.25,25011,25013
1775711040,25013,25015,25012.25,25013.25
1775711100,25013,25015.5,25011.25,25011.25
1775711160,25011.75,25012.25,25009.25,25010.5
1775711220,25010.75,25012.25,25009.5,25010.25
1775711280,25009.5,25009.75,25004.25,25009.25
1775711340,25009,25009.25,25004.5,25006
1775711400,25006,25007,24994.25,24995.25
1775711460,24995.5,25002.75,24995,25001.75
1775711520,25002,25009.5,25001.75,25004.75
1775711580,25005.75,25009,25005,25006.25
1775711640,25006.75,25012,25004.25,25011
1775711700,25011,25017.5,25011,25011.75
1775711760,25012.75,25026.5,25011.75,25021.5
1775711820,25022,25024,25018.5,25021.25
1775711880,25021.5,25021.5,25017.25,25017.75
1775711940,25018,25028.75,25018,25025.5
1775712000,25025.25,25030.25,25022,25025.75
1775712060,25025.5,25030.25,25023.25,25026.5
1775712120,25025.5,25025.75,25020.5,25022
1775712180,25022.5,25026.5,25022.25,25024.5
1775712240,25025.5,25025.75,25020.5,25022.75
1775712300,25023,25029.75,25021.5,25029.25
1775712360,25028.5,25029.75,25026.5,25028.75
1775712420,25028.75,25031.75,25028.25,25030
1775712480,25030.75,25031.5,25029.25,25029.75
1775712540,25029.75,25032.75,25027.5,25032.75
1775712600,25032.5,25033.5,25028.75,25031.75
1775712660,25031.25,25032.5,25027.75,25031.75
1775712720,25032.25,25039.75,25030.5,25032.75
1775712780,25033.25,25033.75,25030.75,25032
1775712840,25032,25032,25029.5,25031.75
1775712900,25031.25,25031.75,25026.25,25028.75
1775712960,25027.75,25030.75,25027.25,25027.75
1775713020,25027.75,25033.5,25027.25,25031.5
1775713080,25031.5,25047.25,25030,25041.25
1775713140,25041.5,25044.5,25037.75,25038.75
1775713200,25038.75,25038.75,25032.75,25033.75
1775713260,25034.75,25039.25,25034.5,25038
1775713320,25038,25040.25,25036.5,25038.25
1775713380,25039.5,25041.5,25037,25038
1775713440,25037.75,25040.25,25036.5,25040.25
1775713500,25039.75,25040.5,25036,25037.25
1775713560,25037.25,25037.25,25028.75,25030.25
1775713620,25031,25031.5,25027.5,25027.75
1775713680,25028.25,25029,25022.75,25024.5
1775713740,25025.25,25028.75,25024.5,25027.75
1775713800,25027,25030.25,25021.75,25024
1775713860,25023.5,25026.5,25021.75,25023
1775713920,25022.75,25028,25022.5,25026
1775713980,25026,25027.75,25024.25,25026.5
1775714040,25025.75,25026.5,25022.25,25024.5
1775714100,25025.25,25028,25023.75,25026
1775714160,25025.5,25027.75,25024.25,25027
1775714220,25027,25027,25023.5,25025.5
1775714280,25026,25029.75,25026,25027
1775714340,25027.5,25029.5,25026.5,25029.5
1775714400,25029.5,25038,25027.5,25036.25
1775714460,25036.25,25044.5,25034.5,25036.75
1775714520,25037,25051,25035.5,25046.75
1775714580,25046.25,25058.25,25046,25053.75
1775714640,25053.25,25057.25,25047.75,25051.75
1775714700,25051.75,25052.75,25045,25048.25
1775714760,25048.75,25049.25,25044.5,25046.25
1775714820,25047,25053.25,25046.75,25046.75
1775714880,25046,25047.5,25043.75,25046
1775714940,25045.25,25046,25037,25038.25
1775715000,25038.25,25042.5,25029.75,25040.25
1775715060,25039.25,25041.25,25036.25,25038.5
1775715120,25038.25,25041.25,25035.5,25036.75
1775715180,25035,25036.25,25031.75,25034.75
1775715240,25033.75,25034.25,25027.75,25033.25
1775715300,25033,25035.25,25029,25030.5
1775715360,25030.25,25033.75,25028.75,25033.25
1775715420,25032.75,25035,25032,25032.75
1775715480,25032.75,25037.75,25032.25,25034.5
1775715540,25034,25034,25030,25031.5
1775715600,25031.25,25033.25,25029.5,25032.5
1775715660,25032,25033.5,25029.25,25029.25
1775715720,25028.75,25029.5,25025,25028.25
1775715780,25027.5,25031.25,25027,25031
1775715840,25030.75,25031.5,25025.75,25027.75
1775715900,25027.75,25029.25,25026.25,25027.75
1775715960,25026.75,25032,25026.75,25029.75
1775716020,25029.25,25039.25,25029.25,25036.25
1775716080,25036.5,25037.25,25027.5,25033.25
1775716140,25034,25038.5,25032.75,25037.25
1775716200,25037,25037,25027.5,25034.5
1775716260,25033.75,25042,25032.75,25039
1775716320,25039,25043.25,25037,25040
1775716380,25040,25041.25,25034,25035.5
1775716440,25036,25039,25032.75,25032.75
1775716500,25032.75,25034.75,25030.75,25034
1775716560,25034.5,25037.25,25030,25032.75
1775716620,25032.5,25036.75,25031.25,25035
1775716680,25034.25,25036,25032.5,25036
1775716740,25036.25,25036.75,25033.5,25036.25
1775716800,25036,25038.5,25033.5,25037.75
1775716860,25037.75,25038.25,25032.25,25032.75
1775716920,25032.5,25038.25,25032.5,25034.25
1775716980,25035,25038.75,25033.75,25036
1775717040,25036.5,25038.5,25034.75,25038
1775717100,25037,25040,25035,25036.25
1775717160,25036.25,25037,25027.5,25030.25
1775717220,25029.5,25031.25,25018,25025.75
1775717280,25025.5,25029.5,25024,25027.5
1775717340,25027.5,25028.5,25021.75,25022.25
1775717400,25022.75,25023.75,25020.5,25022.25
1775717460,25022.5,25023,25017.5,25020.75
1775717520,25021,25027,25019.75,25027
1775717580,25027,25028.75,25021.5,25021.5
1775717640,25022,25026,25021.25,25026
1775717700,25026.25,25032.25,25025.75,25029
1775717760,25029.5,25030.75,25028,25028.75
1775717820,25029.5,25030.5,25027,25030.5
1775717880,25030.5,25034,25026.75,25032.25
1775717940,25032.25,25040.75,25032,25039.5
1775718000,25040,25049,25040,25047.25
1775718060,25047,25047.5,25036.25,25038.25
1775718120,25038.75,25039.25,25033.5,25035.5
1775718180,25035.25,25035.25,25029.25,25030
1775718240,25031,25033.75,25027,25027.75
1775718300,25027.75,25030.25,25022,25023.5
1775718360,25023.75,25023.75,25019,25023.5
1775718420,25023,25023.25,25017.75,25020
1775718480,25019.5,25025.5,25017.75,25022.75
1775718540,25022.5,25022.5,25014.5,25016
1775718600,25015.5,25023,25015,25022.5
1775718660,25022.5,25023.25,25016,25018.5
1775718720,25018.25,25018.5,25012.5,25016
1775718780,25015.25,25020,25012.75,25014.5
1775718840,25015.5,25020.75,25012.75,25020.25
1775718900,25020,25022,25015.75,25017.75
1775718960,25018,25018.25,25005,25010
1775719020,25009.5,25014,25002.5,25005.5
1775719080,25004.75,25005.5,24997.5,25005.25
1775719140,25005.5,25008.75,25004,25007.25
1775719200,25007.75,25008.75,24997,24998.5
1775719260,24998.25,25005,24996.75,25004
1775719320,25005,25008.5,25001,25005
1775719380,25005,25008.5,25003.75,25008.5
1775719440,25008.75,25016.25,25006.5,25015
1775719500,25014.5,25015.5,25009.25,25011.5
1775719560,25012.25,25014,25008.75,25012.75
1775719620,25012,25012.25,25005.75,25006.5
1775719680,25007.25,25012,25005.25,25009.25
1775719740,25008.5,25013,25008.5,25012.5
1775719800,25012.75,25018,25010.5,25011.25
1775719860,25012.5,25012.75,25007.5,25008
1775719920,25008.5,25009,24995.25,24998
1775719980,24997.5,25001.75,24994.25,25001.75
1775720040,25001.5,25001.5,24992.75,24993.25
1775720100,24994.5,24996.5,24988,24995.25
1775720160,24995,24999.5,24991.75,24999.5
1775720220,24998.75,25003.5,24996.75,24997
1775720280,24997.5,25002.25,24997.25,25001.5
1775720340,25002,25002.75,24996.75,24998.5
1775720400,24997.75,24999,24987.5,24989.25
1775720460,24989.25,24992.75,24984.5,24991
1775720520,24990.5,24990.5,24977.25,24983.25
1775720580,24982.75,24988,24976,24979
1775720640,24978.5,24980.5,24972,24977
1775720700,24977,24981.75,24976.75,24979.5
1775720760,24981,24981.5,24968.5,24970.75
1775720820,24971,24971.5,24965,24968.25
1775720880,24967.25,24975.25,24965,24974.25
1775720940,24974.25,24980.5,24973,24974
1775721000,24973.75,24973.75,24965.5,24967.5
1775721060,24968,24971.75,24966.25,24966.75
1775721120,24967.25,24974.5,24965,24974.25
1775721180,24974.5,24974.5,24969.75,24971
1775721240,24971.75,24981.25,24971.5,24979.75
1775721300,24979.5,24985.5,24978.5,24984.5
1775721360,24985,24987.25,24983.5,24984.75
1775721420,24985,24985.25,24981,24982.25
1775721480,24982.5,24983.5,24980.5,24982.5
1775721540,24982.25,24986.25,24981.75,24985
1775721600,24986,24991.75,24984,24985
1775721660,24985,24986.5,24974.5,24977.5
1775721720,24976,24977.25,24967.5,24974
1775721780,24974,24979.5,24972.75,24979.25
1775721840,24979.25,24987.5,24977.5,24981.75
1775721900,24981.75,24982.25,24976.25,24978.75
1775721960,24979,24979.5,24972,24976.75
1775722020,24976.75,24978.25,24972.75,24973.25
1775722080,24973.5,24974.5,24969.75,24971.5
1775722140,24971.5,24972,24957,24962.5
1775722200,24962.75,24964,24957.75,24963.75
1775722260,24964.25,24965.25,24953.25,24957.75
1775722320,24956.75,24961.25,24956.5,24959
1775722380,24958.75,24963.25,24957.75,24961.5
1775722440,24962.25,24962.25,24956,24957.25
1775722500,24957,24959.25,24953,24955
1775722560,24955.25,24960.25,24954.75,24959.5
1775722620,24959,24961.75,24957.25,24958.75
1775722680,24960.5,24964,24958.75,24963
1775722740,24963.75,24968.25,24961.25,24962.5
1775722800,24962.75,24973,24960.5,24971.5
1775722860,24970.75,24973,24966,24966.75
1775722920,24967,24967.75,24960.25,24962.25
1775722980,24962.75,24964.75,24959.25,24964
1775723040,24964.5,24972,24964.5,24970
1775723100,24970.25,24972.25,24966.25,24971.75
1775723160,24971.75,24975.25,24966.75,24968.75
1775723220,24968.75,24969.25,24963.25,24967
1775723280,24966.75,24968.25,24958.75,24960.5
1775723340,24960.5,24964.75,24959.25,24960.75
1775723400,24961.25,24972.75,24961.25,24970.75
1775723460,24971.75,24979,24968.75,24978.25
1775723520,24978,24979.5,24971,24973
1775723580,24973.25,24978,24969.75,24977.25
1775723640,24977,24982.75,24975.25,24978
1775723700,24978.25,24980.25,24974.5,24977
1775723760,24977.75,24981.5,24974,24980.5
1775723820,24980.5,24982,24976.5,24981.75
1775723880,24981.25,24987.25,24979.25,24985.75
1775723940,24985.25,24987,24980.25,24982.5
1775724000,24983,24983.25,24977.75,24980
1775724060,24980,24985,24979.75,24984.25
1775724120,24984.75,24989.5,24984.5,24989.25
1775724180,24988.5,24993.25,24988.25,24991.75
1775724240,24991.5,24999.75,24991,24999.25
1775724300,24998.5,25003.75,24997.75,24999.25
1775724360,24999.5,25000.5,24991.25,24992.25
1775724420,24992.75,24995,24986.75,24989.5
1775724480,24989.25,24991.75,24987,24990.75
1775724540,24990.75,24992.25,24985.5,24986.75
1775724600,24986,24986.75,24980,24980.25
1775724660,24980.25,24982,24973.5,24979
1775724720,24978.5,24982.5,24975.75,24977.25
1775724780,24977.5,24980.25,24976,24977.5
1775724840,24976,24976.75,24973,24976.75
1775724900,24977,24982,24973.25,24978.5
1775724960,24978.5,24980.25,24975,24978.75
1775725020,24978.75,24978.75,24968.75,24971.5
1775725080,24971,24976.75,24970.75,24976.5
1775725140,24975,24975.75,24971.75,24972.75
1775725200,24972.5,24973.75,24965.75,24970.75
1775725260,24971,24972.5,24963.75,24967.5
1775725320,24967.5,24968.25,24964.75,24967.75
1775725380,24967.5,24974.25,24966.5,24967.5
1775725440,24967.5,24970.25,24966.5,24968.5
1775725500,24968.5,24978.25,24968.25,24976.5
1775725560,24975.5,24975.5,24970,24974.25
1775725620,24974.5,24982,24970.25,24979.75
1775725680,24980.5,24984.25,24979.5,24982.75
1775725740,24982,24989,24982,24987
1775725800,24986.75,24995.5,24984.75,24993.5
1775725860,24993,24998.75,24992.5,24995
1775725920,24995.25,24998,24994.5,24997.25
1775725980,24996.75,24999,24994.5,24998
1775726040,24998.75,25000.75,24996.25,24997.75
1775726100,24997.5,25005,24997.5,25002.75
1775726160,25001.75,25003.5,24998.5,24999
1775726220,24998.75,25008.75,24995.75,25007
1775726280,25006.25,25010.5,25000.75,25008
1775726340,25007.25,25012.5,25005.5,25006
1775726400,25006.5,25007.25,24999.5,25001.25
1775726460,25001.25,25004.25,24996.75,25004.25
1775726520,25003.75,25010.5,25001.25,25008
1775726580,25007.25,25008,25004.5,25007.25
1775726640,25006.75,25008,25004,25005.5
1775726700,25005.25,25005.5,25002.25,25003.75
1775726760,25004,25006.5,25003,25006
1775726820,25005.75,25008.25,25004.25,25006.5
1775726880,25007,25010,25005.25,25008.5
1775726940,25008.75,25016,25006.5,25012.75
1775727000,25012,25013.5,25007.75,25011.25
1775727060,25010.5,25011.75,25006.25,25011
1775727120,25010.75,25014,25009.75,25011.5
1775727180,25010.75,25013,25007.75,25009
1775727240,25008,25008,25001.25,25004.25
1775727300,25005,25006.5,24997.75,24998.75
1775727360,24999.5,25003.5,24997.75,24997.75
1775727420,24997.75,24999.25,24993.25,24995.75
1775727480,24995.75,24998.25,24993.75,24997
1775727540,24997,25005.5,24996.5,25004.5
1775727600,25004.5,25006.5,25002.25,25005.75
1775727660,25004.25,25005.75,25002,25002.25
1775727720,25002,25008,25001.5,25007.5
1775727780,25006.5,25007,25002.5,25004
1775727840,25004,25005.75,25002.25,25004.5
1775727900,25004,25006.75,25002.75,25005
1775727960,25005.25,25007.75,25004,25007
1775728020,25007,25011.75,25006.75,25008.75
1775728080,25008.5,25009.5,25002.5,25006
1775728140,25006,25010.25,25005.5,25007.25
1775728200,25007,25007.75,25003.25,25005.25
1775728260,25005,25007.75,25003.5,25006
1775728320,25005,25005,25001,25003.75
1775728380,25002.75,25010.25,25002.75,25009.25
1775728440,25009.25,25013.25,25008.75,25011.5
1775728500,25011.75,25015.75,25009.75,25013.25
1775728560,25013.5,25018,25012.75,25014.75
1775728620,25014.5,25016.25,25013,25014.75
1775728680,25014.5,25016.5,25012.25,25016
1775728740,25015.5,25019,25015,25016
1775728800,25017.25,25026,25016.25,25022.5
1775728860,25022.5,25024.5,25017.75,25021.5
1775728920,25021.5,25024,25021,25021.5
1775728980,25021,25021,25013,25013
1775729040,25012.75,25018.75,25008.25,25014.25
1775729100,25014.75,25015.25,25007.25,25010.75
1775729160,25010.5,25014,25008.75,25013
1775729220,25013.25,25021.75,25012.75,25021.75
1775729280,25021,25023.5,25018,25019
1775729340,25018.25,25019.25,25014,25014
1775729400,25014.75,25018,25014,25016.75
1775729460,25016.75,25017.5,25008.25,25012
1775729520,25013,25013,25008.75,25012.25
1775729580,25012.5,25013.75,25009.75,25011
1775729640,25010.25,25014.75,25010,25012
1775729700,25011.75,25015.5,25005,25005.25
1775729760,25005,25008,25004.5,25005.25
1775729820,25005.75,25011.25,25005.75,25007.75
1775729880,25007.5,25009.25,25002,25003.25
1775729940,25003,25008,25002.25,25007.5
1775730000,25007.25,25012,25005,25011.5
1775730060,25011.75,25023,25010,25020.75
1775730120,25020.75,25022.75,25018,25019.25
1775730180,25020,25026.25,25017.75,25022.5
1775730240,25021.75,25025.25,25020,25024.25
1775730300,25024.5,25027.75,25023,25024.75
1775730360,25024,25026.5,25020.5,25022
1775730420,25022,25025.5,25021.25,25023.5
1775730480,25023.25,25023.25,25018.75,25022
1775730540,25022.25,25023.5,25019.25,25022.5
1775730600,25021.75,25022.25,25017,25019.25
1775730660,25019,25020,25013.75,25016.75
1775730720,25016.5,25017.5,25013.75,25015.75
1775730780,25016.25,25024,25016,25018.5
1775730840,25017.75,25017.75,25011,25011
1775730900,25011,25011.75,25006,25006.5
1775730960,25006.75,25008.75,25004.75,25006
1775731020,25005.25,25009,25004.25,25008.5
1775731080,25008.75,25011,25003.75,25005.5
1775731140,25005.25,25008.25,25003,25008
1775731200,25008.5,25010.75,25005.25,25007
1775731260,25007.25,25008.25,25004.25,25005.75
1775731320,25006.25,25012.75,25003.5,25012.75
1775731380,25012.5,25019,25011,25017.25
1775731440,25016.75,25019.75,25014.75,25017.25
1775731500,25018,25018.5,25010.25,25014
1775731560,25014.25,25015.5,25011,25015.5
1775731620,25015,25018.25,25014.5,25016.25
1775731680,25016.5,25023,25015.75,25020
1775731740,25020.5,25024.75,25019.75,25023.5
1775731800,25023.5,25023.75,25017.5,25018.25
1775731860,25018.5,25019,24998,25008.75
1775731920,25009.5,25015.25,25007.75,25009.25
1775731980,25009.5,25013.25,25004.25,25006
1775732040,25005.5,25011.25,25004,25008
1775732100,25008,25008.5,25003,25003.25
1775732160,25003.75,25004.25,24995.5,24996
1775732220,24996,24999.25,24989.75,24992.5
1775732280,24992.25,24998.5,24991.25,24998
1775732340,24998,24998.75,24980.75,24984.75
1775732400,24984,24988.5,24978,24988.25
1775732460,24989,24999.5,24988.5,24997
1775732520,24997.75,24998,24985.25,24986.75
1775732580,24986.5,24991,24981,24984
1775732640,24983.5,24989.25,24981,24988.25
1775732700,24987.75,24988.75,24984,24986
1775732760,24985.5,24986,24980,24980.25
1775732820,24980.5,24989.5,24980.5,24986.75
1775732880,24986.75,24988,24984,24985.25
1775732940,24986,24991.5,24985.5,24990.5
1775733000,24990,24991,24984,24986.25
1775733060,24985.75,24992,24985.75,24991
1775733120,24990.25,24994.5,24988.5,24988.75
1775733180,24989,24995.5,24987.5,24991
1775733240,24991.5,24993.25,24989,24992.5
1775733300,24990.75,24992,24987.5,24989
1775733360,24988.5,24989,24985.5,24986.75
1775733420,24986.5,24990,24986.25,24987
1775733480,24986.75,24991.25,24985.25,24987.25
1775733540,24986.75,24989.25,24983.5,24984.25
1775733600,24985,24989,24983.75,24988.75
1775733660,24988.5,24990.5,24986,24987.25
1775733720,24987,24991.5,24985.75,24988.75
1775733780,24990,24991.25,24983,24988
1775733840,24988,24993.25,24987,24989.25
1775733900,24988.25,24989.25,24976.25,24983.75
1775733960,24984.25,24986.25,24979.75,24981.25
1775734020,24981.25,24984.75,24977,24982.5
1775734080,24982.5,24987,24982.5,24985.25
1775734140,24983.75,24987,24982.25,24984.25
1775734200,24984.5,24994.75,24983.25,24988.25
1775734260,24988,24994.25,24987,24991.5
1775734320,24992.25,24998,24990.25,24992.75
1775734380,24993,24997.5,24989.25,24996
1775734440,24996.5,25000,24992.5,24999.5
1775734500,24999.75,25001.25,24993,24994
1775734560,24994.25,24994.25,24990,24991
1775734620,24991,24997.75,24990.75,24995.25
1775734680,24995.5,25004,24994,25001
1775734740,25001,25016.75,25000,25016
1775734800,25016,25036,25015.25,25028.75
1775734860,25029,25035.25,25020.5,25021
1775734920,25020.75,25024.5,25018.5,25020.5
1775734980,25020.25,25021.25,25012.25,25019.25
1775735040,25019,25028.25,25016.5,25025.25
1775735100,25025,25028.25,25021.25,25024.25
1775735160,25024,25028.75,25023,25024.5
1775735220,25024.25,25038.25,25023.75,25037
1775735280,25037,25037.75,25029,25029.5
1775735340,25029.25,25030.5,25026.25,25027.5
1775735400,25027.75,25033,25027.5,25031.25
1775735460,25031.5,25031.75,25023.25,25027.25
1775735520,25027.5,25030.75,25025.5,25027.5
1775735580,25026.25,25027,25022.25,25025
1775735640,25025.5,25032,25023.25,25027.25
1775735700,25027.25,25030.75,25027.25,25030.75
1775735760,25031,25031.5,25024.75,25025
1775735820,25025.5,25031.5,25025,25031.25
1775735880,25031.5,25035.75,25029,25032.5
1775735940,25032.5,25035,25029.5,25030.25
1775736000,25030.25,25039.75,25030,25036.75
1775736060,25036.25,25037.25,25033.5,25036.75
1775736120,25037,25042.5,25036.25,25038.5
1775736180,25039,25041,25035.5,25037.25
1775736240,25038.25,25038.5,25032.75,25033
1775736300,25033.25,25039,25033,25033.75
1775736360,25033.25,25038.5,25032.25,25038.25
1775736420,25038.25,25042.75,25035.75,25042
1775736480,25042,25045.75,25039.75,25043.5
1775736540,25044,25046.75,25042,25046
1775736600,25046.25,25051.25,25045.5,25049.75
1775736660,25049.5,25049.75,25043.75,25044.5
1775736720,25044.25,25048,25038.75,25039
1775736780,25039.75,25042.75,25037.25,25040.5
1775736840,25039.75,25040.5,25033.5,25034.25
1775736900,25034.5,25038.5,25033.5,25037.25
1775736960,25037.25,25038,25030.25,25033.75
1775737020,25033.25,25034.75,25032.25,25034.5
1775737080,25034,25041,25033,25040
1775737140,25040,25044.75,25036.25,25039.25
1775737200,25039.75,25041,25036,25039.75
1775737260,25039.5,25039.5,25030.75,25033
1775737320,25033.75,25036,25027.25,25028.25
1775737380,25028.5,25032,25026.75,25029.5
1775737440,25029,25034.75,25027.75,25034
1775737500,25033.25,25039.5,25031.5,25036.75
1775737560,25036.75,25038,25032,25034.25
1775737620,25033.5,25034.75,25031.25,25032.5
1775737680,25032.5,25035.75,25029.75,25030.25
1775737740,25030.75,25054,25030,25034.25
1775737800,25034.25,25046.5,25033.5,25035.25
1775737860,25034.75,25037.75,25014.25,25022
1775737920,25022.75,25029.25,25018.75,25024.75
1775737980,25024,25035,25024,25025.75
1775738040,25025.25,25029,25025,25026
1775738100,25026.25,25031,25022.5,25028.25
1775738160,25028.5,25042.25,25028.5,25034.25
1775738220,25033.75,25036,25031.5,25034.5
1775738280,25034.75,25041.75,25024.75,25027
1775738340,25027,25031.5,25025.25,25029.75
1775738400,25029.5,25032.5,25025.5,25030.75
1775738460,25030.25,25064.5,25026,25036
1775738520,25036,25054.25,25031.5,25046
1775738580,25045.75,25048.25,25038.75,25041.25
1775738640,25040.75,25042.75,25034.25,25038.75
1775738700,25039,25045,25037.25,25042.5
1775738760,25042.75,25049,25039,25045
1775738820,25045.25,25045.25,25024.25,25035
1775738880,25035,25041,25031.75,25034.25
1775738940,25034.5,25044.5,25034.25,25037.75
1775739000,25038.25,25042.25,25034.25,25037
1775739060,25036.75,25040,25031.75,25032.5
1775739120,25032.5,25032.5,25027.5,25032
1775739180,25031.25,25031.5,25024.75,25028.75
1775739240,25028.5,25028.75,25022.5,25026
1775739300,25026.25,25033,25026.25,25027.75
1775739360,25027.75,25032.5,25024,25024.75
1775739420,25025.5,25034,25024.75,25032.25
1775739480,25032.75,25033.5,25030,25030
1775739540,25030.25,25031.25,25024.75,25028.75
1775739600,25029.25,25049,25028.75,25038.25
1775739660,25038,25038,25029.5,25030.75
1775739720,25031,25036.25,25026.25,25026.75
1775739780,25026.75,25033.25,25026.5,25032.5
1775739840,25032.5,25045,25030.5,25043.75
1775739900,25044.5,25050,25041.75,25042.25
1775739960,25042.25,25042.75,25034.5,25038.25
1775740020,25037.75,25043,25035.25,25035.75
1775740080,25036,25039.75,25032.5,25036
1775740140,25036,25039,25032,25033
1775740200,25033.75,25036.25,25030.25,25035.25
1775740260,25035,25042.75,25032.5,25042.75
1775740320,25042.25,25047,25037.5,25045.75
1775740380,25045.75,25047.5,25042.5,25043
1775740440,25043.5,25045.5,25042.5,25044.5
1775740500,25044.5,25049.75,25042.75,25047
1775740560,25046.75,25047.5,25038,25042.75
1775740620,25042,25046.25,25039,25045.25
1775740680,25046,25049.5,25043.25,25046.25
1775740740,25046,25047.75,25041.75,25042
1775740800,25041.25,25047,25037.75,25047
1775740860,25047,25049,25045,25046.75
1775740920,25046,25047.25,25041.75,25042.75
1775740980,25043,25043.75,25038,25038.25
1775741040,25037.75,25045.75,25037,25044
1775741100,25044.5,25054.5,25041,25054
1775741160,25054,25062.25,25050.75,25052
1775741220,25052,25057.5,25046,25055.25
1775741280,25055.5,25074.5,25055.5,25070.25
1775741340,25071,25084.25,25068.5,25080.5
1775741400,25081,25107,25069,25075.75
1775741460,25076,25089,25055,25086.75
1775741520,25086,25091,25047.5,25048.5
1775741580,25048,25057.25,25036.25,25049.5
1775741640,25050,25051.75,25019,25027.75
1775741700,25027.5,25043.75,25021.25,25028.25
1775741760,25028.5,25062,25023.25,25055.75
1775741820,25056,25068.75,25048.25,25050.25
1775741880,25050,25067.5,25043.5,25060.25
1775741940,25060.5,25073.5,25054.75,25062.5
1775742000,25061.75,25063,25042.5,25054
1775742060,25054,25077.75,25052.75,25074.5
1775742120,25075,25087.5,25066,25085.75
1775742180,25085.75,25112.75,25082.75,25102.5
1775742240,25102.5,25102.75,25090.25,25100.25
1775742300,25100.25,25109.75,25085.75,25096.5
1775742360,25096.25,25101.5,25087.25,25093
1775742420,25092.5,25092.5,25072,25074
1775742480,25073.5,25080,25061,25077.5
1775742540,25076.75,25084.75,25069.75,25075.5
1775742600,25075.5,25075.5,25050.5,25051.75
1775742660,25051,25054.5,25027.75,25036.75
1775742720,25036.75,25046.25,25029.25,25030.5
1775742780,25030.25,25037.5,25015,25027
1775742840,25026.25,25036.5,25018,25020
1775742900,25020.5,25028,25012.25,25022
1775742960,25022,25023.25,25005.5,25016.5
1775743020,25016.75,25040.75,25016,25035.75
1775743080,25035.75,25039.5,25022.5,25026.25
1775743140,25026.5,25036,25023.5,25033.25
1775743200,25033.25,25036.5,25013.5,25019.5
1775743260,25019.5,25023.75,25008.5,25023
1775743320,25022.5,25028,25015,25022.75
1775743380,25022,25033.5,25010.25,25033.25
1775743440,25033,25044.25,25029,25034.75
1775743500,25034.5,25057,25032.75,25048
1775743560,25048,25049,25027.5,25030.25
1775743620,25030.25,25036,25021.75,25024.5
1775743680,25024.25,25033.5,25018.25,25031.5
1775743740,25031.25,25036.75,25014.5,25016
1775743800,25015.5,25024.75,25002,25015
1775743860,25014.75,25019,25000.75,25017
1775743920,25017.75,25048.75,25016.25,25039.75
1775743980,25039.75,25044,25018.5,25018.5
1775744040,25018.25,25019.5,25009,25012.25
1775744100,25012.25,25013.5,24996,24996.5
1775744160,24996.5,25004.5,24985.5,24995.5
1775744220,24995.25,25003.5,24988,24989
1775744280,24989.5,24993.5,24980,24981.25
1775744340,24981,24988.75,24975.75,24988.5
1775744400,24989,24999.25,24981.75,24995.25
1775744460,24994.75,25001,24983.75,24991.5
1775744520,24990.75,24992,24980.75,24990
1775744580,24990.5,25007.25,24989.25,25001.5
1775744640,25001.75,25008.5,24994,24998.5
1775744700,24997.5,24998.5,24980,24984.5
1775744760,24984,24987,24968,24973
1775744820,24973,24976.5,24963.75,24970.25
1775744880,24969.75,24980,24964,24974.75
1775744940,24974,24984.5,24965.5,24982.5
1775745000,24981.75,24989.25,24971.25,24978.25
1775745060,24978.5,24979.5,24966.75,24971.25
1775745120,24971.25,24975.75,24966,24968
1775745180,24967.75,24977.25,24962,24969.75
1775745240,24969.75,24978.25,24965.25,24976
1775745300,24977,24980.25,24969,24976.75
1775745360,24976.25,24976.75,24960.25,24961.5
1775745420,24961.75,24984.5,24960.5,24981
1775745480,24981,24982.5,24968.5,24969.5
1775745540,24969.75,24987.75,24968.75,24984.5
1775745600,24984,24996.5,24978,24985
1775745660,24985,24988.75,24977.25,24979.5
1775745720,24979.5,24986.75,24977,24986.75
1775745780,24986.75,24997.75,24984.75,24990.25
1775745840,24989.75,24992,24982.25,24986.5
1775745900,24986,25012.5,24983.75,25009.75
1775745960,25009.5,25010.5,24997,25002.75
1775746020,25002.5,25010.75,25001.25,25004.5
1775746080,25004.25,25017.5,25004.25,25010
1775746140,25009.75,25014.25,25003.5,25010.75
1775746200,25010,25026,25006.75,25018.25
1775746260,25018.5,25030.25,25015,25017.25
1775746320,25017.5,25027,25017.5,25027
1775746380,25026.5,25038,25024.25,25038
1775746440,25037.5,25038,25032,25035.75
1775746500,25035.5,25053.75,25029,25046.25
1775746560,25046.75,25047,25030.25,25031
1775746620,25031,25032.25,25023.5,25029.5
1775746680,25029.75,25040,25027.75,25039.25
1775746740,25039,25042,25032,25040.5
1775746800,25041,25044.5,25031.25,25042.75
1775746860,25042.75,25042.75,25031.5,25036.25
1775746920,25036.75,25042,25026,25035.75
1775746980,25035.5,25041,25027.25,25028
1775747040,25028.25,25031,25016.25,25030.75
1775747100,25031,25035,25024.25,25033.5
1775747160,25033.5,25036,25027,25028
1775747220,25027.5,25033.5,25022,25022.5
1775747280,25022.75,25027.75,25013.5,25025.5
1775747340,25025.25,25033.5,25024,25026
1775747400,25025.75,25040.5,25025,25037.5
1775747460,25036.75,25039.75,25030.25,25035
1775747520,25034.75,25063.25,25032,25056
1775747580,25056,25069.75,25051.75,25065
1775747640,25065.5,25078.75,25061.75,25072.75
1775747700,25072.5,25094.5,25072,25092.25
1775747760,25092,25095.5,25080.25,25082
1775747820,25082,25088.5,25075.25,25088
1775747880,25088,25093.75,25081.25,25093
1775747940,25093,25102.25,25090.25,25098.5
1775748000,25099,25107.75,25090.5,25091.5
1775748060,25091.5,25098.5,25078.5,25083.25
1775748120,25082.5,25092.75,25078,25090
1775748180,25089.5,25091.75,25080.5,25082.25
1775748240,25081.75,25090.75,25079.25,25089
1775748300,25089.5,25089.75,25078.75,25085.25
1775748360,25084.75,25085.75,25074,25074.75
1775748420,25075,25075.5,25056,25058
1775748480,25058.25,25064.5,25052.75,25061.75
1775748540,25062.25,25062.25,25056.25,25058.25
1775748600,25058.25,25066.5,25048.5,25064
1775748660,25064.25,25070.25,25060.75,25067.5
1775748720,25067.5,25144.25,25065,25126.25
1775748780,25126,25154.75,25115.25,25135.75
1775748840,25135.5,25135.75,25111.5,25122.25
1775748900,25121.75,25135.25,25119.75,25124.25
1775748960,25123.25,25143.75,25119.5,25134.75
1775749020,25134.75,25140.75,25121.5,25128.75
1775749080,25128.5,25129.5,25089.5,25096
1775749140,25096.75,25114.75,25094.25,25109.5
1775749200,25109.75,25135.25,25108.5,25127.5
1775749260,25127.25,25138.5,25120.25,25136
1775749320,25136.5,25140.75,25128.25,25133.75
1775749380,25133.5,25143,25131,25137.25
1775749440,25136.5,25138.25,25120.75,25125.5
1775749500,25126.25,25128.75,25108,25127.5
1775749560,25127,25141,25126.5,25137.75
1775749620,25137.5,25158.25,25136.5,25156.75
1775749680,25156.75,25178.25,25156,25172.5
1775749740,25173,25173.25,25151.75,25151.75
1775749800,25151.75,25158.25,25145,25153
1775749860,25152.5,25160.5,25150.25,25157.25
1775749920,25157.25,25171,25156.25,25168
1775749980,25168,25177.5,25164,25172.5
1775750040,25172.25,25177.75,25168.25,25176.75
1775750100,25176.25,25196.75,25175,25193.75
1775750160,25193.5,25197.25,25187.25,25191
1775750220,25190.75,25190.75,25179.75,25181
1775750280,25181,25190.75,25178.25,25189.25
1775750340,25189,25191,25183.25,25189.75
1775750400,25189,25199.25,25188.75,25197.75
1775750460,25197.75,25223.5,25196.5,25218.5
1775750520,25218,25241.25,25217,25235
1775750580,25234.75,25264.5,25232,25255.5
1775750640,25255.75,25255.75,25233.25,25237
1775750700,25236.5,25237.5,25225.25,25225.5
1775750760,25225.75,25229.25,25217.5,25222.25
1775750820,25223.25,25238,25222.75,25233.5
1775750880,25233.25,25247.75,25230.5,25246.5
1775750940,25246.75,25249.25,25225.25,25225.75
1775751000,25226.25,25238.5,25223,25237.75
1775751060,25237.75,25241.5,25227,25231.25
1775751120,25230.5,25239.75,25228,25229
1775751180,25229,25237.25,25216.25,25219
1775751240,25219,25219.25,25208,25209
1775751300,25209,25216.75,25204,25214.5
1775751360,25214.75,25236.5,25214.5,25235.5
1775751420,25235.5,25241.25,25229.25,25232.75
1775751480,25233.25,25240,25229.75,25234
1775751540,25233.25,25243.25,25231.25,25238
1775751600,25238.25,25242.75,25228.75,25230
1775751660,25230.75,25231.25,25215.5,25220.25
1775751720,25220.5,25227.75,25219.25,25222.25
1775751780,25221.5,25228.25,25217,25217.75
1775751840,25217.75,25223.5,25215,25216
1775751900,25215.75,25221.5,25207.25,25218.25
1775751960,25218.25,25219,25210,25214.25
1775752020,25214,25222,25213.25,25219.5
1775752080,25220,25221.75,25211.25,25218.75
1775752140,25219.5,25224.75,25213,25216
1775752200,25216.25,25220.25,25206.5,25214.5
1775752260,25214.25,25219.5,25212,25214.5
1775752320,25215.5,25216,25202,25203.5
1775752380,25203,25203.5,25194.5,25202
1775752440,25202.25,25206.5,25199,25201.25
1775752500,25201,25202.5,25192.25,25197.75
1775752560,25197.25,25199.5,25188,25194.25
1775752620,25194.5,25201,25191.5,25200
1775752680,25200.25,25201.75,25183,25189
1775752740,25188.5,25188.75,25174.75,25186
1775752800,25185.5,25187,25175.75,25178.25
1775752860,25179,25182,25168,25170.5
1775752920,25170,25187.25,25169.5,25184.75
1775752980,25184.25,25187.25,25177,25183.75
1775753040,25183.5,25186,25179.25,25181.5
1775753100,25181,25181,25170,25173.25
1775753160,25172.75,25180.25,25169.75,25171.75
1775753220,25172,25175,25161.25,25172.5
1775753280,25173,25173,25164.5,25167
1775753340,25166.75,25173.25,25166,25169.5
1775753400,25169.5,25188.25,25169.5,25184.75
1775753460,25184.25,25203.25,25183,25200.25
1775753520,25200,25212.5,25198.75,25204
1775753580,25204.5,25206.5,25199.5,25204.25
1775753640,25204.5,25207.5,25199.25,25203.5
1775753700,25203.75,25207,25195.75,25197.25
1775753760,25197.25,25201,25188.75,25194.5
1775753820,25194.5,25199.5,25192.5,25192.5
1775753880,25193,25198,25190,25196
1775753940,25195.75,25197.5,25192.25,25196.75
1775754000,25196.75,25203.75,25180.5,25196.75
1775754060,25196.5,25205.5,25195.5,25197.5
1775754120,25197.75,25200,25187.5,25194.25
1775754180,25194.25,25206.25,25193.75,25206
1775754240,25206,25209.75,25202.75,25208.25
1775754300,25208.75,25209.75,25200.75,25201.5
1775754360,25202,25221.75,25201.75,25221.25
1775754420,25221.25,25226.5,25215.5,25221.5
1775754480,25221.75,25231.25,25220.75,25230.25
1775754540,25230.25,25235.75,25223.75,25224.75
1775754600,25224.75,25227.75,25218.25,25226.25
1775754660,25226.75,25237.75,25225.5,25236.75
1775754720,25236.75,25236.75,25230,25233.25
1775754780,25233.25,25241.75,25228,25229.5
1775754840,25229.75,25230.5,25221,25227.5
1775754900,25228,25242.75,25224.25,25237.25
1775754960,25237.5,25241.75,25233,25237.5
1775755020,25237.5,25245.5,25236.25,25244
1775755080,25244,25245.5,25238,25242.75
1775755140,25243.25,25253.25,25240.5,25243
1775755200,25243,25248.25,25239.5,25239.5
1775755260,25239.5,25241.75,25232.75,25238
1775755320,25238.25,25239.25,25230,25233.5
1775755380,25233.75,25239.75,25229.5,25237.75
1775755440,25238,25238,25230.25,25233
1775755500,25233.25,25237,25226,25233.5
1775755560,25233.75,25234.25,25222,25224.75
1775755620,25224.75,25228.75,25221.75,25226.5
1775755680,25226.75,25234.25,25225.5,25232
1775755740,25232.25,25232.75,25221.25,25223.5
1775755800,25224,25224,25199,25204.75
1775755860,25204.25,25205.75,25190.75,25197.75
1775755920,25198,25220.25,25198,25213.5
1775755980,25214,25218.5,25212.5,25214
1775756040,25214.25,25217.25,25211,25213.75
1775756100,25213,25230.25,25212.25,25226.75
1775756160,25226.5,25233.75,25223.5,25230.75
1775756220,25230.25,25240.5,25229.25,25236.5
1775756280,25236.75,25254.75,25235.25,25252.5
1775756340,25252.5,25254.25,25245.75,25250
1775756400,25250.25,25256.75,25246,25252.25
1775756460,25252.5,25252.75,25244,25248
1775756520,25248.25,25248.25,25236,25242.25
1775756580,25242.25,25246.5,25239.25,25242.25
1775756640,25242.25,25242.75,25227,25234.5
1775756700,25234.75,25241.5,25234.5,25236.25
1775756760,25236,25239,25232.5,25234.5
1775756820,25234.5,25236.75,25232.5,25234.25
1775756880,25234.75,25241,25227.5,25238.5
1775756940,25239,25245,25237.75,25239.75
1775757000,25239.5,25240,25227,25228.25
1775757060,25229,25229,25217.25,25220.25
1775757120,25220.5,25228.5,25218.75,25223.75
1775757180,25224.25,25234.25,25223.25,25226.25
1775757240,25226.5,25231,25225.75,25228.5
1775757300,25228.5,25228.75,25220,25221.75
1775757360,25222,25227.25,25220,25220.5
1775757420,25220.5,25225.25,25217.75,25220.75
1775757480,25221,25225.25,25220.25,25223
1775757540,25223,25227,25221.75,25226.5
1775757600,25226.75,25231.5,25221.25,25222.25
1775757660,25222.5,25224.75,25209.75,25212.75
1775757720,25212.25,25217.5,25193,25194
1775757780,25194.25,25203.5,25176.75,25178.25
1775757840,25178.5,25181,25150.25,25165.5
1775757900,25165.5,25187,25165,25183.75
1775757960,25184.75,25192.5,25177,25183.75
1775758020,25183.75,25186.5,25174.25,25178.25
1775758080,25178.75,25182.25,25171,25174
1775758140,25173.75,25185.25,25166.25,25184
1775758200,25183.25,25192,25179,25182.75
1775758260,25182.5,25187,25174.25,25178.75
1775758320,25178,25179.75,25168.5,25173
1775758380,25172.25,25176.25,25167.25,25168
1775758440,25168.5,25178,25163.5,25177.25
1775758500,25176.5,25180,25170,25171.25
1775758560,25171.5,25180.25,25168.25,25178.5
1775758620,25178.25,25189.75,25178.25,25185
1775758680,25184.5,25193,25178.25,25179.25
1775758740,25179,25181,25173,25178.25
1775758800,25178.5,25186,25177.75,25181.5
1775758860,25181.75,25184.25,25170,25171.25
1775758920,25172.25,25172.75,25163.75,25165.5
1775758980,25166.25,25168,25152,25154
1775759040,25154.25,25163.75,25151,25157
1775759100,25157.5,25167.5,25147.25,25156.5
1775759160,25156.25,25168.5,25153.75,25159.25
1775759220,25159,25163.5,25155.5,25162.5
1775759280,25162.5,25173.25,25161.25,25164.75
1775759340,25163.75,25165.5,25158.25,25162.5
1775759400,25162.25,25171.5,25154.25,25154.75
1775759460,25155.5,25160.5,25153.25,25160
1775759520,25159.25,25168.5,25154.25,25159.5
1775759580,25159.25,25159.75,25145,25154
1775759640,25154,25156.25,25149,25154.25
1775759700,25153.75,25167.5,25151.25,25163
1775759760,25162.75,25165.75,25156,25157
1775759820,25157,25167.25,25155.75,25166
1775759880,25166.5,25172.75,25165.75,25167
1775759940,25166.75,25191.5,25166.75,25187
1775760000,25187.25,25188.5,25177,25179
1775760060,25178.5,25183.75,25174.5,25181.75
1775760120,25180.5,25191.75,25179,25185.25
1775760180,25185,25185.5,25166.25,25169
1775760240,25168.5,25172.5,25162.75,25171.5
1775760300,25171.5,25180.5,25166.5,25179.25
1775760360,25179.25,25183.5,25175.25,25176.25
1775760420,25176,25184,25171.5,25180.75
1775760480,25180.75,25182.5,25176.5,25177.75
1775760540,25177.5,25182.5,25172.75,25182
1775760600,25182.25,25184.75,25171.75,25173.25
1775760660,25173.25,25175,25161.75,25165.5
1775760720,25165.5,25171,25163,25164.5
1775760780,25164,25178,25163,25169.25
1775760840,25169.75,25177.5,25165,25177.5
1775760900,25177.5,25184.75,25176.25,25180.5
1775760960,25180.75,25184.5,25178.25,25183.5
1775761020,25183.25,25184.25,25176.25,25177.5
1775761080,25177.5,25189.75,25176.5,25185.75
1775761140,25186.25,25189.75,25178.75,25179.75
1775761200,25180.25,25184.25,25175.5,25183.5
1775761260,25184.25,25198.75,25182.5,25196.5
1775761320,25196.5,25213.25,25194.25,25204.5
1775761380,25204.25,25205,25200,25204.75
1775761440,25204.5,25207.5,25202.75,25206.25
1775761500,25206.25,25206.25,25197.25,25202.75
1775761560,25203.25,25206.25,25194,25195.25
1775761620,25195.5,25204,25192,25203
1775761680,25202.5,25208.75,25201,25208.25
1775761740,25208,25221,25207.5,25220
1775761800,25220,25228.5,25217.25,25225.25
1775761860,25225.75,25226.5,25222.75,25223.25
1775761920,25223.25,25230.5,25223,25229
1775761980,25228.75,25229.25,25225,25225.5
1775762040,25225.5,25225.5,25218.25,25220.75
1775762100,25220.75,25229,25220.25,25222
1775762160,25222.5,25226.5,25217.5,25219.5
1775762220,25220,25222,25212,25216
1775762280,25216,25218,25205.5,25210.25
1775762340,25210.75,25213,25206.75,25209.5
1775762400,25209.75,25216,25207.75,25211.75
1775762460,25211.75,25213.5,25206.75,25209.25
1775762520,25209,25214.25,25203.5,25210.25
1775762580,25210.25,25216.75,25208,25212.25
1775762640,25212,25218.75,25210.25,25216
1775762700,25216,25225.75,25215.75,25222.75
1775762760,25222.25,25226,25218,25225.75
1775762820,25225.75,25226.5,25220,25224.75
1775762880,25224.5,25227.75,25220.5,25224.25
1775762940,25223.75,25226.75,25216.75,25222.75
1775763000,25222.5,25238.25,25220.5,25235.75
1775763060,25235.75,25244.5,25235.5,25244.25
1775763120,25243.75,25253.75,25243.5,25249.5
1775763180,25249.25,25254.75,25243,25244.5
1775763240,25244.25,25245,25239.75,25243.5
1775763300,25243.25,25245.5,25237.25,25240
1775763360,25239.25,25243.5,25235.25,25241
1775763420,25241,25249,25240.25,25247.5
1775763480,25247.75,25254,25247.25,25248
1775763540,25248.25,25249,25241.75,25244.25
1775763600,25244.5,25245.75,25236.5,25244.25
1775763660,25244.25,25246,25231.75,25237.75
1775763720,25237.25,25243.25,25233.5,25242.5
1775763780,25242.75,25247.5,25240.25,25242.25
1775763840,25242.5,25249,25242,25247.25
1775763900,25246.75,25249.75,25240.75,25243.25
1775763960,25243.25,25251.5,25239.75,25251
1775764020,25250.75,25258.25,25250.75,25256.25
1775764080,25256.5,25258,25247.25,25253.75
1775764140,25253.75,25253.75,25243.75,25247.5
1775764200,25246.75,25268.5,25244.5,25262.25
1775764260,25262.25,25263,25255,25257.5
1775764320,25257.75,25273.25,25255.25,25268
1775764380,25268.25,25268.75,25253.5,25255
1775764440,25254.75,25267,25249,25264
1775764500,25264,25265.5,25242.75,25247.5
1775764560,25247.75,25253.5,25241.75,25249
1775764620,25249,25250.75,25245.25,25246
1775764680,25246.5,25251.75,25244.5,25249
1775764740,25249,25256,25247.5,25248.75
1775764800,25248.75,25254.5,25240,25242.25
1775764860,25242,25245.25,25237.75,25243.25
1775764920,25243.25,25244.25,25235.5,25238.5
1775764980,25238.25,25238.25,25229,25233.25
1775765040,25233.5,25234,25230.25,25231
1775765100,25231.25,25231.25,25222.25,25225.5
1775765160,25225,25228,25219.5,25224.75
1775765220,25224.75,25226.25,25220.75,25224
1775765280,25224.5,25232.5,25221,25231.25
1775765340,25231.5,25238.75,25231.5,25234.25
1775765400,25234.5,25241.5,25233.5,25240
1775765460,25240,25240,25233.5,25237.75
1775765520,25237.25,25240,25236,25237.25
1775765580,25236.5,25243,25236.5,25237
1775765640,25237,25237.75,25234.25,25236.25
1775765700,25236,25237,25231.5,25233.75
1775765760,25234.25,25234.75,25230.75,25232.75
1775765820,25232.75,25236,25231.75,25234
1775765880,25233.5,25235,25232.75,25234.25
1775765940,25233.75,25236.5,25229.5,25230.5
1775766000,25230,25233.5,25230,25231.75
1775766060,25230.75,25234,25230.75,25233
1775766120,25232.75,25235.5,25230.5,25235.5
1775766180,25235.25,25239,25234.75,25236.5
1775766240,25236.25,25242.5,25233.5,25239.5
1775766300,25240,25242.75,25237.5,25238.5
1775766360,25238.5,25239.75,25237,25237.75
1775766420,25238.25,25239.5,25236.25,25238
1775766480,25238,25240.5,25237.5,25239.75
1775766540,25240.25,25240.5,25238.5,25240
1775766600,25240.25,25244,25239.5,25242
1775766660,25242,25251,25242,25248.75
1775766720,25249,25251.75,25248,25248.75
1775766780,25249.25,25253,25248.5,25252.25
1775766840,25252.5,25252.75,25248.5,25250.25
1775766900,25249.75,25252.5,25249.25,25250.5
1775766960,25251,25257,25248.75,25249.5
1775767020,25250,25251.5,25249.25,25250.25
1775767080,25250,25250.75,25247.75,25250.75
1775767140,25250.5,25251.25,25248,25250
1775767200,25249.5,25253.25,25249.25,25251.5
1775767260,25251.5,25254.25,25248.75,25250.25
1775767320,25250.5,25253,25249.5,25251.25
1775767380,25251.25,25251.5,25248.25,25249
1775767440,25249,25251.25,25247,25251.25
1775767500,25250,25252.5,25249.5,25251.25
1775767560,25251.25,25251.25,25248.25,25250
1775767620,25249.75,25251,25248,25249.5
1775767680,25249,25250,25245,25245.5
1775767740,25245.5,25247.75,25244.25,25247
1775767800,25246.5,25248.5,25244.25,25245.25
1775767860,25246,25249,25245.25,25246.25
1775767920,25246.5,25247,25242.5,25242.5
1775767980,25243.25,25244,25241.75,25242.25
1775768040,25242.75,25248,25242.5,25245.5
1775768100,25245.75,25247.25,25244,25245.5
1775768160,25245,25246,25244.5,25245.5
1775768220,25246,25246.25,25243.5,25246
1775768280,25245.75,25247,25235.25,25236
1775768340,25236.5,25246.25,25235.75,25242.25
1775772000,25242.25,25244,25222,25234.5
1775772060,25233.25,25237.5,25225.5,25229.25
1775772120,25229.5,25235.25,25227.25,25235.25
1775772180,25234.25,25249.25,25233.75,25246.75
1775772240,25246,25250.25,25245.75,25248
1775772300,25249,25250.5,25240,25245.75
1775772360,25244.75,25254.5,25244.5,25249
1775772420,25248.25,25248.25,25238.75,25241.75
1775772480,25242,25243.75,25240.25,25241.25
1775772540,25241.5,25250,25240.75,25250
1775772600,25249.25,25251.25,25246,25247.5
1775772660,25248,25254,25246.25,25250
1775772720,25250.5,25252.5,25247.5,25249.25
1775772780,25248.25,25249.5,25247.75,25249.5
1775772840,25250,25252.75,25249.25,25252.75
1775772900,25252.25,25252.5,25245.5,25245.5
1775772960,25246,25248,25244,25247
1775773020,25247.25,25253.25,25246,25251
1775773080,25250.5,25253,25249.75,25251
1775773140,25251.5,25251.75,25245,25248.75
1775773200,25247.75,25249.75,25243.5,25245.25
1775773260,25245,25250,25244.5,25248.25
1775773320,25248.5,25251.75,25248,25250.5
1775773380,25251,25252,25246.75,25248.25
1775773440,25248.25,25248.25,25245.25,25246
1775773500,25245.5,25245.5,25238.75,25242.25
1775773560,25242.75,25246.75,25242.75,25245.75
1775773620,25245.75,25247,25245.25,25245.25
1775773680,25245.75,25249.5,25242,25247.5
1775773740,25248.25,25252.25,25213.75,25217.5
1775773800,25216.75,25233,25216,25226.25
1775773860,25225.75,25227.25,25218.75,25223.75
1775773920,25224,25224,25218.5,25220.25
1775773980,25220.25,25231.5,25212.75,25230
1775774040,25229,25230.25,25222.25,25223.5
1775774100,25223.75,25228.5,25221.5,25224.25
1775774160,25224.5,25227.75,25222.5,25226.25
1775774220,25226.25,25231.5,25225.5,25228
1775774280,25228,25230.25,25226.75,25230
1775774340,25230.25,25230.25,25223,25224.5
1775774400,25223.75,25233,25222.5,25230.75
1775774460,25230.5,25232,25227,25229.25
1775774520,25229.75,25229.75,25224.25,25225
1775774580,25225,25227.5,25223.75,25227
1775774640,25227.25,25228.25,25224,25224.25
1775774700,25225,25225,25220.25,25222.25
1775774760,25222.5,25223.75,25219.5,25222
1775774820,25221.25,25224.5,25216,25218.25
1775774880,25218.5,25221.5,25213.75,25217
1775774940,25216.25,25224.25,25215.5,25222.5
1775775000,25223.25,25223.5,25219.25,25221
1775775060,25221.5,25221.5,25219.5,25220
1775775120,25219.5,25220.5,25214.75,25216.25
1775775180,25217.25,25221.75,25215.75,25218.75
1775775240,25218.25,25219,25214,25218
1775775300,25217.5,25218.5,25205.5,25206.5
1775775360,25205.75,25210.25,25204,25206.25
1775775420,25205.75,25207.5,25203.25,25206.25
1775775480,25206,25208.25,25204.5,25205.75
1775775540,25204.75,25209.25,25204.5,25207.75
1775775600,25207.75,25210.5,25201.5,25203.5
1775775660,25204.25,25204.75,25201.5,25202.75
1775775720,25202,25204.25,25194.75,25195.5
1775775780,25196.25,25199.25,25193.25,25198.75
1775775840,25198.75,25201.5,25194,25200
1775775900,25199.25,25201.5,25197.5,25200
1775775960,25200,25203.5,25199.75,25202
1775776020,25202.75,25207.25,25201.75,25206.25
1775776080,25207,25211.75,25206.5,25211
1775776140,25211,25214,25207.5,25212.25
1775776200,25212.75,25212.75,25208.25,25208.5
1775776260,25209,25211.5,25207.5,25209
1775776320,25209.25,25210,25207.5,25208.75
1775776380,25208.75,25213.75,25208.5,25212.25
1775776440,25212.75,25213.25,25211.5,25212.25
1775776500,25212.75,25214.75,25211.75,25213.25
1775776560,25214,25214.75,25208.25,25208.5
1775776620,25209,25211,25207.25,25211
1775776680,25210.5,25215.25,25210.5,25213
1775776740,25213,25213,25209.25,25210
1775776800,25209.5,25212,25208,25208.75
1775776860,25208,25210.25,25207.25,25209.25
1775776920,25209,25209.75,25206,25207.75
1775776980,25208.25,25211,25206.5,25210.5
1775777040,25211,25211,25206.75,25208.25
1775777100,25208.25,25212.5,25207.5,25210
1775777160,25209.5,25210.5,25208.75,25208.75
1775777220,25209.5,25210.25,25208.75,25209.25
1775777280,25209.5,25210.75,25209,25210.75
1775777340,25211,25211.25,25208.75,25210.25
1775777400,25210,25211.25,25208,25208.75
1775777460,25208.75,25220,25208.75,25214.25
1775777520,25214.25,25214.75,25210.25,25212.25
1775777580,25211.25,25211.75,25209,25209.25
1775777640,25211,25217.5,25210.25,25214.75
1775777700,25214,25215.25,25212,25214.25
1775777760,25213.75,25215,25212.25,25214.75
1775777820,25215.25,25215.25,25212.25,25212.25
1775777880,25213,25213,25210,25210.5
1775777940,25211.25,25211.25,25208,25208.5
1775778000,25209.25,25212.25,25208.25,25212.25
1775778060,25212.75,25213.5,25209.25,25209.75
1775778120,25209.75,25213.25,25209.5,25212.25
1775778180,25213,25215,25212.75,25213.5
1775778240,25214.25,25214.5,25212.75,25213.5
1775778300,25214.25,25216.5,25210.75,25215.75
1775778360,25215,25222.75,25213.75,25219.75
1775778420,25219.25,25231,25219,25229
1775778480,25228.5,25236,25225.75,25228.5
1775778540,25227.75,25231.75,25226,25230
1775778600,25229.25,25232.5,25225.75,25231
1775778660,25230.5,25231.75,25227.25,25228.25
1775778720,25228,25229.25,25225,25225.5
1775778780,25226,25229.5,25225.75,25228.75
1775778840,25228.25,25233.25,25227.25,25232.25
1775778900,25231.75,25232.75,25227.5,25229.75
1775778960,25230,25233.75,25228.5,25231.75
1775779020,25230.75,25232.5,25229,25229.75
1775779080,25229.25,25230.25,25218.75,25223
1775779140,25222.75,25227.25,25221.5,25224
1775779200,25224.5,25225,25214,25217
1775779260,25217.25,25221.75,25213.5,25216.75
1775779320,25216,25221.5,25211,25218
1775779380,25217.5,25220.5,25213.5,25214.75
1775779440,25214,25214.75,25207.5,25212
1775779500,25211.75,25220.5,25210.5,25220.25
1775779560,25220.5,25224,25212.75,25217.75
1775779620,25217.25,25217.25,25207.5,25209.25
1775779680,25208.75,25212.25,25205.25,25210.5
1775779740,25211.25,25216,25209.25,25214.75
1775779800,25215,25216.5,25211.5,25212.5
1775779860,25213,25215.5,25211,25212.25
1775779920,25212,25214,25207.25,25208.5
1775779980,25209,25213.25,25209,25211.25
1775780040,25213.25,25215.5,25210.75,25214.25
1775780100,25213.25,25219.75,25210.75,25212.5
1775780160,25213.25,25213.25,25207.5,25210.75
1775780220,25211.25,25217.25,25210,25216
1775780280,25217,25217.5,25212.75,25215
1775780340,25214.5,25225.75,25214.25,25223
1775780400,25224,25234.75,25223.75,25230.25
1775780460,25230.25,25231.25,25223,25224.75
1775780520,25224.25,25227.75,25222.5,25227.75
1775780580,25227.25,25231.75,25227,25230.5
1775780640,25231,25231.25,25224.5,25225.5
1775780700,25225,25231.5,25224,25228.5
1775780760,25228.5,25231.75,25227,25227
1775780820,25228,25232.5,25226.5,25232
1775780880,25232,25235.25,25230.75,25233.25
1775780940,25233,25237,25230,25234.25
1775781000,25234.25,25235.25,25231.5,25233.25
1775781060,25233.25,25239,25231.25,25235.75
1775781120,25235.75,25238.75,25233,25236.5
1775781180,25236,25241.5,25234.75,25239
1775781240,25239,25239,25234.25,25237.25
1775781300,25237.75,25247.25,25237.75,25243.5
1775781360,25244.5,25248,25242.5,25246.25
1775781420,25246.25,25251,25246,25251
1775781480,25251,25252.75,25244.75,25247.5
1775781540,25247,25248.25,25245,25247.25
1775781600,25247,25251.5,25246.5,25250.25
1775781660,25249.75,25250,25245.5,25247.25
1775781720,25247,25248,25246,25247.5
1775781780,25247.25,25248.75,25244,25247.5
1775781840,25247.75,25248.5,25245.25,25246.75
1775781900,25246.25,25248,25244.5,25245.75
1775781960,25245,25246.25,25242.75,25244
1775782020,25244.25,25244.75,25241.5,25244.75
1775782080,25244.75,25245,25242,25243.75
1775782140,25243,25248.25,25242.5,25248.25
1775782200,25248,25251.25,25246.75,25248.5
1775782260,25248.75,25256,25246.75,25254
1775782320,25253.25,25255.75,25252.25,25253
1775782380,25253,25253,25245,25246
1775782440,25246.25,25248.75,25246,25247.75
1775782500,25248,25249.5,25245,25246.5
1775782560,25246.5,25247.5,25242.75,25244.25
1775782620,25244,25251,25242,25250.25
1775782680,25250.25,25260.75,25249.75,25258.75
1775782740,25258.5,25278,25255.75,25270.75
1775782800,25270.5,25272.25,25262,25268
1775782860,25267.5,25268.25,25258.25,25258.75
1775782920,25258.75,25266,25258.75,25263.25
1775782980,25263.5,25268.5,25261.75,25268.25
1775783040,25267.5,25270.5,25262.25,25263.75
1775783100,25264.25,25266,25261,25263.75
1775783160,25263.75,25266,25260.25,25265.5
1775783220,25266,25267.75,25264.25,25264.25
1775783280,25264.25,25267,25260.5,25265
1775783340,25264.75,25268,25264,25266.5
1775783400,25266,25267,25259,25260
1775783460,25260,25260.5,25257.25,25259.5
1775783520,25259,25262.25,25258.5,25261.25
1775783580,25261,25262,25258.25,25261.75
1775783640,25261.25,25261.25,25258.25,25258.5
1775783700,25258.5,25260.25,25256,25259.25
1775783760,25258.25,25263.25,25255.5,25262.5
1775783820,25261.75,25265,25260.5,25262
1775783880,25261.5,25264.25,25260.75,25262.75
1775783940,25263.25,25265,25262,25262
1775784000,25263,25263.75,25259.75,25261
1775784060,25260.75,25267,25260.75,25265.75
1775784120,25266,25269,25261.25,25263.5
1775784180,25264,25269,25263.25,25268
1775784240,25268,25268.5,25264.25,25265.25
1775784300,25265.25,25270.75,25265.25,25268.75
1775784360,25268,25271.75,25267.25,25268.25
1775784420,25268.25,25275,25267.25,25272.25
1775784480,25272.25,25277,25271.75,25273.5
1775784540,25273.25,25280.25,25273,25278.75
1775784600,25278.25,25289,25275.25,25279.75
1775784660,25279,25284,25277.5,25282
1775784720,25282,25298,25281.5,25292.75
1775784780,25292.25,25296,25289.25,25293
1775784840,25293,25294.5,25290.5,25293.25
1775784900,25293.25,25298,25291.25,25297
1775784960,25297.5,25298.75,25292.5,25293
1775785020,25292.75,25294.25,25290.75,25294
1775785080,25294.25,25295.25,25292,25295.25
1775785140,25295,25295,25291.25,25292
1775785200,25292.5,25295.25,25290.75,25294.5
1775785260,25294.5,25295.25,25288.75,25289.5
1775785320,25289.5,25291.25,25288.25,25291
1775785380,25290.25,25294.25,25287.25,25292.75
1775785440,25291.75,25297.25,25291.25,25292.5
1775785500,25291.75,25292.75,25286.5,25289.75
1775785560,25289.25,25290.75,25286,25288
1775785620,25287.5,25293,25286.5,25292
1775785680,25292.5,25295.25,25291.75,25292
1775785740,25293,25297.25,25291.5,25295.25
1775785800,25295,25295,25288.75,25290
1775785860,25289.5,25292.25,25289,25291
1775785920,25291.25,25291.5,25287.25,25287.25
1775785980,25287.75,25291.5,25287.5,25289.25
1775786040,25289,25291.75,25284.75,25291.5
1775786100,25291.5,25292,25288,25288
1775786160,25288.25,25290.25,25287.5,25288.75
1775786220,25288.75,25289,25283.25,25285
1775786280,25285,25287.75,25284,25285.5
1775786340,25286,25287.25,25284.5,25284.5
1775786400,25285,25289,25283.75,25287
1775786460,25286.5,25290,25284.25,25290
1775786520,25289.25,25290.5,25278.75,25280.25
1775786580,25280,25280.5,25275.75,25279.25
1775786640,25279.25,25280,25268.25,25269.5
1775786700,25268.75,25276.75,25268.5,25275.75
1775786760,25276,25279,25273.5,25277.5
1775786820,25277.25,25280.5,25276.5,25279
1775786880,25279,25279.5,25276.25,25278.5
1775786940,25278.5,25282,25277,25279.75
1775787000,25279.5,25280,25276.75,25276.75
1775787060,25277.5,25278.75,25276.5,25277.25
1775787120,25276.75,25276.75,25271,25272.75
1775787180,25271.5,25274.5,25271.25,25271.75
1775787240,25272.25,25274,25269.5,25272.75
1775787300,25273.25,25274,25269.75,25271.25
1775787360,25270.75,25271.5,25264.75,25265.5
1775787420,25265.5,25267,25264,25265.25
1775787480,25264.75,25266.25,25260.5,25261.5
1775787540,25261.5,25265,25258.5,25261
1775787600,25260.5,25262.75,25257.25,25257.75
1775787660,25257.5,25259.25,25253.75,25253.75
1775787720,25254.25,25262.75,25253.75,25260.5
1775787780,25260.25,25266.5,25259.75,25264
1775787840,25263.5,25265,25261.25,25265
1775787900,25265.25,25268,25263.75,25265.25
1775787960,25264.75,25266,25262.75,25265.5
1775788020,25265.25,25266.5,25262.25,25262.25
1775788080,25262.5,25263.25,25260,25260.75
1775788140,25261.25,25264.25,25261,25261.5
1775788200,25262.25,25263.75,25260.25,25260.5
1775788260,25260.5,25262.25,25260.25,25261.75
1775788320,25261.25,25269.5,25261.25,25266.25
1775788380,25266.25,25271,25265,25270
1775788440,25269.75,25271,25268,25268.75
1775788500,25269,25269.25,25266.75,25267.25
1775788560,25267.5,25268.75,25266.5,25267.25
1775788620,25267,25267.25,25264,25266.25
1775788680,25266.5,25270.75,25266.5,25269.25
1775788740,25269.5,25271.5,25269.25,25271
1775788800,25270.75,25271,25268,25269.25
1775788860,25270,25274.75,25270,25272.75
1775788920,25272.5,25273.5,25270.5,25272.25
1775788980,25272.5,25276.5,25270.75,25276.25
1775789040,25276,25280.25,25271.75,25273.75
1775789100,25273.25,25275.25,25271.5,25275.25
1775789160,25275.25,25277.25,25274.5,25275.5
1775789220,25274.75,25275,25271.5,25272
1775789280,25272.5,25274.5,25272.25,25273.5
1775789340,25273.25,25274.5,25272.25,25272.75
1775789400,25272.5,25274,25271.5,25273.5
1775789460,25273.75,25277,25273,25277
1775789520,25277.5,25278,25275.75,25276.25
1775789580,25276.75,25277.25,25274.5,25276.25
1775789640,25275.75,25276,25273.5,25274
1775789700,25273.5,25275.5,25272.25,25274
1775789760,25274,25274.5,25272.5,25273.5
1775789820,25273.25,25275.5,25273,25274
1775789880,25274.75,25275,25272.5,25273.5
1775789940,25273.25,25276,25273,25274
1775790000,25274,25276.75,25273.5,25276.25
1775790060,25275.75,25277.75,25275,25275.75
1775790120,25275.5,25277.75,25274.75,25276.5
1775790180,25277,25279.5,25276.5,25278.75
1775790240,25279.5,25282.25,25279.25,25280
1775790300,25280.25,25281.25,25278.5,25280.75
1775790360,25281,25282,25277.25,25280.5
1775790420,25280.75,25283.75,25278,25283
1775790480,25283.25,25287.75,25282,25283.5
1775790540,25283.5,25284.75,25280.75,25282.75
1775790600,25281.25,25283,25280.5,25282.25
1775790660,25283,25283.25,25280.5,25282.75
1775790720,25282.75,25285.5,25281.75,25284.25
1775790780,25284.5,25287.25,25283.75,25285.75
1775790840,25285,25287.5,25284,25286.75
1775790900,25287,25287,25285,25285
1775790960,25285,25287.75,25284.5,25284.75
1775791020,25284.25,25286.5,25283.25,25283.5
1775791080,25284,25284.75,25282.5,25283.5
1775791140,25283.25,25285.75,25283,25285.75
1775791200,25285,25285.5,25284.25,25284.25
1775791260,25284.25,25286.25,25283.75,25285.25
1775791320,25285,25285,25283.25,25283.5
1775791380,25283.25,25283.75,25281.5,25283.25
1775791440,25283.75,25285,25283.5,25283.5
1775791500,25283.25,25284,25277,25279
1775791560,25278.5,25279.25,25275.5,25277.25
1775791620,25277.25,25278.25,25272.25,25273.5
1775791680,25273.75,25274.25,25272,25272.25
1775791740,25273,25275,25267.75,25272.5
1775791800,25272.25,25279.5,25271.75,25276.75
1775791860,25277.75,25281.75,25277.25,25280.75
1775791920,25280,25283.5,25279.75,25282.75
1775791980,25282.75,25290.75,25281.25,25290
1775792040,25289.5,25293.75,25286.5,25287.25
1775792100,25287.75,25289.25,25284.5,25287.75
1775792160,25288.5,25291.25,25286.25,25290.75
1775792220,25291.25,25296.75,25290.25,25295
1775792280,25295,25295.25,25289.75,25292
1775792340,25292,25304,25291.25,25292.5
1775792400,25292,25295.25,25290,25293.75
1775792460,25294,25296.5,25291.75,25294.5
1775792520,25293.75,25294.25,25289.5,25290.5
1775792580,25290.25,25292.75,25289,25291.75
1775792640,25292.25,25293,25290,25291.25
1775792700,25291.75,25297.5,25290.75,25293
1775792760,25293.75,25294.75,25292,25294.75
1775792820,25294.5,25295.5,25293.5,25295
1775792880,25294.5,25294.75,25290,25290.5
1775792940,25291.25,25291.25,25287.25,25291.25
1775793000,25290.75,25291.5,25284,25285.25
1775793060,25286,25288.5,25285.5,25288.5
1775793120,25288.25,25291.5,25288,25288
1775793180,25288,25291,25287.5,25290
1775793240,25290.25,25293.75,25289.5,25293
1775793300,25292.75,25294.75,25291.75,25294.75
1775793360,25294.5,25294.5,25291.25,25292.75
1775793420,25292.25,25293.75,25292.25,25293.5
1775793480,25293.5,25293.75,25290.75,25291.75
1775793540,25291.25,25292,25289.5,25291.5
1775793600,25291.25,25293.5,25290.25,25292.75
1775793660,25293,25293,25288.75,25290
1775793720,25290.25,25292,25289.25,25289.25
1775793780,25289.25,25290.75,25288.5,25290.5
1775793840,25290.5,25291.75,25289,25291.5
1775793900,25290.25,25290.25,25284.25,25284.25
1775793960,25284.25,25284.5,25277.25,25278
1775794020,25277.5,25280.5,25275.5,25278.5
1775794080,25278,25282,25277.5,25279.75
1775794140,25279.5,25281.25,25279.5,25280.75
1775794200,25281.25,25282.5,25280,25280.5
1775794260,25280.75,25281.75,25278.25,25279
1775794320,25279,25283.5,25278.75,25281.75
1775794380,25281.25,25282,25277.25,25278
1775794440,25277.75,25280.5,25277.25,25278.75
1775794500,25279.25,25281,25278.75,25278.75
1775794560,25278.75,25281.25,25278.25,25280.25
1775794620,25279.75,25282,25278.5,25279.25
1775794680,25279,25281,25278.25,25280.25
1775794740,25280.25,25281.75,25277.75,25280.25
1775794800,25280.75,25282.5,25279.25,25281
1775794860,25280.75,25281.5,25279.5,25280.75
1775794920,25279.5,25281.5,25278.75,25279.75
1775794980,25279.5,25279.75,25276,25276.5
1775795040,25276.75,25277.5,25273.75,25275.25
1775795100,25275.5,25276.75,25274.25,25276.25
1775795160,25275.75,25277.75,25274,25277.5
1775795220,25276.5,25279.25,25275.5,25276.75
1775795280,25277,25279,25276.5,25277.5
1775795340,25277.75,25278,25276.75,25277.75
1775795400,25277,25280.5,25276.75,25278.5
1775795460,25278.75,25279.5,25276.75,25277
1775795520,25277,25278,25276,25277
1775795580,25276.75,25279,25276.75,25277.5
1775795640,25277.75,25279,25276.25,25277.5
1775795700,25277,25277,25272.5,25273.5
1775795760,25273.25,25274.25,25272.75,25273.5
1775795820,25273.5,25275.25,25271.75,25274
1775795880,25274.25,25274.75,25273,25273.75
1775795940,25273.5,25275,25272.25,25273
1775796000,25273.5,25277,25273.25,25273.25
1775796060,25273,25273.5,25264.5,25265.5
1775796120,25266.5,25271.5,25266.5,25269.5
1775796180,25269.5,25271.5,25267.5,25271.25
1775796240,25271.5,25273,25270,25271.25
1775796300,25271.25,25271.25,25268.75,25269.25
1775796360,25269,25270,25268.25,25268.5
1775796420,25268,25270,25268,25270
1775796480,25269.25,25269.75,25268,25269.75
1775796540,25269.5,25270,25267.5,25268.5
1775796600,25269,25270.5,25268.5,25270.25
1775796660,25270.5,25273.75,25270,25270.5
1775796720,25270.75,25273,25270.25,25273
1775796780,25273.75,25274.25,25271.75,25272.5
1775796840,25272.75,25273.25,25271.5,25272.25
1775796900,25272,25272,25269.75,25271
1775796960,25270.75,25270.75,25268.5,25270
1775797020,25269.5,25270.5,25267.5,25270.5
1775797080,25270,25271.25,25269.25,25270.25
1775797140,25269.75,25270,25266.75,25269.25
1775797200,25269.5,25276.75,25269.5,25274.75
1775797260,25275,25283,25275,25280.25
1775797320,25280.25,25285.75,25277.75,25282.25
1775797380,25281.75,25283,25280,25280.5
1775797440,25280,25283.75,25280,25283
1775797500,25283.75,25285,25279,25279.25
1775797560,25279.5,25282.75,25278,25281
1775797620,25280,25282.25,25278.75,25279.25
1775797680,25279.5,25281.25,25278.25,25280.25
1775797740,25278.75,25280.75,25278.5,25279.75
1775797800,25280.25,25282.25,25279.75,25280.5
1775797860,25280.25,25280.25,25275.5,25276.25
1775797920,25276.25,25278,25276.25,25278
1775797980,25277.5,25278.75,25277,25277.5
1775798040,25277.5,25279.5,25276.25,25278
1775798100,25276.75,25276.75,25274,25275.5
1775798160,25276,25278.25,25275.25,25276
1775798220,25275,25277.25,25272.25,25276
1775798280,25276.25,25276.75,25274.25,25275.25
1775798340,25275,25276.75,25274,25276.75
1775798400,25276.75,25282.5,25276.25,25281.25
1775798460,25280.75,25281.5,25278.25,25278.25
1775798520,25278.5,25280,25278,25279.75
1775798580,25280,25281.25,25278.75,25278.75
1775798640,25279,25280,25277.5,25279
1775798700,25279.5,25281,25279.25,25280.75
1775798760,25280.25,25281.25,25278.5,25279
1775798820,25278.5,25280,25277,25277.25
1775798880,25277.5,25278.5,25277,25278
1775798940,25278.25,25278.5,25268.25,25269.25
1775799000,25269.75,25274.75,25266,25270.75
1775799060,25270.5,25271.75,25267.5,25270.75
1775799120,25270,25276.75,25269.5,25274
1775799180,25273.75,25274,25269.25,25272.25
1775799240,25272,25274.25,25272,25274.25
1775799300,25274.25,25275.5,25272.25,25273
1775799360,25272.5,25275.25,25271,25275
1775799420,25275.25,25278.25,25274.5,25278.25
1775799480,25277.75,25277.75,25271.25,25273.75
1775799540,25274.25,25277,25273.5,25275.25
1775799600,25275.5,25276.5,25274.5,25275.75
1775799660,25275.25,25276.25,25274.25,25275
1775799720,25274.5,25274.5,25269.25,25271
1775799780,25271,25272,25268.5,25269
1775799840,25269.25,25270,25267.5,25267.75
1775799900,25268.5,25271,25268.5,25270.5
1775799960,25270.75,25272.5,25267.75,25271.5
1775800020,25271,25273.25,25270.5,25271.25
1775800080,25271.5,25272.75,25270.5,25270.75
1775800140,25271.5,25272,25269.5,25270.5
1775800200,25270.75,25271.5,25268.5,25270.75
1775800260,25271.25,25272,25269.25,25270.25
1775800320,25271,25272,25270,25270
1775800380,25269.75,25269.75,25260.75,25264.25
1775800440,25265.25,25266.25,25262.25,25264.5
1775800500,25264.5,25264.5,25261.5,25262.5
1775800560,25262.25,25262.75,25259.5,25261.75
1775800620,25261.5,25262.75,25260.5,25262
1775800680,25262.75,25262.75,25260.75,25261.75
1775800740,25261.75,25262.75,25261,25262.25
1775800800,25261.75,25264.75,25261,25264.5
1775800860,25264.5,25268,25261.75,25264.75
1775800920,25265,25266.25,25256,25259.75
1775800980,25259,25260.25,25255.25,25257
1775801040,25257.5,25258.25,25254.75,25256.75
1775801100,25257,25260,25255,25256
1775801160,25256.75,25258.5,25253,25255.75
1775801220,25256,25259.75,25255,25257.75
1775801280,25257.75,25261.75,25257.5,25260.25
1775801340,25260.5,25261.25,25256.5,25256.5
1775801400,25256.25,25257.5,25252.25,25256
1775801460,25256.5,25256.5,25251,25253
1775801520,25253.25,25253.25,25246.75,25249.5
1775801580,25250,25251.5,25247,25250.5
1775801640,25250,25251,25248.5,25250
1775801700,25249.5,25251.25,25247,25249
1775801760,25249.25,25250,25246,25247
1775801820,25246.5,25248,25245,25245.75
1775801880,25245.25,25245.25,25238.25,25240.5
1775801940,25240.75,25241.5,25235.75,25239.75
1775802000,25239.5,25242.5,25238.25,25240.5
1775802060,25240,25242.75,25239.25,25240.5
1775802120,25240.5,25244,25240,25242
1775802180,25242,25243.5,25240.75,25241.5
1775802240,25240.75,25246.5,25239.25,25241.75
1775802300,25242,25242.5,25239.75,25242.5
1775802360,25242.25,25244.75,25237.75,25238.75
1775802420,25238.5,25239.25,25235.75,25238.5
1775802480,25238.25,25240,25237.75,25238.25
1775802540,25238.5,25240,25236.75,25238
1775802600,25238.25,25241.5,25238,25239.75
1775802660,25239.75,25242.25,25239.25,25240.25
1775802720,25239.75,25240.25,25232.75,25237.5
1775802780,25237.5,25242.25,25236.25,25237.75
1775802840,25238,25240.75,25236.5,25239.75
1775802900,25239.25,25242.75,25239.25,25241
1775802960,25240.75,25241.5,25233.75,25234.25
1775803020,25234.25,25235,25230.25,25231
1775803080,25231.5,25232.25,25227,25228.75
1775803140,25228.5,25232,25228.25,25230.25
1775803200,25229.75,25229.75,25222,25225.5
1775803260,25225.75,25229,25223.75,25225.25
1775803320,25225.75,25231,25225.75,25230.5
1775803380,25230.75,25232,25228,25229.5
1775803440,25229,25231,25227.25,25231
1775803500,25230.75,25235,25230.5,25234
1775803560,25234,25235.75,25232.75,25234.25
1775803620,25234.5,25236.75,25233.25,25234.5
1775803680,25234.5,25235,25231.25,25231.25
1775803740,25231.75,25231.75,25227,25227
1775803800,25227.25,25227.25,25222.25,25224
1775803860,25224,25226.5,25220,25225.75
1775803920,25226,25229.5,25225,25226.25
1775803980,25226.25,25231.5,25226.25,25230.75
1775804040,25230.75,25234,25228.25,25228.75
1775804100,25229.25,25232,25227.25,25230.75
1775804160,25230.75,25231,25226,25228
1775804220,25227,25230.25,25226.5,25229.75
1775804280,25230.25,25231,25228.75,25229
1775804340,25229.25,25232,25228,25228.75
1775804400,25228.75,25235.75,25225.75,25234.5
1775804460,25233.75,25234,25229.25,25230
1775804520,25230.5,25232.5,25227,25228.25
1775804580,25228,25235.75,25227.75,25232
1775804640,25231.25,25235,25230.5,25233.75
1775804700,25234.25,25238.25,25232.5,25236.25
1775804760,25236,25238.25,25234.75,25236.75
1775804820,25236.75,25238.25,25235.25,25237.75
1775804880,25238.25,25241.5,25238,25240.5
1775804940,25239.75,25244.5,25239.25,25243.75
1775805000,25243.5,25245.75,25239.75,25242
1775805060,25241.5,25242,25236.25,25239
1775805120,25238.5,25243.75,25237.5,25241
1775805180,25241.25,25241.25,25234.75,25235.5
1775805240,25234.75,25236,25227.5,25233.25
1775805300,25233.5,25235.25,25223.25,25229
1775805360,25230,25234.5,25228,25232
1775805420,25232.75,25233,25228,25232
1775805480,25231.75,25235.75,25229.75,25231.5
1775805540,25231.25,25231.75,25227,25228.25
1775805600,25229.25,25231.75,25228.75,25229.75
1775805660,25230,25233.75,25230,25230.75
1775805720,25230.75,25237.25,25228.75,25234.75
1775805780,25234.75,25241.25,25233,25239.5
1775805840,25239.25,25240,25237,25238.75
1775805900,25239,25244.25,25237,25243.25
1775805960,25243,25244.25,25239.5,25241.25
1775806020,25241.25,25244,25239.75,25242.25
1775806080,25243.5,25247.75,25242.75,25245.25
1775806140,25245,25246,25242.75,25245.75
1775806200,25246.25,25251.5,25244.5,25247
1775806260,25246.25,25249.25,25244,25248.5
1775806320,25248,25248.75,25245.25,25248.25
1775806380,25249.25,25249.25,25245.25,25247.75
1775806440,25247.5,25250.25,25246.25,25250
1775806500,25249.25,25250.25,25246.75,25247
1775806560,25247.5,25250.75,25245.5,25250.5
1775806620,25250.75,25254.75,25247.5,25249
1775806680,25248.75,25252.75,25247.5,25252.25
1775806740,25252.25,25253.5,25249.5,25250.25
1775806800,25250,25252.25,25238,25241.5
1775806860,25241.25,25244.25,25235.5,25239.5
1775806920,25239.5,25241,25237,25239.25
1775806980,25238,25241,25236,25236
1775807040,25236.5,25239,25232,25235.5
1775807100,25235.5,25237.25,25230,25232.25
1775807160,25232,25234.25,25231.5,25232.5
1775807220,25232.25,25234.75,25229.5,25232.5
1775807280,25232.5,25234,25228.25,25229.25
1775807340,25229.5,25232.75,25228.75,25232.75
1775807400,25232.25,25243.5,25230.25,25242
1775807460,25242,25245.5,25239.5,25243.25
1775807520,25243.75,25247.5,25243,25246.25
1775807580,25245.5,25248,25243.75,25247.25
1775807640,25248,25252.25,25244.25,25245.25
1775807700,25245.25,25249.25,25244.75,25248
1775807760,25248.75,25250.75,25245.25,25246.25
1775807820,25245.75,25247.25,25243.5,25247.25
1775807880,25247.25,25247.75,25240.75,25242.25
1775807940,25242.75,25243,25237.5,25242.5
1775808000,25243,25244,25234.5,25239.25
1775808060,25238.25,25242.75,25238.25,25241
1775808120,25240.5,25243.5,25237.5,25242.75
1775808180,25243,25243.5,25230.5,25230.75
1775808240,25230.25,25233,25228,25228.5
1775808300,25228.75,25230.75,25220.5,25222.5
1775808360,25222.75,25227,25222.25,25225.75
1775808420,25226,25230.25,25224.5,25226.25
1775808480,25227.5,25228.5,25226,25228.25
1775808540,25228.75,25231.5,25227.75,25229.5
1775808600,25229.25,25229.75,25225.5,25229.75
1775808660,25229.25,25230.5,25223.75,25225.75
1775808720,25225.25,25227,25220.25,25222.75
1775808780,25223.25,25228.25,25220.25,25222.25
1775808840,25222,25222,25213.25,25216.75
1775808900,25217.5,25218.25,25212.75,25214
1775808960,25214,25215.75,25207.75,25210.25
1775809020,25209.5,25212.5,25205.5,25207.75
1775809080,25208,25209.75,25203.25,25207.25
1775809140,25206.5,25213.75,25205.75,25213
1775809200,25212.5,25220,25212.5,25216.75
1775809260,25216.5,25217.75,25214,25216
1775809320,25215,25217,25214,25216
1775809380,25215.75,25217.25,25211.75,25215.25
1775809440,25215.25,25219.75,25215.25,25219.5
1775809500,25220,25229,25219.75,25227.25
1775809560,25226.75,25228.5,25224.75,25227
1775809620,25227.25,25227.75,25224.5,25227.75
1775809680,25227.75,25231.75,25227.25,25229.5
1775809740,25230,25231,25227.75,25227.75
1775809800,25227.5,25229,25222.5,25229
1775809860,25228.75,25232.5,25227.5,25228.25
1775809920,25228.5,25230.25,25225,25229.5
1775809980,25229.5,25231.75,25228,25229.75
1775810040,25230.25,25230.25,25224.75,25227
1775810100,25228,25228,25222.25,25225
1775810160,25224.75,25225.75,25222,25222
1775810220,25222.75,25224,25220.5,25223.5
1775810280,25223.25,25227.75,25222.75,25226.5
1775810340,25227,25227.5,25223,25225
1775810400,25225.25,25228,25225,25225.75
1775810460,25226,25230.25,25224.5,25230.25
1775810520,25229.5,25236,25227.5,25232.75
1775810580,25233,25234.75,25232,25233
1775810640,25232.5,25235.25,25230.75,25232.5
1775810700,25232,25232,25227,25229.25
1775810760,25231.5,25232.25,25227.5,25227.75
1775810820,25227.75,25227.75,25219,25221.25
1775810880,25220.5,25224.5,25214.25,25215
1775810940,25214.25,25220.75,25212,25218.5
1775811000,25218,25220.75,25213.5,25213.5
1775811060,25213.75,25215.5,25209.5,25212
1775811120,25211.75,25215.5,25209.5,25210.5
1775811180,25209.75,25210.75,25203.25,25208.75
1775811240,25208.75,25209.75,25205.25,25206.75
1775811300,25206.25,25210,25203.75,25205.25
1775811360,25205.75,25208.75,25203.25,25207.75
1775811420,25207.25,25210,25206,25207.75
1775811480,25207.75,25211.5,25207.5,25209.5
1775811540,25209.25,25210.25,25207,25209
1775811600,25209.75,25214.5,25209.75,25214.25
1775811660,25213.5,25216.25,25212.25,25215.25
1775811720,25214.75,25217.25,25213.75,25215.5
1775811780,25215.5,25219.5,25214.5,25218.75
1775811840,25219.25,25220.5,25216,25219
1775811900,25218.25,25219.75,25213,25217
1775811960,25217.25,25217.5,25211.5,25213.5
1775812020,25213.25,25213.75,25210,25210.25
1775812080,25210.25,25214.25,25208.5,25213
1775812140,25213.5,25213.75,25206.5,25206.5
1775812200,25206.25,25210.5,25206,25209.75
1775812260,25210,25215,25210,25213
1775812320,25213.25,25214.25,25209.5,25213
1775812380,25213.25,25214.75,25211,25212
1775812440,25212,25213.25,25211,25211.5
1775812500,25212.5,25214,25211.5,25213.75
1775812560,25214,25218.5,25213.5,25213.75
1775812620,25213.25,25215,25211,25214
1775812680,25214.25,25253.75,25214.25,25234.75
1775812740,25235.25,25275,25226.75,25266.25
1775812800,25265.75,25268.75,25231.5,25236.75
1775812860,25237.25,25249.5,25236.25,25241.5
1775812920,25242,25246.25,25237.25,25237.75
1775812980,25237.25,25243.5,25233.25,25241
1775813040,25241,25243,25223,25229.75
1775813100,25229.75,25235.75,25229.75,25232.25
1775813160,25232,25235.75,25226.25,25235.25
1775813220,25235.25,25237,25231.75,25232.5
1775813280,25232.5,25238.25,25232,25236.25
1775813340,25236.25,25239,25234.5,25237.75
1775813400,25238,25242.25,25235.75,25241
1775813460,25241,25241.5,25234.25,25235.5
1775813520,25235.25,25236.25,25221.25,25225.75
1775813580,25226.25,25229,25222,25227
1775813640,25226.75,25233.5,25224.5,25231.25
1775813700,25231.5,25239.25,25230.75,25239.25
1775813760,25239,25241,25228.5,25228.5
1775813820,25229,25232,25227,25228.75
1775813880,25229.25,25233.25,25225.5,25231.75
1775813940,25232,25233,25225.25,25226.75
1775814000,25227,25233,25225.75,25232.75
1775814060,25233.25,25236.25,25231.25,25235.5
1775814120,25235.5,25236.75,25232.75,25233.75
1775814180,25233.5,25236.75,25232,25235.75
1775814240,25235.25,25238.5,25234,25237.5
1775814300,25236.75,25241.5,25234.5,25239.5
1775814360,25239.75,25243.5,25238.5,25241.75
1775814420,25242.25,25242.75,25238.25,25239.5
1775814480,25239.5,25241.25,25236.75,25236.75
1775814540,25237.75,25242.5,25235,25241.25
1775814600,25242.5,25244.5,25239,25241
1775814660,25240.75,25245,25240.5,25244
1775814720,25243.5,25254,25242.25,25252.75
1775814780,25252,25258.75,25249.5,25256.75
1775814840,25256.25,25259.75,25254.5,25256.75
1775814900,25256.25,25258.5,25252,25256.25
1775814960,25255.5,25259,25254.25,25256.75
1775815020,25256.25,25260.75,25255,25259
1775815080,25259,25262.25,25256.75,25258
1775815140,25258,25261,25255.25,25258.75
1775815200,25259,25265.25,25258.25,25263.5
1775815260,25262.75,25268.25,25258.75,25259.5
1775815320,25260.25,25260.75,25254.5,25256
1775815380,25256,25260.5,25253.75,25258.25
1775815440,25257.75,25257.75,25252,25252.25
1775815500,25252.5,25253,25248.5,25250
1775815560,25250.25,25250.75,25240.25,25243.75
1775815620,25244,25250,25243.5,25247
1775815680,25246.5,25251.5,25246,25248
1775815740,25248.5,25251.75,25247.75,25251.75
1775815800,25252,25252,25246,25247.5
1775815860,25247.75,25249.75,25247,25247.75
1775815920,25247.75,25251,25245.25,25251
1775815980,25251,25252.5,25249,25249.25
1775816040,25249.5,25249.75,25244.5,25244.75
1775816100,25244.5,25247.25,25243.5,25247.25
1775816160,25247.25,25250.25,25245.75,25249.25
1775816220,25249.75,25251.75,25247.75,25248.25
1775816280,25248.5,25257.5,25248.5,25256.5
1775816340,25257,25262.25,25257,25262.25
1775816400,25262.25,25263,25259.25,25261
1775816460,25261,25264.75,25260.75,25260.75
1775816520,25260.75,25265,25260.75,25265
1775816580,25264,25272.5,25263,25267.5
1775816640,25267.25,25273.75,25266.75,25269
1775816700,25269.75,25278.75,25269,25277.25
1775816760,25277,25281.5,25274,25275.25
1775816820,25275.5,25276,25270.5,25273.5
1775816880,25272.75,25275,25270.75,25273.25
1775816940,25272.5,25274.25,25269.5,25270.75
1775817000,25270.75,25272.75,25255.5,25260.5
1775817060,25260,25265,25259.5,25262.75
1775817120,25262.75,25266,25260.25,25264.25
1775817180,25264.75,25267.25,25263.5,25264
1775817240,25263.5,25265.25,25260.75,25264
1775817300,25264.75,25264.75,25258,25258.5
1775817360,25258.25,25262.25,25256.75,25260.25
1775817420,25260,25263.5,25259.5,25261.25
1775817480,25260.75,25261.75,25257.25,25258.25
1775817540,25257.75,25262.25,25257.75,25261.75
1775817600,25262,25269.25,25261.25,25268.5
1775817660,25268.5,25273.5,25268,25273.25
1775817720,25272.5,25274.25,25271.25,25272.5
1775817780,25271.75,25273.25,25266.5,25268.5
1775817840,25267.75,25268.5,25266,25266
1775817900,25266,25269.5,25264.5,25264.5
1775817960,25265,25269.5,25264.75,25268
1775818020,25267,25268.75,25264.75,25268.75
1775818080,25268.25,25268.75,25265.5,25267.25
1775818140,25267.25,25271.5,25265.75,25268.5
1775818200,25269.25,25272,25266.75,25272
1775818260,25272.5,25276.5,25271.5,25274
1775818320,25274.5,25277,25273.25,25274.5
1775818380,25274.5,25278,25271.5,25277.75
1775818440,25278,25282,25276.25,25276.75
1775818500,25276.75,25283.75,25274.5,25279.75
1775818560,25279.75,25279.75,25275.75,25277.5
1775818620,25277.75,25278.5,25275.75,25277
1775818680,25277.5,25278.75,25275.75,25278.25
1775818740,25277.75,25277.75,25269.25,25271.5
1775818800,25272.25,25277.5,25271.25,25276.75
1775818860,25276.75,25290,25276.75,25287.25
1775818920,25288,25288.5,25282,25286.25
1775818980,25285.75,25289,25282.25,25286.5
1775819040,25286.75,25293.25,25286.25,25291
1775819100,25290.5,25292,25286.5,25291.25
1775819160,25290.5,25291.25,25279.5,25283
1775819220,25283,25286.75,25281,25282.75
1775819280,25282.5,25285.5,25278.75,25280
1775819340,25280,25281.75,25275.5,25277.5
1775819400,25277.75,25280.25,25275.5,25278
1775819460,25278,25279.5,25273.5,25275.25
1775819520,25275.25,25276.5,25270,25274.25
1775819580,25274.25,25280.75,25273,25279.25
1775819640,25279.5,25283.25,25278.25,25283
1775819700,25282.5,25286.25,25280.75,25285
1775819760,25284.75,25285,25279.75,25282
1775819820,25281.25,25283.75,25280.5,25282.25
1775819880,25282,25287,25281.5,25281.5
1775819940,25281.25,25288.25,25280.25,25285
1775820000,25285.25,25288.75,25284.5,25288
1775820060,25287.75,25294.25,25286.5,25291.5
1775820120,25292,25295,25290.25,25294.5
1775820180,25294.75,25299.25,25293.25,25295.25
1775820240,25295.75,25297,25292.25,25293.75
1775820300,25294.25,25294.25,25289.25,25291.5
1775820360,25291.5,25294.5,25291.5,25291.5
1775820420,25292,25292.5,25289.5,25290.75
1775820480,25290.75,25292.5,25289.5,25290.5
1775820540,25291,25293.5,25289.75,25291
1775820600,25291.25,25300.25,25291,25298.75
1775820660,25298.75,25301.5,25296.25,25298.75
1775820720,25298.5,25300,25293.75,25296
1775820780,25296,25297.75,25294.25,25296
1775820840,25295.25,25296.75,25292.5,25293.5
1775820900,25293.25,25294.25,25288.5,25289
1775820960,25288.75,25294,25288,25290.25
1775821020,25290,25294,25289,25289.25
1775821080,25289.5,25291,25287.25,25289
1775821140,25289,25290.75,25287.25,25289
1775821200,25289,25290,25285,25285
1775821260,25286,25287.25,25280.75,25281.75
1775821320,25282,25283.25,25279.25,25283.25
1775821380,25282.75,25283.5,25279.25,25283
1775821440,25282.5,25283,25279.75,25281.5
1775821500,25281.25,25282,25278.25,25281.75
1775821560,25281.5,25285.75,25279.25,25281.25
1775821620,25280.75,25284.25,25280.25,25283.25
1775821680,25283.25,25289.25,25282.25,25286.5
1775821740,25286.5,25286.5,25283.25,25283.25
1775821800,25283.5,25288.25,25283.5,25286
1775821860,25286.75,25287.75,25278.25,25278.75
1775821920,25278.75,25280.25,25274.5,25277.25
1775821980,25277,25279.25,25273.75,25275
1775822040,25275,25284.25,25274.25,25280.25
1775822100,25280.75,25282.5,25276,25277.75
1775822160,25277.75,25277.75,25266,25266.25
1775822220,25267.5,25270.5,25264.75,25265.75
1775822280,25265.25,25267.5,25261,25266.25
1775822340,25266.75,25272,25266.75,25268
1775822400,25269,25272,25266.5,25269.75
1775822460,25270.75,25277.25,25270.75,25274.25
1775822520,25275.25,25281,25274,25278.75
1775822580,25279,25280.5,25273.75,25275
1775822640,25275.5,25275.75,25272.5,25272.75
1775822700,25273.5,25275.75,25268,25268.25
1775822760,25268.5,25272,25263.25,25269.5
1775822820,25269.5,25279.75,25269.25,25277.75
1775822880,25277.25,25281.5,25273,25279.25
1775822940,25279.25,25279.75,25276.75,25278
1775823000,25278,25283,25277,25281.25
1775823060,25281,25281.5,25273.5,25277.25
1775823120,25277.25,25280.75,25275.25,25278.5
1775823180,25278,25280.25,25275.25,25279.25
1775823240,25279.5,25281.5,25277.75,25281.25
1775823300,25281.25,25285.25,25279.5,25280.25
1775823360,25281,25281.5,25276.25,25279.75
1775823420,25279.25,25282.25,25277,25277.75
1775823480,25278.25,25292.25,25273.5,25289
1775823540,25289,25296.75,25288.5,25289
1775823600,25289,25289.5,25282.5,25283.5
1775823660,25283.25,25287.75,25281.5,25282
1775823720,25282.5,25284,25278,25282
1775823780,25281.5,25288.75,25280.5,25288.5
1775823840,25288.25,25289.5,25277.75,25279.75
1775823900,25280,25282.25,25277,25282.25
1775823960,25281.75,25286.5,25280.75,25284.25
1775824020,25284.75,25291.25,25282.5,25288.5
1775824080,25288.25,25295.75,25288.25,25292.25
1775824140,25292.75,25365,25275,25275
1775824200,25344,25366.75,25307.25,25329.5
1775824260,25329,25335.25,25309.75,25312
1775824320,25311.75,25320.25,25301.25,25314.25
1775824380,25313.5,25314.75,25301.75,25303.75
1775824440,25302.75,25312.5,25298.25,25298.5
1775824500,25298.5,25305.75,25294.25,25302
1775824560,25302.5,25303.5,25293.5,25297.5
1775824620,25298,25304,25291.5,25294.25
1775824680,25294.75,25309.5,25292.5,25305
1775824740,25305.5,25312.75,25301.75,25312.75
1775824800,25312.75,25317.25,25309.25,25310.5
1775824860,25310.5,25310.75,25301,25305
1775824920,25304.75,25310,25303,25307
1775824980,25307,25308.5,25300,25302.5
1775825040,25302.5,25314.5,25298.5,25313
1775825100,25312.75,25319.75,25312,25312.25
1775825160,25312.25,25318,25306.75,25309.5
1775825220,25310.25,25318.5,25309.25,25316
1775825280,25315.75,25318.25,25312.5,25314.5
1775825340,25314.5,25320.25,25311.75,25319.25
1775825400,25320,25323.25,25314.5,25318
1775825460,25317,25322.25,25317,25321.75
1775825520,25321.75,25326.25,25319.25,25320.75
1775825580,25320.75,25324,25319.5,25323.75
1775825640,25324,25325,25308,25309.75
1775825700,25310,25314,25302.5,25310
1775825760,25309.75,25315.5,25309.25,25313
1775825820,25312.75,25313.5,25307,25308.75
1775825880,25309.25,25312.5,25306.25,25308.5
1775825940,25308.5,25309.75,25298.25,25304.25
1775826000,25304,25304.25,25295,25304
1775826060,25303.5,25313.5,25303,25310
1775826120,25309,25309,25301.25,25304.5
1775826180,25304.75,25310,25303.5,25304.75
1775826240,25305,25306.5,25300.25,25303.25
1775826300,25302.5,25311.5,25300.25,25310.75
1775826360,25310,25312.5,25306,25308.5
1775826420,25308.25,25314.5,25308,25314.25
1775826480,25313.75,25317.5,25311.75,25314.75
1775826540,25314.5,25317.25,25311.5,25315
1775826600,25314.5,25314.75,25308,25314.25
1775826660,25314,25314.5,25308.25,25311.5
1775826720,25311.75,25321,25311.75,25318.25
1775826780,25318.75,25320.75,25315.25,25316.5
1775826840,25316,25322,25312.25,25318.5
1775826900,25318.5,25319,25307,25310.25
1775826960,25309.75,25313,25306.75,25310.25
1775827020,25310.75,25311.25,25306.25,25310
1775827080,25310.25,25314,25310.25,25313
1775827140,25312.75,25313.25,25302.5,25305.25
1775827200,25305.25,25310.5,25302.75,25307.25
1775827260,25307.25,25313.75,25306.75,25312
1775827320,25312,25316.75,25311.5,25314.25
1775827380,25314.25,25315.25,25308,25309.5
1775827440,25309,25311,25305.25,25308.75
1775827500,25309.25,25312.75,25298.75,25303
1775827560,25304,25307,25297.5,25297.75
1775827620,25299.75,25302.75,25293.5,25299.25
1775827680,25298.5,25309.75,25295.25,25307.75
1775827740,25307.25,25315.75,25304,25314.75
1775827800,25315,25344,25306.75,25326.75
1775827860,25326.75,25358.5,25326,25353.25
1775827920,25353.5,25360.25,25340,25357.75
1775827980,25357.75,25372,25346.25,25365.25
1775828040,25365.25,25365.25,25335,25336.75
1775828100,25337.5,25340.5,25311,25314
1775828160,25313.75,25329.5,25312.75,25325.75
1775828220,25325.5,25352,25322,25349
1775828280,25349.25,25357.25,25326.5,25328.75
1775828340,25329.25,25330.25,25301.25,25309
1775828400,25308,25316,25290,25313.5
1775828460,25314,25331,25310.5,25328.75
1775828520,25329.5,25337,25318,25318.25
1775828580,25318.75,25321.75,25305,25305.5
1775828640,25306,25326,25303.5,25324.25
1775828700,25324.5,25342.75,25323,25333.75
1775828760,25333.75,25336.5,25323.25,25335
1775828820,25333.75,25347,25328.25,25345.25
1775828880,25345.25,25355.25,25335.25,25341
1775828940,25340.75,25344.75,25320.5,25324
1775829000,25323.5,25327.75,25300.25,25304
1775829060,25303.25,25321.5,25301.75,25321
1775829120,25320.75,25344,25319.25,25335
1775829180,25335.5,25346,25330.75,25331.25
1775829240,25331.75,25343,25329.75,25340.5
1775829300,25340.5,25342.5,25331.75,25337
1775829360,25337.25,25338,25325.25,25327.25
1775829420,25327.25,25341.25,25322.75,25328.25
1775829480,25328.75,25332.25,25316,25323.75
1775829540,25323.5,25329.25,25308.5,25319.25
1775829600,25319.5,25320.75,25294.5,25301.75
1775829660,25302,25305,25283,25287
1775829720,25287.5,25310,25287,25294
1775829780,25294.25,25302,25284.5,25290.75
1775829840,25290.75,25300.25,25288.25,25290.25
1775829900,25290.25,25303,25285,25297.75
1775829960,25298,25298.25,25288,25292.75
1775830020,25293,25293.5,25273.25,25284.5
1775830080,25284.5,25299.5,25281.5,25294.5
1775830140,25294.5,25295,25282.5,25286.75
1775830200,25287.25,25289.25,25271.5,25272.5
1775830260,25272.75,25279.75,25268.75,25277.25
1775830320,25277.75,25296.75,25275.25,25295.75
1775830380,25295.75,25318,25292.75,25313.25
1775830440,25313.5,25330,25306.75,25323
1775830500,25322.5,25332.25,25322,25330.5
1775830560,25330,25334.5,25319,25321.5
1775830620,25321.75,25329.75,25311.25,25324.25
1775830680,25324,25328.75,25320.5,25325.25
1775830740,25325.5,25338.75,25318,25334.5
1775830800,25334.5,25339.75,25326.5,25335
1775830860,25335,25335.25,25320.5,25330.5
1775830920,25330.5,25334.25,25328.75,25331.25
1775830980,25331.25,25340.5,25329.5,25339.25
1775831040,25339.75,25344,25333,25341.5
1775831100,25341.5,25352.5,25336.75,25347
1775831160,25347,25351.75,25339.5,25345.75
1775831220,25346.75,25347,25330.5,25339
1775831280,25338.75,25340,25327,25336.75
1775831340,25336.5,25342.75,25333.75,25341.25
1775831400,25341.5,25355.75,25337.5,25353.75
1775831460,25354.25,25362,25349.25,25352
1775831520,25352.5,25377,25350.5,25359.75
1775831580,25360,25370,25356.25,25361.25
1775831640,25361.75,25362.5,25351,25355.25
1775831700,25355.5,25362.25,25347.5,25355
1775831760,25354.5,25358.25,25347.5,25355.75
1775831820,25356.5,25356.5,25338.25,25344
1775831880,25344,25367,25342.75,25363.25
1775831940,25363.5,25364,25344.5,25345.25
1775832000,25345.5,25352.75,25344.25,25345.5
1775832060,25345.25,25355.75,25345.25,25350.5
1775832120,25350.75,25355.5,25306,25312
1775832180,25311.75,25339.25,25311.75,25325
1775832240,25325,25336.25,25317.75,25320.75
1775832300,25321,25332.5,25314.25,25330.25
1775832360,25330.25,25339.25,25326,25334
1775832420,25333.5,25343.5,25329.25,25341.25
1775832480,25341.25,25341.5,25321,25329.25
1775832540,25329,25330.75,25312.75,25317
1775832600,25317,25337,25316.75,25331.75
1775832660,25331.75,25340.5,25330.5,25337.25
1775832720,25337.5,25350.75,25334,25342
1775832780,25342.5,25342.75,25328,25329.25
1775832840,25329.25,25329.5,25317.5,25321.75
1775832900,25322,25325,25310.75,25323.25
1775832960,25323.5,25340.25,25323,25339.75
1775833020,25339.75,25353,25336.5,25349.75
1775833080,25349,25358.25,25346.25,25353
1775833140,25352.75,25353.25,25344.25,25352
1775833200,25352.5,25358,25338.5,25341.75
1775833260,25342,25354,25341.25,25350
1775833320,25350.25,25352.75,25343.75,25349
1775833380,25349.5,25352,25343.25,25345.5
1775833440,25345.5,25347.5,25338,25339.25
1775833500,25340.25,25343.5,25335.5,25337.5
1775833560,25339,25347.75,25328.25,25344.25
1775833620,25343.75,25351,25335.5,25346.25
1775833680,25345.75,25357.25,25345.75,25354.25
1775833740,25354,25363,25350.25,25355.5
1775833800,25355.5,25360.25,25346.25,25348.5
1775833860,25348.5,25359.25,25347.5,25359
1775833920,25358.75,25367.25,25357.75,25364.25
1775833980,25364.5,25367.5,25358.75,25359.5
1775834040,25359.5,25372.25,25359,25369
1775834100,25368.75,25381.75,25368.75,25379.5
1775834160,25379.25,25379.75,25371.25,25375.75
1775834220,25376.25,25378,25369,25376.5
1775834280,25376.75,25383,25371.5,25377
1775834340,25377.25,25377.75,25366.5,25369.75
1775834400,25370,25375,25362.75,25373.25
1775834460,25373.25,25377.25,25369.25,25375
1775834520,25374.75,25379.75,25369.5,25375.5
1775834580,25375.5,25389.25,25372.5,25387.75
1775834640,25388,25393.5,25382.5,25388.5
1775834700,25389,25389,25373.75,25374.75
1775834760,25374.5,25374.75,25357.25,25361.25
1775834820,25361,25364,25357.25,25362.5
1775834880,25362,25367,25355.75,25364.5
1775834940,25364.75,25366,25344.25,25348
1775835000,25347.75,25357.5,25345.5,25345.75
1775835060,25345.5,25351.75,25335.5,25340.5
1775835120,25340.75,25344.25,25326.25,25332.25
1775835180,25331.75,25337,25328,25330
1775835240,25330,25336.75,25323,25334
1775835300,25334.5,25339,25326.5,25329.25
1775835360,25328.75,25334.5,25325,25329.25
1775835420,25329.25,25332,25316.75,25320
1775835480,25320.25,25321.75,25310,25316
1775835540,25315.25,25317.5,25299.25,25301.75
1775835600,25302,25305,25285.5,25290.5
1775835660,25290.5,25303.25,25288.5,25302.75
1775835720,25302.5,25307.75,25289.5,25293
1775835780,25292.5,25301.75,25292,25298.75
1775835840,25298.5,25308.25,25297,25303.75
1775835900,25303.5,25314.5,25301,25308.5
1775835960,25308.5,25311,25302.5,25303.75
1775836020,25303.75,25309.25,25297.5,25306
1775836080,25306.25,25308.25,25288.5,25292
1775836140,25292.25,25297.75,25290.5,25297.5
1775836200,25297,25304.5,25292,25295.5
1775836260,25295.75,25299.25,25289.25,25293.75
1775836320,25294,25298.5,25288,25293.75
1775836380,25293.5,25294.5,25280,25283
1775836440,25283,25293.5,25276,25278.75
1775836500,25279,25280,25264.75,25274.25
1775836560,25274.25,25274.5,25258.25,25260.5
1775836620,25259,25262.5,25245.25,25253
1775836680,25252.75,25267,25252.25,25260.75
1775836740,25260,25265,25256,25264.75
1775836800,25264.75,25268.75,25254.75,25256.5
1775836860,25256.75,25260,25248,25250
1775836920,25250,25272,25248.5,25264.25
1775836980,25264,25269.5,25259.5,25265.5
1775837040,25264.5,25265,25255.5,25256.5
1775837100,25256.5,25268,25254.25,25262
1775837160,25262.25,25265,25257.5,25259.75
1775837220,25259.25,25263,25251.5,25260.5
1775837280,25260.5,25269.75,25260,25265.25
1775837340,25264.25,25268.25,25259.25,25261
1775837400,25261.25,25282.25,25260.75,25281
1775837460,25281,25287.5,25276.75,25285
1775837520,25284.5,25290.25,25282,25284.25
1775837580,25284.25,25299.75,25283.75,25298.75
1775837640,25298.75,25300.5,25291.75,25293
1775837700,25293,25294.75,25288,25294
1775837760,25293.75,25300.75,25292.25,25299.5
1775837820,25299,25301.75,25287,25290.5
1775837880,25290,25293.75,25286.25,25293.25
1775837940,25293.25,25293.75,25283.5,25289.25
1775838000,25289,25291.25,25270.25,25273.25
1775838060,25272.75,25277.75,25270.75,25273
1775838120,25272.75,25286.25,25271.5,25283
1775838180,25282.5,25291,25280.75,25287.25
1775838240,25287.5,25294,25281.75,25292
1775838300,25292.25,25293,25278.25,25282.25
1775838360,25282.25,25283.75,25276.5,25277.25
1775838420,25277.25,25279.75,25274.5,25277
1775838480,25277,25285.5,25271.75,25279.75
1775838540,25279.5,25285.5,25274.5,25276
1775838600,25276.25,25284,25273.75,25275.5
1775838660,25275.5,25278.25,25266.5,25277.75
1775838720,25277.5,25283.25,25260.5,25263.75
1775838780,25264,25268.75,25256.75,25261.25
1775838840,25261.5,25268.25,25257.75,25266.75
1775838900,25266.5,25267.25,25255,25261.25
1775838960,25260.75,25261.75,25250.5,25252.5
1775839020,25253.25,25262.5,25249.5,25258.5
1775839080,25258.5,25260.75,25249.75,25250.5
1775839140,25250.5,25255.5,25246.75,25251
1775839200,25250.5,25254.75,25236.75,25237.25
1775839260,25237.75,25239.5,25229.75,25233.25
1775839320,25234,25240.75,25229.5,25233.75
1775839380,25233.75,25241.5,25230.25,25230.25
1775839440,25230.25,25233.25,25222,25227.25
1775839500,25227.5,25238.25,25226,25232.25
1775839560,25231.75,25245.5,25225.25,25243
1775839620,25243,25248,25239.75,25244.5
1775839680,25244.25,25251.75,25238.5,25246
1775839740,25246,25250.25,25243.75,25249.75
1775839800,25249,25262,25248.75,25254.75
1775839860,25254.75,25260.25,25240.5,25250.5
1775839920,25250.75,25254.5,25246,25249
1775839980,25249.25,25272.5,25249,25266.5
1775840040,25266,25266.25,25259.75,25264.25
1775840100,25264.5,25266,25258.75,25265.5
1775840160,25264.75,25265,25256.5,25262.25
1775840220,25262.25,25267.25,25254.5,25261
1775840280,25260.5,25261.25,25255.5,25259.75
1775840340,25260,25266.5,25258,25265
1775840400,25265.25,25266.25,25250.5,25254
1775840460,25254.25,25260.75,25248.75,25250
1775840520,25250,25253.5,25238.75,25244.25
1775840580,25244.75,25251.75,25240.75,25243.5
1775840640,25244,25245.5,25234,25235.25
1775840700,25235.75,25242.25,25232.5,25234.75
1775840760,25234.75,25236.25,25229.75,25232.5
1775840820,25232.75,25237.75,25228,25237
1775840880,25237.5,25248,25236.5,25241.75
1775840940,25241.5,25246.25,25240.5,25243.5
1775841000,25243.5,25245.75,25234,25234.5
1775841060,25233.75,25242,25232.5,25235.75
1775841120,25236.25,25247,25235.5,25245.5
1775841180,25245.25,25253.5,25244.5,25248.5
1775841240,25248.75,25251.25,25244,25248.25
1775841300,25248.5,25254.25,25239.5,25241
1775841360,25241,25248.75,25238,25246.5
1775841420,25246.25,25252.5,25246,25247.25
1775841480,25247,25256,25246.25,25255.25
1775841540,25254.75,25258,25247.5,25252
1775841600,25252.25,25252.5,25241.5,25243
1775841660,25242.5,25249,25240.25,25243.75
1775841720,25243.5,25244.75,25227,25230.75
1775841780,25230.75,25244.25,25230.75,25243.75
1775841840,25243.5,25244.5,25238,25239.75
1775841900,25240,25242.25,25235.25,25241.25
1775841960,25241,25253,25241,25248.5
1775842020,25248.25,25253,25240,25241
1775842080,25241.25,25242,25231.25,25235.75
1775842140,25235.25,25238,25231.5,25233.75
1775842200,25233.25,25235.25,25223.25,25234.75
1775842260,25235.5,25242.75,25233.25,25235
1775842320,25234.75,25249.25,25234.75,25247
1775842380,25246.75,25247.25,25239.25,25240.25
1775842440,25240.25,25241.5,25233.25,25237.75
1775842500,25237.75,25244,25235.5,25238.25
1775842560,25238.5,25238.5,25232.75,25234
1775842620,25233.5,25235.5,25227.25,25232.5
1775842680,25232.75,25240.25,25230.25,25240
1775842740,25239,25245.25,25235.75,25241.5
1775842800,25241.5,25245.5,25235,25235.75
1775842860,25236,25242.75,25234.5,25239.75
1775842920,25240.25,25248.75,25235.25,25248.25
1775842980,25248.25,25256.75,25247.75,25252.25
1775843040,25252,25257,25248.75,25253.5
1775843100,25253.25,25258.5,25250.5,25256
1775843160,25256.25,25257.25,25250,25253
1775843220,25252.75,25256.75,25249.25,25253
1775843280,25253,25257,25248.75,25253
1775843340,25253.75,25256.75,25249.75,25254.25
1775843400,25254,25266,25252.75,25265.5
1775843460,25264.75,25265.5,25258,25262.75
1775843520,25262.5,25270.25,25262,25269.25
1775843580,25269.5,25272.75,25265.25,25271.75
1775843640,25272,25274.25,25269.25,25273.25
1775843700,25273.25,25275.5,25267.75,25268.25
1775843760,25268.25,25272.5,25267.5,25271.5
1775843820,25271.75,25274.75,25269.5,25273.75
1775843880,25273.75,25274.75,25270.25,25272.5
1775843940,25272.25,25274.25,25265,25272
1775844000,25272,25274.25,25266.75,25271.25
1775844060,25271.25,25271.75,25266,25267
1775844120,25267,25270.5,25261.25,25261.5
1775844180,25261.75,25264.25,25257.5,25261.25
1775844240,25262,25262.5,25248,25250.75
1775844300,25250.5,25253.5,25242.75,25251
1775844360,25250.5,25255.75,25247.75,25249
1775844420,25248.75,25252.25,25240.75,25243
1775844480,25242.5,25253.5,25240.25,25253
1775844540,25252.5,25254.5,25246.75,25247.25
1775844600,25247.5,25251,25244.5,25250.75
1775844660,25250.75,25261.25,25250,25258.25
1775844720,25258,25260.25,25253.5,25254.5
1775844780,25254.5,25259.25,25249.5,25250.75
1775844840,25251,25257.5,25250.5,25255.25
1775844900,25255.5,25264.5,25255.5,25259.75
1775844960,25259.75,25265,25257.75,25263.25
1775845020,25263,25267.75,25259.25,25266
1775845080,25265.75,25269.5,25264.25,25268.75
1775845140,25268.5,25273.5,25267.5,25271
1775845200,25270.75,25278.5,25267.75,25276.5
1775845260,25277,25282,25271.75,25277.5
1775845320,25278,25278,25270.25,25272.5
1775845380,25272.5,25279.75,25271.75,25276.5
1775845440,25276,25277.25,25270.25,25272.75
1775845500,25272.5,25273,25267,25271.5
1775845560,25271.25,25272,25263.5,25265.75
1775845620,25265.75,25269.5,25262.5,25268.75
1775845680,25268.75,25273.5,25265.25,25270
1775845740,25270.5,25270.5,25264.75,25267.5
1775845800,25267.75,25270.75,25263,25265.5
1775845860,25265.25,25268.25,25257.25,25259.75
1775845920,25260.25,25263.5,25257.25,25260
1775845980,25260.5,25263.5,25259,25260.5
1775846040,25261,25264.25,25257.75,25258.5
1775846100,25258.25,25262.75,25253,25255.5
1775846160,25255.5,25260.75,25251.5,25256
1775846220,25256.5,25264.25,25256.5,25260.25
1775846280,25260,25263.75,25256,25261
1775846340,25260.75,25262.75,25256,25257
1775846400,25257,25259.75,25254.75,25256.75
1775846460,25256.75,25256.75,25244.75,25248
1775846520,25248.25,25249,25243,25244.75
1775846580,25244.5,25247.25,25236.5,25247.25
1775846640,25246.75,25250.25,25245.5,25247.25
1775846700,25246.75,25249.25,25244,25246
1775846760,25246.5,25250.5,25243.5,25248.5
1775846820,25248,25248.5,25244.5,25246.5
1775846880,25246.5,25247.5,25244,25246
1775846940,25245.75,25251.25,25245,25247
1775847000,25246.75,25251.5,25245.5,25248.25
1775847060,25248.25,25249.25,25243.75,25248.5
1775847120,25248.5,25254.25,25247.75,25253
1775847180,25253.25,25256.25,25251.5,25252.5
1775847240,25252.75,25257.5,25250.75,25257
1775847300,25257,25258.25,25252,25253.5
1775847360,25254,25255.5,25251,25254.75
1775847420,25255.25,25257.75,25253,25255.75
1775847480,25256,25261.75,25255,25259.5
1775847540,25259.25,25263.5,25258.5,25260.75
1775847600,25261.5,25271.5,25259,25269
1775847660,25269,25273.5,25268.25,25271.5
1775847720,25271,25275.25,25269,25272
1775847780,25272,25276.25,25270.5,25272.5
1775847840,25272,25274.25,25267.25,25273
1775847900,25273.5,25278,25273,25277.5
1775847960,25277.75,25279.25,25271,25277
1775848020,25277,25279.75,25272.75,25272.75
1775848080,25272.5,25278,25272.5,25276.75
1775848140,25276.5,25276.75,25272.25,25274.5
1775848200,25274.25,25278.5,25272.5,25277.5
1775848260,25278,25282,25275.75,25280.25
1775848320,25281,25288.75,25280.25,25287.25
1775848380,25287.5,25292,25286,25289.5
1775848440,25289.75,25294.5,25288.25,25293.5
1775848500,25293.25,25293.75,25284.25,25287
1775848560,25286.75,25292.25,25283.5,25290.5
1775848620,25290.75,25291.5,25285.5,25290.25
1775848680,25290.5,25295,25290.25,25293.5
1775848740,25293.75,25297,25293,25295.25
1775848800,25295.5,25302.5,25288.75,25291.5
1775848860,25291.5,25293.25,25287.75,25290.5
1775848920,25291,25293.75,25286.75,25291.5
1775848980,25291.25,25299.75,25291.25,25299.5
1775849040,25299.5,25300.75,25292.75,25292.75
1775849100,25293,25293.75,25285.5,25290.75
1775849160,25290,25291,25284.75,25288.25
1775849220,25288.5,25293.25,25285,25290.5
1775849280,25290.75,25295,25290.5,25291.75
1775849340,25291.5,25297,25291.25,25294.75
1775849400,25295,25295,25280.75,25281.75
1775849460,25281.75,25290.5,25281.25,25286.25
1775849520,25286.5,25289.25,25282.5,25284.25
1775849580,25284.25,25286.25,25280.5,25284.5
1775849640,25284.25,25285.75,25281.75,25282.5
1775849700,25282.5,25284.25,25277.25,25280
1775849760,25279.5,25286.5,25275,25277.25
1775849820,25277,25278.5,25271.25,25272.75
1775849880,25272.25,25279.25,25269,25276
1775849940,25275.25,25275.75,25265,25271.5
1775850000,25271.5,25274,25263,25265
1775850060,25265,25266.75,25261.75,25263.5
1775850120,25263.25,25265.75,25261.75,25263
1775850180,25262.75,25272,25259.5,25271.5
1775850240,25271,25283,25270.75,25277.25
1775850300,25277,25286,25276.5,25283.75
1775850360,25283.5,25284,25269.75,25271.5
1775850420,25271.75,25277,25271.25,25272.5
1775850480,25272,25272.25,25264.25,25265.5
1775850540,25265.5,25271.25,25263.5,25270.75
1775850600,25271,25287.75,25265,25278.75
1775850660,25279,25280.25,25271,25279.25
1775850720,25279.25,25279.5,25266.25,25271
1775850780,25270.25,25273,25268.25,25269.75
1775850840,25270,25276.25,25269,25271.25
1775850900,25271,25273.25,25261.25,25270
1775850960,25270,25271.75,25263.75,25269
1775851020,25269.25,25281.5,25268.75,25278.75
1775851080,25279,25286.25,25273.5,25285
1775851140,25285,25290,25271.25,25284
1775851200,25284.25,25289.5,25276.75,25278.5
1775851260,25278.25,25285.75,25276.75,25281.75
1775851320,25281.5,25285.5,25279.25,25283.75
1775851380,25284,25288.25,25282.25,25287.25
1775851440,25287.5,25287.75,25283,25285.25
1775851500,25284.5,25286.75,25282.5,25285.5
1775851560,25285.5,25287,25280,25285.25
1775851620,25285.5,25288.25,25283,25288
1775851680,25287.25,25294.25,25287.25,25293
1775851740,25292.75,25296.5,25292.75,25294.5
1775851800,25295,25302.25,25293,25296.25
1775851860,25296,25298.25,25291.25,25294
1775851920,25295,25296.25,25290.5,25295.75
1775851980,25296,25297,25293.5,25296.75
1775852040,25297,25299.5,25293.25,25295
1775852100,25295.75,25303.5,25295.25,25299.25
1775852160,25299.75,25302.5,25299,25299.75
1775852220,25300.25,25301.5,25299,25300.25
1775852280,25300.25,25301.75,25296.75,25297.75
1775852340,25297.75,25299.75,25295.75,25298.5
1775852400,25299,25300,25296.75,25299.5
1775852460,25299.25,25301.25,25299,25300.5
1775852520,25300.25,25300.75,25299.25,25300.25
1775852580,25300.25,25302.5,25298.5,25300.75
1775852640,25301,25303.25,25300.25,25303
1775852700,25303,25308.75,25300.25,25300.25
1775852760,25300.5,25304,25300.25,25304
1775852820,25304.25,25307.5,25304.25,25305.25
1775852880,25305.25,25310.5,25305,25305.5
1775852940,25305.75,25306.75,25302.75,25305
1775853000,25305,25305.5,25300.75,25302.75
1775853060,25302.75,25306,25301,25305.75
1775853120,25305.75,25312.75,25305,25311.5
1775853180,25311,25318,25309.5,25313.75
1775853240,25314.25,25314.75,25311.25,25312.25
1775853300,25312.5,25314.5,25311.25,25312.75
1775853360,25312.5,25313.25,25310.5,25311.5
1775853420,25311.25,25311.25,25308.75,25310
1775853480,25310,25313,25309,25310.75
1775853540,25310.5,25314.75,25309,25314.5
1775853600,25314.75,25317.25,25314.5,25315.25
1775853660,25315.25,25317,25313.75,25315.75
1775853720,25316.25,25318.5,25315.75,25316.75
1775853780,25316.75,25318.75,25315.25,25316.75
1775853840,25317,25321.25,25316.75,25319.25
1775853900,25319.25,25322.5,25317.25,25317.25
1775853960,25317,25317,25309,25309.5
1775854020,25309.75,25313,25309,25309
1775854080,25309.5,25313.25,25309.5,25311.75
1775854140,25312.5,25313.25,25311.5,25312.75
1775854200,25312.75,25314,25311.5,25312.75
1775854260,25313.25,25317,25312.25,25314.5
1775854320,25314.5,25316,25314,25315
1775854380,25315.25,25316.75,25315,25316.25
1775854440,25316.5,25317.25,25314.75,25316
1775854500,25316.75,25319.75,25316.5,25318
1775854560,25318,25319.25,25316,25318.25
1775854620,25318.25,25322,25318,25321
1775854680,25320.25,25328.75,25320.25,25326
1775854740,25326.25,25337.25,25325.5,25333
1776031200,25004.25,25004.25,24914.5,24972
1776031260,24971.25,25011,24961.5,24990.5
1776031320,24990.75,24994.5,24964,24975.25
1776031380,24975.5,24988.75,24951.5,24951.5
1776031440,24952.25,24970.25,24947.75,24962.5
1776031500,24962.5,24982.25,24955.75,24974.25
1776031560,24974.75,24982.5,24970,24971.5
1776031620,24971.5,24977,24965,24967.25
1776031680,24967,24984.5,24967,24979
1776031740,24979.5,24999.5,24978.25,24992
1776031800,24992.5,25005.75,24987,25003.75
1776031860,25004.75,25006.75,24989.75,24994.75
1776031920,24994.5,25020,24994.5,25011
1776031980,25010.75,25012.5,24994.5,24996.75
1776032040,24996.75,25004.5,24991.5,25001.5
1776032100,25001.75,25001.75,24989.25,24992.75
1776032160,24993.25,24996.25,24986.5,24987.5
1776032220,24987.5,24994.25,24982.75,24991
1776032280,24991,24992.25,24978.75,24980.75
1776032340,24981.5,24988,24960.5,24964
1776032400,24964,24978.5,24961.25,24973.5
1776032460,24973.5,24975.25,24966.5,24970
1776032520,24970.25,24974.25,24964.5,24973.25
1776032580,24973.25,24979.75,24970.75,24977
1776032640,24977.25,24982,24973,24974.75
1776032700,24974.5,24977,24962,24963
1776032760,24962.5,24964.75,24957.75,24960
1776032820,24960,24966.75,24954.25,24955.5
1776032880,24955.25,24965.5,24953.5,24962
1776032940,24962,24962.5,24943,24954.5
1776033000,24954.5,24955.75,24928.5,24943
1776033060,24943,24948.25,24936.25,24940
1776033120,24939.75,24942,24931,24935.5
1776033180,24936,24948.25,24928.75,24942.25
1776033240,24942.75,24955,24940,24953.75
1776033300,24952.75,24960.5,24949.5,24959.25
1776033360,24959,24964.75,24954.75,24961.75
1776033420,24961.5,24965.5,24954.25,24958
1776033480,24958.5,24962.75,24958,24960.75
1776033540,24960.5,24962,24954.5,24955.75
1776033600,24956.25,24956.5,24946.25,24951.75
1776033660,24952,24952.75,24937,24945
1776033720,24944.75,24949.75,24940.5,24943
1776033780,24942.25,24950.25,24941.75,24945
1776033840,24944,24944,24934.5,24942.25
1776033900,24942,24947,24940.25,24943.75
1776033960,24943.75,24949.75,24940.25,24947.75
1776034020,24947.25,24951,24945.25,24946
1776034080,24946.5,24946.75,24939,24941.75
1776034140,24941.25,24945,24939,24942
1776034200,24941.5,24944,24939.25,24940.5
1776034260,24940.75,24952.25,24939.75,24947.75
1776034320,24948.25,24953.25,24945,24950.5
1776034380,24950.5,24957.5,24947.75,24949.5
1776034440,24949.5,24951.75,24944.75,24949.75
1776034500,24950.5,24952.25,24948,24948
1776034560,24948,24951,24946.5,24948.25
1776034620,24948.25,24950.5,24944.25,24946
1776034680,24947,24962,24945.75,24959.25
1776034740,24959.25,24961,24953.5,24956.75
1776034800,24956.75,24957.75,24948,24948.25
1776034860,24949,24949,24935.75,24943
1776034920,24942.75,24946.5,24932,24935.25
1776034980,24934.5,24943,24930.5,24942.75
1776035040,24942.5,24943,24936.75,24937.75
1776035100,24937.5,24940.25,24935,24936.25
1776035160,24935.75,24938.5,24932.5,24938.5
1776035220,24938,24940.25,24930,24936.5
1776035280,24936.75,24944,24936.25,24943
1776035340,24942.5,24949.75,24940,24942.5
1776035400,24942,24947.5,24942,24944
1776035460,24943.5,24950,24941.75,24948.75
1776035520,24948.75,24949.25,24943.5,24945.25
1776035580,24945.5,24947.25,24942,24946
1776035640,24945.25,24948.75,24944.75,24946.25
1776035700,24946,24954,24946,24951.5
1776035760,24951.75,24952.75,24944.75,24945.75
1776035820,24945.25,24946,24937.25,24938.25
1776035880,24938.5,24941.5,24936.25,24941.25
1776035940,24941.5,24947,24941.25,24943.25
1776036000,24943.75,24943.75,24936.75,24939.25
1776036060,24939,24940,24933.5,24936.75
1776036120,24936.25,24939.25,24934.5,24935.25
1776036180,24936,24942,24935.75,24939
1776036240,24939.5,24940.25,24936,24938
1776036300,24938.5,24942.25,24938,24940
1776036360,24939.5,24944.75,24938.75,24944.25
1776036420,24943.75,24945,24941.25,24941.5
1776036480,24942,24944.5,24940.5,24943.75
1776036540,24943.5,24945,24941.75,24945
1776036600,24945,24945.5,24936,24939
1776036660,24939,24939,24932.75,24935.5
1776036720,24936.25,24938.5,24935.25,24937
1776036780,24937,24939.75,24936.25,24937
1776036840,24937.25,24938,24932,24932.75
1776036900,24932.25,24935,24930.5,24933
1776036960,24932.5,24934.25,24930,24932.25
1776037020,24932.25,24933.75,24928,24930.75
1776037080,24930.5,24932.75,24929,24932.5
1776037140,24932.75,24936.75,24931.5,24933.75
1776037200,24933.75,24937.75,24933.25,24937
1776037260,24936.75,24936.75,24933.5,24934.25
1776037320,24934.25,24936.75,24932.5,24934.75
1776037380,24935.25,24935.5,24929,24931.75
1776037440,24932.25,24936.5,24931.25,24936
1776037500,24935,24937,24930.75,24932.25
1776037560,24932.25,24933.75,24925,24931.25
1776037620,24930.5,24931,24927.25,24927.75
1776037680,24927.5,24928.25,24922.75,24926.25
1776037740,24926.25,24928.5,24923.25,24926.75
1776037800,24926.75,24937,24926.5,24934.5
1776037860,24935,24947,24934,24945.25
1776037920,24945.5,24974.75,24943.25,24971
1776037980,24971.25,24980,24968.75,24970.25
1776038040,24970,24971.75,24964.75,24970.5
1776038100,24970.5,24978,24967.25,24974.5
1776038160,24974.5,24980,24973,24977
1776038220,24977,24977.5,24970,24974.25
1776038280,24974,24986,24972.5,24982
1776038340,24981.75,24986.5,24978.5,24984
1776038400,24983.75,24987.75,24962.75,24964.75
1776038460,24964,24964,24949.25,24952
1776038520,24953,24961.75,24951.5,24957.5
1776038580,24958,24964,24956.25,24958
1776038640,24957.25,24960,24952.75,24959
1776038700,24958.5,24972.75,24957.5,24971
1776038760,24970.25,24976.25,24965,24971
1776038820,24971.75,24980.5,24970.25,24978.25
1776038880,24978.25,24982.25,24974,24976.25
1776038940,24976,24991.25,24975.5,24988.25
1776039000,24988.5,24995.5,24985.5,24994.25
1776039060,24994.5,24995.25,24987.5,24989.75
1776039120,24990,24993.75,24987.5,24992.5
1776039180,24992.75,24996.5,24988.5,24996
1776039240,24996,25008.75,24996,25005.75
1776039300,25005.5,25007,25000.25,25005
1776039360,25005,25005,24998.5,25002.25
1776039420,25002.25,25009.5,25002.25,25004
1776039480,25003.75,25010,25003,25004.75
1776039540,25004.5,25005,24998,24999.25
1776039600,24999,25002.75,24995.25,24997.75
1776039660,24998,24999.5,24992,24996.25
1776039720,24995.5,24999.5,24993.5,24994.75
1776039780,24996,24996.25,24991.5,24995.75
1776039840,24995.25,25002.75,24993.25,25000
1776039900,25000,25004.5,24999,25000
1776039960,25000,25002,24996.25,24999.5
1776040020,24999.5,25006.75,24999,25003
1776040080,25002.5,25004.5,25000,25001
1776040140,25001,25001.75,24995.75,24996.25
1776040200,24996.25,24998,24987.25,24992.25
1776040260,24991.75,25013.5,24990.75,25011.75
1776040320,25011.5,25019,25008.25,25011
1776040380,25011.5,25022.75,25010,25018.25
1776040440,25018,25019.75,25011,25013
1776040500,25013,25015,25010,25013
1776040560,25013.5,25019,25012.25,25017.75
1776040620,25017.75,25018.75,25013,25015.5
1776040680,25015.75,25018.25,25013,25015.75
1776040740,25015,25016,25011,25011
1776040800,25011.75,25018.5,25011,25018.5
1776040860,25018.5,25024,25015,25017.25
1776040920,25016.75,25020.5,25012.25,25015
1776040980,25014.5,25015.25,25009,25011
1776041040,25011,25012.5,25009,25012.25
1776041100,25012.5,25019,25010.75,25016.5
1776041160,25016.75,25017,25013,25014
1776041220,25014,25020.25,25014,25020.25
1776041280,25020.5,25028.75,25018.75,25026.5
1776041340,25026.5,25029,25024.5,25027
1776041400,25026.75,25028.5,25023.75,25028
1776041460,25028,25041.25,25026.75,25039
1776041520,25039.25,25044,25036.25,25038.75
1776041580,25038,25049,25037,25047
1776041640,25047.5,25054.5,25044,25051.25
1776041700,25051,25056,25047.75,25055
1776041760,25055.25,25055.5,25048,25049
1776041820,25048.5,25051.5,25048,25050.25
1776041880,25049.75,25052,25045.5,25046.75
1776041940,25047.25,25056.25,25047.25,25055.75
1776042000,25055.75,25068,25055.75,25064.5
1776042060,25064.25,25064.75,25056.5,25061.5
1776042120,25062.25,25064.5,25058.25,25059.75
1776042180,25060,25071,25058,25067.75
1776042240,25067.5,25072,25066.25,25066.5
1776042300,25066.75,25067.75,25057.5,25059.25
1776042360,25059,25059,25051.5,25052.75
1776042420,25052.75,25059.5,25052.75,25058
1776042480,25057.75,25060,25053,25054.5
1776042540,25054.5,25061,25053.25,25058.75
1776042600,25058.75,25081.75,25058.25,25076
1776042660,25076.25,25077,25068.5,25077
1776042720,25076.25,25078.75,25071,25074.25
1776042780,25074.25,25078.75,25069,25077.5
1776042840,25078.25,25084,25072.5,25073
1776042900,25073,25074.75,25067.25,25071.25
1776042960,25071.25,25071.5,25064.5,25067
1776043020,25067.5,25070,25066,25068
1776043080,25068,25069.75,25065,25067.5
1776043140,25067,25069.5,25065,25067
1776043200,25068,25073.75,25067.5,25070.5
1776043260,25070,25072.5,25068.75,25070.5
1776043320,25070.25,25070.25,25063,25064.5
1776043380,25064.25,25065.75,25060.75,25063
1776043440,25063.25,25065.25,25061.25,25061.75
1776043500,25062,25070,25061.5,25068
1776043560,25069,25073,25066.25,25069.75
1776043620,25069.5,25072,25067.25,25071.25
1776043680,25072,25078.5,25070.25,25076.75
1776043740,25076.5,25076.75,25071.75,25074.5
1776043800,25074,25074.5,25065.75,25066
1776043860,25066.25,25071.5,25066.25,25067.5
1776043920,25067.5,25077.25,25066,25076
1776043980,25076.5,25080.5,25075.25,25079
1776044040,25079.25,25082.5,25078.25,25081.25
1776044100,25080.25,25087,25079,25083.25
1776044160,25082.75,25082.75,25074,25077
1776044220,25077.5,25077.75,25073.5,25074.75
1776044280,25074.25,25077.5,25072,25074
1776044340,25074,25076.75,25072.75,25073
1776044400,25073,25076.5,25066,25066.75
1776044460,25066.25,25070.25,25060.25,25063.5
1776044520,25064,25067.25,25061.25,25063.5
1776044580,25063.75,25066.5,25059,25065.75
1776044640,25065.75,25068.75,25062,25063.25
1776044700,25062.75,25064.75,25060,25064.5
1776044760,25064.25,25068.5,25061,25062.5
1776044820,25062,25067.25,25061,25065.5
1776044880,25065.5,25078.25,25065.25,25072.25
1776044940,25072.25,25074.5,25070.5,25071.25
1776045000,25071,25080,25071,25077.25
1776045060,25077.75,25082,25076.25,25081.25
1776045120,25081.75,25082.5,25077.25,25079.5
1776045180,25079.5,25080.75,25076.75,25078.75
1776045240,25079.25,25079.5,25073.25,25074.75
1776045300,25075.5,25079,25074.75,25079
1776045360,25078.5,25085,25077.75,25084
1776045420,25084.25,25091.75,25082.5,25087.5
1776045480,25087.5,25087.5,25082.5,25085
1776045540,25085.75,25087.25,25081.5,25082.75
1776045600,25083.5,25085.5,25079.75,25080.25
1776045660,25080.25,25080.75,25072.75,25080.25
1776045720,25080,25081.25,25078,25079.25
1776045780,25080,25081.75,25075,25077
1776045840,25076.75,25079.5,25075.25,25077
1776045900,25077,25078.25,25075.5,25075.5
1776045960,25075.75,25078.5,25074,25075
1776046020,25075,25075,25068.75,25070
1776046080,25069.5,25073,25069.25,25071.75
1776046140,25071.75,25072.25,25068.25,25069.5
1776046200,25070,25070.75,25066.25,25068.25
1776046260,25067.75,25068,25060.75,25061.75
1776046320,25062.5,25064,25059.25,25060.25
1776046380,25060,25062.5,25058,25062.25
1776046440,25061.75,25066.5,25058.75,25062.5
1776046500,25062.5,25064.75,25061.5,25063.25
1776046560,25063.5,25067.75,25061.75,25062.25
1776046620,25062.5,25064.75,25061.5,25064.5
1776046680,25064.5,25069.25,25062.5,25066
1776046740,25066.25,25067.25,25064,25067
1776046800,25067,25071,25065,25069.5
1776046860,25069.5,25070.25,25065.75,25067
1776046920,25067,25069.25,25065,25066.25
1776046980,25066.75,25067.5,25062.5,25064
1776047040,25064.25,25065.25,25061,25062.5
1776047100,25062.5,25065.25,25061.75,25062.5
1776047160,25062.5,25063,25053,25060
1776047220,25060.25,25063.5,25058,25060.75
1776047280,25061,25065,25060.25,25060.75
1776047340,25061,25061.5,25058.5,25061
1776047400,25061.5,25068,25059.5,25063.25
1776047460,25063.75,25065.75,25062.75,25064.5
1776047520,25064.5,25065.25,25060.5,25061.25
1776047580,25060.75,25060.75,25056.75,25058.25
1776047640,25058.25,25064.5,25058,25063.5
1776047700,25063,25065,25061.5,25062.25
1776047760,25062.5,25064.25,25059,25059.5
1776047820,25060,25062,25058.75,25060.75
1776047880,25061,25061,25058.75,25058.75
1776047940,25059.25,25062.75,25059,25062.25
1776048000,25062,25064.25,25060.75,25062.25
1776048060,25063.25,25064.75,25060.75,25061
1776048120,25061.75,25064.5,25060.25,25063
1776048180,25063.25,25066.75,25062.5,25065.5
1776048240,25065,25069.5,25064,25065.5
1776048300,25065.25,25079,25065,25075
1776048360,25075,25075.75,25069,25071
1776048420,25071.25,25072.5,25066.75,25067
1776048480,25066.5,25072,25064.25,25070.5
1776048540,25070.75,25072.25,25064.5,25065.25
1776048600,25064.75,25068.75,25062.5,25066.5
1776048660,25066.5,25066.75,25064.75,25065.75
1776048720,25066,25068.75,25064.25,25067.5
1776048780,25067,25070.25,25066.75,25068.25
1776048840,25069,25069.25,25065.5,25069.25
1776048900,25069.5,25073.75,25068.75,25073.75
1776048960,25073.75,25073.75,25071,25073.25
1776049020,25073.5,25078,25072.25,25076
1776049080,25076.5,25081.25,25075.5,25078.5
1776049140,25078.5,25078.5,25076,25077.75
1776049200,25078,25084.5,25078,25078.5
1776049260,25078.25,25078.5,25071.5,25074.5
1776049320,25074.25,25076,25073.5,25075
1776049380,25075.25,25078,25075,25075
1776049440,25075,25075,25069.75,25071.5
1776049500,25071,25072,25069,25070.75
1776049560,25071.25,25071.25,25063,25066.5
1776049620,25066.5,25066.75,25062.5,25065.25
1776049680,25065.25,25067.75,25065,25065.25
1776049740,25065.25,25066.75,25061.25,25062.25
1776049800,25062.5,25063,25059,25061.5
1776049860,25061.5,25063.5,25054.25,25056.25
1776049920,25056.5,25059.75,25056,25059
1776049980,25059.25,25060,25054.25,25056.75
1776050040,25057.25,25059.75,25055.25,25055.5
1776050100,25055,25057,25053.75,25054.25
1776050160,25054.75,25056.25,25054,25055.25
1776050220,25055.75,25060.75,25055.75,25058.5
1776050280,25059,25061,25058,25059.25
1776050340,25060,25060.25,25056.25,25057
1776050400,25057,25058.5,25055.5,25056
1776050460,25056.75,25061.75,25056.25,25061.25
1776050520,25061,25069.5,25061,25066.5
1776050580,25067,25068.75,25064.75,25067.25
1776050640,25067.5,25067.5,25063.75,25065.25
1776050700,25065.5,25068.5,25064,25067.75
1776050760,25068,25077.25,25067.75,25075.5
1776050820,25076.25,25077,25073.5,25074.5
1776050880,25074.25,25076.75,25072.5,25073.25
1776050940,25073.75,25074.25,25071.25,25072
1776051000,25071.5,25072.5,25067.75,25068.25
1776051060,25069,25074,25068,25073
1776051120,25073,25073,25066,25067
1776051180,25066.5,25067.5,25064,25066
1776051240,25066.5,25067.75,25065,25066.25
1776051300,25066.25,25067,25064.25,25064.25
1776051360,25064,25065.75,25056,25058.25
1776051420,25058.5,25062.75,25056.75,25060.5
1776051480,25060.75,25062.25,25059.75,25060.5
1776051540,25061,25062,25057.25,25057.75
1776051600,25058.25,25061.5,25058.25,25060.75
1776051660,25061,25065.75,25061,25065.25
1776051720,25065.5,25068.5,25065.5,25066.25
1776051780,25066.5,25070.5,25066.5,25070
1776051840,25070,25071,25067,25069.25
1776051900,25069.25,25069.75,25063.75,25064
1776051960,25063.75,25063.75,25057.5,25058.25
1776052020,25059,25060.75,25057,25059.5
1776052080,25059.5,25060.5,25057.5,25059
1776052140,25059.5,25062.5,25059,25062.5
1776052200,25062,25064,25059,25059
1776052260,25059.75,25061.5,25057,25057.75
1776052320,25058,25060.25,25057.5,25060.25
1776052380,25060.75,25061,25059,25061
1776052440,25059.75,25060.75,25058,25059.25
1776052500,25059.25,25061,25058.75,25059.75
1776052560,25060.5,25060.75,25059.25,25060.5
1776052620,25061,25061.75,25059.25,25061.25
1776052680,25060.25,25062.25,25060.25,25061.75
1776052740,25062,25063.25,25059,25060
1776052800,25060,25061.5,25059.5,25059.75
1776052860,25059.25,25059.75,25055.5,25056.25
1776052920,25056,25058.25,25053.5,25056.5
1776052980,25056.5,25057.5,25055.25,25055.75
1776053040,25055.75,25058.75,25044,25056.75
1776053100,25056.75,25056.75,25053.75,25054.25
1776053160,25054.25,25056.5,25052.5,25053
1776053220,25053.5,25054.25,25052.25,25052.75
1776053280,25053.25,25058,25052.75,25056.75
1776053340,25056.75,25061.5,25056.75,25058.5
1776053400,25058.25,25060.25,25055.25,25057.75
1776053460,25057.25,25060.25,25056.75,25059
1776053520,25059.75,25061.5,25057.75,25061.25
1776053580,25061,25066,25059.5,25064.5
1776053640,25065.5,25065.5,25062.5,25063.25
1776053700,25064,25065,25062.75,25063.25
1776053760,25063.5,25069.5,25062.5,25069.25
1776053820,25069,25070.75,25066,25068
1776053880,25067.5,25070.75,25067,25070
1776053940,25070,25077,25068.25,25075
1776054000,25075,25076,25070.5,25071
1776054060,25071,25071,25058.75,25063.25
1776054120,25063.5,25067.75,25062.25,25065.25
1776054180,25065.5,25069.25,25065.5,25067.25
1776054240,25067.25,25067.75,25065.25,25066.25
1776054300,25066.25,25072.25,25066.25,25070.25
1776054360,25070.75,25072.75,25069.25,25072
1776054420,25072.5,25072.75,25069,25071
1776054480,25070.75,25075.25,25070.75,25073.25
1776054540,25073.5,25074,25070,25070.5
1776054600,25070.5,25073.25,25070.25,25072.5
1776054660,25073.5,25075.25,25072.5,25073
1776054720,25072.75,25073.5,25068.5,25068.75
1776054780,25068.75,25071.5,25066.75,25067.5
1776054840,25067,25070.5,25067,25069.5
1776054900,25070,25071,25067.25,25068.5
1776054960,25068,25070,25065.25,25067.25
1776055020,25066.5,25067.75,25065.25,25066.75
1776055080,25067,25068.5,25065.25,25065.75
1776055140,25066,25066.75,25063.75,25065.25
1776055200,25065.75,25069.25,25065.75,25069
1776055260,25069.5,25072.25,25069,25071.75
1776055320,25072.25,25076.75,25072,25074.25
1776055380,25074.25,25074.25,25065.75,25067.25
1776055440,25067.25,25071,25066,25067.75
1776055500,25067.75,25068,25063,25063
1776055560,25063.75,25066.25,25063.75,25066
1776055620,25066,25067,25064.5,25064.75
1776055680,25064,25066.75,25063.75,25066.25
1776055740,25065.5,25068.25,25064,25068
1776055800,25068,25068.5,25064.5,25066.5
1776055860,25066.25,25066.5,25065.25,25065.5
1776055920,25066,25069,25065.75,25068
1776055980,25067.75,25070.75,25066.75,25070.5
1776056040,25070.5,25080.75,25069.75,25080
1776056100,25080,25096.25,25080,25091.25
1776056160,25091.5,25092.25,25085.5,25088.5
1776056220,25088.75,25089,25085.25,25085.75
1776056280,25086,25087,25083.25,25085.25
1776056340,25084.5,25084.5,25078.75,25081
1776056400,25081,25083.5,25075,25075
1776056460,25075.25,25080,25072,25078.75
1776056520,25079,25081.5,25077,25079.75
1776056580,25080,25080.75,25076.25,25078
1776056640,25077,25081,25077,25079.25
1776056700,25079.5,25081.75,25078.5,25080
1776056760,25079.5,25082,25077.25,25077.5
1776056820,25078,25078.75,25074,25077.25
1776056880,25077.25,25079,25074.75,25074.75
1776056940,25075.25,25075.5,25070.75,25071.75
1776057000,25071.25,25074.75,25070.75,25071.5
1776057060,25072.25,25073.25,25065,25066.75
1776057120,25067,25069.25,25065,25067.25
1776057180,25067.25,25069.5,25066,25069.25
1776057240,25069.75,25069.75,25066.75,25067.5
1776057300,25068,25072.75,25068,25068.5
1776057360,25067.75,25067.75,25063.5,25063.75
1776057420,25063.5,25064.5,25059,25063
1776057480,25063.25,25065.5,25063,25064
1776057540,25064.5,25065,25061.75,25062.5
1776057600,25063,25067.75,25061.25,25067.75
1776057660,25067.75,25074.5,25067.75,25073.5
1776057720,25073.5,25087,25071.75,25086.75
1776057780,25087.25,25090.25,25080.5,25084.75
1776057840,25084,25086.25,25081.75,25082.75
1776057900,25083,25086.75,25082,25082
1776057960,25082,25084.25,25080.5,25083.75
1776058020,25083.25,25085,25082.5,25082.5
1776058080,25082.75,25084.25,25079.5,25081.25
1776058140,25080.75,25082.25,25076.75,25079
1776058200,25079.75,25080.25,25072,25072.75
1776058260,25072.75,25074.75,25070.5,25072
1776058320,25071.5,25074,25069.25,25074
1776058380,25073.5,25075.5,25072.25,25074.75
1776058440,25074.75,25078,25064.25,25075
1776058500,25075.5,25079.75,25075.25,25077.5
1776058560,25076.75,25076.75,25070,25075.75
1776058620,25075.25,25075.75,25071.75,25073.25
1776058680,25073.75,25074.5,25070.75,25071.5
1776058740,25071.25,25076,25070.25,25071.5
1776058800,25071.75,25072.5,25068.75,25069.25
1776058860,25069.5,25070.75,25067.5,25068.75
1776058920,25069.25,25073.5,25069.25,25073
1776058980,25073.25,25074.25,25070.5,25070.75
1776059040,25070,25073,25068,25071.5
1776059100,25072.75,25077.75,25071.75,25077.25
1776059160,25077.25,25079.5,25075.75,25078.25
1776059220,25078.25,25078.25,25075.25,25075.75
1776059280,25076,25077.25,25075.5,25076.5
1776059340,25075.75,25076.75,25074.25,25074.5
1776059400,25075.25,25076.25,25073,25076.25
1776059460,25076,25076.5,25072.5,25072.5
1776059520,25072.5,25073.5,25069.75,25072.5
1776059580,25072.5,25074.5,25072,25073
1776059640,25073,25075.5,25072.5,25075.5
1776059700,25075.5,25077.25,25073.5,25075.5
1776059760,25076,25085,25076,25081.75
1776059820,25081.75,25082.25,25077.25,25078
1776059880,25077.75,25081,25076.75,25079.5
1776059940,25079,25081,25077.5,25079.75
1776060000,25079.75,25087,25079.5,25087
1776060060,25087.25,25090,25079.5,25089.25
1776060120,25090,25093.25,25085.75,25085.75
1776060180,25085.5,25089,25083,25085.5
1776060240,25085,25089.75,25083.75,25088.5
1776060300,25088.75,25089.75,25086,25087
1776060360,25087,25087,25077.75,25082.5
1776060420,25082.75,25085.25,25081.5,25082.25
1776060480,25082,25091,25081.5,25086
1776060540,25086.5,25087.5,25084.75,25086.75
1776060600,25086.75,25088.25,25083.75,25084.75
1776060660,25084.5,25087.5,25080.25,25087.5
1776060720,25087,25092.5,25087,25091.75
1776060780,25091,25091.75,25085.75,25085.75
1776060840,25086.25,25088.25,25084,25088.25
1776060900,25088.25,25093.75,25087.75,25092
1776060960,25092.25,25096,25091.25,25093.75
1776061020,25093,25109.25,25092.25,25101.5
1776061080,25101.25,25103,25098.25,25101.5
1776061140,25102.25,25107,25102,25104
1776061200,25104.25,25107.25,25099.5,25106.75
1776061260,25106.25,25118.25,25106,25109.5
1776061320,25109,25115.5,25107,25112.5
1776061380,25112,25115,25111,25113
1776061440,25114,25120,25112.5,25114.5
1776061500,25114.75,25119,25113.5,25115.75
1776061560,25116,25116,25110.75,25111.25
1776061620,25110.75,25114.5,25109.5,25114
1776061680,25113.5,25114,25107.5,25109.5
1776061740,25109.25,25109.75,25107,25108.75
1776061800,25109,25114,25105.75,25111.75
1776061860,25112,25112.25,25099,25100.75
1776061920,25100.75,25103.5,25099.25,25102
1776061980,25102,25104,25101,25104
1776062040,25104,25104,25100,25102.75
1776062100,25103.5,25107.5,25102.75,25104
1776062160,25104.5,25109.5,25098.75,25098.75
1776062220,25098.75,25101.75,25097.75,25100
1776062280,25100.5,25101,25097.5,25098.25
1776062340,25098.25,25104,25098,25102.75
1776062400,25103.25,25105.75,25101.75,25104.25
1776062460,25104.5,25104.5,25101.25,25103.5
1776062520,25102.5,25105,25099.5,25100.5
1776062580,25102,25104.25,25100.25,25100.5
1776062640,25100.5,25103,25099.5,25102.25
1776062700,25102.25,25103.5,25099.25,25102.75
1776062760,25102.5,25108.75,25101.25,25108.75
1776062820,25108,25111.75,25105.75,25110.25
1776062880,25109.5,25110,25105.25,25106.5
1776062940,25107,25108.25,25103.75,25104.5
1776063000,25105.25,25106.25,25103.25,25104.75
1776063060,25106,25107,25103,25104.75
1776063120,25104.5,25107.75,25104,25105.5
1776063180,25105,25106.5,25104.75,25105.75
1776063240,25106.25,25109.5,25105.5,25109
1776063300,25108.5,25111,25107.75,25109.5
1776063360,25109.25,25113,25106.5,25111.5
1776063420,25111.75,25111.75,25109.5,25111
1776063480,25111.25,25113.25,25109.75,25112.25
1776063540,25111.75,25115.5,25111.25,25114.5
1776063600,25115.25,25126.25,25115.25,25124.25
1776063660,25124.25,25128,25122.75,25126
1776063720,25126.75,25127,25121,25126.25
1776063780,25125.5,25127,25118,25120
1776063840,25120.5,25125,25120,25124
1776063900,25124.25,25125.75,25121,25123
1776063960,25123.75,25124.75,25116,25119
1776064020,25118.25,25118.75,25112.5,25114.5
1776064080,25114.5,25116.5,25113,25115.75
1776064140,25115.75,25116.5,25108.75,25110.5
1776064200,25111,25117.25,25111,25114.25
1776064260,25114,25115.75,25110.5,25115.75
1776064320,25115.5,25118,25111,25112.5
1776064380,25112.75,25114.25,25111.75,25114.25
1776064440,25113.5,25116.5,25112,25113.5
1776064500,25112.75,25113,25108,25111
1776064560,25110.75,25111.75,25107.25,25108.75
1776064620,25108.75,25110.5,25107.75,25109
1776064680,25109,25116.25,25109,25114.75
1776064740,25114.75,25121.5,25114.75,25119.75
1776064800,25119.25,25121,25111.25,25114
1776064860,25114,25114.25,25110.75,25111.75
1776064920,25112,25113.75,25103.75,25104.75
1776064980,25104.75,25106.5,25102,25102.25
1776065040,25102,25102,25090,25091.25
1776065100,25091.75,25094.25,25088.25,25092.25
1776065160,25092.25,25094.75,25088.5,25091
1776065220,25091,25104.75,25089.75,25102.5
1776065280,25102.5,25110.75,25102,25106.5
1776065340,25106,25110.75,25103,25109.5
1776065400,25110.25,25117.25,25109.75,25114.25
1776065460,25114.5,25116.5,25111.25,25111.75
1776065520,25111.5,25113.25,25108.25,25109.25
1776065580,25109.25,25109.5,25103,25105.5
1776065640,25105,25106.75,25103,25105
1776065700,25106,25107.25,25101,25106.75
1776065760,25106.75,25107.75,25102.5,25104
1776065820,25103,25103.25,25100,25102.25
1776065880,25102.75,25108.75,25102.25,25108.25
1776065940,25108.5,25111.75,25106.75,25108.75
1776066000,25108.5,25112.5,25107.25,25112.5
1776066060,25112.25,25115.25,25107.75,25109.25
1776066120,25108.75,25111.5,25107,25110.75
1776066180,25110.75,25111.25,25106,25109
1776066240,25109.5,25111.75,25108.5,25111.25
1776066300,25111.25,25112.25,25102.5,25104.5
1776066360,25103.75,25104.25,25095,25095.25
1776066420,25095,25103.25,25094.75,25102.5
1776066480,25102.5,25107.75,25100.25,25107.5
1776066540,25107.75,25110,25100.5,25101
1776066600,25101.25,25101.5,25094,25098.5
1776066660,25099,25101.5,25096.75,25101
1776066720,25102,25103,25096.25,25096.5
1776066780,25097.25,25097.25,25093,25095.25
1776066840,25094.75,25100.25,25094.25,25097.75
1776066900,25098,25099.5,25095.75,25097.25
1776066960,25097,25101.75,25097,25099
1776067020,25100,25100,25097.5,25098.5
1776067080,25098.5,25103.75,25098.5,25102.75
1776067140,25102.5,25103.75,25099.25,25102
1776067200,25101.25,25112.75,25099.75,25111.5
1776067260,25111.25,25116.25,25104.75,25115
1776067320,25115.25,25127.75,25110,25127
1776067380,25127.25,25134,25118.25,25120
1776067440,25120.25,25127,25118,25126.25
1776067500,25126,25127,25121.25,25123.75
1776067560,25124.25,25124.5,25115.5,25116.25
1776067620,25117,25121.5,25116,25119
1776067680,25118.5,25118.5,25107.5,25109.75
1776067740,25109.75,25113.5,25109.5,25112.25
1776067800,25112.5,25115.5,25108.5,25115.5
1776067860,25114.75,25117.5,25110.5,25113.5
1776067920,25113.25,25115.75,25109.5,25111.25
1776067980,25111.25,25116.75,25110.25,25115
1776068040,25115.75,25116.75,25111.25,25111.75
1776068100,25111.25,25112.25,25105.75,25108.75
1776068160,25107.25,25110,25104,25109
1776068220,25108.75,25112.5,25108,25109.5
1776068280,25108.75,25115.25,25107.75,25114.5
1776068340,25115,25115.25,25109.25,25110.5
1776068400,25110.5,25112,25105.25,25108.5
1776068460,25108.75,25117.75,25105.25,25117.25
1776068520,25117.5,25121,25112,25117.75
1776068580,25117,25118,25114.25,25115
1776068640,25115,25119,25113.75,25114
1776068700,25113.5,25120.5,25113.25,25118.75
1776068760,25119.25,25121.75,25116,25117
1776068820,25117,25120.25,25116.5,25119.5
1776068880,25120,25122.5,25116.25,25119.5
1776068940,25119.75,25120.75,25116.75,25118.5
1776069000,25118,25124,25113.25,25119
1776069060,25119.25,25121.5,25112,25113.75
1776069120,25112.75,25116,25109.5,25109.75
1776069180,25110.25,25112.75,25105.75,25111.5
1776069240,25111.25,25112.75,25107.25,25111
1776069300,25110.75,25113.75,25105,25108.25
1776069360,25108,25108.5,25095.25,25098
1776069420,25098.5,25108,25098,25105
1776069480,25104.5,25106.75,25100.75,25103
1776069540,25102.5,25102.5,25094.25,25096.25
1776069600,25095.75,25098.75,25090.5,25094.5
1776069660,25094.75,25099.5,25089,25097.25
1776069720,25098.5,25100.25,25093.5,25096.75
1776069780,25096.75,25102.25,25096.25,25102.25
1776069840,25102.25,25104.25,25098,25103
1776069900,25103.25,25104.25,25096.5,25098
1776069960,25098.25,25104.25,25096.25,25101.75
1776070020,25102,25110.25,25100.5,25109
1776070080,25109,25110.75,25103.75,25106
1776070140,25105.75,25107,25102.25,25104.75
1776070200,25104.5,25107,25101.75,25101.75
1776070260,25101.75,25103,25099.5,25101
1776070320,25100.75,25104.25,25099.25,25104.25
1776070380,25103.5,25105.75,25102.5,25103
1776070440,25102.75,25108.75,25102.5,25107.75
1776070500,25107.25,25109.5,25106,25107.25
1776070560,25106.75,25106.75,25102.75,25105.5
1776070620,25105.75,25106.75,25098,25099.25
1776070680,25099.5,25102.5,25098.5,25101.75
1776070740,25101.75,25101.75,25097.75,25098
1776070800,25098.25,25126,25098,25110.25
1776070860,25109.5,25117.75,25108.75,25115.75
1776070920,25115.75,25117.75,25112.75,25114.25
1776070980,25114.5,25125.25,25114.25,25119.75
1776071040,25120.5,25121,25113,25118.5
1776071100,25119,25127,25117.25,25122.5
1776071160,25122.5,25124.5,25115,25116.25
1776071220,25116.5,25122.5,25115.5,25122.5
1776071280,25121.5,25123.5,25118.5,25119.75
1776071340,25119.75,25119.75,25110.25,25111.75
1776071400,25111.5,25113.5,25105.75,25109.25
1776071460,25108.75,25110.75,25107,25109.75
1776071520,25109,25110.5,25108,25108
1776071580,25108,25108.25,25106,25107.75
1776071640,25107.75,25111,25107.25,25110.75
1776071700,25110.5,25114.25,25107,25108.25
1776071760,25108.5,25115.25,25107.5,25113.25
1776071820,25114.25,25117,25113.5,25116.25
1776071880,25115.75,25117,25114.75,25116.75
1776071940,25116.5,25120.75,25115.5,25119.25
1776072000,25119.25,25123.5,25118,25122.5
1776072060,25122,25123.25,25120.5,25122
1776072120,25122.25,25123.25,25119.5,25120.75
1776072180,25119.75,25122.75,25119.75,25121.25
1776072240,25120.75,25120.75,25117.25,25119.75
1776072300,25120,25120.25,25117.25,25118.5
1776072360,25118.25,25122.5,25118.25,25122.25
1776072420,25122.5,25129.75,25121.75,25126.25
1776072480,25126.25,25129.25,25121.25,25122.75
1776072540,25122.5,25124,25120.75,25122.25
1776072600,25122,25126,25121,25122.5
1776072660,25122.75,25127.75,25122.75,25126.5
1776072720,25126,25126.5,25121,25123.25
1776072780,25123,25125.25,25121.5,25123.25
1776072840,25122.5,25129.25,25121.75,25128
1776072900,25128,25133.75,25127.75,25131
1776072960,25130,25131.25,25126.75,25128.5
1776073020,25128.75,25131.5,25128.75,25130
1776073080,25129.5,25130.25,25124,25126
1776073140,25126.25,25126.25,25123.5,25125.25
1776073200,25125,25128.5,25121.75,25124.25
1776073260,25124.25,25125.75,25123.5,25123.75
1776073320,25123.5,25124.5,25115,25116
1776073380,25116.5,25119.25,25115.25,25118.25
1776073440,25117.75,25119.75,25117.75,25118.25
1776073500,25118.75,25121.25,25117.75,25120.25
1776073560,25120,25120,25113,25114.25
1776073620,25115.25,25116.25,25113.25,25114.25
1776073680,25115.5,25117,25114,25115.5
1776073740,25115,25115.5,25113,25114
1776073800,25113.5,25113.75,25107.75,25113.75
1776073860,25113.75,25115.75,25112.5,25115.25
1776073920,25115.5,25116,25113,25114
1776073980,25114,25117.5,25114,25115.75
1776074040,25115.25,25116.5,25113.75,25115.75
1776074100,25115.5,25119.25,25115.25,25118
1776074160,25118.5,25122.25,25117.75,25120.25
1776074220,25120,25120.5,25114,25115
1776074280,25115.25,25116.5,25113.75,25115.75
1776074340,25116,25118.75,25115.5,25116.5
1776074400,25116.5,25120.25,25116.5,25118
1776074460,25118.25,25120.5,25114.75,25120.5
1776074520,25120.25,25123,25119.75,25120.25
1776074580,25120,25122,25119,25119.75
1776074640,25120,25121.25,25118,25119
1776074700,25119,25120,25113.5,25116.25
1776074760,25115.25,25115.75,25112.5,25114.25
1776074820,25115,25117,25112.5,25115.75
1776074880,25116.25,25120.5,25116.25,25119.5
1776074940,25120.5,25121,25117.75,25119.75
1776075000,25120,25122.25,25117.75,25117.75
1776075060,25117.75,25125.25,25116.5,25121
1776075120,25121,25121.25,25117.25,25118
1776075180,25117.75,25121.5,25117.5,25120.5
1776075240,25120.75,25121.5,25119.25,25120.25
1776075300,25120,25120,25109.25,25109.75
1776075360,25110.25,25114,25110.25,25112.5
1776075420,25111.75,25114.75,25111.5,25114.25
1776075480,25114,25117.25,25113.25,25114.5
1776075540,25114.25,25114.5,25112.5,25113.75
1776075600,25113.25,25117,25112,25116.75
1776075660,25117.25,25119.25,25113.75,25114.5
1776075720,25115,25115.25,25109.5,25111
1776075780,25111.25,25113,25110.5,25112.5
1776075840,25112.25,25113.75,25110.25,25113.75
1776075900,25113.25,25113.75,25111.25,25112.25
1776075960,25112.25,25114.75,25112,25114.5
1776076020,25114.5,25116,25113.75,25114.25
1776076080,25114.5,25118.5,25114.5,25117.5
1776076140,25118,25120,25116.5,25118.75
1776076200,25119.25,25126,25119.25,25123.75
1776076260,25123.25,25124,25118,25119.25
1776076320,25119,25121.25,25119,25119.75
1776076380,25120.25,25120.75,25115.5,25117.75
1776076440,25118.25,25124,25118.25,25122.75
1776076500,25123,25123.5,25119,25120.75
1776076560,25120.25,25122.25,25118,25119.25
1776076620,25119.25,25120.5,25117.25,25118.25
1776076680,25118.25,25119,25116.5,25117.75
1776076740,25117.5,25118.5,25112.5,25118.5
1776076800,25117.75,25120.5,25116,25117.5
1776076860,25117.5,25117.75,25111.5,25113
1776076920,25113.25,25117,25112.75,25114
1776076980,25114.25,25117,25114,25115.75
1776077040,25116,25119.25,25115.25,25119
1776077100,25118.75,25120.25,25114.75,25120.25
1776077160,25119.75,25128,25118.75,25125
1776077220,25125.25,25131.25,25124.75,25129.75
1776077280,25129,25131.5,25127.25,25128.25
1776077340,25128,25128,25125.5,25127.5
1776077400,25126.75,25127.25,25123,25125.5
1776077460,25125.5,25129.75,25125.25,25129.75
1776077520,25129.75,25130,25127.25,25129.25
1776077580,25129.25,25130,25126,25127.25
1776077640,25128,25129.25,25125.5,25125.75
1776077700,25126,25130,25126,25129.25
1776077760,25129.5,25145.25,25128.5,25142
1776077820,25142,25147.5,25142,25143.5
1776077880,25143.25,25151.25,25141,25148
1776077940,25148,25158,25145.5,25156.5
1776078000,25156.25,25195.25,25156.25,25170.75
1776078060,25170.5,25176,25166.75,25169.25
1776078120,25170.25,25171.25,25165,25168
1776078180,25168.5,25177.25,25165.5,25175.25
1776078240,25174,25177,25171.75,25172.75
1776078300,25171.75,25177.75,25170.25,25177.25
1776078360,25176.5,25177.25,25173,25175.25
1776078420,25176,25177,25165.25,25165.75
1776078480,25165.5,25167.25,25164.25,25164.25
1776078540,25164.25,25165.25,25160,25160.75
1776078600,25161,25164.75,25160.25,25162.75
1776078660,25162.25,25163.75,25157.5,25159.75
1776078720,25160,25164,25155.5,25157.25
1776078780,25157,25158.75,25156,25157.25
1776078840,25157.25,25164.75,25157,25162.25
1776078900,25163,25163.5,25159.75,25163
1776078960,25163.5,25163.5,25153.75,25153.75
1776079020,25153.75,25155.5,25151,25153.25
1776079080,25152.75,25154.25,25149.75,25151.5
1776079140,25150.75,25155.5,25150.75,25151.75
1776079200,25151.25,25157.75,25151,25156.75
1776079260,25156.75,25159.75,25149.75,25151.25
1776079320,25151.25,25153,25148.75,25149.75
1776079380,25149.5,25153.75,25148,25152.5
1776079440,25152.5,25155.25,25137.25,25144.75
1776079500,25145,25150.5,25138,25144.75
1776079560,25145,25145,25138.25,25141.25
1776079620,25141.25,25141.75,25135.5,25136.25
1776079680,25135.5,25140,25134.5,25137.75
1776079740,25137.25,25140.75,25136,25138
1776079800,25138,25141,25136.25,25140.25
1776079860,25140,25142.5,25132.25,25134
1776079920,25133.25,25135,25128.25,25131.5
1776079980,25131.25,25131.25,25127,25128.5
1776080040,25128.25,25128.75,25122,25122.25
1776080100,25122,25126,25113.5,25115.25
1776080160,25114.75,25117,25104,25105.75
1776080220,25106,25112.25,25104.5,25111.25
1776080280,25111.25,25118.25,25110.75,25116.25
1776080340,25116.75,25119,25114.5,25115.5
1776080400,25115.25,25121,25112.5,25115.25
1776080460,25115.5,25115.75,25106.5,25111
1776080520,25110.25,25122.25,25110,25120.5
1776080580,25120.5,25122.25,25113,25113
1776080640,25113,25124,25111,25123.25
1776080700,25123.25,25129,25122.5,25123
1776080760,25123,25124,25106,25118
1776080820,25118,25121.25,25110.75,25113.25
1776080880,25113.25,25117.75,25111.25,25115
1776080940,25115.25,25117.75,25110.5,25112
1776081000,25111.75,25111.75,25092.25,25103
1776081060,25103.75,25106.25,25096,25102.75
1776081120,25103.25,25106.25,25098.25,25098.75
1776081180,25098.5,25104.25,25096.25,25099.75
1776081240,25100,25101.25,25096,25098.75
1776081300,25098.75,25100.75,25092.5,25092.75
1776081360,25092.75,25093.25,25084.75,25086
1776081420,25085.75,25098.5,25084.75,25096.5
1776081480,25096.5,25098.75,25093.75,25094.5
1776081540,25094.75,25095.5,25087.75,25090
1776081600,25090,25092.5,25082,25083.5
1776081660,25084,25084.25,25075.25,25077.5
1776081720,25078,25110,25073.25,25092.5
1776081780,25091.75,25098.5,25083.75,25085
1776081840,25084.5,25091,25074.75,25086.25
1776081900,25087,25098.75,25086.25,25096
1776081960,25096.25,25097.75,25090,25094.75
1776082020,25095,25099.25,25094.25,25097.25
1776082080,25098,25106,25097.25,25103.25
1776082140,25103.25,25107.5,25101.75,25106.75
1776082200,25106.25,25112.5,25105,25111.25
1776082260,25112,25116,25109,25115.75
1776082320,25115.5,25118,25110,25111.5
1776082380,25111.75,25115,25109.5,25114.75
1776082440,25114.25,25118.5,25112,25116.75
1776082500,25116.75,25118.25,25113.75,25116
1776082560,25116,25116.5,25112,25115.75
1776082620,25116.75,25121.75,25114.75,25120.75
1776082680,25120.75,25121.75,25117,25118
1776082740,25117.75,25119.5,25116,25117.5
1776082800,25118.25,25119,25112.75,25113.25
1776082860,25112.75,25118.75,25112.25,25116.25
1776082920,25116.5,25121,25116,25120
1776082980,25120,25123,25117.5,25120
1776083040,25120.25,25121,25115.75,25116.25
1776083100,25116.5,25123.75,25116.5,25119.75
1776083160,25120.5,25128.25,25120.5,25124.5
1776083220,25125,25125.75,25120.75,25123
1776083280,25122.5,25122.5,25118,25119.25
1776083340,25119,25124.5,25117.25,25124.5
1776083400,25124.75,25135.75,25124.75,25130
1776083460,25130.25,25130.25,25120.5,25125.5
1776083520,25125.5,25129.5,25122.25,25126
1776083580,25127,25137.75,25126.5,25133.25
1776083640,25133.5,25146,25132.5,25140.75
1776083700,25140.5,25141.5,25134.5,25137.25
1776083760,25137.5,25140.5,25132.5,25134
1776083820,25133.25,25135.25,25130.75,25133.75
1776083880,25133.75,25136.75,25133.5,25136
1776083940,25136,25141.25,25133.75,25140.25
1776084000,25140.75,25151.25,25140,25148.25
1776084060,25147.75,25150.5,25144.75,25147.25
1776084120,25146.5,25152,25146.25,25151.25
1776084180,25151.5,25151.5,25139.25,25143.5
1776084240,25143,25148.75,25141.25,25148.5
1776084300,25148.5,25155.5,25147,25154.25
1776084360,25154.5,25169.5,25154.5,25169
1776084420,25169.25,25174.75,25168.25,25169.75
1776084480,25170,25175,25168,25173.25
1776084540,25173.75,25174,25166.5,25167.25
1776084600,25167.25,25172,25163.5,25169.25
1776084660,25168.75,25173,25167.75,25172
1776084720,25172,25174.25,25165.75,25169
1776084780,25169,25176.5,25166.5,25173.5
1776084840,25173.25,25175.75,25170.75,25174.25
1776084900,25174.75,25180,25167.25,25168.5
1776084960,25168.5,25172.75,25164,25166.75
1776085020,25166.75,25172.5,25165.75,25171
1776085080,25170.75,25174,25167.75,25173
1776085140,25173,25173,25166.5,25168
1776085200,25167.75,25180,25166.75,25175.75
1776085260,25175.75,25179.5,25173.75,25175.5
1776085320,25175.75,25176.75,25169.5,25175.25
1776085380,25175.75,25175.75,25170,25172
1776085440,25172.25,25181.25,25171.5,25177.25
1776085500,25177.5,25179.75,25172.75,25173.5
1776085560,25173.75,25175.5,25171.5,25173.25
1776085620,25173.25,25173.75,25169.25,25172.25
1776085680,25171.75,25172.75,25162.25,25166.75
1776085740,25166.75,25167.75,25156.75,25162
1776085800,25161.75,25169.25,25158.75,25165.75
1776085860,25166,25174.75,25164.5,25173.25
1776085920,25173,25179.25,25173,25175.5
1776085980,25175.75,25180,25172.75,25178.5
1776086040,25178.75,25181,25177.25,25179
1776086100,25178.75,25179.25,25173,25176.75
1776086160,25176,25176,25168,25168.25
1776086220,25168.25,25175.25,25167,25173.25
1776086280,25173.75,25180,25173.5,25179.5
1776086340,25179.25,25190,25179,25187.5
1776086400,25187.75,25191,25185,25187
1776086460,25186.5,25192.25,25183,25190.25
1776086520,25190.25,25191.5,25188,25188.25
1776086580,25188.25,25198,25188,25196.25
1776086640,25196.75,25203.75,25195.75,25203.25
1776086700,25203.5,25209,25193.5,25203
1776086760,25202.75,25203.25,25197.5,25197.75
1776086820,25197.75,25205.25,25196,25202.25
1776086880,25202.5,25213.5,25202.5,25213
1776086940,25213.25,25218,25207.25,25215.25
1776087000,25215.5,25239.25,25215.5,25228.75
1776087060,25228,25230,25212.5,25221.75
1776087120,25222,25226.5,25202.5,25203
1776087180,25203.5,25223.25,25196.25,25220.75
1776087240,25220.5,25231.5,25214,25221.5
1776087300,25221.75,25222,25199,25206.25
1776087360,25206.5,25210.5,25179.25,25181.75
1776087420,25182.5,25201.5,25174.5,25193
1776087480,25193.5,25203,25189.75,25196.5
1776087540,25197.25,25206.25,25190.5,25197.5
1776087600,25197.5,25199.5,25189.25,25191.75
1776087660,25191.75,25196.75,25185,25191.75
1776087720,25192.25,25214.75,25189.25,25199.75
1776087780,25199.25,25211.25,25192,25203.5
1776087840,25203.5,25203.5,25179,25181.75
1776087900,25182.5,25185.75,25167.5,25171
1776087960,25171,25188.5,25167.75,25178.5
1776088020,25178.75,25183.25,25163.75,25166
1776088080,25166.25,25233.75,25160,25214.75
1776088140,25214.75,25278.25,25211.25,25271
1776088200,25271.25,25298.25,25268,25291.5
1776088260,25291.25,25293.25,25247.25,25252
1776088320,25252.25,25258,25236,25243.75
1776088380,25244,25248.75,25229,25243.25
1776088440,25243.25,25271,25241.5,25270.25
1776088500,25270.5,25278.5,25256.25,25264
1776088560,25264.5,25278.75,25260.25,25276
1776088620,25275.5,25280.5,25266,25274
1776088680,25273.75,25288,25268.75,25284.25
1776088740,25285,25311.25,25278,25307.5
1776088800,25306.75,25325,25301.5,25322.75
1776088860,25322.25,25326,25303,25304
1776088920,25304,25311,25293.5,25303.5
1776088980,25303.25,25305,25288,25298.5
1776089040,25298.5,25318.5,25298,25316.75
1776089100,25316.75,25324.5,25308.5,25320
1776089160,25320,25329,25310.75,25321
1776089220,25320.75,25333,25313,25318
1776089280,25317.5,25317.5,25303,25308.25
1776089340,25308.25,25313.5,25299.75,25309.75
1776089400,25309.5,25309.75,25295.5,25301.25
1776089460,25301.25,25306,25292.5,25296.25
1776089520,25296,25298.5,25284.5,25285.25
1776089580,25286,25291,25276,25280.75
1776089640,25281,25290.5,25276.5,25282.25
1776089700,25282,25283.75,25260,25263
1776089760,25263,25271.5,25259.75,25261.75
1776089820,25262,25268.25,25252,25254.5
1776089880,25254.25,25260,25252,25252
1776089940,25252.5,25274,25252,25272.25
1776090000,25272,25280,25267,25273.75
1776090060,25274.25,25294,25267.5,25290
1776090120,25290,25300,25285.25,25286
1776090180,25286,25295,25245,25277.75
1776090240,25277,25296.25,25274.5,25296.25
1776090300,25296,25297.75,25280.5,25294.25
1776090360,25294.25,25295.75,25284.5,25287
1776090420,25286.75,25293,25278.75,25285.25
1776090480,25286,25287.75,25278,25284.25
1776090540,25284.5,25297.5,25280.25,25296
1776090600,25296.25,25297.75,25287.25,25293.75
1776090660,25293.25,25308,25292,25307
1776090720,25307,25312.5,25289.75,25294
1776090780,25293.75,25304,25290.25,25297.75
1776090840,25298.5,25309,25296.25,25304.75
1776090900,25304.5,25305,25292,25294.5
1776090960,25294.5,25295,25285,25286.75
1776091020,25286.5,25287,25274.25,25284
1776091080,25284.25,25293.25,25281,25289.5
1776091140,25289,25291.75,25278.75,25290.25
1776091200,25290,25298,25287,25292.5
1776091260,25292.25,25296.25,25288.25,25291.75
1776091320,25291.75,25300,25290.5,25298.75
1776091380,25298.75,25307,25296.5,25297.5
1776091440,25298.25,25319.25,25297.75,25316
1776091500,25316.25,25319.5,25312.5,25317
1776091560,25317,25317.5,25307.25,25310.25
1776091620,25310.25,25313,25300.5,25301
1776091680,25301.25,25302.5,25292.75,25297.5
1776091740,25297.5,25302,25294.25,25299.5
1776091800,25299.75,25310,25294,25302
1776091860,25302.5,25313.75,25296,25312
1776091920,25311.25,25324,25309.25,25318.5
1776091980,25319.25,25330,25316,25327.25
1776092040,25327,25336.25,25324.5,25329.5
1776092100,25329.5,25330,25319,25326
1776092160,25326,25332.5,25324,25331.25
1776092220,25332.25,25345,25332.25,25343.5
1776092280,25343.5,25358.75,25341.25,25357.5
1776092340,25357.25,25358,25348.75,25351.75
1776092400,25351.5,25353,25311,25318.75
1776092460,25318.75,25333.25,25317.75,25328.5
1776092520,25329,25330,25316.5,25317.25
1776092580,25317.25,25321.25,25313.25,25315.25
1776092640,25315.25,25319.5,25308,25310.5
1776092700,25310.25,25319.75,25306,25310.5
1776092760,25310.25,25319,25306.75,25316.25
1776092820,25316.25,25329,25316.25,25325.25
1776092880,25325.5,25325.75,25308.25,25315.5
1776092940,25315,25335,25314,25329
1776093000,25329.5,25330.75,25320,25326.5
1776093060,25326.75,25349.75,25326.75,25347.75
1776093120,25347.75,25351,25342.5,25345.75
1776093180,25345.5,25345.5,25333.75,25336
1776093240,25335.25,25336.75,25329,25331.5
1776093300,25331.5,25340.5,25326,25327
1776093360,25327,25333.25,25324.5,25331
1776093420,25330.75,25331,25322.5,25327.25
1776093480,25327.5,25328,25318.5,25322.5
1776093540,25323.75,25326.75,25315,25317.75
1776093600,25317.25,25336.5,25316.75,25331
1776093660,25331.75,25339,25330,25332.75
1776093720,25332.5,25335.75,25326,25331.75
1776093780,25332,25332,25325.5,25329.75
1776093840,25329.75,25331.75,25318,25320.5
1776093900,25320.5,25322.5,25311.25,25320.75
1776093960,25320.75,25322.75,25310.5,25315
1776094020,25315.5,25321,25311,25320.75
1776094080,25321,25329.5,25319.5,25321.75
1776094140,25321.75,25322.75,25311.5,25312
1776094200,25312.25,25314.25,25307.25,25310.25
1776094260,25310.25,25311.25,25298.5,25305.25
1776094320,25305.5,25315.25,25305.5,25306.5
1776094380,25307.25,25317.75,25306.25,25315.5
1776094440,25316,25316.25,25307.25,25311.5
1776094500,25311.75,25317.5,25309,25312.75
1776094560,25312.75,25322,25306,25320.75
1776094620,25320.75,25334,25318.5,25331.25
1776094680,25331,25355,25322,25333.75
1776094740,25334,25345,25332.25,25340.5
1776094800,25340,25343.75,25331,25341
1776094860,25340.5,25344.5,25335.5,25336.75
1776094920,25337.75,25338.5,25320.75,25321.75
1776094980,25322,25323.25,25313.25,25321.75
1776095040,25322,25326.5,25319,25320.5
1776095100,25320.5,25321.5,25313.25,25318.5
1776095160,25318.75,25327.25,25318.25,25323.5
1776095220,25324.75,25328,25318.25,25321.75
1776095280,25321,25323,25314.75,25314.75
1776095340,25315.25,25320.75,25310,25320.25
1776095400,25320,25321.75,25312.5,25319
1776095460,25318.5,25319,25310,25310.75
1776095520,25310.75,25316.5,25307.5,25313.5
1776095580,25314,25315.25,25309,25313.5
1776095640,25313.5,25314.25,25302.75,25302.75
1776095700,25303,25311.25,25301.75,25308.75
1776095760,25308,25317,25305.5,25305.75
1776095820,25305.75,25307.75,25294.75,25304.75
1776095880,25304.75,25312,25303.75,25312
1776095940,25311.25,25311.25,25306.75,25309.5
1776096000,25309.5,25316,25302.5,25303
1776096060,25302.75,25303.25,25292,25296.5
1776096120,25296.25,25297.5,25284.75,25286.5
1776096180,25286.25,25291,25285.25,25289
1776096240,25289.25,25294.75,25288.25,25293.75
1776096300,25293.25,25295,25282.25,25287.5
1776096360,25288.25,25345,25287.25,25326.75
1776096420,25326.25,25326.25,25304.75,25310.75
1776096480,25310.75,25315,25305,25307.75
1776096540,25308.25,25322,25308,25313.75
1776096600,25313.75,25319,25310,25316.75
1776096660,25317.25,25329.25,25314,25322.5
1776096720,25322.75,25326,25315,25315.25
1776096780,25316,25317,25307.75,25314.75
1776096840,25314.75,25319.75,25313.25,25314.5
1776096900,25315,25320.75,25305.25,25309.5
1776096960,25309.75,25319,25307.5,25318.75
1776097020,25318.5,25322.75,25313.25,25322
1776097080,25321.75,25333.5,25314.75,25332.25
1776097140,25331.75,25332.75,25327,25328.5
1776097200,25329,25360.75,25328.5,25332
1776097260,25332.25,25348.75,25329.5,25346
1776097320,25346.25,25347.75,25339.25,25342
1776097380,25342,25351,25338,25347
1776097440,25347,25355.75,25346,25355.25
1776097500,25355,25366.75,25353.75,25366.5
1776097560,25366,25366.25,25352.5,25353.75
1776097620,25353.5,25363.75,25352,25362.25
1776097680,25362.25,25374.75,25357,25371.25
1776097740,25371.25,25396.5,25369.25,25384.75
1776097800,25385,25390.75,25378.5,25389.75
1776097860,25390.25,25395.25,25382.75,25387.75
1776097920,25387.75,25388.25,25370.75,25373
1776097980,25373,25411,25370.75,25380
1776098040,25379.75,25385.25,25374.75,25380
1776098100,25380.5,25423.75,25379,25405.25
1776098160,25405.25,25406,25389.25,25390
1776098220,25389.5,25393.75,25386.25,25388.75
1776098280,25388,25393.75,25383.25,25384.75
1776098340,25385.25,25397.25,25380,25385.25
1776098400,25385,25398,25375.5,25382
1776098460,25382,25390.25,25355.5,25364.25
1776098520,25363.75,25366.75,25345,25357.5
1776098580,25357.25,25385.75,25352.25,25381.5
1776098640,25382,25391.75,25380.25,25380.25
1776098700,25380.75,25381.5,25373.5,25379
1776098760,25378.75,25386,25374.5,25377
1776098820,25377,25415,25377,25404.5
1776098880,25405,25412,25398,25401.75
1776098940,25402,25407.5,25399,25401.75
1776099000,25402,25428.5,25402,25424
1776099060,25424.75,25435.25,25413.75,25414.25
1776099120,25414.5,25415.25,25405.25,25406.25
1776099180,25406.25,25407,25393.5,25396.25
1776099240,25396.5,25403.25,25395.5,25399.5
1776099300,25400,25400,25387.25,25392.75
1776099360,25393,25403.5,25392.5,25402.5
1776099420,25402,25403,25396.5,25402.75
1776099480,25402,25412.5,25399.5,25412.5
1776099540,25412.25,25416.25,25410,25410.5
1776099600,25411,25418.5,25409.5,25410.25
1776099660,25410.25,25414.25,25404.25,25413
1776099720,25413.5,25420.75,25412.25,25419.25
1776099780,25419.5,25422.25,25413.25,25414
1776099840,25414.25,25418.5,25411,25417
1776099900,25417.5,25422,25412.75,25413.25
1776099960,25412.75,25417.25,25406.5,25406.5
1776100020,25406,25411.5,25402.75,25406.5
1776100080,25406.75,25407.5,25397.75,25402.5
1776100140,25402.75,25407,25396,25405.25
1776100200,25405.25,25412.75,25402,25411
1776100260,25411.25,25415,25409.25,25412.75
1776100320,25412.5,25412.5,25406.25,25408.75
1776100380,25408,25411.25,25406.25,25407.25
1776100440,25407.25,25414.5,25407.25,25413.5
1776100500,25413.5,25420.25,25410.75,25419.75
1776100560,25420,25423.75,25416,25417.5
1776100620,25417,25419.75,25416.25,25417.5
1776100680,25417.25,25435,25417.25,25431.75
1776100740,25432.25,25441.25,25426.5,25430.5
1776100800,25430.75,25431,25419,25422.75
1776100860,25422.75,25429.25,25420,25427.5
1776100920,25427,25427,25420.5,25422.25
1776100980,25422.5,25428,25421.75,25425.25
1776101040,25424.75,25425.75,25419.25,25420.5
1776101100,25420.75,25425,25419.75,25423.5
1776101160,25423.25,25427.5,25421.5,25425.25
1776101220,25425.25,25429.25,25422.75,25426.5
1776101280,25426.25,25430.5,25425,25428
1776101340,25427.75,25431,25424.5,25430
1776101400,25429.5,25438.25,25428.75,25432.75
1776101460,25432.75,25438.5,25430.75,25431.75
1776101520,25431,25433.5,25427.5,25431.75
1776101580,25432.75,25434.25,25424,25426.75
1776101640,25426.5,25427.5,25422.5,25424.5
1776101700,25424.5,25425.5,25419.5,25421.75
1776101760,25422,25427.25,25420.75,25420.75
1776101820,25420.5,25430.75,25416.25,25425.25
1776101880,25425.25,25429.25,25424.75,25428.5
1776101940,25428.25,25430.5,25425,25425
1776102000,25425.25,25429.25,25422.5,25424
1776102060,25423.75,25428,25422.75,25427.25
1776102120,25427.5,25431.5,25423.5,25426.75
1776102180,25426.5,25429.75,25424.75,25428
1776102240,25427.75,25428,25419,25420
1776102300,25420.25,25420.5,25410.25,25413.5
1776102360,25413.25,25418.25,25412,25415.25
1776102420,25415,25416.25,25409.25,25410.5
1776102480,25410.75,25417,25408.75,25412
1776102540,25412.25,25415,25409.5,25410
1776102600,25410.25,25411.5,25398.75,25399.75
1776102660,25399.25,25407.5,25398.75,25403.75
1776102720,25404.25,25409,25403,25406.5
1776102780,25406.5,25415,25405.75,25409.75
1776102840,25409.25,25411.75,25404.75,25408.5
1776102900,25408.75,25416.75,25407,25414.75
1776102960,25415,25415.75,25406.25,25409.25
1776103020,25409.25,25410.5,25405.5,25408
1776103080,25407.75,25410.25,25404.25,25406.25
1776103140,25406.5,25408.5,25402.75,25404
1776103200,25404.5,25415.5,25404,25413
1776103260,25413.5,25414.75,25408.75,25411.75
1776103320,25411.75,25421.5,25410.25,25419.25
1776103380,25419.75,25422.5,25416.25,25421.5
1776103440,25421.75,25423.75,25416.75,25416.75
1776103500,25417,25420,25414.75,25416
1776103560,25416,25417.25,25412.75,25415.25
1776103620,25415,25419.25,25414.5,25417.5
1776103680,25417.75,25423.25,25416.75,25419.75
1776103740,25419.5,25423,25417.25,25420.5
1776103800,25420.25,25426,25419.5,25420.75
1776103860,25420.5,25424.25,25418.25,25419.5
1776103920,25419.25,25421.5,25416.75,25418.25
1776103980,25418.25,25419,25414.25,25416.5
1776104040,25416.5,25419.75,25415,25416.75
1776104100,25416.75,25418,25412.25,25417.25
1776104160,25417.25,25418.25,25413,25414.75
1776104220,25414.75,25416,25411.75,25413.25
1776104280,25413,25413.75,25407.5,25408.75
1776104340,25409.25,25412.25,25408,25408.25
1776104400,25408.25,25409.75,25402,25408
1776104460,25408,25412,25404.5,25408.75
1776104520,25408.5,25411,25406.25,25408.25
1776104580,25408.25,25409,25406,25406.25
1776104640,25406,25407,25400,25401.25
1776104700,25401.5,25404.25,25398.75,25404
1776104760,25403.75,25404,25399.25,25399.5
1776104820,25399.75,25400.5,25396,25397
1776104880,25396.75,25406.75,25396.75,25401.25
1776104940,25401.5,25404,25397.25,25399.5
1776105000,25399,25404.75,25397,25403.5
1776105060,25403.75,25408.25,25402.75,25405.25
1776105120,25405.25,25409.75,25404.25,25407.25
1776105180,25407,25411,25406.5,25407.25
1776105240,25407.25,25413,25407.25,25411.25
1776105300,25411.25,25415.5,25408.25,25413.5
1776105360,25413.25,25420,25412,25418
1776105420,25418,25420.5,25416.5,25418
1776105480,25418,25419.25,25413.5,25419
1776105540,25418.5,25420.75,25417.5,25418.75
1776105600,25419,25421,25416.25,25416.75
1776105660,25416.25,25420,25413.25,25417.5
1776105720,25417.25,25422,25414.25,25419.75
1776105780,25419.75,25423,25419.25,25420.5
1776105840,25420.5,25429.25,25419,25423.5
1776105900,25423.75,25440,25423.5,25435.25
1776105960,25435.75,25439.25,25433.25,25435.5
1776106020,25435.75,25437.5,25431.75,25433.75
1776106080,25433.75,25439.5,25433.5,25436.5
1776106140,25436.25,25438.5,25433.5,25435
1776106200,25435.5,25436,25430.25,25433.25
1776106260,25433.25,25446.5,25429.5,25438.25
1776106320,25438.5,25448.5,25437.25,25445.25
1776106380,25445.75,25446.25,25441.75,25443.5
1776106440,25443.25,25450.5,25440.25,25448.75
1776106500,25448.75,25456,25446.5,25453
1776106560,25453,25454.25,25449.5,25450.25
1776106620,25450.25,25450.5,25443.75,25447.25
1776106680,25447.5,25450.5,25445,25445.5
1776106740,25445.75,25446.75,25444.25,25445
1776106800,25445,25451.75,25444.5,25451
1776106860,25450.5,25454.5,25449.5,25453.5
1776106920,25453.5,25454.25,25447,25447
1776106980,25447.25,25451.25,25445.75,25449.5
1776107040,25449.75,25450.5,25445,25446.5
1776107100,25446.5,25447.75,25438.75,25442.75
1776107160,25443.25,25443.25,25437.5,25438.75
1776107220,25438.75,25441.75,25435.75,25438.5
1776107280,25438.5,25443.75,25438.25,25442
1776107340,25442.25,25444.5,25441,25443
1776107400,25443,25444,25439.75,25441.25
1776107460,25441.5,25441.5,25431.25,25434.5
1776107520,25434.25,25437,25433.75,25433.75
1776107580,25433.5,25436.25,25431,25433
1776107640,25432.75,25438.25,25431.5,25437.25
1776107700,25437.5,25441.75,25434.5,25439.75
1776107760,25439.25,25446.25,25438,25444.25
1776107820,25444.25,25448.5,25443,25447.75
1776107880,25447.75,25453.5,25447.75,25453
1776107940,25452.75,25454.25,25449,25451.25
1776108000,25451.5,25451.5,25447.5,25448.25
1776108060,25448.25,25453,25448.25,25452.25
1776108120,25452.25,25460.5,25450.5,25456
1776108180,25455.75,25460.25,25454,25458.25
1776108240,25458,25459,25455.75,25457.25
1776108300,25457.5,25461.75,25456,25458.75
1776108360,25458.75,25460.75,25457.25,25458.75
1776108420,25459,25460.5,25456.25,25458.75
1776108480,25458.75,25460.75,25457.5,25458
1776108540,25457.75,25459,25456,25459
1776108600,25458.5,25458.75,25451,25454
1776108660,25453.75,25474.5,25452.5,25470.5
1776108720,25471,25478.5,25469.75,25476.5
1776108780,25476.5,25479.5,25474,25475.5
1776108840,25476,25476,25472,25473.5
1776108900,25473.25,25478.5,25466.75,25474
1776108960,25474.5,25485,25474,25480
1776109020,25480.25,25480.5,25474,25474.5
1776109080,25474,25474.25,25466,25471
1776109140,25470.25,25472.5,25468.25,25468.75
1776109200,25469,25472,25464,25466
1776109260,25466,25467.75,25460.25,25463
1776109320,25462.5,25463,25458.25,25461.75
1776109380,25462,25463.5,25459,25459.75
1776109440,25459.5,25468,25459.5,25465.75
1776109500,25465.25,25469.75,25458.75,25462.25
1776109560,25462.25,25464.5,25460.75,25462.25
1776109620,25462.25,25464,25456,25460.25
1776109680,25460,25464.5,25458.25,25462
1776109740,25462,25472.75,25461.5,25471.75
1776109800,25472,25513,25470.5,25511.5
1776109860,25511.5,25518.25,25501.5,25510.5
1776109920,25511,25517,25507,25507.5
1776109980,25507.75,25521.75,25503,25518
1776110040,25517.25,25531.25,25514.25,25522.25
1776110100,25522.25,25541.5,25522,25532.75
1776110160,25532.75,25546.5,25530.5,25542.25
1776110220,25542.25,25547.5,25538,25544.25
1776110280,25544.25,25544.5,25536,25540.25
1776110340,25540.5,25550.25,25536.75,25538
1776110400,25537.75,25549.75,25535.25,25538.75
1776110460,25538.75,25542.75,25535.25,25539.25
1776110520,25539.25,25539.25,25534,25535.5
1776110580,25535.25,25546.25,25532.75,25541.5
1776110640,25541,25543.5,25536.75,25541.5
1776110700,25541.25,25552,25541,25550.75
1776110760,25550.75,25562.75,25550,25551.5
1776110820,25551.25,25553.25,25547.75,25548.5
1776110880,25548.75,25551,25547.5,25548
1776110940,25547.5,25549,25545.5,25547.25
1776111000,25547,25550.25,25541.5,25544.25
1776111060,25544,25548,25542.5,25547.75
1776111120,25547,25551.25,25547,25550
1776111180,25549.75,25552.25,25549.25,25551.25
1776111240,25551.75,25558.75,25550.75,25555.5
1776111300,25555.25,25556.5,25551.25,25551.75
1776111360,25551.75,25551.75,25548.5,25550
1776111420,25550.5,25552.25,25548.75,25549.5
1776111480,25549.5,25553.75,25547.5,25551.5
1776111540,25551.25,25552.25,25548.75,25551.5
1776111600,25551.75,25568.5,25550.5,25559
1776111660,25559,25562.25,25557.25,25560
1776111720,25559.75,25560.75,25553.25,25554.5
1776111780,25554.5,25557,25553,25555.25
1776111840,25555.75,25559.5,25554.25,25555
1776111900,25554.75,25557,25554.25,25556.5
1776111960,25556.25,25556.5,25552.5,25554.5
1776112020,25554.5,25559,25553.75,25556.75
1776112080,25557,25557.5,25554,25554
1776112140,25553.75,25555.5,25551.25,25551.5
1776112200,25551.75,25554.25,25550,25553.5
1776112260,25553.25,25560,25553,25557.5
1776112320,25557.25,25562,25557,25562
1776112380,25561.75,25562,25558,25561.25
1776112440,25560.75,25572,25559.75,25565
1776112500,25565,25571.5,25564,25568.5
1776112560,25568.5,25590.25,25568.25,25571.5
1776112620,25571.75,25574,25566.5,25567
1776112680,25566.75,25568.75,25565.75,25566.5
1776112740,25566.5,25568.25,25564.5,25565.75
1776112800,25566,25568,25564,25567.25
1776112860,25567.25,25567.25,25563.5,25564.25
1776112920,25564.25,25567,25564,25566.5
1776112980,25567,25569,25566,25567.5
1776113040,25567.5,25570,25566.75,25569.75
1776113100,25569.75,25577,25569,25573.5
1776113160,25573,25575.75,25572.5,25573.25
1776113220,25573.25,25578.25,25571.75,25575.75
1776113280,25575.25,25578.75,25574.75,25575.5
1776113340,25575.25,25577,25573.25,25573.75
1776113400,25573.5,25577.5,25573.25,25574.5
1776113460,25574.5,25576.75,25574.25,25574.25
1776113520,25574.25,25575.5,25574,25574.5
1776113580,25574.25,25577.5,25574,25576.5
1776113640,25576.25,25578.25,25575.75,25576.75
1776113700,25576.5,25579.25,25575.5,25576.25
1776113760,25576.5,25579,25576,25578.75
1776113820,25579.25,25586,25579.25,25581
1776113880,25580.5,25583.25,25580.5,25582.25
1776113940,25582.5,25587,25582.25,25585.25
1776117600,25581,25581,25565.25,25571
1776117660,25570.75,25579.5,25568,25579.25
1776117720,25578.25,25585,25578,25582
1776117780,25582.25,25585,25580.75,25581
1776117840,25580.75,25582.5,25576.75,25579.25
1776117900,25578.75,25589.25,25578.75,25586.75
1776117960,25586.75,25596.5,25585.25,25595.25
1776118020,25595.75,25600,25583.25,25583.5
1776118080,25584.75,25585.75,25577.5,25579.5
1776118140,25580.25,25586.25,25579,25582.75
1776118200,25583.5,25587.75,25579.75,25581.25
1776118260,25580.5,25583.75,25578,25583
1776118320,25582.25,25583,25580.25,25582.75
1776118380,25582.5,25583,25580.5,25582.75
1776118440,25583,25587.75,25582.25,25586.25
1776118500,25585.25,25586.5,25581.75,25583.75
1776118560,25584,25584.25,25580.25,25583.25
1776118620,25583.75,25589,25583.75,25587
1776118680,25587.75,25591,25586,25587.5
1776118740,25587.5,25588.25,25584.25,25584.5
1776118800,25584.25,25585.5,25582.25,25584
1776118860,25584.5,25586.75,25583.25,25586
1776118920,25586.25,25591.5,25586,25590
1776118980,25589.5,25589.5,25585.5,25586.5
1776119040,25587.25,25587.25,25583,25583.75
1776119100,25584,25584,25581.5,25582
1776119160,25581.75,25582.75,25580.75,25582
1776119220,25582,25583.25,25580.75,25582
1776119280,25581.75,25583.5,25581.25,25583
1776119340,25582.75,25583.5,25580.75,25581.5
1776119400,25582,25585.25,25580.5,25582.25
1776119460,25582.5,25585.25,25580.75,25582.75
1776119520,25582.75,25583.25,25579,25579.5
1776119580,25579.25,25581.5,25578.5,25578.5
1776119640,25579.25,25581,25578.5,25579.5
1776119700,25579.5,25581.25,25577,25579
1776119760,25579.5,25581,25578.25,25579.75
1776119820,25579.75,25586,25579.5,25584.5
1776119880,25584.75,25587.75,25582.5,25587.5
1776119940,25586.75,25589.75,25586.25,25587.5
1776120000,25587.25,25594.5,25587.25,25591.75
1776120060,25591.5,25597,25591,25592
1776120120,25593.25,25595,25585.5,25585.5
1776120180,25586,25590,25581.5,25583.5
1776120240,25583.25,25587.25,25582.75,25587.25
1776120300,25586.25,25590,25582,25584.5
1776120360,25584,25586.25,25578.75,25582
1776120420,25582.25,25585,25579.5,25582.5
1776120480,25582.5,25585.25,25582.25,25582.75
1776120540,25582.75,25586.75,25582.5,25585.5
1776120600,25585,25589.5,25584.75,25586.5
1776120660,25587.25,25587.5,25584.5,25585.25
1776120720,25586,25588.5,25582.5,25588.5
1776120780,25588.5,25593.25,25586.75,25592.75
1776120840,25592.25,25595,25590.75,25592.75
1776120900,25592,25597.5,25592,25596.75
1776120960,25597,25597,25594,25594
1776121020,25594,25595,25589,25591
1776121080,25590.75,25593.75,25590,25592.25
1776121140,25593,25594.5,25592,25593.5
1776121200,25593.75,25606.25,25592,25596.5
1776121260,25596.5,25599,25592.5,25595.25
1776121320,25594.75,25596.75,25588.5,25590
1776121380,25590,25591.75,25587.25,25590.5
1776121440,25590.5,25598.25,25590,25596
1776121500,25596.25,25605.5,25594.5,25603
1776121560,25603.25,25603.25,25600.5,25602
1776121620,25602.5,25611.25,25600.25,25609.5
1776121680,25609.25,25617.75,25607.25,25610.75
1776121740,25610.75,25614.5,25610,25613
1776121800,25612.5,25618.75,25611.75,25616
1776121860,25615.75,25616.25,25611,25615
1776121920,25615,25615,25611,25614.5
1776121980,25614.25,25618.5,25613.75,25614.75
1776122040,25614.75,25615.25,25605.5,25608.25
1776122100,25608.5,25612.25,25608,25609.75
1776122160,25609.5,25613.25,25609.5,25610.25
1776122220,25610.5,25612,25608.5,25609.75
1776122280,25609,25611.75,25608.5,25610.75
1776122340,25611,25611.25,25607.25,25609.75
1776122400,25609.5,25610.5,25604,25605.75
1776122460,25606,25606.5,25603.5,25604.5
1776122520,25604.25,25606,25603.5,25605
1776122580,25605,25605.5,25602.25,25603.75
1776122640,25603.25,25605.25,25603,25604.5
1776122700,25604.25,25605.75,25602.5,25603.25
1776122760,25603.75,25605,25602.75,25603.5
1776122820,25603.75,25604.5,25601.75,25604
1776122880,25603.5,25604.5,25601,25601.75
1776122940,25601.75,25603.25,25601,25601.75
1776123000,25601.5,25603,25599.5,25601.5
1776123060,25601.75,25603.25,25598,25598.25
1776123120,25598,25598.5,25595,25598.25
1776123180,25598,25601.5,25596.5,25600.25
1776123240,25600.25,25601.75,25596,25596.25
1776123300,25596.5,25599,25595.25,25596.75
1776123360,25596,25598,25595.5,25597
1776123420,25596.75,25603,25596.75,25599.75
1776123480,25600.25,25603,25599.5,25602.25
1776123540,25602.25,25603.5,25601,25602
1776123600,25601.75,25606,25599,25600
1776123660,25599.75,25604.25,25597.5,25603.75
1776123720,25603,25606.25,25602.5,25604
1776123780,25603.25,25606.75,25603.25,25605.25
1776123840,25605.5,25607.25,25604.25,25606.25
1776123900,25605.75,25608.75,25604.75,25608.25
1776123960,25607.5,25613,25607.5,25609.25
1776124020,25608.75,25610.75,25608,25608.5
1776124080,25608.75,25609.25,25600.25,25601.5
1776124140,25600.75,25601.5,25595,25595.25
1776124200,25595.25,25597.25,25590.25,25591.75
1776124260,25592.25,25593.25,25590.5,25590.75
1776124320,25591.25,25595.5,25591,25594
1776124380,25594,25595.5,25592,25593.75
1776124440,25594.75,25594.75,25586.25,25588.5
1776124500,25589,25589.5,25585.75,25586
1776124560,25586.5,25589.5,25586,25587.5
1776124620,25587.75,25591.75,25583,25587.5
1776124680,25587.75,25588,25584.75,25587
1776124740,25587.5,25587.5,25584.75,25585.5
1776124800,25585.25,25585.75,25574,25575
1776124860,25575.5,25579.25,25574.5,25576.25
1776124920,25576.75,25583,25576.5,25582.25
1776124980,25582,25587.25,25580.25,25580.5
1776125040,25581.25,25582.5,25575.25,25577.5
1776125100,25577.25,25578,25562.5,25564.75
1776125160,25564,25568.5,25559.5,25564
1776125220,25563.5,25570,25562,25565.75
1776125280,25566.5,25570,25564,25564.5
1776125340,25564.75,25568.5,25564.5,25567.75
1776125400,25567.75,25574.25,25566,25571.75
1776125460,25571.75,25572.5,25563.75,25566.25
1776125520,25566.5,25573.75,25566,25573.25
1776125580,25573.5,25578.25,25573.25,25575.5
1776125640,25576.25,25581,25576,25579.75
1776125700,25579.25,25587.25,25578.25,25581.5
1776125760,25582.25,25583.5,25577.25,25579.75
1776125820,25580.25,25582.25,25578,25581
1776125880,25581.75,25582.5,25578.5,25580.25
1776125940,25580.75,25581,25577,25580
1776126000,25580,25589.25,25578.75,25585.75
1776126060,25586,25587,25574.75,25575
1776126120,25575.5,25579.25,25573.5,25576.5
1776126180,25577.25,25577.25,25572.25,25573.75
1776126240,25573.75,25576.25,25573.25,25575.75
1776126300,25575,25575.5,25570.5,25571.75
1776126360,25572,25573,25566.5,25567.75
1776126420,25568.25,25571.5,25568,25571.5
1776126480,25571,25573.25,25569,25570
1776126540,25570.5,25577,25570.5,25575.25
1776126600,25574.75,25585.5,25574.25,25584.75
1776126660,25584.5,25593.5,25583.25,25589.75
1776126720,25589,25594.25,25587,25591
1776126780,25590.5,25594.25,25589.25,25593.25
1776126840,25592.75,25596.5,25591.25,25593.5
1776126900,25593.25,25598.5,25590.75,25597.25
1776126960,25597.5,25600.5,25593.25,25595.25
1776127020,25596,25597.25,25595,25595.75
1776127080,25595.75,25598.5,25595.25,25597.75
1776127140,25598,25599.75,25591.75,25594.75
1776127200,25594.75,25595.25,25592,25595
1776127260,25595.25,25595.75,25592.25,25593
1776127320,25593.25,25594,25590.5,25590.75
1776127380,25590.5,25591.75,25589,25590.5
1776127440,25590.25,25594,25589.75,25592.75
1776127500,25592.25,25595.25,25589,25589.25
1776127560,25590,25590,25585.25,25588.25
1776127620,25588.5,25588.75,25586,25587.75
1776127680,25588.25,25591.25,25586.75,25588
1776127740,25588,25589.5,25585.75,25585.75
1776127800,25585.75,25587.75,25583.5,25583.75
1776127860,25583.75,25586.5,25582.25,25584.5
1776127920,25584.5,25590.75,25584.25,25588.75
1776127980,25589,25589.75,25586.75,25587.5
1776128040,25587.5,25593.5,25587.25,25590.25
1776128100,25590.5,25592,25589,25591
1776128160,25590.5,25594,25589.25,25592.5
1776128220,25591.5,25593.75,25591.5,25592.5
1776128280,25592.25,25593.25,25590.75,25591.75
1776128340,25592,25592.25,25589.5,25591
1776128400,25591,25591.25,25580.75,25582
1776128460,25581.75,25583.5,25573,25573.5
1776128520,25574,25580.75,25571.5,25578.75
1776128580,25578.75,25581.75,25576.25,25579.5
1776128640,25579,25580,25576,25579.75
1776128700,25579,25585.75,25578.75,25583.25
1776128760,25583,25585.75,25581.75,25585
1776128820,25584.75,25587,25582.25,25584.75
1776128880,25584.5,25588.5,25584.5,25586.25
1776128940,25585.75,25585.75,25581,25582.75
1776129000,25583.25,25584.25,25581.75,25583.5
1776129060,25583.25,25583.25,25580,25581.5
1776129120,25582,25585,25581.25,25584.5
1776129180,25585,25585,25582,25583.5
1776129240,25583.5,25588.5,25583.5,25588.5
1776129300,25588.5,25590.5,25586.25,25589
1776129360,25588.5,25590,25587.75,25588.75
1776129420,25588.5,25588.75,25585.25,25587.5
1776129480,25587,25588,25585,25587
1776129540,25587.75,25591.75,25587,25587.5
1776129600,25587.25,25589,25585.25,25588
1776129660,25588,25593.25,25587.75,25590.25
1776129720,25591,25593.25,25591,25592.5
1776129780,25593,25593,25589,25590.5
1776129840,25590.25,25591,25580.5,25583.75
1776129900,25583.25,25586.75,25582.5,25586.25
1776129960,25586.25,25587.75,25582.75,25583.25
1776130020,25583,25584,25582,25583.5
1776130080,25583,25584.25,25582.5,25582.75
1776130140,25583.25,25585.75,25581.75,25584.5
1776130200,25584.25,25584.25,25574.75,25578
1776130260,25578,25578.5,25573.25,25574.75
1776130320,25575.5,25578.5,25572.75,25578
1776130380,25578.25,25578.25,25576,25577.75
1776130440,25577.25,25583.25,25576.5,25576.75
1776130500,25576.5,25577.25,25574.5,25575.5
1776130560,25574.5,25576.25,25573,25576
1776130620,25575.75,25577,25574.25,25575.5
1776130680,25576,25578.5,25575.25,25577.75
1776130740,25577.75,25582.75,25577.75,25581
1776130800,25581,25587.5,25580,25583
1776130860,25583.5,25583.75,25580.75,25581.5
1776130920,25581.25,25581.75,25579,25580.5
1776130980,25581,25584.25,25580.75,25584.25
1776131040,25584.5,25585,25582,25584.5
1776131100,25584.75,25589,25584.25,25585.75
1776131160,25585.5,25586,25583.5,25584.75
1776131220,25585,25586,25583.5,25586
1776131280,25586.25,25588.5,25585.25,25586.25
1776131340,25586.5,25586.5,25585,25586
1776131400,25585,25586,25583.75,25584.5
1776131460,25584.25,25585.25,25581.75,25583.5
1776131520,25582.75,25583.5,25581.25,25582.5
1776131580,25583,25584.75,25581.25,25583.75
1776131640,25583.75,25586,25583.75,25585
1776131700,25584.75,25585.5,25584.25,25585.5
1776131760,25586,25586.5,25580.25,25582
1776131820,25581.75,25583.75,25580,25580
1776131880,25580,25580.75,25578,25579.5
1776131940,25579.5,25582.25,25579.5,25581.5
1776132000,25581.5,25582.75,25578.75,25579
1776132060,25579,25579.5,25575.5,25577
1776132120,25577.25,25579,25575.75,25578.25
1776132180,25578,25580.25,25576.5,25580.25
1776132240,25580,25583.25,25579.25,25582
1776132300,25582.25,25585.75,25582.25,25585.25
1776132360,25584.75,25586.75,25583.25,25586
1776132420,25586.75,25590,25586.25,25587.5
1776132480,25587.5,25592,25585.75,25591.25
1776132540,25591.25,25591.5,25589.25,25591
1776132600,25591.25,25596.75,25590.75,25595.5
1776132660,25595.5,25596.25,25591.75,25594.25
1776132720,25593.5,25594.75,25592,25592
1776132780,25592.5,25592.75,25590,25590.75
1776132840,25591.5,25596,25591.5,25595.5
1776132900,25595,25597,25594.25,25596
1776132960,25596.5,25597.25,25593.5,25595.5
1776133020,25595,25597.5,25594.5,25596
1776133080,25595.75,25595.75,25593.5,25593.5
1776133140,25593.75,25593.75,25590.5,25590.75
1776133200,25591,25591,25587.5,25588.75
1776133260,25588.5,25589,25583.5,25584
1776133320,25584.25,25586.25,25584,25585.5
1776133380,25585.25,25587.5,25584.75,25585
1776133440,25585,25585.5,25583.25,25584.5
1776133500,25584,25586,25582.5,25584.25
1776133560,25583.75,25587,25583.5,25586.25
1776133620,25586.75,25589.5,25586.5,25587.5
1776133680,25587.5,25589,25587,25588.25
1776133740,25588,25593,25587.75,25590.5
1776133800,25590.5,25591,25587.25,25589
1776133860,25588.75,25590.25,25588.25,25589
1776133920,25588.75,25588.75,25584,25585.5
1776133980,25584.75,25585.5,25582.5,25584
1776134040,25583.5,25586.5,25583.5,25586.25
1776134100,25586,25587,25584.5,25584.5
1776134160,25584.5,25587.75,25584.5,25587.5
1776134220,25587.25,25587.75,25585,25586.25
1776134280,25586.75,25587,25585.25,25586.25
1776134340,25585.75,25590,25585.75,25589.75
1776134400,25590,25596.5,25590,25595.75
1776134460,25595.75,25596.75,25594.25,25594.5
1776134520,25595.25,25595.25,25591,25592.75
1776134580,25592.25,25592.5,25590.5,25591.25
1776134640,25591.5,25594.5,25591.5,25594
1776134700,25594,25596.75,25593.75,25595
1776134760,25595,25595,25593,25594.25
1776134820,25594.5,25595.25,25592.75,25595.25
1776134880,25595.5,25596,25593.5,25594
1776134940,25593.5,25595,25592.75,25593.5
1776135000,25593.75,25594.25,25591.25,25592.25
1776135060,25592.25,25593.75,25591,25592.5
1776135120,25593.25,25593.5,25591.75,25593
1776135180,25592.75,25593,25591,25592.25
1776135240,25592.25,25592.25,25590,25591
1776135300,25591.75,25591.75,25588.75,25590.75
1776135360,25590.75,25593.5,25589.5,25593
1776135420,25593.5,25594.25,25592.75,25593.75
1776135480,25593.75,25595.75,25593.25,25594.75
1776135540,25595.25,25597.25,25594.5,25595.75
1776135600,25595.5,25596,25587.5,25589
1776135660,25589,25591,25586.25,25586.75
1776135720,25587.25,25589.5,25586.25,25586.5
1776135780,25586.25,25588.75,25583.75,25586.5
1776135840,25586.5,25588.25,25586,25587.25
1776135900,25586.5,25587.25,25583.5,25584.25
1776135960,25584,25586,25583,25585.5
1776136020,25586,25586,25582.75,25584.5
1776136080,25584,25585,25581,25583.25
1776136140,25583.5,25584,25581.25,25583.75
1776136200,25583.5,25586,25583,25585.25
1776136260,25585.75,25586.5,25584.25,25586
1776136320,25586.25,25587,25585.75,25586
1776136380,25585.5,25586.75,25583.5,25584
1776136440,25584.5,25584.75,25583,25583.25
1776136500,25583.75,25585.5,25583.5,25585
1776136560,25584.5,25586,25583.75,25583.75
1776136620,25584,25584,25581.25,25582.25
1776136680,25582.5,25585,25582,25583.5
1776136740,25584,25587,25584,25585.5
1776136800,25585,25585,25583.5,25583.5
1776136860,25583,25584.75,25582.25,25584.5
1776136920,25584.5,25585.75,25583,25583.5
1776136980,25583.5,25583.75,25579.5,25580.5
1776137040,25580.75,25581.75,25579.5,25579.75
1776137100,25579.75,25580.5,25577.25,25578
1776137160,25578,25579.5,25574.25,25575.5
1776137220,25575,25577,25574.75,25575
1776137280,25575.5,25577.5,25575,25576.5
1776137340,25576.25,25578.5,25576.25,25578.5
1776137400,25578.25,25580.5,25578,25580.25
1776137460,25580,25581.75,25579,25579.75
1776137520,25580.5,25580.75,25576.75,25577.5
1776137580,25577.5,25580.5,25577.5,25580
1776137640,25580.5,25580.75,25577.75,25578.25
1776137700,25578,25578,25575,25577
1776137760,25576.75,25577,25575.5,25576.75
1776137820,25576.75,25578.25,25576.5,25578
1776137880,25578,25578.5,25576.5,25578.5
1776137940,25577.5,25578.25,25576.5,25577.25
1776138000,25576.75,25578.5,25576.5,25578.25
1776138060,25578.25,25581.25,25577.75,25579.25
1776138120,25578.75,25579.5,25577.5,25579
1776138180,25579.5,25580.25,25578.5,25580
1776138240,25580,25580.75,25579.25,25579.5
1776138300,25579.25,25579.25,25576.25,25579.25
1776138360,25579.25,25580.5,25579,25579.75
1776138420,25579.25,25579.75,25577.5,25578
1776138480,25578.25,25579.5,25577,25578.5
1776138540,25579.25,25581,25579,25580.75
1776138600,25580.75,25583.5,25580.5,25582.75
1776138660,25583.25,25586.25,25582.5,25584
1776138720,25584,25585,25582.25,25583.75
1776138780,25583.75,25584.5,25581.25,25581.75
1776138840,25581.5,25583,25581.5,25583
1776138900,25582.75,25584.75,25581.25,25584.5
1776138960,25584.25,25585.5,25583.75,25585.25
1776139020,25584.75,25586,25584.5,25585.5
1776139080,25585.5,25585.75,25584,25584.25
1776139140,25584.5,25585,25582.25,25583.25
1776139200,25583.5,25583.5,25580.75,25582
1776139260,25581.5,25582.75,25581.25,25582.25
1776139320,25582.5,25584.75,25582.5,25584.75
1776139380,25584.75,25584.75,25583,25583.75
1776139440,25583.5,25584.75,25583.25,25584.5
1776139500,25584.25,25585.25,25582.75,25582.75
1776139560,25583,25585,25582.25,25584.25
1776139620,25585,25585,25582,25583.25
1776139680,25583.75,25584.25,25583,25583.5
1776139740,25583.75,25584.75,25583,25584
1776139800,25584.75,25584.75,25580.75,25581.5
1776139860,25581.75,25583,25581.5,25582
1776139920,25581.75,25581.75,25580.75,25581.5
1776139980,25581,25582,25580.75,25581.5
1776140040,25581.5,25581.75,25580.75,25581.75
1776140100,25581.5,25587.25,25581.25,25586.75
1776140160,25586.25,25587.25,25585,25586.75
1776140220,25586.75,25590.5,25586.5,25589
1776140280,25588.75,25590.5,25588.25,25588.25
1776140340,25588.5,25590.75,25588,25589.75
1776140400,25589.75,25592,25586.25,25590
1776140460,25590.75,25591.25,25589.25,25589.75
1776140520,25589.75,25592.75,25589.75,25591.75
1776140580,25592.25,25592.75,25588,25588.5
1776140640,25588.75,25591.25,25588.5,25591
1776140700,25590.75,25592.75,25590,25591.75
1776140760,25591.75,25592.5,25590.5,25591.25
1776140820,25591,25592,25589.75,25589.75
1776140880,25590,25590,25588,25588.75
1776140940,25589,25589.75,25588.25,25588.75
1776141000,25588.75,25589.75,25587,25589.5
1776141060,25588.75,25589.75,25587,25587.75
1776141120,25587.75,25589.75,25587.25,25588.5
1776141180,25589,25590,25588.75,25589.5
1776141240,25589.5,25589.5,25587.75,25587.75
1776141300,25587.75,25590.75,25587.75,25588
1776141360,25588.25,25591,25588.25,25589.5
1776141420,25589.75,25590.25,25588.25,25588.25
1776141480,25587.75,25587.75,25584.5,25585.25
1776141540,25585.75,25586.75,25584.25,25585.25
1776141600,25585,25587,25584.25,25586.25
1776141660,25586,25586.5,25584.5,25586
1776141720,25585.75,25585.75,25584.5,25585
1776141780,25584.75,25585.75,25584.75,25585.25
1776141840,25585.75,25587,25585,25586.25
1776141900,25585.75,25588.25,25585.5,25587.5
1776141960,25587.75,25589.5,25587.25,25589
1776142020,25589,25592,25589,25591.25
1776142080,25591,25592,25590.5,25591.25
1776142140,25591.75,25593.75,25591.5,25593.25
1776142200,25593.5,25593.75,25591.75,25592
1776142260,25592,25593,25591.5,25592.25
1776142320,25592.75,25593.75,25592.5,25593.5
1776142380,25593.75,25594,25592.5,25593.25
1776142440,25593.25,25593.5,25591.75,25592.25
1776142500,25592.75,25594,25592.25,25593.5
1776142560,25593.5,25593.5,25591.5,25593
1776142620,25593,25594,25592.5,25593.5
1776142680,25593.75,25595,25593.25,25593.5
1776142740,25593,25594,25592.5,25593.5
1776142800,25594,25594,25591.25,25591.5
1776142860,25591.25,25592,25590,25591
1776142920,25591,25592.5,25589.75,25592.25
1776142980,25592,25592.75,25591.5,25592
1776143040,25592.25,25592.75,25591.5,25592
1776143100,25591.75,25591.75,25590,25591
1776143160,25591,25592.25,25590.25,25592.25
1776143220,25592.5,25593,25592,25593
1776143280,25592.5,25593.75,25591.25,25592
1776143340,25592,25593.75,25591,25592.75
1776143400,25593,25596,25592.5,25595
1776143460,25594.75,25595.25,25593,25593.25
1776143520,25593,25594.25,25592.5,25593
1776143580,25593.5,25593.5,25591.25,25591.5
1776143640,25591.5,25593.5,25591.5,25593.5
1776143700,25594,25596.25,25592.75,25594.25
1776143760,25593,25595.25,25593,25594.75
1776143820,25594.75,25594.75,25593.5,25594
1776143880,25594.25,25594.75,25593.75,25594.75
1776143940,25595,25595.5,25592.75,25594.75
1776144000,25594.75,25596.25,25594.5,25596
1776144060,25595.5,25599,25595,25597.75
1776144120,25598,25598,25594,25594.75
1776144180,25594.5,25595.25,25590.75,25592.75
1776144240,25593,25593,25588.75,25588.75
1776144300,25589.25,25589.5,25585,25587.75
1776144360,25587.75,25588.25,25586.5,25588
1776144420,25588.5,25590,25587.5,25589.5
1776144480,25589.25,25589.25,25585,25587.75
1776144540,25587.75,25596.25,25587.75,25593.25
1776144600,25593.25,25593.5,25589,25590.25
1776144660,25590.25,25591.75,25584.25,25586.25
1776144720,25585.75,25587.75,25585,25586
1776144780,25586.25,25586.75,25581,25582.5
1776144840,25583,25584.5,25577,25578.25
1776144900,25578,25578.5,25575,25577.75
1776144960,25578.25,25580,25577,25578.75
1776145020,25579,25580.25,25571.25,25573
1776145080,25572.75,25576.5,25572.25,25573.5
1776145140,25573,25574.75,25572.5,25573.5
1776145200,25573.75,25575.75,25573.25,25574.5
1776145260,25574.5,25577.75,25574.5,25576
1776145320,25575.75,25576.75,25574.25,25575.25
1776145380,25575.75,25578.25,25575,25578
1776145440,25578,25581.25,25576.75,25577.25
1776145500,25577,25578.25,25575,25578.25
1776145560,25577.75,25579.5,25577.25,25579.5
1776145620,25579.75,25581.75,25578.25,25581.5
1776145680,25581,25582.5,25578.25,25578.25
1776145740,25578.5,25580.25,25578.25,25579
1776145800,25579,25579.25,25575.75,25576.75
1776145860,25576.25,25578.75,25575.75,25576.5
1776145920,25576.5,25576.5,25573,25574.5
1776145980,25574.5,25575.75,25572.25,25573.5
1776146040,25573.75,25576.25,25573.75,25575.75
1776146100,25576.5,25576.75,25574,25575.5
1776146160,25575.25,25576.75,25574.25,25575.25
1776146220,25574.5,25576.25,25574.5,25575.5
1776146280,25575.25,25576,25574.25,25575.25
1776146340,25574.5,25575,25573.25,25574
1776146400,25574.25,25579.25,25573.5,25577.75
1776146460,25577.5,25579.25,25574,25575.5
1776146520,25575.75,25579,25575.25,25578.5
1776146580,25578.75,25581,25578.25,25579
1776146640,25579.5,25580.5,25576.5,25577
1776146700,25577,25577.25,25569.25,25573.75
1776146760,25574,25574.25,25570.5,25573
1776146820,25573.25,25573.5,25570,25571
1776146880,25571.25,25572.75,25570.25,25571
1776146940,25571,25572.25,25568.25,25569.25
1776147000,25569,25569.75,25567,25569.75
1776147060,25569.75,25570.5,25566.75,25570.25
1776147120,25570.75,25580,25570,25575.5
1776147180,25575.25,25575.5,25573,25575.5
1776147240,25575.75,25576.25,25572.5,25573.5
1776147300,25573.5,25573.5,25570.75,25572.25
1776147360,25572.25,25572.5,25566,25566.75
1776147420,25567,25571.5,25566.75,25569
1776147480,25568.5,25570,25567.25,25568.25
1776147540,25568.25,25569.25,25566.25,25568.25
1776147600,25568,25573.75,25567.75,25573
1776147660,25573.5,25574.25,25569,25570.25
1776147720,25570,25570.25,25567,25567
1776147780,25567.25,25568.5,25565,25565
1776147840,25565,25569.75,25564.5,25569
1776147900,25569,25570,25567,25568.25
1776147960,25568.25,25571.5,25568,25569.25
1776148020,25569.75,25573.25,25568.25,25571.5
1776148080,25571.75,25576,25571.25,25575
1776148140,25575,25576.75,25573.25,25573.75
1776148200,25574,25578.5,25572.5,25574.25
1776148260,25573.75,25574,25570.5,25571.25
1776148320,25571.75,25572,25569.75,25571.5
1776148380,25571.5,25573.5,25570.5,25572.25
1776148440,25572.75,25578.75,25572.75,25578
1776148500,25577.75,25580.75,25577,25580.75
1776148560,25581,25584.5,25580,25583
1776148620,25582.25,25589.5,25582.25,25585.5
1776148680,25585.75,25588.75,25584.75,25587.75
1776148740,25587.5,25589,25585.5,25586.75
1776148800,25585.5,25588.75,25584,25588
1776148860,25587.5,25592,25586.75,25591
1776148920,25591.5,25593,25589.75,25590
1776148980,25590,25590.25,25586.75,25588.75
1776149040,25589.25,25589.25,25586,25586.75
1776149100,25586.25,25587.25,25584.75,25586.5
1776149160,25586.5,25588.5,25583,25587.75
1776149220,25588.25,25588.5,25581,25582.5
1776149280,25582.5,25583.75,25581.75,25583
1776149340,25582.75,25583.75,25582,25583.5
1776149400,25582.25,25582.75,25579.25,25580.5
1776149460,25580.75,25582,25579.25,25580.25
1776149520,25580.75,25581,25576.75,25577.25
1776149580,25577.25,25579.75,25576.5,25578.5
1776149640,25578.25,25579,25576.5,25577.25
1776149700,25577.5,25578.75,25575.75,25576.75
1776149760,25577.25,25578.5,25576.5,25578
1776149820,25577.75,25582.75,25577.5,25582.5
1776149880,25582.5,25582.75,25579.25,25582.25
1776149940,25582.25,25587,25582,25585
1776150000,25586.25,25588,25581.5,25584
1776150060,25585,25587.75,25582.75,25584.75
1776150120,25585,25608.25,25582.75,25598.25
1776150180,25597.5,25609.75,25593.5,25609.5
1776150240,25608,25610.25,25602.5,25606.75
1776150300,25605.75,25622.5,25603.75,25621
1776150360,25621,25634.75,25611.25,25612.5
1776150420,25611.25,25621.75,25610,25620.25
1776150480,25620.75,25634.5,25616.75,25632.25
1776150540,25632.25,25637.75,25630.25,25635
1776150600,25635,25637,25620.25,25621.75
1776150660,25621.5,25621.5,25610.5,25614.5
1776150720,25614.75,25623.25,25613.5,25618.75
1776150780,25617.75,25621,25613.25,25620.75
1776150840,25620.5,25625,25614.75,25618.75
1776150900,25620,25623.5,25617.5,25618.75
1776150960,25617.5,25617.75,25609.25,25613.25
1776151020,25613.25,25617,25612,25613.75
1776151080,25614,25617,25611.75,25611.75
1776151140,25611.5,25615.75,25609.25,25610.25
1776151200,25610.25,25616.25,25609.25,25614
1776151260,25614.5,25628,25612.5,25628
1776151320,25628,25632,25619.5,25620.25
1776151380,25620.5,25622,25615,25615.75
1776151440,25615,25617.5,25612,25612.25
1776151500,25612.25,25620,25610,25616.75
1776151560,25616.5,25619.25,25614.75,25617.5
1776151620,25616.75,25623,25616.25,25622.5
1776151680,25621.75,25624,25619.75,25623.75
1776151740,25623.5,25626.25,25621.25,25622.25
1776151800,25622.25,25639.5,25621.5,25630.75
1776151860,25630,25635.5,25629.75,25633.25
1776151920,25633,25636,25629.25,25631.25
1776151980,25630.75,25635,25629.5,25630.75
1776152040,25630.5,25630.75,25625.75,25628.25
1776152100,25628.25,25631.5,25627,25630
1776152160,25629,25635,25628,25633
1776152220,25632.5,25636.75,25627.25,25636
1776152280,25636.75,25639,25631,25635
1776152340,25634.5,25639,25632.5,25636.5
1776152400,25635.75,25643,25635.5,25641.5
1776152460,25641.75,25643,25630,25630
1776152520,25630.5,25631.25,25621.25,25621.75
1776152580,25622.25,25627,25622.25,25623
1776152640,25622.75,25622.75,25615.75,25619.75
1776152700,25619.25,25626,25618,25622.5
1776152760,25623,25624,25620.75,25621.75
1776152820,25622,25627.5,25622,25623
1776152880,25623.25,25625.75,25622,25623.5
1776152940,25623.25,25624.25,25618.25,25621.25
1776153000,25620.5,25621.25,25618,25618.25
1776153060,25618.75,25622.5,25616.75,25622
1776153120,25621.75,25621.75,25612,25613.5
1776153180,25613.5,25614.5,25606.5,25610.25
1776153240,25610,25614.25,25609.25,25613.25
1776153300,25613,25620,25611.5,25618.5
1776153360,25619.25,25621.25,25617.5,25617.5
1776153420,25618.5,25620,25616.25,25618.5
1776153480,25619,25620.75,25618,25620.75
1776153540,25620.25,25621,25617.5,25618.5
1776153600,25618.25,25620.75,25614.75,25618
1776153660,25617.75,25620.5,25617.25,25617.5
1776153720,25618.75,25619.25,25609.75,25610.5
1776153780,25611,25620.25,25611,25620.25
1776153840,25620,25629,25619.75,25625
1776153900,25625.25,25625.75,25622.75,25624.75
1776153960,25624.25,25631.75,25622.75,25630
1776154020,25630.25,25630.25,25625,25626.75
1776154080,25626.5,25626.5,25620.5,25624.5
1776154140,25624.25,25627,25621.25,25624.5
1776154200,25624.25,25624.5,25617.75,25620
1776154260,25620.25,25637,25618.25,25626.75
1776154320,25625.75,25632.25,25623.5,25628.75
1776154380,25628.25,25631.5,25627,25629.75
1776154440,25629.25,25635.75,25629.25,25633
1776154500,25633.25,25639.5,25631,25639.5
1776154560,25638.75,25640,25629,25630.75
1776154620,25631.25,25634.5,25621.25,25621.5
1776154680,25622,25631.5,25618.5,25630.5
1776154740,25629.75,25633.75,25629.75,25632
1776154800,25632,25636.75,25630.75,25636.25
1776154860,25635.25,25635.5,25629.75,25631.25
1776154920,25630.75,25636.25,25630,25635.25
1776154980,25636,25636.25,25630,25630
1776155040,25630.25,25632.25,25628.5,25631.75
1776155100,25631.75,25638.5,25631.75,25637.75
1776155160,25637.75,25639.75,25636,25638.5
1776155220,25638,25642,25637.25,25641.5
1776155280,25641.25,25646,25639.75,25642.25
1776155340,25642.75,25645.25,25642.25,25644.25
1776155400,25644.5,25651.5,25643.5,25650.5
1776155460,25651,25651,25639.5,25644.5
1776155520,25644.5,25645.25,25640,25641.75
1776155580,25641.75,25643.5,25640.5,25642.5
1776155640,25642.25,25643.75,25640.25,25642.75
1776155700,25643,25644.25,25636.5,25637
1776155760,25637,25640.25,25635,25637
1776155820,25636.5,25644.5,25636,25643.75
1776155880,25644,25646.75,25643,25645.5
1776155940,25645.5,25648.5,25645.25,25648.5
1776156000,25648,25648.5,25644,25646.25
1776156060,25645.75,25650,25644,25649.75
1776156120,25650,25654.25,25646.75,25647
1776156180,25647.25,25649.5,25644,25649
1776156240,25649.25,25656.5,25649,25654
1776156300,25654.25,25657.5,25652.75,25656.75
1776156360,25656.75,25657.5,25653.25,25654.5
1776156420,25654.25,25656.5,25653.25,25655.5
1776156480,25655,25656.5,25654,25656.5
1776156540,25656.25,25658,25654.75,25655
1776156600,25654.75,25656.5,25654.5,25656.5
1776156660,25656.25,25663.75,25656.25,25662.25
1776156720,25661.75,25664.5,25658.25,25659.5
1776156780,25659,25660,25655,25657
1776156840,25657,25663.75,25656.25,25663.25
1776156900,25663.25,25664,25659.25,25660.25
1776156960,25660.25,25661.25,25657.5,25658
1776157020,25658.5,25661.5,25656.5,25661.25
1776157080,25662,25662,25658.25,25658.5
1776157140,25658.25,25663,25657.5,25662.5
1776157200,25662.75,25667.25,25662.75,25665.25
1776157260,25665.25,25673.25,25665,25672.25
1776157320,25672,25674,25669.75,25670.5
1776157380,25670.75,25672.5,25670.25,25671.5
1776157440,25671.25,25673,25670,25672.25
1776157500,25672.5,25672.75,25668.75,25669.5
1776157560,25669,25669.75,25664,25667.75
1776157620,25667.75,25669.25,25665.25,25665.75
1776157680,25666,25668.75,25663.5,25667.5
1776157740,25667.75,25672.5,25667.25,25671.75
1776157800,25671.5,25672.5,25669,25671.5
1776157860,25671.75,25673.5,25669,25670.75
1776157920,25670.75,25672,25669,25669
1776157980,25668.75,25671,25664,25671
1776158040,25671,25671.75,25667.75,25668.5
1776158100,25669.25,25669.75,25664.75,25666
1776158160,25666.25,25673,25665.5,25670.75
1776158220,25671.25,25671.5,25666.75,25670.75
1776158280,25670.5,25671,25666.25,25666.25
1776158340,25666,25666.25,25662.25,25662.25
1776158400,25662.25,25663.5,25660.25,25663.25
1776158460,25662.75,25668,25660.75,25665
1776158520,25664.25,25664.5,25660,25660.5
1776158580,25660.5,25665.25,25660,25664.25
1776158640,25664.75,25667.5,25664,25666.75
1776158700,25666,25666.25,25658.5,25659.25
1776158760,25659,25659.75,25654.5,25655.25
1776158820,25655.25,25659.5,25655.25,25657.75
1776158880,25657.75,25659.75,25654,25654.75
1776158940,25654.25,25654.25,25651.25,25651.75
1776159000,25651.75,25652.25,25644.25,25648.75
1776159060,25648.25,25648.75,25645,25645
1776159120,25646.25,25648.25,25645,25647.5
1776159180,25647.25,25649.25,25639.75,25644.75
1776159240,25644.25,25644.75,25641.25,25642.75
1776159300,25642.75,25644.5,25641.5,25641.75
1776159360,25641.75,25648,25641.5,25645.75
1776159420,25645.5,25645.75,25643.5,25645.25
1776159480,25644.5,25648.75,25644.5,25647.25
1776159540,25647,25648,25644.5,25646.75
1776159600,25646.75,25649.75,25646.25,25647.5
1776159660,25647.75,25648.25,25642.5,25642.75
1776159720,25642.5,25644.5,25640.75,25643
1776159780,25643.25,25644,25639,25642
1776159840,25642,25642.75,25641,25641.5
1776159900,25642,25642,25637.5,25638.25
1776159960,25638,25639.75,25634,25637.25
1776160020,25637.25,25639.25,25635.5,25637.5
1776160080,25637.75,25638.25,25634.5,25634.5
1776160140,25635,25636.25,25632.75,25635.25
1776160200,25635.5,25640.5,25634.75,25637.25
1776160260,25638,25639,25637,25637.5
1776160320,25637.25,25639.5,25637,25638.5
1776160380,25638.5,25640.5,25637.75,25637.75
1776160440,25637.5,25638,25632,25635.75
1776160500,25635.75,25638,25633.5,25637.5
1776160560,25637.5,25640.75,25637.5,25638.5
1776160620,25638.25,25639.5,25636.5,25637.25
1776160680,25637.25,25638.25,25635.5,25637.25
1776160740,25637.75,25639.25,25635.75,25637.75
1776160800,25638,25640,25636,25636.5
1776160860,25637,25638.25,25635.75,25637.5
1776160920,25638,25638,25626.75,25630.75
1776160980,25630.25,25632.25,25629,25630.25
1776161040,25629.5,25636.25,25629.5,25635
1776161100,25635.5,25641.75,25635.5,25639.5
1776161160,25640,25640.75,25637.25,25638.75
1776161220,25638.5,25645.25,25637.75,25645
1776161280,25644.75,25647.5,25643.75,25644.75
1776161340,25644.75,25650,25644.5,25648.25
1776161400,25648.25,25651.5,25647.75,25648.5
1776161460,25648.5,25649.75,25646.25,25648
1776161520,25648,25649.5,25645,25649.5
1776161580,25649.5,25651.75,25648.5,25649
1776161640,25650,25653.25,25648.25,25651
1776161700,25651.25,25652,25647.5,25651.5
1776161760,25651.75,25654.5,25649.5,25654
1776161820,25654,25655.5,25647.75,25648.5
1776161880,25648,25651,25646,25648
1776161940,25648,25655.25,25647.5,25655
1776162000,25655,25655.75,25650.75,25653.25
1776162060,25653.75,25654.5,25648.25,25650.75
1776162120,25651,25652,25649.75,25651.25
1776162180,25651.75,25653.25,25650,25652.25
1776162240,25652.75,25655.5,25650.75,25655.25
1776162300,25654.75,25655.25,25650.5,25651.75
1776162360,25651,25651.5,25647,25648
1776162420,25648.25,25650.5,25647.25,25647.75
1776162480,25647.75,25651,25647.25,25648
1776162540,25648,25648.75,25637.5,25648.75
1776162600,25648.25,25649.25,25644.25,25647
1776162660,25646.75,25647.5,25643.75,25643.75
1776162720,25643.75,25648,25641,25641.5
1776162780,25641,25641.5,25634,25640
1776162840,25639.25,25641.75,25632.25,25633.75
1776162900,25634.25,25642.25,25634,25639.25
1776162960,25639,25641.5,25635.5,25636.25
1776163020,25636.25,25637.25,25631.5,25634.25
1776163080,25634.5,25636.25,25624.5,25626.5
1776163140,25627,25629.25,25622,25627.5
1776163200,25627.75,25635.75,25627.75,25633
1776163260,25633.25,25633.5,25627.75,25627.75
1776163320,25628,25630,25623.75,25628
1776163380,25627.75,25630,25625,25625
1776163440,25624.75,25626.75,25622.25,25625.5
1776163500,25625.25,25632.25,25623,25631.5
1776163560,25631.75,25632.75,25627.75,25628
1776163620,25628.75,25631,25627,25627
1776163680,25626.75,25629.5,25625.5,25628.25
1776163740,25628.25,25634.25,25628.25,25632.75
1776163800,25633.5,25633.75,25630.5,25633.25
1776163860,25633.5,25636.5,25633,25636.5
1776163920,25636.25,25639.75,25635.5,25638.75
1776163980,25639,25639,25633.75,25635.5
1776164040,25635.75,25637.25,25633,25637.25
1776164100,25636.75,25639,25635,25637.75
1776164160,25638.25,25638.5,25635.5,25635.75
1776164220,25635,25637,25633.5,25634
1776164280,25634.25,25635.5,25630.25,25630.75
1776164340,25631,25632,25625,25625.5
1776164400,25625.5,25629,25619.75,25629
1776164460,25629,25630.75,25626,25628.5
1776164520,25628.5,25634,25628.5,25633
1776164580,25633,25633.25,25630,25630
1776164640,25630.25,25633,25628.75,25632.25
1776164700,25632,25636.25,25631.5,25634.75
1776164760,25634.5,25638.75,25634.5,25637.75
1776164820,25637.75,25640,25631.75,25632
1776164880,25632.5,25638.25,25630.5,25634.75
1776164940,25634.25,25635.25,25629.75,25635.25
1776165000,25635.5,25641,25635,25639
1776165060,25639.5,25640.75,25636.25,25640
1776165120,25640,25641.5,25638.5,25641
1776165180,25640.75,25645.5,25639.25,25640.75
1776165240,25640.5,25643.25,25638.75,25639.25
1776165300,25639.25,25643.5,25638.25,25642.5
1776165360,25642,25646.75,25640,25645
1776165420,25644.75,25646.5,25640.25,25641
1776165480,25640.25,25645.75,25640,25644.5
1776165540,25644.25,25649,25644.25,25647.75
1776165600,25647.5,25654.25,25647.5,25651.75
1776165660,25652,25653,25648.5,25649
1776165720,25649.5,25651.5,25648.25,25651
1776165780,25651.5,25652.75,25647.5,25652.25
1776165840,25653,25656.75,25652.25,25655.5
1776165900,25654.75,25657,25652.75,25657
1776165960,25657.25,25660,25656.25,25657.25
1776166020,25657,25657.25,25654.25,25655.25
1776166080,25655.75,25658.75,25654.75,25657.25
1776166140,25657.25,25657.75,25655,25656.25
1776166200,25656.5,25661.75,25653.75,25659
1776166260,25659.25,25661.5,25656.25,25657.75
1776166320,25657.5,25658,25651.5,25654.25
1776166380,25654,25656.25,25652.25,25653.5
1776166440,25652.75,25654.25,25650,25653
1776166500,25653,25656,25652.5,25654.75
1776166560,25655.25,25658,25654.75,25655
1776166620,25655,25655,25651.5,25652.75
1776166680,25653,25654.25,25651.5,25653.25
1776166740,25652.25,25659,25652.25,25657.25
1776166800,25657.75,25661.5,25655.75,25658.75
1776166860,25658.25,25659.75,25657,25658
1776166920,25658,25660.25,25657,25658.5
1776166980,25658.75,25658.75,25654,25655.75
1776167040,25655.25,25656.5,25653,25653.25
1776167100,25653,25655.25,25652.75,25654
1776167160,25654.25,25658,25653.25,25653.25
1776167220,25653,25655.75,25651.5,25655
1776167280,25655.5,25661.5,25654.75,25660.5
1776167340,25660.25,25661,25657.25,25657.5
1776167400,25658,25665.5,25657.5,25658.5
1776167460,25658.5,25661.5,25657.25,25660.25
1776167520,25660,25662.5,25659,25661.5
1776167580,25661,25663.5,25659.5,25662
1776167640,25661.5,25662.25,25658,25658
1776167700,25657.75,25658.25,25656,25656.25
1776167760,25656,25658.75,25654.75,25658.25
1776167820,25657.5,25696.25,25652.75,25683.5
1776167880,25682.75,25687.75,25666.25,25676
1776167940,25675.75,25675.75,25663.5,25666.5
1776168000,25667.25,25680.5,25665.75,25678
1776168060,25677.25,25679,25673.25,25676.25
1776168120,25676.5,25681.5,25674.25,25678.75
1776168180,25679,25684.5,25677.5,25680.5
1776168240,25681.75,25681.75,25675.5,25679
1776168300,25678.75,25689,25677.25,25684
1776168360,25684,25685,25678.25,25683
1776168420,25682.5,25684,25680,25682.75
1776168480,25682.5,25688.5,25682.5,25687
1776168540,25687.25,25689,25684,25686.75
1776168600,25687,25694.5,25686.5,25689
1776168660,25688.75,25689,25677.5,25678
1776168720,25678.5,25681,25670.75,25672
1776168780,25671.75,25675.75,25670.75,25675
1776168840,25674.25,25675.5,25671.25,25673
1776168900,25674,25675.25,25667.75,25672.75
1776168960,25673.25,25679,25671.75,25678
1776169020,25678,25684,25677.25,25681.5
1776169080,25682,25683.25,25679.25,25683.25
1776169140,25683.25,25683.5,25680.25,25682
1776169200,25682.25,25682.25,25668,25670.25
1776169260,25669.75,25672,25666.5,25669.25
1776169320,25669,25672.25,25664,25666.5
1776169380,25666.25,25673.25,25666,25671.75
1776169440,25671.75,25672,25660.25,25661.5
1776169500,25661,25664.25,25657.5,25664
1776169560,25662.75,25688.5,25662.5,25684
1776169620,25684,25692.25,25683.75,25690.25
1776169680,25689.75,25692.25,25685.75,25690
1776169740,25689.5,25710,25687.5,25701.25
1776169800,25694.25,25716.25,25675.5,25676.5
1776169860,25677,25680.5,25666.5,25674.5
1776169920,25675.25,25677.75,25670.75,25676
1776169980,25676,25676,25668,25672.25
1776170040,25671.25,25675.75,25669.25,25673.75
1776170100,25673.75,25678.75,25672.75,25673.5
1776170160,25673.75,25677.5,25666.75,25669.5
1776170220,25668.75,25673.5,25666.5,25667.5
1776170280,25667,25681,25667,25675.5
1776170340,25675.75,25680.5,25675.5,25679
1776170400,25679,25690,25678.25,25683.25
1776170460,25683.25,25686.25,25679.5,25684.5
1776170520,25684.5,25684.5,25676,25677
1776170580,25677.5,25682.75,25674.5,25675.5
1776170640,25675.75,25681,25674.75,25678
1776170700,25679.25,25680.75,25675.25,25677.25
1776170760,25676.75,25677,25668.75,25672.5
1776170820,25672,25676.75,25670.5,25672.25
1776170880,25672.5,25678.75,25671.25,25676.5
1776170940,25677.25,25680,25674.5,25678.5
1776171000,25678.25,25681.75,25670.25,25672.5
1776171060,25672.25,25676.5,25670.75,25671
1776171120,25670.75,25672.25,25663.25,25665.25
1776171180,25666,25668.75,25662,25663.25
1776171240,25663,25668.75,25660.25,25668.25
1776171300,25668.25,25672.5,25665.5,25671.5
1776171360,25670.5,25673,25667.5,25668.75
1776171420,25669,25670.5,25666.25,25669.5
1776171480,25669,25673.25,25668.5,25672.25
1776171540,25672.25,25677,25670.75,25675.75
1776171600,25676,25676.25,25670.5,25673.25
1776171660,25673.25,25673.5,25666.25,25667.75
1776171720,25667.75,25673,25667.5,25668
1776171780,25668.5,25672.75,25666.25,25671.5
1776171840,25671.25,25672.5,25667.75,25672.25
1776171900,25672.5,25673,25668.75,25670.5
1776171960,25670.25,25675.75,25668.5,25675.75
1776172020,25675.75,25678,25669.5,25669.75
1776172080,25670,25675,25668.25,25675
1776172140,25674.5,25675,25671.75,25672.25
1776172200,25672,25673,25665.25,25669.75
1776172260,25669.75,25671.5,25667.25,25669.25
1776172320,25668.75,25672.25,25666.75,25671
1776172380,25671,25673.75,25668.5,25672.25
1776172440,25672.5,25676.5,25672.25,25673
1776172500,25672.25,25678.25,25671.75,25676.75
1776172560,25677.25,25678.5,25675,25676.25
1776172620,25676.25,25679.5,25675.75,25678.75
1776172680,25678.75,25682.75,25678,25681.25
1776172740,25681,25682.5,25678,25680
1776172800,25679.75,25680.25,25676,25676.5
1776172860,25676.75,25678.75,25665.75,25668.25
1776172920,25667.75,25671,25666.25,25668.5
1776172980,25669.25,25674.75,25668.75,25673.75
1776173040,25674,25678,25669.5,25669.75
1776173100,25670,25671.5,25662.75,25663.75
1776173160,25664,25664.5,25656.25,25658
1776173220,25658.5,25662,25651.75,25652
1776173280,25652.5,25672.5,25651.75,25670.5
1776173340,25669.75,25669.75,25639.5,25655.75
1776173400,25656.25,25708,25655.75,25689.25
1776173460,25689,25709.25,25681.5,25708.5
1776173520,25708.75,25718,25702.5,25705.5
1776173580,25705.5,25722,25701.75,25719.75
1776173640,25719.5,25727,25713.5,25718.25
1776173700,25718.25,25745.75,25715.25,25743
1776173760,25743,25744.5,25725.75,25738
1776173820,25737.75,25748.5,25729.5,25745.75
1776173880,25745.75,25746.5,25736.25,25744
1776173940,25744.5,25744.75,25703.5,25708.5
1776174000,25708.25,25721,25706,25710.75
1776174060,25710.5,25728,25706.75,25727.75
1776174120,25727.5,25753.25,25723.5,25739.25
1776174180,25738.5,25749.5,25733,25748.75
1776174240,25748.75,25756.25,25741.25,25748.75
1776174300,25748.5,25763.75,25740,25759.25
1776174360,25758.5,25763.75,25749.5,25750.25
1776174420,25750.25,25750.75,25736.25,25740.25
1776174480,25741.25,25746.5,25732.5,25736.5
1776174540,25736.75,25750,25728.75,25746.75
1776174600,25747.25,25749.5,25739,25743.5
1776174660,25743.75,25758.25,25741.75,25755.5
1776174720,25754.75,25760.5,25742.5,25756
1776174780,25756.25,25759.25,25746.5,25752.25
1776174840,25752.5,25752.5,25739.25,25741.25
1776174900,25741.25,25743,25722.75,25732.75
1776174960,25732.25,25740,25727.5,25739.5
1776175020,25739.75,25740.5,25725.5,25727.25
1776175080,25728,25732.75,25721,25725.5
1776175140,25725.75,25727.5,25717,25722
1776175200,25721.75,25729.25,25718.75,25724.5
1776175260,25724.5,25734.5,25718.25,25728
1776175320,25727.75,25734.75,25722.75,25729.5
1776175380,25729.25,25730,25720.25,25723
1776175440,25723.25,25724,25710.5,25720.75
1776175500,25721.25,25731.5,25719.25,25731
1776175560,25731.25,25742.75,25726.5,25741.75
1776175620,25741.75,25748.25,25734.75,25745.25
1776175680,25745.5,25747.75,25739.25,25746.5
1776175740,25746,25760,25745.75,25758.5
1776175800,25758.5,25761.5,25747.5,25759
1776175860,25759,25768,25752.25,25756
1776175920,25755.5,25755.75,25742.25,25747.5
1776175980,25748,25767.25,25746,25766.75
1776176040,25766.75,25777.5,25766,25775.25
1776176100,25775.25,25779.25,25768.5,25778.5
1776176160,25778,25785,25773,25784.5
1776176220,25784,25787.5,25775.5,25779
1776176280,25779,25779.25,25765.5,25774.5
1776176340,25774.75,25775.25,25766.25,25767
1776176400,25767,25781.25,25764.75,25780.75
1776176460,25781,25791.5,25779.5,25789.25
1776176520,25789.75,25793.75,25785.75,25791.25
1776176580,25791,25791.5,25782,25786
1776176640,25785.75,25796,25785.5,25793.5
1776176700,25793.75,25796.5,25786.5,25789.75
1776176760,25789.5,25795.5,25787.5,25795.25
1776176820,25794.75,25796.25,25786,25788.75
1776176880,25788.5,25803.75,25787.25,25800.5
1776176940,25800.25,25806.5,25800,25803.25
1776177000,25803.5,25809,25793.75,25807
1776177060,25807,25808.5,25801.75,25803
1776177120,25803.5,25806,25798.5,25799.5
1776177180,25799.25,25802.5,25794.5,25796.25
1776177240,25796.75,25800.75,25791.25,25795.5
1776177300,25795.75,25817,25792.75,25813.75
1776177360,25813.75,25815.5,25806,25810
1776177420,25810.25,25814,25807,25812.75
1776177480,25812.5,25814.5,25788.5,25794
1776177540,25793.75,25796.25,25785.5,25789.25
1776177600,25789.25,25791.25,25780,25782.5
1776177660,25783,25796.25,25780.75,25795.25
1776177720,25795,25798.75,25791,25792.5
1776177780,25793,25795.5,25788.75,25793.25
1776177840,25793.25,25793.25,25784.5,25786.5
1776177900,25786.5,25793,25783.75,25787.75
1776177960,25788.5,25796,25787.75,25793.75
1776178020,25793.75,25802.75,25793.5,25799.25
1776178080,25799.5,25802.75,25794.75,25800.25
1776178140,25800.75,25806.5,25800.25,25801.25
1776178200,25801.25,25803.75,25794,25795.75
1776178260,25795.25,25801,25788.75,25800.5
1776178320,25800,25813,25798.5,25808.5
1776178380,25808.5,25814.5,25807,25812
1776178440,25811.75,25823,25810.25,25817.5
1776178500,25817.5,25821,25812.75,25815
1776178560,25815,25815.5,25807.25,25812.5
1776178620,25812,25814.5,25807.75,25808.75
1776178680,25808.75,25811,25802.75,25809.25
1776178740,25809.75,25812.5,25805.5,25806
1776178800,25805.75,25807.25,25795.25,25797
1776178860,25797.5,25803.5,25795.25,25799.25
1776178920,25799.75,25803.5,25793,25794.75
1776178980,25795.25,25800,25793.5,25795.5
1776179040,25795.5,25796.5,25783,25783.25
1776179100,25783.25,25785.25,25773.5,25778.75
1776179160,25779,25779.75,25762.5,25771
1776179220,25770.25,25783.25,25768.5,25776.75
1776179280,25776.25,25781.5,25773.75,25777.75
1776179340,25778,25778,25770.25,25773
1776179400,25772.75,25779,25771,25778.75
1776179460,25779,25788,25777.75,25784.5
1776179520,25784,25788,25778.75,25782.5
1776179580,25782.5,25793.75,25779.75,25792.75
1776179640,25792.75,25793,25784,25786
1776179700,25785.75,25792.25,25783,25790.75
1776179760,25791.5,25798.25,25790.75,25796
1776179820,25795.75,25800.5,25790,25796.75
1776179880,25796,25799.25,25793.5,25794.75
1776179940,25795.25,25813.5,25793.75,25810.25
1776180000,25810,25824.25,25805.5,25818
1776180060,25818,25826.25,25816.75,25822.75
1776180120,25822.75,25830.75,25818.5,25818.5
1776180180,25818.75,25829.5,25816,25827.25
1776180240,25827.25,25827.5,25820.25,25823.5
1776180300,25823.75,25838,25823.25,25837.25
1776180360,25837.5,25846,25836.75,25844.5
1776180420,25844.25,25845,25837.25,25837.75
1776180480,25838,25840.5,25833.75,25838.25
1776180540,25837.75,25839.25,25831.75,25834.25
1776180600,25833.75,25845.5,25832.5,25844.5
1776180660,25844,25849.75,25841,25849.5
1776180720,25849.5,25851.25,25842.5,25846.75
1776180780,25846.25,25846.5,25839.5,25840.25
1776180840,25840.5,25847,25840.25,25843.75
1776180900,25843,25850,25843,25848.5
1776180960,25848.75,25851.5,25845,25846.5
1776181020,25846.5,25851.25,25845.5,25849.75
1776181080,25850,25856,25848.5,25855.75
1776181140,25855.25,25860.25,25854,25855
1776181200,25855.25,25858.25,25852.25,25857
1776181260,25857,25857,25849,25851.5
1776181320,25851.25,25857.75,25849.5,25856
1776181380,25856,25876,25855.5,25859.75
1776181440,25860,25867.25,25855,25863
1776181500,25863,25876.25,25862.5,25873.25
1776181560,25873.5,25882.75,25873.25,25881.75
1776181620,25881.75,25882.25,25874.5,25877.5
1776181680,25877,25883.75,25876.5,25883.25
1776181740,25883.5,25884.75,25876.5,25880.75
1776181800,25881,25891,25880.75,25889.25
1776181860,25889.5,25899.75,25888.5,25895.5
1776181920,25895.25,25896.75,25892.25,25894.5
1776181980,25894.25,25899.5,25890.75,25895.75
1776182040,25895.75,25899.75,25894,25896
1776182100,25896.25,25896.75,25887.5,25891.25
1776182160,25891,25893.5,25886.5,25889.75
1776182220,25889,25889.5,25881.5,25884.25
1776182280,25884.25,25885.25,25878,25879.5
1776182340,25879.5,25880.75,25874.5,25876
1776182400,25876,25883.5,25873.25,25880.25
1776182460,25879.75,25882.5,25875.25,25880.75
1776182520,25880.5,25888,25880.5,25887.25
1776182580,25887.5,25893.5,25886,25891.75
1776182640,25892,25895.5,25891.25,25893.5
1776182700,25894,25896,25885,25888
1776182760,25888.25,25891.25,25882.5,25883.75
1776182820,25884,25894,25882,25891
1776182880,25891,25893.25,25886.75,25888.75
1776182940,25888.75,25891.25,25887,25889.5
1776183000,25889.5,25897.5,25889.25,25890.5
1776183060,25890.75,25891.75,25887,25888.5
1776183120,25888.75,25888.75,25885,25888.25
1776183180,25888,25889.5,25885,25887
1776183240,25887,25892,25885.25,25890.5
1776183300,25891,25895.25,25890.5,25891.5
1776183360,25891.75,25895.5,25890.5,25893.5
1776183420,25893.5,25904.75,25892.5,25897.5
1776183480,25898,25908.25,25897.25,25901.5
1776183540,25901.25,25906,25898.5,25904.75
1776183600,25904.25,25915.25,25901.75,25912.75
1776183660,25912.5,25913,25906.5,25908.25
1776183720,25908.5,25910,25900.5,25909.5
1776183780,25909.75,25918,25909.5,25915.5
1776183840,25915.5,25917.75,25913,25917.25
1776183900,25917.25,25922.75,25915.5,25920.75
1776183960,25921.25,25926.5,25920.25,25924.75
1776184020,25924.5,25931.5,25924,25928
1776184080,25927.5,25929.5,25924.25,25929
1776184140,25929.25,25931.25,25926.5,25927.5
1776184200,25927.75,25933,25925.75,25932.5
1776184260,25932.75,25934.25,25921.5,25922.75
1776184320,25922.75,25925,25915.25,25915.75
1776184380,25915.75,25919.75,25912,25916
1776184440,25916.25,25916.75,25912.75,25914.75
1776184500,25914.5,25916,25907.75,25909.25
1776184560,25909.25,25914.75,25907.25,25913.5
1776184620,25913.25,25921.5,25911.75,25921
1776184680,25921.25,25923.25,25917,25918.5
1776184740,25918.75,25921.5,25917,25921.25
1776184800,25921.25,25927,25920.75,25925
1776184860,25925,25925,25918.75,25920.5
1776184920,25920,25926,25916.5,25922.5
1776184980,25922.25,25925,25921.5,25923.25
1776185040,25923.5,25926.25,25922.25,25926
1776185100,25925.75,25931.25,25922.5,25925.75
1776185160,25926,25928,25922,25925.25
1776185220,25925.75,25930.5,25925.25,25928.75
1776185280,25928.75,25931.75,25927.25,25927.5
1776185340,25928.25,25938.25,25928.25,25935
1776185400,25935.25,25940,25932,25933.25
1776185460,25933.25,25933.25,25921.5,25928.5
1776185520,25928.75,25931.5,25925.75,25926.5
1776185580,25927,25927,25917.75,25917.75
1776185640,25918.25,25923.75,25917.75,25919.25
1776185700,25919.25,25922.25,25913.5,25916
1776185760,25916.5,25916.5,25909.5,25911.25
1776185820,25911.5,25914.5,25909.25,25909.5
1776185880,25909.75,25914.25,25905.75,25910.75
1776185940,25911,25915.75,25907.5,25914
1776186000,25914.25,25921,25914.25,25918.75
1776186060,25919,25925.5,25917.75,25922
1776186120,25921.75,25926.25,25920.75,25922
1776186180,25922,25926.25,25920.75,25923.75
1776186240,25923.75,25924.75,25916,25916.25
1776186300,25916.25,25927.75,25915,25925
1776186360,25925.5,25928,25920.5,25922.25
1776186420,25922.25,25922.75,25911.75,25912.5
1776186480,25913,25916,25911.75,25913.75
1776186540,25914,25918.5,25911.25,25913
1776186600,25913.75,25920,25913.5,25917
1776186660,25917.25,25922,25913.75,25921.25
1776186720,25921.25,25923.5,25918.75,25922.75
1776186780,25922.25,25925.25,25921,25923.25
1776186840,25923.25,25925.5,25922.75,25924.25
1776186900,25924,25930.5,25921.75,25927.5
1776186960,25927.5,25934.5,25926.75,25933.75
1776187020,25934.25,25939,25932,25937.5
1776187080,25938,25943.5,25935.5,25941.25
1776187140,25941.5,25951.75,25940.75,25949.75
1776187200,25950,25956,25947.5,25949.25
1776187260,25949.75,25955,25948.25,25954.25
1776187320,25954.5,25959.25,25953,25958.25
1776187380,25958.5,25960,25954.5,25958.5
1776187440,25958.5,25959.75,25953.75,25955
1776187500,25955.5,25956.5,25947.5,25950.25
1776187560,25950,25954.75,25946.25,25947
1776187620,25947,25951,25944.25,25947.5
1776187680,25948,25948,25942.25,25944.75
1776187740,25944.25,25945.75,25940.75,25943
1776187800,25943.25,25946.5,25941.5,25943.5
1776187860,25943.75,25950.75,25943.75,25950.75
1776187920,25950.5,25955.5,25950,25954.5
1776187980,25954.25,25957,25952.5,25955.5
1776188040,25955.5,25956.75,25950.25,25954.25
1776188100,25954.5,25958,25951.75,25952.5
1776188160,25952.75,25955,25950,25954
1776188220,25954.25,25959,25949.5,25957
1776188280,25957.5,25964.5,25957.5,25960.5
1776188340,25960.25,25961.5,25957,25959.5
1776188400,25960,25963.25,25955.75,25956.75
1776188460,25956.5,25963.25,25955.25,25962
1776188520,25962,25968,25960.75,25966
1776188580,25965.75,25967.75,25962,25963
1776188640,25962.75,25965.75,25961.5,25964
1776188700,25963.75,25966.75,25963.25,25965.75
1776188760,25966,25966.5,25961,25963.5
1776188820,25963.5,25965.25,25962.75,25963.25
1776188880,25963.25,25968,25962.5,25966.75
1776188940,25966.5,25966.75,25963.75,25964.25
1776189000,25964.75,25969,25962.5,25967
1776189060,25967,25969.25,25963.25,25964
1776189120,25964.25,25967,25963,25963.75
1776189180,25963.75,25964,25952,25955.5
1776189240,25955.25,25959.5,25952.75,25957
1776189300,25956.75,25961.25,25956.25,25960
1776189360,25959.75,25960.25,25953,25957.25
1776189420,25956.75,25959.5,25953.25,25956.25
1776189480,25956,25957.75,25954,25956.5
1776189540,25956.5,25960.25,25956,25958.5
1776189600,25958.75,25963,25956.5,25961.75
1776189660,25961.75,25964.5,25959.5,25960
1776189720,25960.25,25961.75,25955.75,25956.75
1776189780,25957,25961,25955.5,25957.75
1776189840,25957.5,25959.5,25955.5,25957
1776189900,25957,25960.5,25955.5,25958
1776189960,25958.5,25960,25949.5,25952
1776190020,25952,25955.5,25950.5,25954.25
1776190080,25954.5,25959.5,25951.75,25952
1776190140,25952.25,25955.5,25948.25,25954.75
1776190200,25954.25,25954.75,25944.25,25945.75
1776190260,25946,25946,25941,25943.25
1776190320,25943.5,25946.5,25941.75,25941.75
1776190380,25941.75,25945,25938.75,25944
1776190440,25944.25,25944.75,25935.25,25937.5
1776190500,25937.5,25940,25931.25,25932.5
1776190560,25932.5,25936.75,25929.5,25930
1776190620,25930.25,25932.5,25925,25925.75
1776190680,25925.25,25928,25922.5,25923
1776190740,25923,25924,25903,25912
1776190800,25912.25,25919.75,25905.75,25907
1776190860,25906.75,25909.25,25891.75,25906.25
1776190920,25905.75,25915.25,25902,25903.75
1776190980,25903.75,25906.75,25898,25901.25
1776191040,25901.25,25904.25,25888.25,25894.25
1776191100,25894.5,25903.5,25885,25901.25
1776191160,25901.5,25913.25,25901.5,25910
1776191220,25909.5,25917.25,25908,25913
1776191280,25912.5,25915.75,25906.5,25912.5
1776191340,25912,25912.5,25906.5,25909.75
1776191400,25909.75,25917,25907.5,25916.75
1776191460,25916.25,25919.25,25913,25916.5
1776191520,25916.75,25925.75,25915.25,25924
1776191580,25924,25925,25920,25921.5
1776191640,25921,25922.75,25917.5,25920.5
1776191700,25920.75,25925.5,25920.5,25923.5
1776191760,25923.75,25928.5,25921.5,25925
1776191820,25925.25,25929.25,25924,25927
1776191880,25927.25,25931.5,25923.5,25925.5
1776191940,25925.75,25927.25,25922.25,25927.25
1776192000,25926.75,25936.5,25925.75,25933.75
1776192060,25933.5,25933.5,25922.5,25923
1776192120,25922.75,25922.75,25908,25911.25
1776192180,25911.25,25916.75,25910.25,25912
1776192240,25911.75,25912.5,25905,25909.75
1776192300,25909.5,25918.5,25905.5,25912.25
1776192360,25912.5,25914,25905.25,25908.75
1776192420,25908.5,25912.5,25905.25,25908.5
1776192480,25908.5,25909.25,25902,25907.75
1776192540,25907.5,25909.75,25905.25,25907
1776192600,25907,25911.75,25904.25,25905
1776192660,25905,25912.75,25904,25912.75
1776192720,25913,25917.25,25910.5,25916
1776192780,25916,25916,25911.5,25913
1776192840,25913,25919,25912.75,25913
1776192900,25913,25915.5,25910.5,25913.5
1776192960,25913.25,25917.5,25912.25,25913
1776193020,25913,25916.25,25909.5,25912
1776193080,25912.25,25914.5,25911,25913.25
1776193140,25913.25,25920,25912.5,25918
1776193200,25918,25925.5,25915,25923.5
1776193260,25923.5,25932.5,25921.75,25928.25
1776193320,25928.5,25931.25,25925.75,25929.5
1776193380,25929.25,25939,25928.5,25936
1776193440,25935.5,25941.5,25932.25,25939.5
1776193500,25939.25,25948,25939,25947
1776193560,25947,25952,25944,25948.5
1776193620,25948.25,25953.5,25946.75,25952.25
1776193680,25952.25,25952.75,25948.75,25952
1776193740,25951.75,25952.25,25947.5,25951.75
1776193800,25952,25958,25949.5,25956.5
1776193860,25956.75,25969.25,25955.5,25969.25
1776193920,25969.25,25972,25963.25,25966
1776193980,25966,25966,25956.5,25959.25
1776194040,25959.25,25960,25955.75,25959.25
1776194100,25959.25,25966.5,25959,25965.5
1776194160,25965.75,25974.75,25965.5,25971.75
1776194220,25972,25976,25969.5,25972.5
1776194280,25972.25,25974.5,25970,25973
1776194340,25973,25973.25,25967,25971
1776194400,25971.25,25978,25969.5,25976.5
1776194460,25976.25,25982,25975.75,25981.5
1776194520,25981.5,25983.75,25978.25,25980.5
1776194580,25980.5,25984.25,25976.5,25982
1776194640,25982,25987,25981,25984.75
1776194700,25984.75,25990,25983,25984.75
1776194760,25984.5,25987.5,25981.75,25986.25
1776194820,25986.25,25989.75,25983.75,25988
1776194880,25987.5,25990,25985,25986.25
1776194940,25986,25990,25983,25988
1776195000,25988.25,25988.25,25980.5,25982.75
1776195060,25982.5,25991.25,25981,25989.25
1776195120,25989.25,25995.75,25988.75,25991
1776195180,25990.75,25993,25985.5,25987.5
1776195240,25987.5,25987.75,25969.25,25971.75
1776195300,25971.5,25973,25960.25,25961.75
1776195360,25961.75,25976,25961.5,25973.5
1776195420,25973.5,25981.75,25973,25978.25
1776195480,25978.25,25983.25,25978.25,25981.25
1776195540,25981.25,25990.25,25981,25986.75
1776195600,25986.5,25988.75,25980.25,25982.75
1776195660,25983,25984,25972.25,25974.25
1776195720,25974,25976,25969.75,25971.75
1776195780,25972.5,25973.75,25967,25970.75
1776195840,25970.75,25978,25969.5,25973
1776195900,25972.5,25978.25,25970,25975
1776195960,25975,25975.75,25968.5,25972
1776196020,25972,25973.25,25966.25,25970
1776196080,25970.25,25976,25968.5,25975.5
1776196140,25975.5,25976.75,25969.75,25975.5
1776196200,25976,25989.75,25968,25968.5
1776196260,25969,25970,25954.75,25961.75
1776196320,25961.75,25970.75,25960.5,25960.5
1776196380,25960.5,25971.25,25959.75,25961.25
1776196440,25962,25974.75,25958.75,25963.75
1776196500,25964.5,25988,25963.75,25982
1776196560,25982.25,25990.75,25978.5,25987.5
1776196620,25988,25993.75,25982.75,25989.75
1776196680,25989.5,25994,25987.75,25992.75
1776196740,25993.25,26002.75,25991.25,26001
1776196800,26000.5,26005.25,25988.25,25989.25
1776196860,25988.75,25991.25,25979.5,25980.25
1776196920,25980.25,25988.25,25978.5,25987
1776196980,25987,25991.25,25972.5,25976.25
1776197040,25976,25978.5,25974,25976.75
1776197100,25976.5,25984.25,25976.25,25978.75
1776197160,25978.75,25982.75,25978,25980.5
1776197220,25980.75,25984,25980,25983.5
1776197280,25983.5,25990.25,25982,25988
1776197340,25988,25992.25,25983.75,25985.5
1776197400,25985.5,25987,25982.5,25985.25
1776197460,25985.5,25987.5,25983.25,25985
1776197520,25985.25,25987.25,25985,25985.25
1776197580,25986,25991,25985,25989
1776197640,25989,25993.5,25987.75,25993
1776197700,25992.75,25993.75,25990.5,25992
1776197760,25992.5,25995,25991.25,25992.75
1776197820,25992.75,25995.5,25990.75,25992.5
1776197880,25992,25992.25,25988.5,25991.25
1776197940,25990.75,25993,25990.25,25992.25
1776198000,25991.75,25996.25,25991.5,25995.5
1776198060,25995.25,25999.25,25995.25,25995.75
1776198120,25995.5,25996.5,25992.5,25993
1776198180,25992.5,25994.75,25991.75,25993.5
1776198240,25993,25993,25990.5,25991
1776198300,25991.5,25992,25989.5,25990.75
1776198360,25991.25,25992.75,25990,25990.25
1776198420,25990.25,25992.25,25990,25990.5
1776198480,25990.5,25992.5,25988,25991.5
1776198540,25991.75,25994,25991,25993.25
1776198600,25993.25,25994,25992.25,25993
1776198660,25993.75,25994.75,25992.25,25992.75
1776198720,25992.5,25992.75,25988,25988
1776198780,25988.25,25989,25981.5,25983.25
1776198840,25983.5,25985.5,25983.25,25985
1776198900,25985.25,25992.25,25984.5,25992.25
1776198960,25991.75,25992.25,25988.25,25988.75
1776199020,25988.75,25991.75,25988.75,25991.5
1776199080,25992,25994,25991.5,25992.25
1776199140,25992.25,25992.75,25989.25,25989.5
1776199200,25989.25,25993,25988.75,25992
1776199260,25992,25993.5,25991.5,25992.5
1776199320,25992.25,25994.25,25991.75,25993.5
1776199380,25993,25994,25991.25,25993
1776199440,25993,25998.5,25991.75,25997.75
1776199500,25997.25,26000,25995.25,25996
1776199560,25996.25,25997.75,25995.75,25995.75
1776199620,25996.25,25998.25,25995.75,25996.75
1776199680,25996.25,25996.75,25993.75,25993.75
1776199740,25994,25995.25,25993.25,25994.25
1776199800,25993.75,25995.75,25992.75,25994
1776199860,25994.25,25995.75,25993.75,25994.75
1776199920,25995,25995.25,25991.5,25993.75
1776199980,25994,25996.5,25992.75,25994.75
1776200040,25994.5,25996.25,25994.25,25995.5
1776200100,25995.25,25995.75,25992.5,25992.5
1776200160,25993,25994.75,25992.75,25994.75
1776200220,25994.25,25994.25,25992.5,25993.25
1776200280,25993.25,25994.5,25991.75,25992
1776200340,25992,25998.5,25989,25990.75
1776204000,25986.75,25994.25,25976.25,25993
1776204060,25992,25993,25984,25988.25
1776204120,25988.75,25994.5,25985.75,25992.25
1776204180,25991.5,25996.75,25990.25,25994.5
1776204240,25994.5,25995.5,25990,25992
1776204300,25992.5,26003.25,25992.5,26002
1776204360,26002.25,26008.25,25999.25,26004.25
1776204420,26004.75,26010.5,26004.5,26008
1776204480,26007.75,26011.75,26004,26006.75
1776204540,26007.75,26015.5,26006.5,26007.5
1776204600,26008,26008.75,26002.75,26003.75
1776204660,26003.25,26007,26003.25,26007
1776204720,26007.5,26008.5,26005.25,26006.5
1776204780,26005.75,26005.75,25997.75,26003.75
1776204840,26004.25,26004.25,26000.25,26003
1776204900,26002,26008.5,26001.75,26005.25
1776204960,26005.25,26011,26005,26009.5
1776205020,26009.25,26013.5,26009.25,26012
1776205080,26011.5,26012,26009,26010
1776205140,26010,26010.5,26005.5,26007
1776205200,26007,26008.25,26002.25,26003.5
1776205260,26003.25,26005.5,26002.75,26004.75
1776205320,26004,26005.5,26002.5,26004.25
1776205380,26004.5,26010.25,26004.25,26008.25
1776205440,26009,26009.75,26006.75,26007.25
1776205500,26007.25,26008,26006,26006.75
1776205560,26007.25,26007.25,26003.25,26004.75
1776205620,26003.75,26004.75,26002.25,26003.75
1776205680,26003.25,26006,26002.5,26003.5
1776205740,26003.5,26006,26003,26003.75
1776205800,26003.25,26004.25,26000.5,26002.25
1776205860,26002,26002.75,25996.5,26001.75
1776205920,26002.75,26008,26001.5,26006
1776205980,26006.5,26007,25997.5,25999
1776206040,25998.75,25999.75,25993.75,25994.75
1776206100,25995,25998.5,25993.5,25996
1776206160,25995.75,26000.75,25995,26000.25
1776206220,25999.5,26004.75,25999.5,26001.5
1776206280,26001.75,26004.75,26000.75,26003.75
1776206340,26004.75,26005.25,26003,26003.75
1776206400,26004.75,26005,26000.75,26003
1776206460,26003,26005,26001.75,26004.25
1776206520,26004.75,26006.25,26002.25,26002.25
1776206580,26002.75,26003.5,26001,26002.25
1776206640,26002,26002.5,26000.25,26002
1776206700,26002.25,26004,25999.5,26001.5
1776206760,26001,26002,25998.25,26000
1776206820,26000.25,26001.25,25998.25,25999.75
1776206880,25999.75,26000.25,25993.75,25995.5
1776206940,25996,25998.25,25995.25,25997.25
1776207000,25997,25999,25996.75,25997.75
1776207060,25997.5,25998.75,25996.75,25997.5
1776207120,25998,25999,25995,25995.75
1776207180,25995.75,25998,25994.5,25997.25
1776207240,25997.25,25998,25995,25996.5
1776207300,25996.5,25997,25994.75,25995.5
1776207360,25995.75,25996.75,25992.5,25994.5
1776207420,25995,25996,25993.5,25994.75
1776207480,25995,25998,25995,25996.5
1776207540,25996.5,25997.5,25995.5,25995.75
1776207600,25996,25997,25993.75,25995.25
1776207660,25994.75,26000,25994,26000
1776207720,25999.5,26000.5,25997,26000
1776207780,25999.75,26000,25997.25,25997.25
1776207840,25997,25999.5,25996.5,25998.25
1776207900,25998.75,26002,25998.75,26000.25
1776207960,26001.5,26003.25,26000,26002.75
1776208020,26003,26010.5,26001.75,26009.75
1776208080,26010.25,26012,26006.75,26008.5
1776208140,26009.25,26010.5,26008.5,26008.75
1776208200,26009.25,26010,26006,26008
1776208260,26007.75,26010,26007.75,26008.25
1776208320,26008.25,26008.75,26006.25,26006.75
1776208380,26007.25,26007.5,26004.5,26005.75
1776208440,26005.75,26007,26004.5,26004.75
1776208500,26005,26006.5,26002.75,26003.5
1776208560,26003.5,26007.25,26002.25,26005.5
1776208620,26007,26009,26005.5,26008.75
1776208680,26008.25,26010.25,26006.75,26007.5
1776208740,26007,26008.25,26005.25,26006.25
1776208800,26007.25,26008.75,26006,26008.5
1776208860,26008,26008.5,26006.5,26008.5
1776208920,26008.5,26013.25,26008,26011.5
1776208980,26012,26012.5,26009,26011
1776209040,26010.75,26012,26009.25,26009.5
1776209100,26009.25,26009.75,26007.75,26008.75
1776209160,26008.75,26015.5,26008,26012.25
1776209220,26012.25,26014,26010.5,26013
1776209280,26013,26014.75,26011.75,26013.25
1776209340,26014,26020.25,26009.5,26012.25
1776209400,26011.75,26012.25,26005.25,26009
1776209460,26008.75,26011,26006,26010
1776209520,26009.75,26010,26007.25,26007.75
1776209580,26008.5,26011.25,26007.75,26009.75
1776209640,26010,26030.75,26009.75,26029.25
1776209700,26029.25,26029.75,26019.25,26023.25
1776209760,26023,26027.75,26018.75,26023.75
1776209820,26023.75,26024.75,26017.5,26021
1776209880,26020,26026.5,26015.5,26025.25
1776209940,26024.75,26034.75,26023,26026
1776210000,26025.25,26026,26023,26023
1776210060,26023.25,26024,26016.5,26019
1776210120,26019,26022,26017.5,26021.25
1776210180,26021.75,26025.75,26020,26024.75
1776210240,26024.5,26025,26020.75,26023.25
1776210300,26023.5,26028.75,26020.5,26024.75
1776210360,26025.25,26029,26024.25,26028
1776210420,26027.75,26034.25,26026,26031
1776210480,26031.75,26037.75,26029,26034
1776210540,26033.75,26034.75,26031.75,26032.25
1776210600,26032.5,26036.25,26030.5,26034.5
1776210660,26035,26035,26021.75,26024.75
1776210720,26025,26025,26019.5,26020.75
1776210780,26021,26025.75,26021,26024
1776210840,26023.75,26025,26022.75,26023
1776210900,26023,26023,26016.5,26018.5
1776210960,26019.5,26020.5,26017.25,26020.5
1776211020,26019.75,26024.25,26019.25,26022.25
1776211080,26022.25,26024.75,26019.25,26019.5
1776211140,26019.5,26021.5,26016,26018.5
1776211200,26018.25,26018.5,26008,26011
1776211260,26011,26016,26010,26012.75
1776211320,26012,26013.25,26008.5,26011.5
1776211380,26011.25,26011.75,26007.25,26007.5
1776211440,26007.75,26013.5,26005.5,26012
1776211500,26012.75,26015,26009.75,26011.75
1776211560,26011,26022,26010.5,26018.5
1776211620,26018,26021.75,26017,26021
1776211680,26020.5,26021,26015.75,26018.25
1776211740,26017.5,26021,26016.25,26018
1776211800,26017.75,26018.25,26009,26013.5
1776211860,26013.5,26015.25,26011.25,26013.75
1776211920,26013.5,26013.5,26006.75,26007.75
1776211980,26008.5,26015.25,26008,26014.5
1776212040,26014.25,26017,26012,26017
1776212100,26015.25,26016.5,26010.75,26016
1776212160,26016.5,26023,26016.5,26022.5
1776212220,26021.5,26021.75,26013.75,26015
1776212280,26014.75,26015.75,26010.5,26011
1776212340,26010.75,26014.25,26010,26013
1776212400,26012.5,26015,26012,26014
1776212460,26014.25,26021.75,26013.5,26016.5
1776212520,26017,26021.5,26016.25,26021.5
1776212580,26021.25,26022.25,26015,26016.25
1776212640,26016.5,26017,26012.25,26015.25
1776212700,26015.5,26018,26011.5,26014
1776212760,26014.75,26016.75,26014.25,26016.75
1776212820,26016,26019,26015.5,26016.75
1776212880,26016.5,26018,26013.5,26015.25
1776212940,26015.5,26018.75,26015.25,26018.25
1776213000,26018.5,26021,26017.5,26021
1776213060,26020.75,26021.75,26016.5,26019
1776213120,26019,26020,26015.5,26017
1776213180,26016.75,26016.75,26007.75,26010
1776213240,26010,26013.75,26009.25,26012.75
1776213300,26013.25,26015.75,26010.25,26010.75
1776213360,26010,26014.5,26009.25,26014.25
1776213420,26014,26015,26010,26010
1776213480,26010,26012,26009.25,26010.5
1776213540,26010.25,26011.75,26006.5,26007.75
1776213600,26007.25,26009.25,26006.5,26008.25
1776213660,26008.75,26010.75,26007,26009.25
1776213720,26009.75,26010.25,25995,25997
1776213780,25997.75,26002.5,25997.75,26000
1776213840,26000,26003.25,25998,26000.5
1776213900,26000,26003.75,25999,26002
1776213960,26002.25,26002.5,25998.5,25999.75
1776214020,26000,26002,25999,26000.25
1776214080,26000.5,26001.25,25997.5,25999.5
1776214140,25999.75,26004.25,25999,26003.25
1776214200,26003,26008.25,26002.25,26006.75
1776214260,26006.5,26016,26005.5,26014
1776214320,26014,26014.5,26009.75,26011.75
1776214380,26012.5,26015,26011.75,26013
1776214440,26013.25,26015,26012.5,26014
1776214500,26014,26021.25,26014,26019
1776214560,26019.75,26020.75,26014.25,26015.75
1776214620,26016.25,26019.5,26014.75,26018.75
1776214680,26018.75,26019.25,26016.25,26017.5
1776214740,26017,26019,26016.75,26018.5
1776214800,26018.5,26019.75,26015,26015
1776214860,26015,26021.5,26014,26020
1776214920,26019.75,26021.25,26016,26019.25
1776214980,26019,26020.5,26016,26016.75
1776215040,26017.5,26021,26016.5,26020
1776215100,26020,26022,26019,26019.75
1776215160,26020,26027.5,26019.5,26025
1776215220,26025,26030,26024,26025.5
1776215280,26026,26028,26025,26027.5
1776215340,26027.25,26030,26026.5,26028.75
1776215400,26029.25,26029.25,26026,26028.25
1776215460,26028.25,26032,26026.75,26030
1776215520,26030,26031.5,26029,26030
1776215580,26029.25,26039.5,26029,26033.25
1776215640,26033.5,26035,26030.5,26034.5
1776215700,26034,26036.5,26033.25,26035.25
1776215760,26035.75,26037.5,26031.75,26032.25
1776215820,26032,26037,26032,26034.5
1776215880,26035.25,26036.5,26033,26034.25
1776215940,26033.75,26040.75,26032.25,26038.75
1776216000,26039.5,26040.25,26037,26037.75
1776216060,26038,26038.25,26034.5,26036.25
1776216120,26035.75,26037.75,26033,26035
1776216180,26035,26035.75,26031,26032.5
1776216240,26032.5,26033.25,26029,26032
1776216300,26032.25,26035.75,26031,26034.75
1776216360,26035,26038.75,26033.75,26037.5
1776216420,26037.25,26038.5,26032.75,26035
1776216480,26034.75,26036.25,26034,26035
1776216540,26034.5,26037.75,26034.25,26037.5
1776216600,26036.75,26038.75,26030.25,26030.25
1776216660,26030.75,26033.75,26026.75,26033
1776216720,26033,26034.25,26030.5,26031
1776216780,26031,26032.25,26023.5,26026
1776216840,26026,26029,26025.25,26027.75
1776216900,26028.25,26029.25,26026.5,26027.75
1776216960,26028.5,26029.75,26025.75,26028.75
1776217020,26029.25,26032.5,26028.5,26031.5
1776217080,26031.25,26032.75,26030.25,26031.5
1776217140,26030.5,26033.5,26028.75,26032.5
1776217200,26032.5,26036,26032.25,26033
1776217260,26033.5,26036,26032,26032
1776217320,26031.75,26036.5,26030.75,26036.5
1776217380,26036.25,26037.5,26032.25,26034.75
1776217440,26035.25,26036.25,26034.25,26034.25
1776217500,26034.5,26036,26033,26035
1776217560,26035.25,26040,26034.25,26037
1776217620,26037,26038.25,26035.75,26037.75
1776217680,26037.75,26044.25,26037.75,26041.5
1776217740,26041.75,26042.5,26037.75,26038.25
1776217800,26038,26040.25,26035.75,26036.5
1776217860,26036.75,26040.5,26036.5,26039.5
1776217920,26039.5,26041.25,26038,26039.25
1776217980,26039,26039.5,26035,26035.75
1776218040,26035.75,26038.75,26035.25,26038
1776218100,26038.25,26039.5,26037.25,26038.5
1776218160,26039,26040.75,26038.75,26040
1776218220,26039.5,26040.25,26038.25,26038.25
1776218280,26038,26039,26036.5,26037.75
1776218340,26038.5,26039.5,26036.5,26038.25
1776218400,26038.25,26038.5,26033.5,26034.75
1776218460,26034.5,26035.5,26031.25,26035.5
1776218520,26035,26036.5,26031.75,26032
1776218580,26032.25,26035,26032,26033
1776218640,26033.25,26037.25,26033,26034.5
1776218700,26034.75,26036.75,26034.5,26035.5
1776218760,26036,26036.5,26033.25,26034.5
1776218820,26034.25,26036,26034,26035.5
1776218880,26034.75,26035.75,26034.25,26034.25
1776218940,26034.25,26036,26032,26032
1776219000,26032.5,26032.5,26025.75,26028.25
1776219060,26028,26028.5,26022,26025
1776219120,26024.5,26026.5,26022.75,26023.5
1776219180,26023.25,26025.5,26022.5,26025.5
1776219240,26026,26026.75,26023.5,26024
1776219300,26023.75,26026.75,26023,26026.25
1776219360,26026.75,26029.25,26025.25,26025.75
1776219420,26025.75,26027.25,26022,26024.75
1776219480,26024.75,26026.75,26023.75,26024.75
1776219540,26025.25,26026,26024.25,26025.5
1776219600,26025.25,26027.5,26024.5,26026
1776219660,26025.75,26026,26020.25,26022.75
1776219720,26023.25,26024.5,26021.25,26021.25
1776219780,26021.75,26022.75,26020,26021.25
1776219840,26020.75,26023.25,26020.75,26021.75
1776219900,26021.75,26024,26020.25,26021
1776219960,26020.75,26021,26016.25,26016.5
1776220020,26017,26018.25,26014.5,26015.5
1776220080,26015.75,26016.25,26011.75,26013
1776220140,26012.5,26014.5,26011.5,26011.75
1776220200,26012.25,26013.25,26008.5,26008.5
1776220260,26009,26010,26006,26006.5
1776220320,26006.75,26009.75,26005,26005.5
1776220380,26005.5,26006.75,26003.75,26006.25
1776220440,26006.25,26006.25,25997,26000
1776220500,26000.25,26000.5,25991.5,25995.5
1776220560,25996,26000.25,25993.5,25997.25
1776220620,25996.75,26000.75,25994.75,25996.25
1776220680,25996,25998.5,25995.5,25998
1776220740,25998.25,26000.25,25995.75,25996
1776220800,25996.25,25998,25992.5,25996
1776220860,25996.25,25997.5,25994,25994
1776220920,25995,25995,25990,25992.5
1776220980,25993.25,25998.5,25992.5,25998
1776221040,25997.25,26000,25997.25,25999.25
1776221100,25998.5,26001.25,25997,25998.75
1776221160,25999.5,26002.75,25997.25,25999
1776221220,25999.25,26000,25996.25,25997.5
1776221280,25997.25,26001.75,25997.25,26000.75
1776221340,26000.75,26001.5,25999.75,26000.25
1776221400,25999.75,26002.75,25999.75,26002.25
1776221460,26002.5,26002.75,26000,26002.5
1776221520,26002.75,26003,26000.25,26000.75
1776221580,26000.5,26001.5,25997.75,25999.25
1776221640,26000,26001.5,25999.25,26000
1776221700,25999.25,26000,25996.5,25998.5
1776221760,25997.5,26000.5,25996.75,25999.75
1776221820,25999.75,25999.75,25997.5,25999.25
1776221880,25998.75,25998.75,25994.25,25995.25
1776221940,25995.25,25996.25,25992.5,25996
1776222000,25995.75,26000.75,25994.75,26000.5
1776222060,26000.25,26002,25998.75,25998.75
1776222120,25999,26002.75,25996,26001.25
1776222180,26001,26003.25,25999.75,26000
1776222240,26000.5,26001.5,25998.5,25999.5
1776222300,25999.5,26000.5,25997,25997.75
1776222360,25997.75,26000,25996.5,25998
1776222420,25998.5,26000.25,25998.25,25998.75
1776222480,25999.25,26001.25,25999.25,26000.75
1776222540,26001.5,26002.5,26000.5,26001.75
1776222600,26002,26003.25,26000,26001
1776222660,26001.25,26007,26000,26001.75
1776222720,26001.75,26003.25,26000.5,26001.25
1776222780,26001.5,26002.75,25999.5,26000.75
1776222840,26000.75,26001.75,25998,25998.25
1776222900,25998,25998.5,25995.25,25998.5
1776222960,25998.75,26003.75,25998.75,26002.75
1776223020,26003,26003,26000.5,26001.25
1776223080,26000.5,26000.5,25996.75,25997.5
1776223140,25998.25,25999.5,25997.75,25999.5
1776223200,25999,26001.75,25999,26001.75
1776223260,26000.75,26003.75,26000.75,26001.5
1776223320,26002,26002.75,26000,26002.75
1776223380,26002,26002,25998.75,26000.5
1776223440,26000.5,26002.5,25999,26000.25
1776223500,26000,26001.75,25999.25,26001.25
1776223560,26001.5,26004.5,26001.25,26003.5
1776223620,26004,26004.5,26001.25,26003.75
1776223680,26004.25,26005,26001.75,26002.25
1776223740,26001.75,26002.75,26000.75,26002.5
1776223800,26002,26006,26002,26003.5
1776223860,26003.25,26007.25,26001.75,26006.25
1776223920,26006.75,26008.75,26006.25,26007
1776223980,26007.75,26009.75,26005,26005.75
1776224040,26005.5,26007.25,26003,26003.75
1776224100,26004,26006.25,26002,26006
1776224160,26006,26010.5,26005.25,26009.5
1776224220,26008.5,26009.25,26006,26008
1776224280,26007.5,26012.5,26007.5,26011.75
1776224340,26012.25,26015.75,26011.75,26013.75
1776224400,26013.75,26013.75,26010.75,26011.5
1776224460,26011.5,26011.75,26009.25,26011.25
1776224520,26010.25,26012.5,26010,26011.25
1776224580,26011,26011,26009.25,26010.25
1776224640,26010,26013.25,26010,26012.5
1776224700,26012.25,26012.25,26008.5,26009.25
1776224760,26009.75,26015.75,26009.5,26014.25
1776224820,26014.75,26018,26013.75,26015.75
1776224880,26016.25,26022,26015.5,26020.75
1776224940,26021,26022.25,26019.25,26020.75
1776225000,26021,26022.75,26020,26020.75
1776225060,26020.75,26021.25,26019.5,26020.25
1776225120,26020.75,26023.75,26020,26020.75
1776225180,26021,26022,26019,26021.75
1776225240,26022,26022.75,26021,26021.5
1776225300,26022,26026,26021.75,26025
1776225360,26025.25,26026,26023.5,26025.75
1776225420,26024.75,26025.5,26023,26023
1776225480,26023,26024.75,26021.75,26022.25
1776225540,26022.25,26023,26020,26022
1776225600,26022,26022.5,26020,26020.75
1776225660,26020.25,26023.75,26020.25,26021.25
1776225720,26021.75,26024.75,26020.75,26023.75
1776225780,26023.5,26025.5,26023,26025.25
1776225840,26025.25,26025.5,26023.25,26023.25
1776225900,26024,26024,26022.25,26022.75
1776225960,26022.5,26024.25,26022.25,26022.5
1776226020,26022.75,26024,26021.75,26022.25
1776226080,26022.25,26022.5,26016.25,26018.75
1776226140,26018.5,26020.75,26017.25,26020
1776226200,26019.5,26021.5,26019.25,26021
1776226260,26021,26022.5,26020.75,26021.25
1776226320,26022,26023.25,26021,26023.25
1776226380,26023,26023,26020.75,26021
1776226440,26020.75,26022,26020.5,26021
1776226500,26020.5,26025,26020,26023.75
1776226560,26023.5,26025.5,26021.75,26024
1776226620,26024,26025.5,26023.25,26023.75
1776226680,26023.75,26025.5,26023,26024.5
1776226740,26024,26024.25,26023.25,26024.25
1776226800,26023.5,26024.25,26021.75,26023.75
1776226860,26023,26024,26021.5,26021.75
1776226920,26022.25,26023.5,26021,26022.25
1776226980,26022.25,26023.25,26021.75,26021.75
1776227040,26021.5,26022,26021,26021
1776227100,26021.75,26022.5,26020.5,26022
1776227160,26021.5,26023.75,26021.25,26023
1776227220,26023.75,26025,26023,26023.5
1776227280,26024,26024.75,26023,26023.5
1776227340,26023.25,26024.25,26022,26022.75
1776227400,26023.25,26025,26022.25,26022.75
1776227460,26022,26023.5,26021.75,26023.5
1776227520,26023.25,26023.5,26021.5,26022
1776227580,26022,26022.5,26021.25,26021.75
1776227640,26021.75,26022.75,26021,26021.75
1776227700,26022,26023,26021.5,26021.75
1776227760,26022,26025.75,26022,26022.75
1776227820,26022,26022,26020.75,26021
1776227880,26021,26021.25,26017.75,26020
1776227940,26020,26020.25,26018.75,26019.5
1776228000,26019.5,26021,26018.5,26019.75
1776228060,26019.5,26020.75,26018.5,26020.5
1776228120,26021,26021.5,26018.75,26019
1776228180,26018.75,26019.25,26018.25,26019.25
1776228240,26019.25,26019.5,26018,26019
1776228300,26018.5,26020,26018,26019.25
1776228360,26019.25,26020.75,26019,26019.75
1776228420,26019,26019.5,26017.5,26018.5
1776228480,26018.5,26019,26008.75,26014.25
1776228540,26014.75,26018.25,26014.75,26017.5
1776228600,26017.25,26018.25,26015.25,26017.5
1776228660,26017.5,26018.25,26014.75,26015.25
1776228720,26015.5,26015.5,26013.75,26014.75
1776228780,26015.25,26017.5,26014.75,26016.25
1776228840,26017,26017.25,26012,26012
1776228900,26012.25,26013.75,26011.25,26013.25
1776228960,26013,26014.75,26010.25,26010.5
1776229020,26011.25,26012.75,26010,26012
1776229080,26012,26013,26010,26011.5
1776229140,26012.25,26014,26010.75,26013.25
1776229200,26013.5,26058.25,26013.25,26019.5
1776229260,26019.5,26026,26012,26025.75
1776229320,26025.75,26032.75,26025.25,26027.5
1776229380,26026.25,26029.5,26023,26024
1776229440,26023.25,26025,26002.75,26009
1776229500,26008.75,26011,26000.25,26004.75
1776229560,26004.25,26008.25,25998.5,26000.75
1776229620,26000.75,26009.25,26000.75,26007.75
1776229680,26008.25,26014.75,26008.25,26011
1776229740,26010.75,26012,26006.5,26011
1776229800,26010.5,26021,26009.5,26020.5
1776229860,26020.75,26020.75,26012,26013.5
1776229920,26014,26014,26004.25,26005.5
1776229980,26005.25,26011.25,26004.75,26010.75
1776230040,26010.5,26011.25,26008.25,26009
1776230100,26009.75,26010.75,26006.5,26007.25
1776230160,26007.5,26009,26006.5,26006.75
1776230220,26007.5,26010.75,26003.75,26008.75
1776230280,26008.25,26008.75,26005,26007
1776230340,26006.5,26009.25,26005.75,26007.75
1776230400,26007.75,26007.75,26002.5,26004
1776230460,26003.5,26004.25,25997.5,25998.5
1776230520,25998.75,25999,25992.25,25994.5
1776230580,25995,25996,25982.5,25984.25
1776230640,25984,25990.5,25983.5,25984
1776230700,25983.5,25987.5,25981.5,25985
1776230760,25985.5,25988,25982.75,25986.75
1776230820,25986.5,25988,25984,25986.5
1776230880,25987,25987,25978.75,25982
1776230940,25981.5,25988.25,25980,25986.75
1776231000,25987.25,25988,25978,25981.25
1776231060,25980.75,25983.25,25979.5,25982.25
1776231120,25981.75,25987.5,25981.75,25984.75
1776231180,25985.25,25985.25,25980,25980.5
1776231240,25980.75,25984.25,25978.75,25983.75
1776231300,25983.75,25985,25981.75,25982.5
1776231360,25983,25985.25,25977.25,25978.5
1776231420,25978.75,25978.75,25974.75,25977
1776231480,25976.75,25979.25,25973.75,25977.25
1776231540,25977,25983,25977,25981.5
1776231600,25981.75,25985.75,25977.75,25979.5
1776231660,25979.5,25980.75,25976.75,25977.75
1776231720,25979,25981.25,25974.5,25976
1776231780,25976,25976,25969,25970
1776231840,25970,25972.25,25966.5,25971.25
1776231900,25971.5,25971.75,25968,25969
1776231960,25969.5,25971.5,25966.5,25970
1776232020,25970,25975,25969.25,25972.75
1776232080,25973.25,25973.5,25969.5,25969.75
1776232140,25969.5,25973,25968.75,25970.5
1776232200,25971,25972.25,25970,25970.75
1776232260,25970.5,25970.5,25966,25968.25
1776232320,25968,25973.25,25967.25,25971.25
1776232380,25972,25974.5,25970,25972
1776232440,25972.5,25972.5,25967,25969.25
1776232500,25968.75,25977.5,25968.5,25975
1776232560,25976.5,25978.25,25973.5,25976
1776232620,25976.25,25977.75,25974.25,25977.75
1776232680,25976.75,25981.5,25976.5,25979.25
1776232740,25979.25,25981,25977.75,25978.25
1776232800,25978.5,25989,25978.5,25988.5
1776232860,25988.25,25989.25,25985.25,25986.25
1776232920,25985.5,25987.5,25980.25,25982.25
1776232980,25982,25983.25,25977.25,25979.75
1776233040,25980.25,25980.25,25975.25,25977.75
1776233100,25978.25,25981.5,25976.5,25980.25
1776233160,25980.25,25982,25978,25981
1776233220,25980.75,25982.75,25976.25,25977.75
1776233280,25978.25,25978.75,25971.75,25972
1776233340,25972.25,25976,25970.25,25974
1776233400,25974.25,25978,25973,25976.25
1776233460,25976,25978.5,25974.25,25977
1776233520,25977,25978,25973.5,25977.5
1776233580,25977.5,25977.75,25975.25,25976.25
1776233640,25976.75,25977.5,25972,25973.5
1776233700,25973.25,25976.75,25967.75,25976.75
1776233760,25977,25979.25,25975.25,25976.25
1776233820,25976,25977.5,25975,25976
1776233880,25975.5,25981,25975,25980.25
1776233940,25980.25,25981.5,25978.5,25979.5
1776234000,25979.25,25981.25,25976.75,25977
1776234060,25977.5,25979.25,25976.5,25978.25
1776234120,25978.5,25980.5,25977.5,25979.25
1776234180,25979.5,25981,25977.25,25978.5
1776234240,25978.25,25978.5,25975.25,25977.75
1776234300,25978,25981,25977.5,25979.25
1776234360,25979.25,25983.25,25978.75,25980.5
1776234420,25980.25,25982.5,25979.75,25981
1776234480,25981.25,25983,25980.5,25982
1776234540,25982.25,25983.75,25980.25,25983.25
1776234600,25982,25991.5,25982,25989.25
1776234660,25989,25995.25,25983.25,25992.75
1776234720,25992.5,25992.75,25985.25,25986.25
1776234780,25986.25,25991.75,25986,25990.5
1776234840,25990.25,25990.25,25986.25,25987
1776234900,25987,25989,25985.5,25988
1776234960,25988,25993.5,25988,25991.25
1776235020,25991,25995.25,25990.25,25992.75
1776235080,25992.75,25998.25,25992.5,25996.5
1776235140,25996.5,25997.5,25992,25993
1776235200,25992.25,25995.5,25991.25,25995.25
1776235260,25995,25996.25,25993.75,25995.5
1776235320,25995.75,25996.5,25993.5,25994.25
1776235380,25994.25,25995.75,25993.25,25995.75
1776235440,25995.25,25997,25994,25996.75
1776235500,25997.5,25997.5,25992.75,25993.5
1776235560,25993.75,25995,25989,25992
1776235620,25991.5,25993.5,25990.5,25993.25
1776235680,25993,25994.5,25992.5,25993
1776235740,25993.5,25995,25991.5,25994
1776235800,25993.5,25994.25,25986.25,25987
1776235860,25987,25989.5,25983,25988.75
1776235920,25989.25,25995.25,25988.5,25993.25
1776235980,25993.25,25997,25991.25,25995.5
1776236040,25995.75,25996.75,25993,25994.25
1776236100,25995,25995.25,25989.5,25990.25
1776236160,25990,25991.75,25984.5,25986
1776236220,25985.75,25987.25,25984.5,25985
1776236280,25985,25987.5,25984.75,25986.25
1776236340,25986.5,25989.25,25985.75,25987.75
1776236400,25988.5,25994.75,25985.5,25987.75
1776236460,25987.25,25988.75,25981.25,25982.5
1776236520,25983,25989.5,25981,25988.25
1776236580,25987.75,25989.5,25982.5,25989.25
1776236640,25989.25,25993.25,25986.5,25992.75
1776236700,25993,25996,25991.25,25993.75
1776236760,25992.75,25999.75,25989.5,25995.75
1776236820,25995.75,25998.25,25992.25,25994.75
1776236880,25994.5,25996.25,25993.75,25996
1776236940,25996.25,25997,25994.5,25996
1776237000,25994.75,25999.25,25992,25998.5
1776237060,25998.25,25998.75,25995.25,25996.25
1776237120,25995.75,25999.25,25995,25996.5
1776237180,25996.5,25996.75,25991.25,25992.25
1776237240,25992.25,25993.75,25990.75,25992
1776237300,25993,25994.25,25989,25989.25
1776237360,25988.75,25989,25984.25,25987.5
1776237420,25987.25,25987.5,25978.5,25982
1776237480,25982.5,25985.75,25977.75,25977.75
1776237540,25978.25,25981.25,25977.25,25981.25
1776237600,25980.75,25986.5,25980,25984
1776237660,25984,25992.5,25981.75,25990.5
1776237720,25990.5,25990.5,25984.25,25985.75
1776237780,25984.75,25988,25984.75,25985.5
1776237840,25986,25989.75,25983.25,25984.25
1776237900,25984.25,25986.5,25981.5,25984
1776237960,25983.5,25986.75,25983.25,25985.5
1776238020,25986,25988.25,25984,25985.25
1776238080,25985.25,25987.25,25983.75,25985.75
1776238140,25986.25,25990,25986.25,25987.25
1776238200,25987.5,25991,25985.25,25990.75
1776238260,25990.25,25994.75,25989,25993.5
1776238320,25993.5,25995,25991.25,25991.75
1776238380,25992.5,25995,25991.25,25992.25
1776238440,25992,25994.25,25990.25,25990.25
1776238500,25991,25997.5,25990.75,25995.75
1776238560,25995.75,25998.25,25991.5,25997.75
1776238620,25997.75,25999,25996,25997
1776238680,25997.25,25999.25,25995.25,25998.5
1776238740,25998.25,26003.5,25996,25997
1776238800,25997.25,25999.75,25996.75,25999
1776238860,25999,26006.25,25997.5,25997.5
1776238920,25997.75,25999.5,25993.75,25998.25
1776238980,25998,26002,25995.75,26001.75
1776239040,26001.25,26001.75,25999.25,25999.25
1776239100,25999,26002.25,25975.25,26001.25
1776239160,26002,26003,25997,25998.5
1776239220,25998.75,26003.5,25997.25,26001
1776239280,26001.5,26005,26001,26003
1776239340,26002.75,26009.5,26000.25,26006.5
1776239400,26006.5,26009,26005.25,26007.25
1776239460,26006.75,26009,26001.25,26002.75
1776239520,26002.25,26005,25999,26002
1776239580,26002.75,26003,25998,26001.25
1776239640,26001.5,26001.75,25996.25,25999
1776239700,25999.5,26000,25990.5,25992.75
1776239760,25992.25,25998.25,25991.5,25998
1776239820,25997.75,26005.75,25997.5,26001.5
1776239880,26002.5,26003.75,26000.25,26001.75
1776239940,26001.75,26004.5,25999.25,26004.5
1776240000,26004.25,26008,26003,26005.75
1776240060,26006,26008.75,26003.5,26007.25
1776240120,26007.75,26015.5,26007.5,26010.75
1776240180,26011.25,26015.5,26011,26013.5
1776240240,26013,26015.5,26009.75,26010.25
1776240300,26010.25,26013,26009.5,26011.5
1776240360,26011.75,26015,26011,26014.25
1776240420,26014.5,26015.25,26008.75,26009
1776240480,26009,26013.25,26008.25,26012.75
1776240540,26012.75,26012.75,26007,26007
1776240600,26007,26007.75,26001,26004.75
1776240660,26005,26007.75,26002.75,26004.5
1776240720,26004.75,26009.25,26004.75,26007.75
1776240780,26008.5,26014,26008,26011.5
1776240840,26011,26011.5,26009.5,26010.25
1776240900,26011,26012.25,26009.25,26011
1776240960,26011.25,26013,26008.5,26008.5
1776241020,26009.25,26010,26001.75,26002.75
1776241080,26003,26007.25,25999.75,26006.75
1776241140,26005.75,26006.5,26004.25,26005.25
1776241200,26005.5,26006.75,26004.25,26006
1776241260,26006.25,26009,26005,26008.75
1776241320,26008,26012,26007.5,26009.25
1776241380,26008.75,26010.5,26008.25,26010
1776241440,26010.25,26012.5,26009.75,26012.5
1776241500,26012.5,26020.5,26011.75,26018.5
1776241560,26019.5,26021,26017.75,26018.5
1776241620,26018.75,26020.5,26017,26019.25
1776241680,26019.25,26022.75,26017.75,26021.75
1776241740,26021.25,26024.75,26020,26023
1776241800,26022.75,26029.25,26019.5,26025
1776241860,26024.25,26024.25,26019.5,26020.5
1776241920,26020.25,26025,26020,26024
1776241980,26024.25,26027,26022.25,26026.75
1776242040,26026,26028.5,26024.25,26025.5
1776242100,26025,26028.5,26024.25,26025.5
1776242160,26024.5,26025,26021.25,26023.5
1776242220,26023.25,26026.25,26021.75,26026.25
1776242280,26026,26027.5,26025.25,26026.25
1776242340,26027,26028.25,26022.75,26023.75
1776242400,26023.25,26025.25,26022,26024.75
1776242460,26024.75,26027,26024.25,26026
1776242520,26025.75,26030.5,26025.75,26030
1776242580,26029.75,26030.75,26025.5,26026
1776242640,26025.75,26026.75,26023.5,26023.75
1776242700,26023,26023.5,26019.5,26020
1776242760,26020,26023.5,26019.75,26022.75
1776242820,26023.25,26026.25,26022,26026.25
1776242880,26026,26027.75,26022.5,26026.75
1776242940,26026.75,26027.5,26025.25,26026.25
1776243000,26025.75,26026.75,26020.5,26022.25
1776243060,26022.25,26022.5,26019.75,26022.5
1776243120,26022.25,26024.25,26022,26023.25
1776243180,26023.75,26030,26023.5,26029
1776243240,26029,26033,26028,26032.5
1776243300,26032.25,26035,26031.75,26033.25
1776243360,26033.5,26038,26032.5,26035.75
1776243420,26035.25,26036.5,26034.75,26035
1776243480,26035.75,26035.75,26033,26034
1776243540,26034,26034.5,26029,26031.75
1776243600,26032,26036.25,26030.75,26034.5
1776243660,26035.25,26038,26033,26035.25
1776243720,26034.75,26037.75,26010,26022.25
1776243780,26022.25,26022.75,26013.5,26016.25
1776243840,26016.75,26021.75,26014,26015.5
1776243900,26015.25,26015.25,26004.25,26008.75
1776243960,26009.25,26011.5,26006,26011.5
1776244020,26011.5,26012.5,26003.25,26004.75
1776244080,26004.5,26007,26000.25,26006.5
1776244140,26006.5,26008,26002.5,26004.25
1776244200,26005,26010.75,26000.75,26003.25
1776244260,26002.75,26002.75,25990.75,25993.75
1776244320,25995,25999,25992.5,25994.5
1776244380,25994,25998.75,25992,25995.25
1776244440,25995.5,25996,25988.25,25993.5
1776244500,25992.75,25996.75,25989.75,25990.75
1776244560,25991.5,25992.25,25986.5,25990.25
1776244620,25990.75,25994,25988.25,25990.25
1776244680,25990.5,25996,25987.25,25995.75
1776244740,25996,25996.5,25993,25994.75
1776244800,25994.75,25996.5,25989.75,25995.5
1776244860,25996.5,26001.5,25996.25,25999
1776244920,25999,26001,25997,25999.5
1776244980,26000,26001.75,25997.25,26000.75
1776245040,26001.25,26001.75,25997.5,25999.25
1776245100,25999.25,25999.5,25995.75,25998.75
1776245160,25997.75,25998.5,25988.5,25994
1776245220,25994.25,25994.5,25983.5,25989.5
1776245280,25990,25991,25984.5,25987.75
1776245340,25988.75,25991.5,25988.75,25989.5
1776245400,25990,25997.5,25988.75,25994.5
1776245460,25995.5,25996.25,25993,25996
1776245520,25996.25,25996.25,25992.25,25994.25
1776245580,25993.5,25998,25993,25996.5
1776245640,25995.5,25996.75,25992,25994.25
1776245700,25994.5,25996.25,25992.75,25993.5
1776245760,25993.25,25994.25,25991,25991.75
1776245820,25991.5,25992.25,25989.5,25991
1776245880,25991.75,25995.5,25990,25990.5
1776245940,25990.75,25991.25,25978.75,25981.75
1776246000,25982.75,25990,25982,25987.75
1776246060,25988,25988.75,25984.75,25988
1776246120,25987.75,25991,25986.5,25990
1776246180,25989.5,25989.75,25985.75,25986.75
1776246240,25987.25,25987.25,25982.25,25982.75
1776246300,25982.25,25984.75,25981.25,25984.5
1776246360,25985,25990.25,25984,25987
1776246420,25986,25987.25,25981,25983
1776246480,25984,25988,25983.25,25986.5
1776246540,25987.5,25987.75,25981,25981
1776246600,25980.75,25986.75,25980.25,25984.5
1776246660,25984.25,25987.25,25983.25,25987
1776246720,25986.5,25988.25,25983.25,25983.25
1776246780,25983.25,25984.25,25981.25,25982.25
1776246840,25982.75,25986.25,25981.25,25985.25
1776246900,25985.25,25988.5,25983,25983.25
1776246960,25983.5,25985.75,25981,25985.5
1776247020,25985.75,25985.75,25981.75,25983.25
1776247080,25983.25,25984.5,25980,25981.25
1776247140,25981.75,25982,25975.75,25978.5
1776247200,25978.75,25980.25,25973,25975
1776247260,25975.25,25984,25974.25,25982
1776247320,25981.75,25985,25979.75,25983.75
1776247380,25983.5,25985,25981.75,25982
1776247440,25982,25982,25977,25977.75
1776247500,25977.5,25987.5,25976,25984.25
1776247560,25983.75,25991.5,25983.75,25991.25
1776247620,25991,25996.25,25989.75,25990.75
1776247680,25990.75,25992.5,25990.25,25992.5
1776247740,25992.25,25998,25992,25996.25
1776247800,25995.5,25997.25,25990.5,25991.5
1776247860,25991,25992,25986,25989.5
1776247920,25989,25991.25,25986.75,25990
1776247980,25989.25,25990.75,25988,25989.5
1776248040,25989.75,25991,25982.25,25984.5
1776248100,25984.25,25985.5,25960,25968.75
1776248160,25969.5,25977.5,25958.5,25976.75
1776248220,25976.75,25976.75,25964.5,25972.5
1776248280,25972.5,25975,25969.5,25969.75
1776248340,25971.5,25971.75,25966.25,25969.75
1776248400,25969,25976,25965,25975.25
1776248460,25974.75,25976.75,25967,25968.5
1776248520,25968.5,25968.5,25950.5,25959.5
1776248580,25960,25962.5,25953.25,25956.25
1776248640,25956.5,25957.5,25951,25952.25
1776248700,25953.5,25958.75,25952.5,25953
1776248760,25952.5,25952.75,25942.5,25944.25
1776248820,25945,25947.75,25941,25942.75
1776248880,25943.25,25947.75,25941.5,25946
1776248940,25946.25,25951,25945.5,25948.75
1776249000,25949.25,25960.75,25948,25958.75
1776249060,25959,25960.75,25946.25,25951
1776249120,25950.5,25955.75,25949,25952.75
1776249180,25952.75,25953.5,25934.5,25938
1776249240,25938.25,25943.75,25935.75,25941.75
1776249300,25941.75,25943,25939.5,25940.75
1776249360,25941,25944,25937.25,25942.5
1776249420,25942.25,25944.5,25941.75,25942.25
1776249480,25942.5,25952.25,25942.25,25950.5
1776249540,25950.75,25955.5,25950.5,25953
1776249600,25953,25958.25,25952.25,25958
1776249660,25958,25967,25955.5,25957.25
1776249720,25957,25977.25,25954.75,25969.5
1776249780,25970.5,25979.5,25966.25,25976
1776249840,25976,25980,25973.5,25979
1776249900,25979.25,25983.25,25974,25982
1776249960,25982.25,25986.25,25980,25981.5
1776250020,25981.25,25982,25975.5,25976.75
1776250080,25977.25,25979,25973.5,25978
1776250140,25977.25,25981,25976.75,25979.5
1776250200,25979.75,25982.75,25975.25,25975.5
1776250260,25976.25,25976.25,25971.75,25975
1776250320,25975.5,25975.75,25972,25973.5
1776250380,25973.5,25984.25,25973.25,25980.25
1776250440,25980.25,25983,25979.5,25980
1776250500,25980.25,25980.25,25976,25978.5
1776250560,25978.5,25979,25975,25976.75
1776250620,25976.5,25986,25974,25983.75
1776250680,25984.25,25987.75,25982.75,25983.25
1776250740,25983,25985.25,25980.75,25984.75
1776250800,25985.25,25990.5,25985,25986.5
1776250860,25986,25991.5,25984,25989.75
1776250920,25989.25,25991.75,25983.25,25985.25
1776250980,25985,25990.25,25985,25988.5
1776251040,25988,25989,25984.25,25987.75
1776251100,25987,25989.75,25982.75,25983.75
1776251160,25983.5,25986,25978.5,25980.25
1776251220,25980.75,25987.25,25980.75,25984.75
1776251280,25985.5,25987.75,25984,25985.25
1776251340,25985.25,25988.5,25984.25,25988
1776251400,25987.75,25995,25987.75,25990.25
1776251460,25990.25,25995.5,25990,25990.25
1776251520,25990.75,25994.75,25990.25,25993.75
1776251580,25993.75,25997.5,25991.5,25993.75
1776251640,25993,26000,25992.75,25996
1776251700,25996.75,25998.5,25989.25,25989.5
1776251760,25989,25994.25,25988.75,25991.5
1776251820,25991.5,25991.75,25984.75,25984.75
1776251880,25984.75,25986.5,25982,25984.5
1776251940,25984,25985.75,25980,25980.5
1776252000,25981.25,25981.5,25972,25980.5
1776252060,25980.5,25985.25,25979.25,25982.5
1776252120,25983,25985.5,25981.25,25984.75
1776252180,25985,25987.75,25983.25,25986.75
1776252240,25986.75,25988.25,25986.25,25986.75
1776252300,25986.75,25994.75,25985,25990.75
1776252360,25991.25,25993.5,25988.5,25990
1776252420,25990.25,25994.75,25989.75,25992.25
1776252480,25991.75,25993.25,25986.25,25986.75
1776252540,25987,25988.25,25976.75,25979.75
1776252600,25979.75,25997.5,25977.75,25993.5
1776252660,25992.5,26004,25991.5,25996.5
1776252720,25996,25997.5,25992.5,25993.25
1776252780,25993.5,25993.5,25986,25988.25
1776252840,25987.5,25989.25,25981.75,25983.75
1776252900,25984,25989.25,25981,25987
1776252960,25986.5,25994.25,25985,25993.75
1776253020,25994.25,25997.75,25992.5,25994.75
1776253080,25995,25997.5,25993.75,25993.75
1776253140,25993.75,25995.75,25993.5,25994
1776253200,25994,25995.5,25989.5,25991.25
1776253260,25991.75,25993.25,25987.25,25989
1776253320,25988.5,25991.5,25987.75,25989.75
1776253380,25990.5,25990.75,25988,25988.5
1776253440,25988.25,25990.25,25986,25989.5
1776253500,25989,25990.75,25987.5,25989.5
1776253560,25989.25,26044,25985,25986
1776253620,25985,25999,25980.25,25995.75
1776253680,25997.25,25997.75,25989,25990.25
1776253740,25990.5,26006.5,25990.25,26001.5
1776253800,26001.25,26003.75,25997,25998.5
1776253860,25999,26003.75,25995.5,25999
1776253920,25998.75,26002,25993.5,25993.75
1776253980,25993.5,25998,25991.25,25994.5
1776254040,25994.25,26000,25993.25,25998.75
1776254100,25997.75,26004,25996.75,25997.75
1776254160,25997.75,26008.75,25996.25,25999.25
1776254220,25999.25,26002.75,25994.5,25996
1776254280,25996.5,26002.25,25995.75,25999.5
1776254340,26000.5,26003.75,25997.25,25998
1776254400,25998.25,26000.75,25993.5,26000.5
1776254460,26000.75,26002.5,25974,25994
1776254520,25993.75,26006.25,25990.5,26000.5
1776254580,26000.75,26001.5,25984.75,25988.5
1776254640,25990.25,25994.25,25984,25985.25
1776254700,25984.75,25986,25968.25,25975.25
1776254760,25974.25,25979.25,25968.25,25975
1776254820,25976,25985.25,25975.5,25983.25
1776254880,25982.5,25990,25982.5,25988.25
1776254940,25987.5,25988.25,25980.25,25983.5
1776255000,25983.75,25985.75,25978.75,25983
1776255060,25982.75,25985.75,25971.5,25973.75
1776255120,25973.75,25975,25965,25967.5
1776255180,25968,25972,25965,25970.75
1776255240,25970.25,25972,25964.5,25965.5
1776255300,25965.75,25966.5,25960.75,25961
1776255360,25961.25,25969.25,25960.25,25968.75
1776255420,25968,25971.5,25965.75,25969.25
1776255480,25969.5,25973.5,25967.75,25973
1776255540,25972.5,25977.5,25971.25,25972.75
1776255600,25972.25,25972.5,25967,25969.75
1776255660,25970.5,25978.5,25970.5,25974.75
1776255720,25974.25,25979.75,25974.25,25975.5
1776255780,25976.25,25976.75,25970,25971.75
1776255840,25972.5,25981,25972,25981
1776255900,25980.25,25980.75,25975,25975.5
1776255960,25975.75,25975.75,25967,25974.75
1776256020,25974,25980.25,25974,25974.5
1776256080,25973.75,25974.25,25970.5,25972.5
1776256140,25971.75,25975.75,25969,25975.25
1776256200,25974.25,25975.5,25972,25974.25
1776256260,25974,25974.75,25970,25973
1776256320,25973.5,25980,25972.25,25979.25
1776256380,25979.25,25986.25,25977.25,25986
1776256440,25986,25989.25,25982.5,25985
1776256500,25984.75,25992,25984.25,25987.75
1776256560,25987.5,25989.75,25982.25,25988
1776256620,25986.25,25989,25985.5,25987.25
1776256680,25987.75,25993.5,25987,25991.5
1776256740,25991,25997.5,25991,25996.25
1776256800,25996.5,25998.25,25992.5,25994.75
1776256860,25994.75,26007.5,25994,26002.5
1776256920,26002.25,26002.75,25994.75,25996.75
1776256980,25996.5,25999.75,25992.75,25998
1776257040,25999,26005,25998,26002.5
1776257100,26002.75,26003,25994,25996.25
1776257160,25996.5,26004,25990.25,26002.25
1776257220,26002.25,26006.25,25997.25,25999.5
1776257280,26000.25,26000.25,25995.75,25999.5
1776257340,25999.75,26000,25997.25,25998.5
1776257400,25997.25,26002.5,25994.25,25999.25
1776257460,25999.75,26000.25,25990.5,25992.75
1776257520,25993.25,25997,25991.5,25996.75
1776257580,25996,25999.5,25994.25,25996.5
1776257640,25996.75,25998.75,25994.5,25998
1776257700,25997.75,26000.25,25996,25996.75
1776257760,25996.5,26000.5,25996.25,25998.25
1776257820,25998.5,26002.5,25998.5,26000.5
1776257880,26000.25,26001.75,25997,25997.25
1776257940,25996.5,25996.5,25988,25989.75
1776258000,25989.75,25992,25986.25,25991.25
1776258060,25990.75,25992.5,25982.75,25984
1776258120,25984.25,25987.75,25979.75,25982.5
1776258180,25982.25,25985,25982,25985
1776258240,25985,25990.75,25982.25,25990.5
1776258300,25991,25991.25,25983,25984.75
1776258360,25984.5,25992.75,25983,25991
1776258420,25991.25,25991.75,25981.75,25982.25
1776258480,25982.75,25986.25,25981.75,25985.25
1776258540,25986,25989.5,25984.25,25986.75
1776258600,25986.75,25995.5,25985.5,25993.5
1776258660,25993.5,25993.5,25987.75,25993
1776258720,25992.5,25993.5,25988.75,25992.25
1776258780,25992,25997,25992,25996.75
1776258840,25997,26000.75,25995.75,25997.5
1776258900,25997.75,26002.25,25996.5,25998.75
1776258960,25998.5,26002.75,25998.5,26001.25
1776259020,26001.25,26004,25995.25,25997.5
1776259080,25997.75,25998.5,25990.5,25992.75
1776259140,25993,26001,25993,26000.75
1776259200,26000.75,26004,25997.75,26003.75
1776259260,26003.25,26008,26002.75,26005.75
1776259320,26005,26006.75,25998.5,25999.5
1776259380,25999.25,26002.5,25996.75,26002
1776259440,26002,26002.5,25991,25993
1776259500,25993,26019.75,25993,26019.75
1776259560,26020,26021.75,26013,26016.75
1776259620,26016.75,26021,26014.25,26017.25
1776259680,26018,26026.25,26018,26022.25
1776259740,26022.25,26024.25,26015.25,26023
1776259800,26023,26040.25,26002.5,26020
1776259860,26020.75,26031.5,25995.25,25996.75
1776259920,25996.5,26023.5,25995.5,26023.5
1776259980,26022.75,26037.75,26021.25,26034
1776260040,26034.5,26039.25,26016,26019
1776260100,26019.25,26026.5,26008.5,26020.5
1776260160,26020.25,26035.75,26018.75,26026.5
1776260220,26027,26037,26011.5,26027.5
1776260280,26027.5,26049.75,26020.75,26044.25
1776260340,26044.25,26054.5,26033.5,26052.25
1776260400,26052,26059.5,26045.75,26053.75
1776260460,26054,26057,26042.25,26047.5
1776260520,26047.25,26049.5,26034,26035.25
1776260580,26035.75,26042,26018,26019.5
1776260640,26019.75,26032.75,25982.75,25989.5
1776260700,25989.75,26016.75,25989.25,26011
1776260760,26010.5,26024.75,26008.5,26018.25
1776260820,26018.5,26046.5,26018.25,26046.5
1776260880,26046.25,26049.75,26033.25,26036.75
1776260940,26036.25,26043,26028.25,26037.5
1776261000,26037.75,26056,26036,26049
1776261060,26048.75,26052.75,26042.75,26050.25
1776261120,26050,26050.5,26022.25,26048.5
1776261180,26048,26067.75,26044.5,26054
1776261240,26054.25,26056,26039,26045.25
1776261300,26045.25,26058,26043.5,26046.5
1776261360,26046.75,26053.25,26043.5,26048.75
1776261420,26049,26064.5,26044.75,26062.25
1776261480,26061.75,26066.5,26055,26061.25
1776261540,26061.25,26073.5,26060.5,26069
1776261600,26069,26078.25,26047.25,26053.5
1776261660,26053.75,26068.5,26053.5,26068
1776261720,26067.75,26082.25,26065,26073.75
1776261780,26074,26085.75,26071.5,26084.75
1776261840,26084.25,26084.5,26070.25,26074.5
1776261900,26075,26081.25,26068.75,26072.75
1776261960,26073,26075.75,26057,26074.75
1776262020,26074.5,26077.75,26061.25,26065.25
1776262080,26065.5,26069.75,26050,26061.75
1776262140,26061.75,26074,26057.75,26067
1776262200,26067.75,26075.25,26065.5,26070.5
1776262260,26070,26080.25,26058.5,26071.5
1776262320,26071.75,26079.5,26068,26070.25
1776262380,26069,26083.75,26068,26080.75
1776262440,26080.25,26093.75,26077,26091
1776262500,26091,26102,26088.75,26098.5
1776262560,26097.75,26105.25,26091.5,26103
1776262620,26102.75,26107.75,26091.5,26092.25
1776262680,26092.5,26096.25,26086.5,26093.5
1776262740,26093,26094.75,26071.5,26073.5
1776262800,26074,26086.5,26071.75,26086.5
1776262860,26086.25,26102,26084.75,26099.25
1776262920,26099.25,26104,26096,26102
1776262980,26101.25,26112.5,26100.5,26107
1776263040,26107,26130,26104.75,26120.5
1776263100,26120.5,26127.75,26118,26125.25
1776263160,26125,26132.75,26123.75,26129.75
1776263220,26130,26131.25,26121.5,26121.75
1776263280,26122.25,26132,26115.75,26131.25
1776263340,26131.5,26135,26126.25,26133.25
1776263400,26133.25,26139,26123.75,26134.5
1776263460,26134.5,26145.75,26132.75,26145.5
1776263520,26145.5,26151,26142,26150.75
1776263580,26150.75,26152.75,26138.25,26138.5
1776263640,26138.75,26139.25,26131,26136.5
1776263700,26136.5,26150,26130.5,26145.75
1776263760,26145.25,26148.25,26140.25,26147.25
1776263820,26147,26152.5,26144,26146.75
1776263880,26146.25,26148,26125.5,26126
1776263940,26126.25,26127.75,26106.75,26111.5
1776264000,26111.25,26133.5,26111,26130.5
1776264060,26130.25,26141,26129.25,26139.25
1776264120,26139.5,26142.25,26128,26136
1776264180,26135.5,26148.5,26132.5,26145.25
1776264240,26145,26146,26139,26145.25
1776264300,26145,26148.75,26140.25,26147.25
1776264360,26147.5,26149.25,26144.25,26147.5
1776264420,26147.5,26147.75,26136.5,26143.75
1776264480,26143,26151.25,26139.75,26150
1776264540,26149.75,26164.75,26147,26162.75
1776264600,26163,26167.75,26158.25,26162.25
1776264660,26162.5,26162.75,26153.75,26156.5
1776264720,26157.5,26160,26153,26159
1776264780,26159,26169,26153.25,26154
1776264840,26154,26164.5,26153.5,26162.75
1776264900,26162.75,26166,26158.25,26164.5
1776264960,26164,26176.5,26162.75,26173.5
1776265020,26173.25,26175,26169.25,26173
1776265080,26173.25,26176.5,26171.25,26173
1776265140,26172.75,26173,26162.25,26162.75
1776265200,26162.75,26168.75,26154.5,26157.25
1776265260,26157,26172.25,26154.75,26171.75
1776265320,26171.5,26180,26169.25,26177.25
1776265380,26177.75,26177.75,26170.25,26174.5
1776265440,26174.5,26174.75,26165.25,26170.75
1776265500,26169.75,26173.75,26166.25,26168.75
1776265560,26169,26169,26156.5,26160.25
1776265620,26160.5,26162.75,26140,26141.75
1776265680,26141.5,26149,26138.75,26144.75
1776265740,26145.25,26154,26144,26152
1776265800,26151.5,26161.25,26147.5,26159.75
1776265860,26159.25,26167.25,26158.5,26164.5
1776265920,26164.5,26184,26164.25,26177.5
1776265980,26178,26182,26172,26177.5
1776266040,26177.75,26188,26176,26185.25
1776266100,26185.25,26190.5,26180.5,26187.25
1776266160,26187,26191.5,26184.75,26189
1776266220,26188.5,26189,26178.25,26186.5
1776266280,26186,26191,26182.75,26188.5
1776266340,26188.75,26191.5,26185,26187.5
1776266400,26187.75,26189.5,26181,26187.25
1776266460,26187,26194,26187,26188.75
1776266520,26189.5,26196,26188.75,26192.75
1776266580,26192.75,26193,26181,26186.25
1776266640,26186,26189,26182.5,26188
1776266700,26188,26195.25,26186.5,26191.75
1776266760,26191.75,26197.25,26190.75,26195
1776266820,26195.25,26201,26194,26198.5
1776266880,26198.25,26201.75,26196.25,26198
1776266940,26197.75,26198.25,26189,26191.75
1776267000,26191.75,26193.5,26175,26176.25
1776267060,26177,26183,26172.75,26179.5
1776267120,26179.25,26184.75,26170,26171
1776267180,26171.25,26176.25,26166.25,26169.5
1776267240,26169.5,26177.25,26168,26170.75
1776267300,26170.75,26175.75,26169,26175.5
1776267360,26175.25,26185.75,26168.5,26169.75
1776267420,26170.25,26184.75,26169.75,26181.25
1776267480,26181.25,26185.5,26177.25,26178.75
1776267540,26179.25,26180.75,26174.75,26179
1776267600,26179,26187.5,26178,26186.75
1776267660,26186.75,26200.75,26186,26200
1776267720,26200.25,26208.75,26196.25,26208.75
1776267780,26208.25,26209.5,26204.5,26207
1776267840,26206.5,26209.25,26200.25,26202.25
1776267900,26202.25,26212.25,26201.25,26210.75
1776267960,26211,26213.75,26203.25,26212.5
1776268020,26212.5,26212.5,26198,26202.75
1776268080,26202.75,26215,26198.25,26212.25
1776268140,26212.5,26216,26206,26207.75
1776268200,26208.75,26213.75,26202.5,26208.75
1776268260,26208.5,26210.25,26201.75,26210
1776268320,26209.75,26214.25,26205.25,26213
1776268380,26213.5,26213.5,26204.75,26206.25
1776268440,26206.25,26207.25,26199.25,26202
1776268500,26202.5,26205,26194,26195.25
1776268560,26195.75,26196.25,26186,26192
1776268620,26191.5,26199,26189.75,26196.25
1776268680,26196.25,26204,26195.5,26201.25
1776268740,26201.5,26208.5,26196.5,26196.75
1776268800,26197,26198,26186.75,26197
1776268860,26196.5,26200,26193.25,26198.5
1776268920,26198.5,26202.75,26195,26198.25
1776268980,26198.25,26205.25,26197.25,26203.75
1776269040,26203.5,26205.5,26201.25,26203.5
1776269100,26203.25,26209.5,26197.75,26207.75
1776269160,26208.5,26213.25,26207.25,26209
1776269220,26208.5,26215,26208,26214.25
1776269280,26213.75,26223.25,26213.25,26222.25
1776269340,26222.25,26222.5,26217,26219.5
1776269400,26219.25,26219.25,26211.5,26215.75
1776269460,26215.5,26221.25,26213.25,26219
1776269520,26218.75,26220.5,26214.5,26218.25
1776269580,26218,26222,26217.25,26220
1776269640,26220,26220.75,26215,26217.75
1776269700,26218.25,26224.25,26214.75,26215.25
1776269760,26215.5,26223.25,26210,26221
1776269820,26221.5,26229.75,26220.25,26226.75
1776269880,26226.5,26237.75,26226,26236.25
1776269940,26235.75,26239.5,26235,26238
1776270000,26238,26248.25,26238,26246.5
1776270060,26246.25,26249,26240,26246.25
1776270120,26246.25,26248,26240.5,26246
1776270180,26246.25,26252.75,26243.75,26247.5
1776270240,26247.25,26248,26241,26242.5
1776270300,26242.5,26242.75,26229,26229.5
1776270360,26229.75,26233,26226.5,26231.5
1776270420,26231.75,26234.5,26228.5,26229.5
1776270480,26230,26232.25,26224.5,26226.5
1776270540,26226.5,26228.25,26215.25,26215.75
1776270600,26216.5,26220.5,26200,26200.75
1776270660,26200,26209,26192.25,26204.5
1776270720,26204.5,26206.25,26192.25,26194.75
1776270780,26195,26198.75,26187,26196
1776270840,26196.5,26201.5,26192,26198
1776270900,26197.5,26211.75,26197.5,26208.75
1776270960,26209,26209.75,26201.25,26203.75
1776271020,26203.5,26210,26200.75,26205
1776271080,26205.25,26209,26204,26207
1776271140,26206.5,26206.5,26190.5,26190.75
1776271200,26190.5,26191.5,26172.25,26173.25
1776271260,26173.5,26175.75,26148,26150
1776271320,26150.25,26166.75,26146.75,26157.5
1776271380,26158,26166,26153.75,26156.25
1776271440,26156.25,26160.75,26144.25,26146.25
1776271500,26146,26153.5,26141.75,26146.75
1776271560,26146.75,26151,26138,26139.25
1776271620,26139.75,26141.25,26126.5,26133.25
1776271680,26133.5,26147.25,26124.75,26142
1776271740,26142,26156,26141.75,26154.5
1776271800,26154.75,26166.5,26154.25,26165.5
1776271860,26165.25,26165.75,26137.5,26140
1776271920,26139.75,26140.25,26122,26131.25
1776271980,26131.5,26132,26117,26130.25
1776272040,26130.25,26138.25,26125.25,26127.5
1776272100,26128,26130.25,26113.75,26125.5
1776272160,26125.25,26126,26103,26119.75
1776272220,26119.75,26141.25,26119.25,26140
1776272280,26140.25,26148.5,26137.5,26143.75
1776272340,26143.75,26150.75,26141.25,26144.5
1776272400,26144.5,26155.75,26136.25,26154.5
1776272460,26154.5,26156.25,26141.5,26144.25
1776272520,26144,26148.75,26140.25,26145.5
1776272580,26145.5,26160.75,26142.75,26159
1776272640,26158.75,26164,26154,26161.75
1776272700,26161.5,26170.75,26159.25,26166
1776272760,26166.25,26177.5,26165.75,26175
1776272820,26175,26181.25,26172.25,26176.75
1776272880,26176,26177.25,26167.5,26173.25
1776272940,26173.25,26177.5,26168,26173.5
1776273000,26173.75,26177.5,26169.25,26170.75
1776273060,26171.25,26178.25,26161,26177.25
1776273120,26177.25,26179.25,26166,26169.25
1776273180,26169.25,26174.25,26167.25,26174.25
1776273240,26174.5,26177.5,26170,26170.75
1776273300,26171,26179.25,26170.5,26175.75
1776273360,26176.25,26183.5,26175.75,26181.5
1776273420,26181.25,26181.25,26174,26177.5
1776273480,26177.75,26182.25,26176,26177.5
1776273540,26177.25,26180.5,26175.25,26176.25
1776273600,26176.5,26178.5,26172.25,26172.75
1776273660,26173.25,26175,26167.25,26172
1776273720,26172.25,26172.75,26163.75,26167
1776273780,26167,26172,26165.5,26168.5
1776273840,26168.5,26179.25,26168.25,26177.5
1776273900,26177.5,26187.5,26176.5,26185.5
1776273960,26185.5,26196,26182,26193.5
1776274020,26193.75,26199.5,26188,26188.75
1776274080,26189.25,26194.5,26183.75,26194
1776274140,26193.5,26193.5,26186.75,26187.25
1776274200,26187.25,26195.75,26186.5,26195.25
1776274260,26195.25,26196.5,26190.5,26193
1776274320,26193.5,26202,26193.5,26199.25
1776274380,26199.5,26204.25,26198.75,26201.25
1776274440,26200.75,26210,26200.5,26209.25
1776274500,26209.25,26212.25,26205.25,26212
1776274560,26212.25,26219.75,26209,26218.5
1776274620,26218.25,26219.25,26206.25,26208.25
1776274680,26207.75,26210.25,26202.75,26209.75
1776274740,26210,26210.25,26199.5,26200.5
1776274800,26200.75,26201,26192.75,26195
1776274860,26195,26198,26189.5,26191
1776274920,26191.5,26191.5,26183,26186.75
1776274980,26186.75,26188.25,26177.25,26182
1776275040,26181.5,26187.75,26179.75,26183.5
1776275100,26183.75,26193,26183.5,26191.75
1776275160,26191.75,26193.75,26188.5,26192
1776275220,26192.25,26197.25,26188.25,26193
1776275280,26192.5,26198,26189.75,26194.5
1776275340,26195.25,26200.75,26193,26194.25
1776275400,26194.25,26202.25,26194,26199.5
1776275460,26199.5,26205.5,26199.5,26204.25
1776275520,26204,26210,26203.25,26207.25
1776275580,26206.5,26214,26206.25,26212
1776275640,26211.75,26213.75,26204.25,26205
1776275700,26205,26210.25,26205,26210
1776275760,26210,26212,26204.75,26207.25
1776275820,26207.75,26208.75,26198.5,26204.5
1776275880,26204.5,26204.5,26191,26194
1776275940,26194,26195.75,26187.75,26190.25
1776276000,26190.25,26190.75,26172.75,26177.75
1776276060,26178,26207.25,26175.5,26188.75
1776276120,26188.5,26238.75,26187.5,26209.5
1776276180,26209.25,26213.5,26198,26209.75
1776276240,26210,26214,26203,26206.25
1776276300,26206,26213.25,26203,26208.5
1776276360,26208.25,26224.5,26208.25,26220
1776276420,26220,26220.25,26213.5,26218
1776276480,26218.25,26225.5,26215.25,26220.5
1776276540,26220.5,26221.5,26215,26220
1776276600,26220.5,26222.75,26214.25,26218.25
1776276660,26218.25,26232,26217.5,26231.75
1776276720,26231.5,26240.75,26231.25,26240
1776276780,26240,26247,26239.25,26246.25
1776276840,26246.5,26249.5,26240.75,26242
1776276900,26242.25,26250.5,26241.75,26250.25
1776276960,26250.25,26257.25,26248.5,26255.25
1776277020,26255,26256,26243.5,26244.75
1776277080,26245,26247,26238.25,26240.5
1776277140,26240,26243,26233.75,26239.75
1776277200,26240,26242.5,26231.25,26234
1776277260,26234.25,26242.25,26230,26240.75
1776277320,26240.75,26245.5,26239.5,26243.25
1776277380,26243.5,26244.75,26239.75,26244.25
1776277440,26244,26246.25,26241.75,26242.25
1776277500,26242,26245,26233.25,26236.75
1776277560,26236.25,26245.25,26235.75,26245.25
1776277620,26245,26250.75,26244,26250
1776277680,26249.75,26252.5,26244,26247.75
1776277740,26247,26247.75,26241.75,26247.25
1776277800,26247.5,26255.25,26247.25,26252.5
1776277860,26252.5,26261,26251.25,26259.25
1776277920,26259.5,26260.5,26254,26259.25
1776277980,26258.75,26269.75,26256.5,26268.75
1776278040,26268.75,26275,26267.5,26274.5
1776278100,26274.75,26281,26272.5,26278.5
1776278160,26278,26288,26277.75,26282.75
1776278220,26282.5,26285.25,26273,26275.75
1776278280,26275.75,26277,26271.5,26273
1776278340,26273,26276.5,26266.75,26276
1776278400,26276,26278.75,26265.75,26269
1776278460,26268.75,26273.75,26263.5,26264.75
1776278520,26264.5,26268,26263.5,26265.25
1776278580,26265.25,26272.75,26265,26271.25
1776278640,26272,26273.5,26270.25,26271.75
1776278700,26271.5,26279.5,26271.5,26278
1776278760,26278.25,26279,26270.75,26273.5
1776278820,26273.25,26280.75,26272.75,26280
1776278880,26279.5,26282.5,26276.5,26281.75
1776278940,26281.25,26286.5,26280.25,26285.75
1776279000,26285.75,26296.75,26285.5,26293.25
1776279060,26293.25,26300,26292.25,26299
1776279120,26299,26300,26288.75,26295.5
1776279180,26295.5,26295.75,26290.5,26294
1776279240,26293.75,26300.25,26293.75,26297.75
1776279300,26297.75,26303.75,26295,26302.75
1776279360,26302.5,26309,26302.25,26305.5
1776279420,26305.25,26315.75,26305,26305.75
1776279480,26305.75,26312,26303.5,26310.25
1776279540,26310.25,26310.75,26302.5,26303
1776279600,26303,26308.75,26298.25,26302.5
1776279660,26302.75,26304.25,26293.75,26295
1776279720,26295.25,26304.75,26292,26303
1776279780,26303.25,26310.5,26301.5,26305.75
1776279840,26305.75,26309.25,26303,26308.5
1776279900,26308.25,26318.25,26308.25,26314.75
1776279960,26315,26318.75,26312.75,26317.5
1776280020,26317.5,26321.25,26317,26320.5
1776280080,26320.75,26322,26313,26319.5
1776280140,26319.75,26324,26316.75,26321
1776280200,26320.75,26325.5,26319.25,26324.5
1776280260,26324.75,26330.25,26314,26318.25
1776280320,26317.75,26321,26312.75,26318
1776280380,26318.25,26320.5,26314.75,26315.25
1776280440,26315.75,26315.75,26302.25,26304.5
1776280500,26304.25,26313,26304.25,26308
1776280560,26308,26313,26304,26309.75
1776280620,26310,26310.5,26304,26307.25
1776280680,26307.75,26315.5,26307,26312.75
1776280740,26312.25,26315.5,26306.75,26314.75
1776280800,26314.75,26315.5,26310.5,26314.75
1776280860,26314.75,26315,26309,26310
1776280920,26310.5,26318.25,26309,26317.5
1776280980,26317.25,26323,26315.75,26320.75
1776281040,26320.75,26325.5,26319.75,26320.75
1776281100,26321,26330,26320,26328
1776281160,26328.25,26329.75,26325,26327.75
1776281220,26327.5,26332.75,26321.75,26331
1776281280,26331,26335.5,26330,26333.5
1776281340,26333.5,26338,26332.75,26336.25
1776281400,26336.25,26338.75,26333.25,26338.25
1776281460,26338.75,26338.75,26331.25,26335.5
1776281520,26336,26340.25,26333.5,26338.5
1776281580,26338.75,26339.75,26334.75,26339.5
1776281640,26339.75,26350.5,26338.5,26349.5
1776281700,26348.75,26359.75,26346.75,26354.25
1776281760,26354.25,26358.5,26349.25,26355
1776281820,26355,26355.25,26349.25,26351
1776281880,26351,26353.75,26343,26346.25
1776281940,26346.25,26346.25,26339.5,26340
1776282000,26339.75,26340,26331,26333.25
1776282060,26333.25,26338.75,26333,26333.5
1776282120,26333.25,26337,26330,26336
1776282180,26336,26347.75,26335.75,26342.25
1776282240,26341.75,26346,26335,26336.25
1776282300,26336.5,26336.75,26329.25,26330
1776282360,26330,26345.75,26329.25,26343.25
1776282420,26343,26350,26340.5,26346.5
1776282480,26345.75,26349,26344.5,26347
1776282540,26348,26348,26336.75,26337.25
1776282600,26337.5,26365.75,26337.5,26352.75
1776282660,26352.5,26359.5,26350.75,26354.5
1776282720,26354.25,26356.25,26345.5,26348.25
1776282780,26348.75,26351.25,26339,26343.75
1776282840,26344,26356.75,26343.75,26354.25
1776282900,26354,26370.5,26352.75,26363.75
1776282960,26363.25,26364.75,26356.25,26358
1776283020,26357.75,26366.75,26353,26366.75
1776283080,26366.5,26375.75,26365.5,26369
1776283140,26369,26377.25,26357.25,26364
1776283200,26364,26371.5,26344,26344
1776283260,26344.5,26357,26344.25,26356
1776283320,26356,26356.25,26344,26346.5
1776283380,26347,26352,26346.5,26347.5
1776283440,26347.75,26348.25,26341.5,26344.5
1776283500,26344.25,26345,26337,26342.25
1776283560,26342.5,26347.75,26340.25,26342.5
1776283620,26342.25,26344.5,26341,26341.75
1776283680,26341.75,26343.5,26337.75,26342.5
1776283740,26342.25,26346.75,26340.75,26342.75
1776283800,26343,26346.5,26341.5,26342
1776283860,26341.5,26341.5,26334.25,26335.75
1776283920,26335.75,26339.75,26335.5,26337.25
1776283980,26338,26339.25,26330.25,26338.75
1776284040,26339,26341.5,26335,26341
1776284100,26340.5,26351.5,26340.5,26349.5
1776284160,26349.5,26354,26347,26352
1776284220,26352,26352,26349,26349
1776284280,26349,26350.25,26347.75,26349.5
1776284340,26349,26350.5,26347.25,26347.5
1776284400,26347.75,26347.75,26345.75,26347.25
1776284460,26347.25,26349.25,26342.25,26345.25
1776284520,26345.25,26350.5,26343.25,26350.25
1776284580,26350.25,26356,26349.75,26351.75
1776284640,26351.75,26354,26350,26352
1776284700,26352.25,26353.5,26351,26352.25
1776284760,26352.25,26352.25,26347.75,26350
1776284820,26350.25,26351.5,26349,26349.25
1776284880,26349.5,26350.75,26347.75,26348.75
1776284940,26348.25,26351,26348,26350.25
1776285000,26350.5,26355.75,26349.75,26354.25
1776285060,26353.75,26353.75,26350,26350.25
1776285120,26350.5,26354.25,26350.25,26354
1776285180,26353.5,26357.25,26351.25,26352.75
1776285240,26352.75,26353.75,26352,26353.5
1776285300,26353.75,26360,26352.75,26355.5
1776285360,26355.25,26356.5,26351.75,26353.75
1776285420,26353.75,26354.5,26349.75,26350.25
1776285480,26349.75,26350.25,26343.75,26346.75
1776285540,26346.25,26349.25,26346.25,26348.5
1776285600,26348.5,26349,26347,26348.25
1776285660,26348.75,26353,26348.5,26351.25
1776285720,26351,26354.5,26348,26349.25
1776285780,26349.25,26351.5,26348.25,26349.5
1776285840,26349.75,26350.75,26349,26349.75
1776285900,26349.5,26351,26346.25,26346.25
1776285960,26346.5,26347.5,26342.75,26345.75
1776286020,26345.75,26349,26345.25,26348.75
1776286080,26348.25,26348.5,26343.25,26346
1776286140,26345.5,26348,26344.75,26347.75
1776286200,26347.75,26348.5,26346,26347
1776286260,26346.75,26349.75,26346.75,26347
1776286320,26347.25,26349.5,26347.25,26348
1776286380,26347.75,26349.75,26346,26347.25
1776286440,26347.25,26353.75,26346.75,26352.5
1776286500,26352.5,26358.5,26351.75,26355.5
1776286560,26355.5,26357.75,26354.25,26357
1776286620,26357.25,26361,26356,26360
1776286680,26360,26360.5,26354.75,26356
1776286740,26356.5,26362.5,26356,26360
1776290400,26345.25,26357.75,26344,26350.5
1776290460,26351.25,26352.25,26346.5,26347.75
1776290520,26349.75,26360.75,26347,26360
1776290580,26361,26371,26360.25,26369.25
1776290640,26369,26372.5,26361.75,26362.25
1776290700,26362.75,26369,26362.25,26365.5
1776290760,26364.5,26366.5,26361.5,26362
1776290820,26362.25,26367.75,26359.25,26367.25
1776290880,26367.5,26368.75,26362.25,26363.5
1776290940,26363.5,26369.25,26363,26369
1776291000,26368.5,26369.75,26364.25,26365
1776291060,26365.25,26369.25,26363.25,26367.25
1776291120,26367.25,26367.75,26365,26367.25
1776291180,26366.75,26368.75,26366.25,26368
1776291240,26367.5,26369.25,26366.25,26366.5
1776291300,26366.5,26369,26366.5,26367.75
1776291360,26367.75,26368,26365,26365.75
1776291420,26365.75,26377,26365.25,26370.25
1776291480,26370.25,26371.75,26366,26369.75
1776291540,26369.25,26369.5,26365,26366.25
1776291600,26365.75,26370.75,26364.75,26370.75
1776291660,26370.5,26370.75,26365.5,26369
1776291720,26369.5,26376,26369.5,26375.75
1776291780,26375.25,26376.75,26372.75,26373.25
1776291840,26372.75,26373.25,26371,26372.5
1776291900,26372.75,26373,26368,26371
1776291960,26370.5,26370.75,26368.5,26369.5
1776292020,26369.25,26373.5,26368.25,26371.75
1776292080,26372,26373.25,26369.75,26373.25
1776292140,26372.75,26373.5,26368.5,26370.5
1776292200,26371,26376.5,26370.75,26376.5
1776292260,26376,26384,26375,26379
1776292320,26378.75,26380.25,26376,26376
1776292380,26377,26379.5,26376.75,26378
1776292440,26377.75,26379.75,26377.75,26378.5
1776292500,26378.75,26385.25,26377,26382
1776292560,26381.25,26383,26378.25,26381.75
1776292620,26381.5,26384.25,26381.5,26383.5
1776292680,26383.75,26388.75,26383.25,26386.75
1776292740,26387.5,26390.25,26386.5,26389.75
1776292800,26389.75,26390,26386.75,26388.25
1776292860,26387.75,26388.5,26384,26385.25
1776292920,26384.75,26385.25,26381.5,26382
1776292980,26382.25,26383.5,26380,26381
1776293040,26381,26383,26381,26381
1776293100,26381.75,26384.75,26381,26383.5
1776293160,26383.5,26384.5,26381.25,26384
1776293220,26384,26392.75,26383.25,26389.75
1776293280,26390,26393,26386.75,26391.5
1776293340,26391.5,26393,26390,26391.25
1776293400,26391.25,26392.25,26390,26390
1776293460,26389.75,26391.75,26388.75,26389.25
1776293520,26388.75,26391,26388.75,26388.75
1776293580,26388.75,26389.75,26387.25,26389.25
1776293640,26388.5,26392,26388.5,26390
1776293700,26390.25,26391.25,26387.75,26388.25
1776293760,26388.25,26389.5,26387.75,26388.75
1776293820,26388.5,26390.75,26388,26389.75
1776293880,26389.75,26391.75,26388.75,26390.75
1776293940,26390.75,26391,26386,26390
1776294000,26389.25,26391,26387.25,26388.25
1776294060,26388.25,26389.25,26386.75,26388
1776294120,26388.5,26389.25,26386.25,26388
1776294180,26387.25,26389.25,26387,26388.5
1776294240,26388.5,26395.75,26388.5,26392.75
1776294300,26393.25,26393.75,26390.25,26391.75
1776294360,26391.5,26395,26390.75,26393.5
1776294420,26392.75,26395,26391.5,26395
1776294480,26394.25,26398.75,26394.25,26395.5
1776294540,26395.75,26395.75,26390,26391
1776294600,26391.5,26393.75,26390.5,26392.25
1776294660,26391.5,26392.25,26390,26391
1776294720,26390.75,26396.5,26390,26396.25
1776294780,26395.5,26398,26395,26395
1776294840,26395.5,26396.5,26394,26395.75
1776294900,26395.5,26396.75,26394,26394.75
1776294960,26395,26396.25,26394.5,26396
1776295020,26396,26397.5,26394.75,26396.75
1776295080,26396.5,26399.75,26395.25,26395.25
1776295140,26395.75,26396,26392.25,26392.5
1776295200,26393,26394,26392.25,26393.75
1776295260,26393.75,26395.25,26393,26393
1776295320,26392.75,26395,26390.5,26392
1776295380,26392.5,26393.5,26391.75,26392.5
1776295440,26392.75,26393.75,26391.25,26391.25
1776295500,26391.25,26394,26391.25,26393.75
1776295560,26393.75,26393.75,26382.75,26386.25
1776295620,26386.75,26386.75,26383.5,26386.25
1776295680,26386.25,26390.75,26386.25,26390
1776295740,26390,26390.25,26388,26390
1776295800,26389.25,26390.25,26387.75,26387.75
1776295860,26387.75,26388.5,26385.5,26387
1776295920,26387,26390.5,26386.75,26389.5
1776295980,26389.5,26392.75,26388.25,26392.75
1776296040,26392.5,26396,26392,26395
1776296100,26394.75,26398.5,26394,26395.25
1776296160,26394.75,26397.75,26394.75,26397.75
1776296220,26397.5,26400,26396.25,26398.25
1776296280,26398.25,26399.5,26397,26398.75
1776296340,26398.25,26399,26397.75,26398
1776296400,26398,26398.25,26395.25,26396.75
1776296460,26396.75,26399.25,26396.75,26397.75
1776296520,26397.5,26399.25,26397.5,26398
1776296580,26398,26399,26396.75,26398.25
1776296640,26398.25,26398.5,26397,26397.75
1776296700,26398,26398,26395.5,26397
1776296760,26397.5,26407.25,26397.5,26403.5
1776296820,26402.75,26408.25,26402.5,26408
1776296880,26407.5,26414.75,26407,26408.25
1776296940,26407.75,26414.5,26406.5,26410.25
1776297000,26410.5,26412,26408.5,26411
1776297060,26411.25,26415.5,26411,26414.25
1776297120,26414.5,26414.75,26408.75,26410.5
1776297180,26410.25,26411.25,26408.25,26410.5
1776297240,26410,26411.25,26409.25,26409.5
1776297300,26409.75,26412.75,26409,26411.75
1776297360,26411.25,26411.5,26409.5,26409.5
1776297420,26409.5,26412.25,26408.25,26409.75
1776297480,26409.25,26410.25,26407.25,26409.25
1776297540,26409,26410.5,26406.25,26407
1776297600,26407.25,26411.5,26403.25,26405.5
1776297660,26405.75,26414.5,26404.25,26414
1776297720,26414.25,26416.5,26407.75,26410.5
1776297780,26410.75,26410.75,26402,26402.5
1776297840,26403.25,26403.25,26392.5,26393.5
1776297900,26393.75,26399,26391.5,26392.25
1776297960,26392.5,26399,26390.5,26397
1776298020,26397,26401.25,26396.5,26400.75
1776298080,26401,26403,26395.25,26397.25
1776298140,26397.75,26401.25,26397.5,26400.75
1776298200,26401.25,26409.25,26400.25,26408.25
1776298260,26408,26409.5,26405.75,26406.75
1776298320,26406.75,26415.25,26405.25,26413
1776298380,26413.5,26417,26410.25,26412.25
1776298440,26411.75,26413.5,26410,26411.5
1776298500,26410.75,26417.75,26407.5,26415.25
1776298560,26415.25,26424.5,26412,26418
1776298620,26418,26419,26413.75,26417.25
1776298680,26418,26419.75,26416.25,26417.75
1776298740,26417.5,26418.75,26414.5,26415
1776298800,26414.5,26414.5,26404.5,26408
1776298860,26408.75,26409.5,26404,26406.25
1776298920,26406.5,26411,26405,26408
1776298980,26408,26411,26407.25,26408.75
1776299040,26408,26410.25,26406,26408.25
1776299100,26408.75,26410.5,26402,26404.75
1776299160,26405,26409.75,26405,26407
1776299220,26407.25,26409.5,26405.5,26408
1776299280,26407.5,26407.75,26405.25,26406.25
1776299340,26405.75,26406.75,26403.25,26405.25
1776299400,26406,26410,26405.25,26408.75
1776299460,26408.5,26412.25,26407,26411.5
1776299520,26411.75,26413.5,26409.25,26411
1776299580,26410.25,26414.5,26408.75,26412.25
1776299640,26412.75,26418,26412.75,26416
1776299700,26416.25,26421,26415.75,26419.5
1776299760,26419.5,26420.75,26414.5,26417
1776299820,26416.75,26420,26416.25,26418.5
1776299880,26419,26419.25,26415.25,26416.75
1776299940,26417.5,26423,26417,26421.5
1776300000,26421.25,26426.75,26420.25,26423
1776300060,26423.5,26423.5,26419.75,26420
1776300120,26420.5,26422.5,26419.25,26420.5
1776300180,26420.5,26426.5,26418.25,26423.25
1776300240,26423,26424,26421,26422.5
1776300300,26422.25,26423.25,26419.25,26422.75
1776300360,26422.75,26431.25,26421.5,26427
1776300420,26427.25,26429.75,26426.75,26426.75
1776300480,26426.75,26434,26426,26433.25
1776300540,26433.25,26437.5,26432.75,26435.5
1776300600,26436,26444,26436,26444
1776300660,26444,26445.25,26436.5,26439.75
1776300720,26440,26443,26438.75,26441.25
1776300780,26442,26442,26439,26439
1776300840,26439.5,26440.5,26436.5,26438.75
1776300900,26438.5,26440.5,26437,26438.75
1776300960,26438.75,26439.5,26435.75,26438
1776301020,26437.75,26438.75,26436.5,26438.5
1776301080,26438.75,26441.75,26438.75,26441.5
1776301140,26441,26441.75,26436.5,26437.5
1776301200,26438,26438,26429.25,26431.5
1776301260,26431.5,26435,26431.25,26433.25
1776301320,26432.75,26434,26430,26432.75
1776301380,26432.75,26436,26431,26431.25
1776301440,26431.5,26435.5,26430.75,26431.25
1776301500,26431.25,26432,26426,26430
1776301560,26430.25,26436,26428,26434.75
1776301620,26435.25,26436,26432.5,26433.75
1776301680,26433.5,26437.75,26432.25,26437.5
1776301740,26437,26441,26435,26436.25
1776301800,26436.75,26440.75,26436,26440
1776301860,26440,26441.5,26437.75,26439.25
1776301920,26438.75,26441,26438.25,26439
1776301980,26438.75,26440.25,26437.25,26438.75
1776302040,26439,26439.5,26436.25,26437.75
1776302100,26437.75,26441.25,26437,26441.25
1776302160,26440.75,26441.25,26437.5,26439.5
1776302220,26439.25,26445,26438.75,26442.25
1776302280,26442,26442.75,26440.25,26441
1776302340,26441.25,26444.25,26440,26443.75
1776302400,26443.25,26449.5,26443.25,26446.5
1776302460,26446.75,26448.75,26445.75,26448
1776302520,26447.5,26449.75,26445.25,26446.25
1776302580,26446,26447.75,26444.75,26447.25
1776302640,26447.75,26448,26441.5,26442
1776302700,26441.75,26442,26436.5,26438
1776302760,26438,26439,26435.5,26438.75
1776302820,26438.75,26439.5,26436,26437
1776302880,26436.5,26438.5,26434,26435.75
1776302940,26435.5,26442,26435.5,26440.75
1776303000,26440.25,26442.25,26434.25,26438.25
1776303060,26438.75,26440.75,26437.25,26439.25
1776303120,26439.75,26441.25,26438,26439.25
1776303180,26438.75,26439,26434.5,26435.75
1776303240,26436,26439.5,26435,26437.5
1776303300,26438,26438.5,26431.5,26432.25
1776303360,26432.5,26434.25,26431.5,26433.5
1776303420,26433.5,26434.25,26430.5,26432.75
1776303480,26432.5,26436.5,26432.25,26436.25
1776303540,26436.5,26439.75,26436,26439.5
1776303600,26439.5,26443.25,26437.75,26442.25
1776303660,26442.25,26449,26439.75,26449
1776303720,26448.75,26455.5,26447.75,26454.5
1776303780,26454,26461.25,26453,26458
1776303840,26458,26466,26453,26453.25
1776303900,26453.25,26456.75,26451.5,26456.75
1776303960,26456.25,26457.25,26453.25,26454.75
1776304020,26455,26457.25,26453.25,26453.25
1776304080,26453,26454.75,26451,26453.75
1776304140,26453.25,26455.75,26452,26454
1776304200,26453.75,26455.5,26451.75,26453
1776304260,26453,26453.75,26449.75,26451.5
1776304320,26451.75,26452.75,26448.5,26449.75
1776304380,26450.25,26452.25,26449.25,26451.25
1776304440,26451,26451.5,26448.5,26451
1776304500,26450.75,26451,26446.5,26446.5
1776304560,26446.75,26447.25,26443.75,26443.75
1776304620,26444.25,26447.5,26443,26447
1776304680,26447,26447.5,26444,26444.5
1776304740,26444.25,26445,26440,26441
1776304800,26441.25,26448.25,26440.5,26446
1776304860,26445.5,26452.5,26445.5,26450.75
1776304920,26451,26452,26447.25,26449
1776304980,26449,26449.25,26446,26447.5
1776305040,26448,26449.5,26447.5,26448.75
1776305100,26448.75,26451.25,26447.5,26451
1776305160,26450.25,26453.5,26449.5,26451
1776305220,26451,26452,26449.25,26449.75
1776305280,26449.75,26451.5,26447.75,26450.25
1776305340,26450.25,26450.75,26447,26449.25
1776305400,26449.25,26452.75,26449.25,26451.75
1776305460,26451.5,26452.5,26449.5,26450.75
1776305520,26450.5,26452,26449,26449.5
1776305580,26450,26451.25,26448.5,26449.75
1776305640,26450,26450,26444,26445
1776305700,26444.25,26446,26436,26441.25
1776305760,26441.5,26445,26440.25,26441
1776305820,26441.25,26444.25,26440,26442.5
1776305880,26442.25,26444,26441.25,26443.25
1776305940,26442.25,26443.75,26441.25,26442
1776306000,26442,26446,26441.5,26445.75
1776306060,26445.25,26446,26443,26444
1776306120,26444,26445.25,26442,26443.75
1776306180,26444,26446.75,26443.75,26445.5
1776306240,26445.5,26448,26443.75,26447.25
1776306300,26446.75,26447.75,26443.75,26446.25
1776306360,26447,26447.25,26444.75,26445.5
1776306420,26445.25,26447.5,26444.5,26445.5
1776306480,26446,26447.75,26445,26446.5
1776306540,26446.5,26450,26446.5,26448.5
1776306600,26448.75,26451.75,26448,26449.5
1776306660,26449.25,26451.75,26448.75,26451.25
1776306720,26451.25,26452.75,26450.5,26452.25
1776306780,26451.75,26452,26449.25,26450.5
1776306840,26451,26451,26444,26445.5
1776306900,26445.5,26448.5,26445.25,26446.25
1776306960,26446.75,26447.5,26444,26445.75
1776307020,26445.25,26447.5,26443.25,26446.5
1776307080,26446.75,26449.75,26445,26447
1776307140,26448,26454.25,26447.25,26452.75
1776307200,26453.25,26455.5,26451,26451.75
1776307260,26451.25,26457,26451.25,26456.5
1776307320,26456,26456.5,26454.25,26455.75
1776307380,26455,26459.5,26455,26456.5
1776307440,26456.75,26457.5,26453.5,26453.75
1776307500,26454.25,26456.5,26454.25,26455.75
1776307560,26455.5,26455.5,26451,26451.75
1776307620,26451.5,26451.75,26448.25,26449.75
1776307680,26450,26450,26445.5,26448
1776307740,26448,26448.5,26446.5,26447.5
1776307800,26447.25,26450.25,26447.25,26449.5
1776307860,26450,26451,26446.5,26447.25
1776307920,26446.5,26447.75,26444.75,26446
1776307980,26445.5,26446.5,26439.25,26442.5
1776308040,26443,26444,26442,26442.25
1776308100,26442.75,26444.5,26442.5,26444.5
1776308160,26444.25,26446,26443.5,26444.25
1776308220,26444,26444.25,26441.5,26443
1776308280,26442,26444.5,26441.75,26443.5
1776308340,26444.25,26445.5,26442,26442.75
1776308400,26442,26450.75,26441.5,26448.5
1776308460,26447.75,26454,26447,26452.5
1776308520,26452.5,26453.75,26450.75,26452.75
1776308580,26453,26454,26451.75,26452.75
1776308640,26453,26457.5,26451.5,26456.75
1776308700,26456.75,26460.75,26456.75,26457.75
1776308760,26457.5,26458,26453,26455
1776308820,26454.75,26459,26454.5,26458.5
1776308880,26458.5,26459,26456.5,26456.5
1776308940,26456.5,26457.25,26455.5,26456.5
1776309000,26455.25,26456.5,26453,26454.5
1776309060,26454,26454,26450.25,26452
1776309120,26451.5,26452.25,26448.5,26449.5
1776309180,26449.25,26450.5,26447.75,26449.75
1776309240,26449.25,26452,26449,26451.5
1776309300,26451.75,26454.5,26451.5,26453.5
1776309360,26453,26453,26449,26449.5
1776309420,26450.25,26450.25,26447.75,26449.75
1776309480,26449.5,26451.25,26445.5,26446.25
1776309540,26445.75,26448.25,26444,26447.75
1776309600,26447.25,26449.25,26446.75,26449.25
1776309660,26448.5,26450,26448,26449.25
1776309720,26449,26449.5,26445.5,26446.5
1776309780,26447.5,26449,26447,26449
1776309840,26449,26450,26447.25,26448.5
1776309900,26449.25,26452.5,26448.75,26450.5
1776309960,26450.5,26451.25,26446.75,26446.75
1776310020,26447.5,26448.5,26446.75,26447.25
1776310080,26447.75,26448,26446.25,26446.75
1776310140,26447.25,26448,26445,26446.25
1776310200,26446.75,26450.75,26446.5,26448.5
1776310260,26449,26450,26447.5,26448.75
1776310320,26448.25,26448.25,26442.25,26443.5
1776310380,26443.25,26444.5,26440.75,26442.5
1776310440,26442.75,26444.75,26432,26441.25
1776310500,26442,26445.5,26439.25,26443
1776310560,26443.75,26445.5,26440.25,26445.5
1776310620,26445,26446,26442.25,26444.75
1776310680,26445,26445.5,26441.5,26444
1776310740,26444.25,26445.25,26442.25,26442.75
1776310800,26443.75,26446.25,26442.25,26445.25
1776310860,26445,26448,26444.5,26447.25
1776310920,26447.5,26449,26444,26444.75
1776310980,26444.75,26445.5,26443.75,26444.75
1776311040,26445.25,26446.75,26444.75,26446.25
1776311100,26446.25,26447.25,26445.25,26446.25
1776311160,26447.25,26449.5,26446.25,26448.25
1776311220,26448.25,26450.25,26448.25,26448.75
1776311280,26449,26453.5,26448.75,26451.75
1776311340,26451.75,26452.75,26449.75,26451
1776311400,26450.5,26452,26450.5,26452
1776311460,26451.5,26451.5,26448.5,26448.5
1776311520,26448.25,26449.25,26444,26446.75
1776311580,26446.75,26447.75,26444.75,26445.25
1776311640,26445.25,26449,26444.75,26447.25
1776311700,26448,26449.5,26447,26448.5
1776311760,26448,26448.75,26445.25,26445.75
1776311820,26446,26447.25,26445.5,26447.25
1776311880,26446.5,26447.75,26445.75,26445.75
1776311940,26445.25,26446,26442.5,26443.25
1776312000,26443,26443.25,26436.75,26441
1776312060,26440.75,26442.75,26438.25,26438.75
1776312120,26438.5,26438.5,26434.75,26435.5
1776312180,26436.25,26438.5,26435.5,26435.5
1776312240,26435.5,26440.5,26434,26438.25
1776312300,26438.75,26439.5,26434.75,26435.5
1776312360,26435.75,26439.25,26435,26438.75
1776312420,26438,26439.5,26436.75,26439
1776312480,26438.75,26440,26435.75,26435.75
1776312540,26436,26437.75,26434,26436.75
1776312600,26436.75,26439.5,26435.25,26438
1776312660,26437.25,26439.75,26436,26439.5
1776312720,26439.25,26440.5,26437.75,26437.75
1776312780,26438,26438,26436,26436.75
1776312840,26437,26440,26436.75,26439
1776312900,26439.25,26442.25,26439.25,26441
1776312960,26441,26443.75,26441,26443
1776313020,26443,26444.75,26442.25,26444.25
1776313080,26444.25,26444.25,26441.75,26442
1776313140,26441.75,26443.5,26440.75,26442.5
1776313200,26442.25,26443.25,26440,26441.5
1776313260,26441.75,26444.75,26440.75,26442.25
1776313320,26441.75,26442.5,26440,26440.25
1776313380,26440.25,26440.75,26431.25,26432.5
1776313440,26432.75,26435,26432.25,26435
1776313500,26435,26435,26432.75,26434.25
1776313560,26434.25,26435,26431.5,26434
1776313620,26434,26435.75,26433,26434.5
1776313680,26433.75,26434.25,26432,26432.75
1776313740,26432.75,26435,26432.75,26434.5
1776313800,26434.5,26435,26431.5,26432
1776313860,26432,26432.5,26427,26431
1776313920,26430.75,26432,26429.5,26431.25
1776313980,26431.5,26432.75,26430.5,26431
1776314040,26431,26432.75,26430.5,26432.5
1776314100,26433,26434,26432.25,26432.5
1776314160,26432.75,26433.5,26432,26432.75
1776314220,26432.75,26435,26430.25,26433.5
1776314280,26433.25,26434.25,26432,26432.75
1776314340,26432.75,26433.5,26432,26432.5
1776314400,26432.75,26433.5,26431.5,26431.75
1776314460,26431.75,26433.25,26430,26432
1776314520,26431.75,26434.25,26431.5,26433.5
1776314580,26433.5,26435.75,26433.5,26435
1776314640,26435,26435.75,26433.75,26433.75
1776314700,26433.75,26436,26433.25,26435
1776314760,26435.75,26437,26434.25,26436
1776314820,26436,26436,26434.75,26435.25
1776314880,26434.75,26435,26432.5,26433
1776314940,26433.5,26435.75,26433,26435.5
1776315000,26435.75,26437.5,26433.25,26434.5
1776315060,26433.75,26438,26433.75,26437.25
1776315120,26437,26437.5,26434.75,26437
1776315180,26437.25,26438,26436.25,26437
1776315240,26437.25,26438,26436.5,26438
1776315300,26437.75,26439,26437,26437
1776315360,26438,26438,26434.5,26435.5
1776315420,26435.25,26436.25,26431.75,26434.5
1776315480,26433.75,26434.5,26432.5,26434.5
1776315540,26434.5,26434.75,26433.5,26434.25
1776315600,26434.75,26436.75,26428.25,26428.75
1776315660,26428.5,26431,26427.75,26430.75
1776315720,26430.5,26430.75,26417.75,26420.25
1776315780,26419.75,26425.25,26419.75,26423.75
1776315840,26424,26426,26421.25,26423.75
1776315900,26424.25,26427.75,26422,26424.75
1776315960,26424.75,26426.75,26423.25,26423.25
1776316020,26424.25,26425.75,26422.5,26423.75
1776316080,26423.25,26423.75,26420.5,26421
1776316140,26421,26422.75,26419.5,26422.25
1776316200,26421.75,26422.75,26416.5,26420
1776316260,26420,26423.5,26418.5,26418.5
1776316320,26419,26420,26417.5,26419
1776316380,26418.75,26419.75,26417.5,26418
1776316440,26417.5,26421.5,26417.5,26420.25
1776316500,26419.5,26422.25,26417.5,26421.25
1776316560,26421.75,26427.5,26421.5,26426.75
1776316620,26426,26429,26426,26428.25
1776316680,26428,26433.5,26428,26432
1776316740,26432,26434,26431.25,26432.5
1776316800,26433,26433.5,26430.75,26433
1776316860,26432.75,26439.75,26432,26437
1776316920,26437.75,26439.25,26436.25,26438
1776316980,26438,26439.25,26437,26437.25
1776317040,26438.5,26438.75,26436.25,26437.25
1776317100,26436.75,26437.75,26434.25,26437.25
1776317160,26438,26439.5,26437,26439
1776317220,26438.5,26446,26438,26443
1776317280,26443.25,26445,26440.5,26443.5
1776317340,26443.25,26444.75,26441.5,26443
1776317400,26442.5,26457.5,26442.25,26452
1776317460,26452,26453.25,26448,26451.75
1776317520,26452,26453.25,26448,26451.5
1776317580,26452,26455.5,26450.75,26451
1776317640,26451,26452.75,26444,26448
1776317700,26447.75,26450.75,26446.5,26450.75
1776317760,26450,26455.25,26448,26455.25
1776317820,26455.5,26459,26451.25,26451.75
1776317880,26451.75,26453.5,26449.75,26453.5
1776317940,26453,26455.25,26452.25,26454.75
1776318000,26454.75,26455.75,26452,26455
1776318060,26454,26456.5,26453,26454.5
1776318120,26454,26454.75,26451.5,26451.75
1776318180,26451.75,26452.5,26447.25,26448
1776318240,26448,26449.25,26447,26449
1776318300,26447.75,26450.75,26447.25,26450.75
1776318360,26451,26452.25,26449.25,26449.25
1776318420,26449.25,26451.75,26449.25,26451.75
1776318480,26451.25,26454,26451,26453.75
1776318540,26453.25,26454.25,26451.5,26453.5
1776318600,26454,26456,26453.5,26455.25
1776318660,26455.25,26459.75,26454.75,26458.75
1776318720,26459.5,26460.25,26454.25,26456.5
1776318780,26456.5,26461.75,26456.5,26460.25
1776318840,26460,26461.75,26456.75,26457.5
1776318900,26457.75,26457.75,26451.25,26452.5
1776318960,26451.75,26457,26451.5,26455.75
1776319020,26455.25,26455.25,26452.25,26454
1776319080,26454.5,26455,26452.75,26453.5
1776319140,26453.5,26456,26453.5,26454.5
1776319200,26455,26464,26455,26459.5
1776319260,26458.75,26464.5,26456,26463
1776319320,26462.5,26469,26462,26467
1776319380,26467.5,26468.25,26465,26465.5
1776319440,26465.25,26466,26462,26464.75
1776319500,26465,26465.25,26461.25,26464.25
1776319560,26463.5,26476,26463.25,26473.25
1776319620,26473,26479.25,26472.5,26474
1776319680,26473.75,26478.25,26473.25,26477.5
1776319740,26477.75,26483,26475.75,26478.5
1776319800,26477.75,26483.5,26477,26481.25
1776319860,26481,26481.75,26475.5,26478.5
1776319920,26478.75,26482,26473.75,26480
1776319980,26480.25,26484.75,26477.75,26483
1776320040,26482.75,26483.75,26480,26482
1776320100,26482.25,26483.5,26478,26479.25
1776320160,26478.5,26482.25,26476.5,26479
1776320220,26479.75,26484.75,26479.75,26483
1776320280,26483,26483.25,26480,26480.75
1776320340,26480.5,26482.25,26473,26474
1776320400,26473.5,26473.5,26464,26467.25
1776320460,26467.5,26470.25,26466.75,26468.75
1776320520,26468,26472,26467,26467.5
1776320580,26467.5,26473.5,26467.5,26473
1776320640,26472.5,26476.5,26472.25,26475
1776320700,26475,26477,26473.5,26474.5
1776320760,26474.75,26476.75,26471.5,26473.75
1776320820,26474.25,26474.75,26470.25,26470.75
1776320880,26471,26480,26470.5,26478.75
1776320940,26479,26481.25,26476.25,26476.5
1776321000,26477.75,26481.5,26476,26480.75
1776321060,26481,26484,26475.5,26476.75
1776321120,26476.75,26479.25,26475.75,26477.5
1776321180,26477.5,26479.5,26477.5,26477.75
1776321240,26477.5,26479,26475,26477.5
1776321300,26478,26479.75,26476.75,26477.75
1776321360,26477,26477.25,26473.5,26473.75
1776321420,26474,26475.25,26470,26472.75
1776321480,26472.75,26475,26472,26474.25
1776321540,26474.25,26474.25,26470,26470.25
1776321600,26470.25,26470.5,26463.25,26468.75
1776321660,26468.25,26472.75,26468,26469.75
1776321720,26470.5,26475.5,26470,26474.75
1776321780,26475,26480.5,26474.25,26479.25
1776321840,26479,26479.25,26475,26477.25
1776321900,26477,26477.75,26475.25,26477.25
1776321960,26477.75,26479.25,26476.75,26479
1776322020,26478.75,26481.25,26476.25,26479.25
1776322080,26479.5,26481.25,26478.25,26480.25
1776322140,26480.5,26483,26480.5,26481.75
1776322200,26482.25,26483.5,26479.75,26481.5
1776322260,26481,26486.5,26481,26483.25
1776322320,26483.75,26484.5,26481,26483
1776322380,26482.5,26483.5,26480.75,26482.5
1776322440,26482.75,26483,26480.5,26482.25
1776322500,26481.25,26481.5,26478.5,26479
1776322560,26478.5,26481.25,26477.5,26479
1776322620,26478.75,26481.25,26477.25,26480.25
1776322680,26480,26482.75,26478.5,26482.5
1776322740,26482.5,26482.5,26479.75,26479.75
1776322800,26480,26481.25,26474.25,26474.5
1776322860,26474.75,26478,26473.5,26475
1776322920,26476,26478.5,26469.25,26469.5
1776322980,26469.75,26471.5,26466.25,26468.75
1776323040,26468.5,26473,26466.5,26469.75
1776323100,26470.75,26470.75,26462,26463
1776323160,26463.5,26465.5,26459.5,26461.25
1776323220,26462,26464,26459.25,26460.25
1776323280,26459.75,26461.25,26456.25,26458
1776323340,26458,26461.25,26457.75,26461.25
1776323400,26461.25,26464,26460.25,26460.75
1776323460,26461.5,26461.75,26457.5,26458.25
1776323520,26457.5,26467.75,26455.25,26465.5
1776323580,26464.75,26465.75,26461.75,26464.5
1776323640,26464.25,26465.5,26459.75,26460.5
1776323700,26460.75,26464,26459.25,26463.25
1776323760,26462.75,26465.75,26460.75,26461.5
1776323820,26462.25,26466,26461.25,26464
1776323880,26464.5,26469,26462.75,26468.75
1776323940,26468.25,26472,26467,26472
1776324000,26471.5,26475.75,26471.25,26473
1776324060,26472.75,26474.25,26471,26474
1776324120,26474.5,26477,26472,26476.25
1776324180,26476.75,26478.75,26475.75,26477
1776324240,26477.25,26479.5,26476.5,26478.25
1776324300,26478.75,26480.75,26478,26480.25
1776324360,26480,26481,26475.5,26476.25
1776324420,26476,26477.25,26471,26472.75
1776324480,26471.75,26475.25,26471.5,26474
1776324540,26473.75,26477.5,26473,26476.5
1776324600,26476.25,26479.25,26475,26477.75
1776324660,26477.25,26479,26476,26477.75
1776324720,26476.75,26477.75,26469.5,26474
1776324780,26474,26478,26473.25,26476.25
1776324840,26475.75,26478,26475,26477.75
1776324900,26478,26480.25,26476.5,26479.5
1776324960,26479.75,26479.75,26477.5,26479
1776325020,26479.25,26483.75,26479,26481.75
1776325080,26481.75,26483.25,26477.5,26479
1776325140,26478.5,26480.75,26477.75,26479.25
1776325200,26478.75,26487.25,26477.5,26485.5
1776325260,26485.5,26485.75,26482.5,26484
1776325320,26483.75,26486,26483.25,26483.25
1776325380,26484,26484.25,26480.75,26483.25
1776325440,26483,26483.5,26476,26482
1776325500,26481.5,26483,26477.75,26478.75
1776325560,26478.75,26478.75,26474,26474.75
1776325620,26474.75,26475.75,26470.25,26471.25
1776325680,26472,26473,26470.25,26472.5
1776325740,26472.75,26475,26468,26472.5
1776325800,26472.75,26473.25,26466.25,26468.5
1776325860,26468.75,26469.5,26466,26467.5
1776325920,26467.5,26470.25,26466.75,26467.75
1776325980,26467.25,26468,26461.25,26463.25
1776326040,26463,26465.75,26462.5,26464
1776326100,26463.75,26463.75,26453.5,26457.25
1776326160,26457.75,26459.5,26454.5,26454.5
1776326220,26455,26457.75,26451.75,26455.75
1776326280,26455.5,26460.75,26455.5,26460.75
1776326340,26460,26462,26459,26459.75
1776326400,26459,26461.5,26457,26458
1776326460,26458.5,26465,26457.75,26462.5
1776326520,26462,26462,26450.5,26453
1776326580,26452.75,26453.25,26448,26451.25
1776326640,26451.75,26452.5,26443,26444.25
1776326700,26444.5,26444.5,26434,26435.75
1776326760,26436,26442,26434.5,26441.5
1776326820,26441.25,26444.25,26433.5,26433.75
1776326880,26433.75,26437,26427.5,26437
1776326940,26436.25,26437.75,26432.5,26436
1776327000,26436.5,26440.5,26430,26437.5
1776327060,26438.25,26444.5,26437.75,26441.75
1776327120,26441.75,26445,26438.75,26444
1776327180,26443,26444.5,26435.5,26438
1776327240,26437.25,26437.75,26424,26428.5
1776327300,26428.75,26434,26428,26433.25
1776327360,26433,26438.5,26432.25,26435.5
1776327420,26436.25,26436.25,26427.5,26430.25
1776327480,26430.75,26434.5,26428.25,26433.5
1776327540,26433.75,26435,26425.25,26428.5
1776327600,26428,26437.75,26427.25,26433.75
1776327660,26434.25,26437.5,26433,26435.25
1776327720,26435.75,26437.5,26431.75,26436.5
1776327780,26436.25,26441.25,26434.5,26434.5
1776327840,26434,26438,26430.5,26432
1776327900,26432.25,26433.25,26426.25,26426.75
1776327960,26427,26431.75,26425.5,26428.5
1776328020,26428.5,26431.5,26425.5,26426.75
1776328080,26427.5,26429.5,26424.5,26426.5
1776328140,26426.75,26430.25,26424.5,26428.75
1776328200,26428.25,26428.5,26421.5,26425.25
1776328260,26425.75,26427,26421.75,26422
1776328320,26421.5,26427.75,26419.25,26425.5
1776328380,26425,26426.25,26418.25,26420.75
1776328440,26420.5,26423.5,26418.25,26418.25
1776328500,26418.75,26419.25,26410.75,26414.75
1776328560,26413.75,26415.5,26412.25,26413
1776328620,26413.75,26419,26413,26417.75
1776328680,26418.75,26419,26413.75,26418
1776328740,26418,26422,26416.5,26421.25
1776328800,26421,26421.5,26416.75,26419.5
1776328860,26420.25,26423.25,26419.75,26422
1776328920,26422.25,26427,26421,26424.75
1776328980,26424.5,26428.75,26421.5,26427
1776329040,26427.25,26433.75,26427,26431.25
1776329100,26431.25,26434.5,26429.25,26432.75
1776329160,26432.5,26436,26431,26436
1776329220,26435.5,26438.5,26435.25,26436.25
1776329280,26437.25,26438.75,26435.25,26436.75
1776329340,26436.5,26436.5,26431.5,26432.75
1776329400,26433.5,26434.75,26430,26430.75
1776329460,26430.5,26430.75,26427.25,26429.75
1776329520,26429.25,26433.25,26429.25,26432
1776329580,26432.5,26435.25,26432,26433
1776329640,26432.75,26434.75,26430.25,26433.25
1776329700,26433.25,26437.5,26431.5,26436.75
1776329760,26436.5,26441,26436,26440.25
1776329820,26440.75,26443.75,26438.75,26443.25
1776329880,26442.75,26445,26441,26441.75
1776329940,26442.25,26442.5,26440,26440
1776330000,26440.5,26447.75,26438.25,26446.5
1776330060,26446,26448.5,26441.5,26444.25
1776330120,26443.25,26453.25,26442.75,26452
1776330180,26451.5,26453.25,26450,26451.25
1776330240,26451.5,26453.25,26448.5,26449.25
1776330300,26449.25,26449.75,26445.25,26446
1776330360,26445.75,26449.25,26442.5,26445.25
1776330420,26445.25,26445.5,26441.5,26444.25
1776330480,26444.75,26451.75,26444.75,26450
1776330540,26450,26454.75,26449,26454.75
1776330600,26454.75,26454.75,26450.25,26450.25
1776330660,26450.75,26456.5,26450.25,26455.5
1776330720,26455.75,26456,26452.25,26455.25
1776330780,26455.25,26457.75,26453.25,26453.25
1776330840,26454,26455,26452,26453.25
1776330900,26453.5,26454.5,26452.25,26454.5
1776330960,26454.75,26456.25,26453,26453.5
1776331020,26453.75,26453.75,26449,26451
1776331080,26451.25,26452.5,26449,26451.75
1776331140,26451.75,26452,26449,26450.5
1776331200,26450.5,26452.25,26448.5,26449.25
1776331260,26449.25,26453,26448.5,26451.75
1776331320,26450.75,26451.5,26444,26448
1776331380,26448.5,26448.75,26445,26446.25
1776331440,26446.5,26447.5,26444.75,26446.5
1776331500,26446.25,26450.75,26445.75,26449
1776331560,26448.75,26452.75,26447.5,26449.75
1776331620,26449.5,26451.25,26447,26448.25
1776331680,26448.5,26449.25,26446.25,26447.5
1776331740,26448,26449.75,26446,26447
1776331800,26446.75,26450.5,26446,26449
1776331860,26448.75,26449,26446,26447.25
1776331920,26446.25,26449.75,26445.75,26446
1776331980,26445.5,26448.5,26445.25,26445.25
1776332040,26445.5,26451,26445.25,26449.75
1776332100,26449.75,26452.5,26448.75,26451.5
1776332160,26451.75,26451.75,26447.75,26448.75
1776332220,26448,26451,26446.25,26447.25
1776332280,26448,26449,26446.75,26446.75
1776332340,26447,26450.5,26447,26449.75
1776332400,26449.5,26455.25,26449,26452.25
1776332460,26452.75,26452.75,26450.25,26450.75
1776332520,26450.5,26450.75,26446.5,26448.25
1776332580,26448.25,26449.75,26446,26449
1776332640,26448.75,26451.5,26446,26446
1776332700,26446,26446.25,26442,26444.25
1776332760,26444,26445.75,26440,26442.25
1776332820,26442.25,26443,26440,26442.25
1776332880,26441.25,26441.5,26436.5,26436.75
1776332940,26436.75,26443.25,26433.25,26442.5
1776333000,26442,26445.75,26441.5,26444.75
1776333060,26445,26448.25,26443.5,26447.25
1776333120,26446.75,26447.75,26444.5,26445.25
1776333180,26445.75,26449,26445.25,26446.25
1776333240,26446,26448,26445.25,26447.5
1776333300,26448,26450,26445,26448.75
1776333360,26449.25,26449.5,26447.25,26448
1776333420,26448,26451,26447.25,26450.75
1776333480,26450.75,26453.75,26450.75,26452.5
1776333540,26452.5,26453.5,26451.25,26453
1776333600,26453.25,26457.5,26452.5,26456.75
1776333660,26457.25,26462.5,26457,26459.5
1776333720,26459.5,26463.5,26459,26463.25
1776333780,26463.25,26463.75,26460.75,26462.75
1776333840,26463,26463.5,26459.5,26460.25
1776333900,26460.5,26466,26460.25,26463
1776333960,26462.5,26463.25,26460.25,26460.5
1776334020,26460,26461.5,26457.75,26459
1776334080,26458.75,26460,26457.25,26459.5
1776334140,26459,26462.75,26458.75,26462.75
1776334200,26462.5,26462.75,26457.5,26458.25
1776334260,26459,26459,26452.5,26455.75
1776334320,26455.75,26457.75,26452.25,26452.75
1776334380,26452.75,26453,26448.75,26449.5
1776334440,26449.5,26452.75,26449,26452.25
1776334500,26451.75,26453.75,26450.75,26452
1776334560,26452.75,26453,26445.5,26448.75
1776334620,26449.75,26451,26448,26450
1776334680,26450,26450,26441.5,26444.75
1776334740,26445,26446.5,26441.5,26442
1776334800,26443,26445.75,26442.25,26445.25
1776334860,26445.25,26445.5,26442,26443.75
1776334920,26443.25,26443.75,26440.25,26440.5
1776334980,26440.25,26441.5,26437,26439.75
1776335040,26439,26444.5,26437.5,26444.5
1776335100,26444.5,26446.25,26441.5,26444.25
1776335160,26444.5,26447,26443,26444.25
1776335220,26445,26445,26437.5,26438
1776335280,26438,26440.75,26437,26438.5
1776335340,26438.5,26438.75,26429.25,26433
1776335400,26432.5,26432.75,26414.5,26415.25
1776335460,26415.25,26424,26414.25,26415.25
1776335520,26415.25,26422.25,26414.75,26419.5
1776335580,26419.5,26421.75,26405.5,26408.5
1776335640,26407.5,26411.75,26399,26409
1776335700,26408.5,26410.5,26394,26401.25
1776335760,26400.5,26405.25,26399,26403
1776335820,26403,26408.5,26395.25,26398.25
1776335880,26397.75,26399.5,26395,26397.75
1776335940,26397.25,26405.5,26394,26402
1776336000,26401.75,26403,26397.5,26400.75
1776336060,26400.75,26401,26394,26396.5
1776336120,26396.5,26399,26394,26394.75
1776336180,26394.5,26397,26388.75,26388.75
1776336240,26388.5,26389,26380,26385
1776336300,26384.75,26387.25,26377.75,26378.25
1776336360,26378.5,26379.25,26373.5,26375
1776336420,26374.75,26375.75,26364.25,26366.5
1776336480,26367,26383.75,26366.75,26379.5
1776336540,26379.75,26388,26379.75,26384
1776336600,26383.25,26384,26377.25,26380.25
1776336660,26380.25,26389.25,26380,26387.75
1776336720,26387.75,26391,26384.25,26390
1776336780,26389.75,26397.25,26389.75,26396.5
1776336840,26396,26403,26395,26400.75
1776336900,26401.25,26404.5,26399.75,26402.25
1776336960,26402.5,26406.25,26401.25,26406.25
1776337020,26405.75,26408.75,26402.25,26406.25
1776337080,26406,26407.5,26403.75,26404.25
1776337140,26404.25,26409.5,26404.25,26405.75
1776337200,26406.5,26413.25,26406.25,26410.25
1776337260,26410,26414,26408.5,26410.75
1776337320,26411,26412.75,26407,26410.25
1776337380,26409.75,26413,26407,26410.5
1776337440,26411,26419.5,26408,26419.25
1776337500,26419.5,26424,26412.75,26418.25
1776337560,26418,26420.25,26416.25,26419.5
1776337620,26419.75,26420.25,26416.5,26417.75
1776337680,26417.75,26417.75,26414,26414.25
1776337740,26414.25,26416.75,26411.75,26416.25
1776337800,26416,26419.25,26415.5,26416.75
1776337860,26416.75,26422.5,26412.75,26420.5
1776337920,26421,26421.25,26406.25,26412
1776337980,26412,26412.25,26405.5,26407.25
1776338040,26407.25,26413.5,26406.25,26411.25
1776338100,26411.25,26417.25,26410.5,26411.75
1776338160,26411.5,26414.5,26408.5,26413.75
1776338220,26414,26415,26412,26412.75
1776338280,26412.75,26414.75,26408.75,26413
1776338340,26413.5,26415,26406.5,26408.25
1776338400,26408,26411,26407.5,26411
1776338460,26410.5,26410.75,26406.5,26406.75
1776338520,26406.5,26407.75,26403,26405
1776338580,26404.75,26406,26400.5,26403.75
1776338640,26404.25,26408.25,26397,26398.25
1776338700,26398.25,26398.25,26393,26394.5
1776338760,26393.5,26395,26388.5,26388.5
1776338820,26388.5,26388.5,26382.75,26388.25
1776338880,26388,26396,26386.5,26395
1776338940,26395.5,26397.5,26393.5,26397
1776339000,26396.25,26411.5,26396,26409.25
1776339060,26409,26412.75,26407.25,26411.5
1776339120,26411.25,26412.75,26408,26409.75
1776339180,26410.75,26412.5,26406.75,26409
1776339240,26409.75,26421,26409.75,26420
1776339300,26420.5,26420.5,26415.75,26418
1776339360,26417.5,26419.5,26413.75,26414.5
1776339420,26414.75,26419.75,26414.75,26419
1776339480,26418.25,26420.5,26410.75,26411.25
1776339540,26410.75,26413.25,26406.5,26407.75
1776339600,26407,26407.5,26402,26403.75
1776339660,26403.5,26409.25,26403.5,26404.75
1776339720,26405.5,26405.5,26401.25,26403.5
1776339780,26403.25,26408.25,26403.25,26406
1776339840,26406,26407.75,26404.25,26407.5
1776339900,26406.75,26412,26404.5,26409.25
1776339960,26409,26409.25,26403.5,26405.25
1776340020,26405.5,26406,26402.75,26405.25
1776340080,26405.25,26414.25,26404.25,26412.25
1776340140,26412,26413.25,26408.25,26409
1776340200,26408.5,26425.5,26408.25,26418.5
1776340260,26418.75,26419.25,26413.5,26413.5
1776340320,26414.75,26418.75,26413.5,26418.5
1776340380,26418.5,26420.75,26416,26418
1776340440,26417.5,26420.5,26416.5,26419
1776340500,26418.25,26420.75,26416.75,26417.25
1776340560,26417,26420.5,26415.25,26417.25
1776340620,26416.75,26417.75,26414.25,26414.75
1776340680,26415,26421,26413.5,26419.75
1776340740,26420,26422.25,26417.5,26418
1776340800,26418.75,26425,26416,26417
1776340860,26417.5,26427.5,26417.5,26426.75
1776340920,26426.5,26431,26424.25,26426.5
1776340980,26426.25,26429.75,26424.25,26425.5
1776341040,26425.5,26427.25,26421.75,26424.75
1776341100,26424.5,26426.75,26423.25,26424.5
1776341160,26424.5,26425,26413.5,26417.5
1776341220,26418,26418,26399.75,26408
1776341280,26408.5,26418,26405.5,26417.5
1776341340,26417.25,26420.75,26416.5,26420.75
1776341400,26420.75,26421,26411.5,26413.5
1776341460,26414.25,26414.75,26409.25,26413.5
1776341520,26412.75,26413.75,26408.25,26412.5
1776341580,26412.25,26416,26408.5,26408.75
1776341640,26409.5,26411.75,26407.25,26411.25
1776341700,26411,26412.5,26408.25,26410
1776341760,26410,26415.25,26408.25,26413.25
1776341820,26413,26415,26409.75,26412
1776341880,26411.75,26415.5,26407.25,26408
1776341940,26408.5,26413.5,26407.25,26409.25
1776342000,26409.25,26412.75,26409.25,26410.25
1776342060,26410.5,26418.25,26409,26417.75
1776342120,26418,26424.25,26417.25,26422
1776342180,26422,26424.5,26419.25,26421.5
1776342240,26421.5,26423.5,26418.75,26422.5
1776342300,26422.75,26424,26418,26418.75
1776342360,26418.75,26422.25,26417.75,26422
1776342420,26421.5,26421.5,26417.25,26421
1776342480,26421,26421.5,26418.75,26420.5
1776342540,26421.25,26426.75,26420,26426
1776342600,26425.25,26430.75,26412.75,26413.25
1776342660,26413.5,26416.5,26406.25,26415.5
1776342720,26415.25,26424.5,26414.5,26420
1776342780,26420.75,26428.25,26419,26425.5
1776342840,26425.5,26429.5,26423.5,26429.25
1776342900,26428.75,26434,26421.75,26423.75
1776342960,26423.5,26423.75,26415.5,26419
1776343020,26418.25,26420,26412.25,26418.75
1776343080,26419.5,26421.25,26410,26410.75
1776343140,26410.75,26413.75,26405.25,26412.75
1776343200,26413,26413.5,26406,26409.75
1776343260,26409.25,26413.25,26408.25,26413
1776343320,26413,26417.5,26411.75,26414.25
1776343380,26414.75,26414.75,26410.5,26412.5
1776343440,26412,26418.5,26411.25,26414
1776343500,26414,26414.25,26404.5,26409
1776343560,26409,26409.25,26404.25,26405
1776343620,26405.5,26411,26404.25,26410.5
1776343680,26410.5,26411,26405.5,26405.5
1776343740,26405.5,26409.75,26405.25,26408
1776343800,26407.75,26414.5,26407.75,26410.5
1776343860,26411,26412.5,26407,26407
1776343920,26407,26412.5,26405,26408.5
1776343980,26408,26408,26403.75,26405
1776344040,26404.5,26406.5,26392,26396.5
1776344100,26396,26407.25,26395.25,26406.25
1776344160,26406.25,26407.25,26400,26400.25
1776344220,26400.75,26401.75,26396.75,26401.5
1776344280,26401.5,26406.5,26400.5,26406
1776344340,26406,26406.75,26399.5,26401.5
1776344400,26402,26407,26401,26404.75
1776344460,26404.5,26418,26404,26416.25
1776344520,26416.5,26424,26416.5,26423
1776344580,26422.75,26422.75,26417.5,26419.25
1776344640,26419,26420.5,26415.75,26418.25
1776344700,26418.75,26421.75,26413.5,26420.25
1776344760,26420.75,26426.75,26417.5,26423.5
1776344820,26423.25,26425,26421.5,26424
1776344880,26424.25,26428,26423.25,26424
1776344940,26424,26426,26422,26425.5
1776345000,26425.25,26425.75,26418.75,26419.5
1776345060,26420,26420.75,26416,26419.25
1776345120,26419,26419,26407,26407.5
1776345180,26407.25,26413.25,26407.25,26413.25
1776345240,26413,26413.75,26410,26413.75
1776345300,26413.5,26414,26409,26411
1776345360,26411.5,26418.75,26410.5,26418
1776345420,26418,26418,26412.75,26415.25
1776345480,26414.25,26424.75,26413.5,26422.75
1776345540,26423,26425.5,26420,26423.5
1776345600,26423.25,26426.25,26411.5,26412
1776345660,26412.25,26419,26411.5,26418
1776345720,26418.5,26418.5,26408.5,26410.75
1776345780,26410.75,26412.25,26397.75,26400.75
1776345840,26400.5,26407,26399.5,26405.25
1776345900,26404.75,26419.25,26399.75,26416.5
1776345960,26416.75,26421.75,26416,26419
1776346020,26419.25,26427.5,26418.75,26425.5
1776346080,26425.25,26432.5,26421.25,26426.75
1776346140,26426.25,26445.5,26425,26439.5
1776346200,26439.5,26453.5,26386.75,26395.25
1776346260,26395.75,26400.75,26367.25,26373.75
1776346320,26373.5,26393.75,26368.75,26391
1776346380,26391.5,26402.75,26376,26376.5
1776346440,26376.75,26397.5,26372.25,26393.5
1776346500,26394,26400.75,26377.75,26379.5
1776346560,26379.5,26383,26362.5,26364.75
1776346620,26366,26391,26358,26389.5
1776346680,26389.25,26409,26375.5,26376.25
1776346740,26376.75,26385,26359.5,26363.25
1776346800,26363.25,26400.75,26359.75,26399.75
1776346860,26399.5,26405.5,26345.5,26353.75
1776346920,26353.75,26375.75,26353,26367.25
1776346980,26367.5,26384.25,26359.75,26379.5
1776347040,26379.75,26395.5,26374,26394.25
1776347100,26394.25,26394.75,26365,26385.75
1776347160,26385.75,26390.75,26378.25,26381
1776347220,26381.75,26389.25,26370.75,26383
1776347280,26383,26383.5,26364.25,26376.5
1776347340,26377,26385.25,26363,26382.75
1776347400,26383.25,26383.25,26356,26359.25
1776347460,26359.5,26361.5,26328.5,26333
1776347520,26333.5,26340.25,26313.75,26318.25
1776347580,26318,26327.25,26297.5,26301.25
1776347640,26301.25,26312.5,26280,26282.5
1776347700,26282.75,26308.5,26275.75,26305.75
1776347760,26305.25,26325.5,26300.75,26313
1776347820,26312.5,26314.25,26290,26296.25
1776347880,26295.75,26313.25,26294.25,26311.5
1776347940,26311.5,26328,26307.5,26321.25
1776348000,26321.25,26324.75,26297.25,26306.5
1776348060,26306.25,26308.75,26288.75,26308
1776348120,26308,26322.5,26305,26312.25
1776348180,26311.5,26324,26309.5,26323.5
1776348240,26321.25,26335.75,26314.75,26331
1776348300,26330.75,26340,26321.75,26337.75
1776348360,26337.5,26351.5,26330.25,26346.75
1776348420,26346.25,26355,26340.75,26353.75
1776348480,26354.25,26365,26345,26354
1776348540,26353.75,26354.75,26340.25,26346.25
1776348600,26346.5,26363.5,26346.5,26358
1776348660,26357.5,26361.25,26350.5,26354.5
1776348720,26354.5,26382.5,26350.25,26374.75
1776348780,26375.25,26397.75,26365.25,26366.75
1776348840,26367,26367,26352.5,26357.5
1776348900,26357.5,26370.75,26356,26362.25
1776348960,26362,26366.25,26344.75,26347.25
1776349020,26347.75,26347.75,26327.75,26328.75
1776349080,26328.75,26346.25,26315.5,26339.5
1776349140,26339,26339.5,26317,26322.25
1776349200,26322.75,26330,26314.25,26320
1776349260,26319.5,26350,26319,26339.5
1776349320,26339.5,26341.5,26324.25,26326.25
1776349380,26326.5,26327.5,26310.75,26326
1776349440,26325.75,26339,26318.5,26335.5
1776349500,26335.75,26337.5,26327.75,26332.25
1776349560,26332.5,26380,26329.25,26338.5
1776349620,26338.5,26355.5,26338,26349
1776349680,26348.5,26363.75,26346.75,26361.75
1776349740,26362,26365,26351,26352
1776349800,26352.25,26371.5,26349,26369.75
1776349860,26370,26376.5,26360,26364.5
1776349920,26364.5,26366,26347,26358
1776349980,26358.5,26374.5,26357.25,26372.25
1776350040,26373,26377.5,26368.75,26374.5
1776350100,26374,26378,26365.25,26371
1776350160,26371.5,26385,26367.5,26383.25
1776350220,26382.5,26390.75,26377.75,26385
1776350280,26385.5,26385.5,26371.5,26379
1776350340,26378.5,26380.75,26370,26372
1776350400,26372.25,26376.75,26360.5,26367
1776350460,26367.5,26375.25,26364.75,26367.75
1776350520,26367.5,26374.5,26362.75,26369.75
1776350580,26369.5,26389,26369.5,26381.5
1776350640,26381.25,26392.75,26381,26390
1776350700,26389.5,26413,26384.75,26410.75
1776350760,26410.5,26411.25,26398,26399.5
1776350820,26399.25,26409,26394.5,26408.25
1776350880,26408.5,26416,26400.75,26410
1776350940,26410,26417.75,26408.75,26417
1776351000,26417.25,26418.5,26401.25,26407.25
1776351060,26407.75,26422.75,26406.5,26417.25
1776351120,26417,26418.25,26395.5,26397.5
1776351180,26397,26405,26390,26400.5
1776351240,26400.5,26413.75,26397.5,26412.5
1776351300,26411.75,26415,26396,26398
1776351360,26398,26405.75,26366.5,26404
1776351420,26404,26411.5,26396.75,26400.5
1776351480,26400,26406.25,26394,26406.25
1776351540,26406.5,26407.25,26401.75,26403.75
1776351600,26403.75,26420.5,26403.75,26415
1776351660,26415.75,26420,26411.5,26414.75
1776351720,26415,26428.75,26413,26427.75
1776351780,26428,26439.75,26427.5,26437.5
1776351840,26437.75,26445,26437.75,26440.25
1776351900,26440,26449.25,26429.5,26446
1776351960,26446,26450,26438.5,26439.75
1776352020,26439.5,26448,26433.75,26445.5
1776352080,26445,26456.5,26444.25,26454
1776352140,26454,26468.25,26453.75,26464.5
1776352200,26465,26485.75,26464.75,26478.25
1776352260,26478.25,26486.25,26474.75,26477.75
1776352320,26478.25,26478.5,26466,26471.25
1776352380,26471.25,26471.75,26460.5,26461.5
1776352440,26461.5,26471.75,26461.25,26469.25
1776352500,26469,26495.25,26468.75,26483.5
1776352560,26483.25,26488.75,26479.25,26484.25
1776352620,26484.25,26487.5,26476.25,26484.75
1776352680,26484.5,26487.25,26478.75,26479.5
1776352740,26479.75,26484,26466.75,26470.75
1776352800,26470.75,26481,26470.5,26480.25
1776352860,26479.5,26488.5,26475.5,26487.25
1776352920,26487.5,26498,26485.25,26493.75
1776352980,26493.5,26496,26485.25,26486.75
1776353040,26486.25,26492.75,26483.25,26489
1776353100,26489.5,26497.25,26488.5,26491.5
1776353160,26491,26500.75,26489.25,26500.75
1776353220,26500.75,26502,26491.5,26501.25
1776353280,26501.25,26504.5,26488.25,26495
1776353340,26494.5,26494.5,26457.25,26457.75
1776353400,26458,26480.75,26452,26480.75
1776353460,26480.25,26482.5,26472,26473.5
1776353520,26474,26478,26467.5,26472.5
1776353580,26472.5,26480,26470,26478.75
1776353640,26479,26489.25,26476.25,26488.75
1776353700,26488.75,26503.5,26487.75,26495.25
1776353760,26495,26532.5,26490.75,26515
1776353820,26515.5,26541.75,26511.75,26526.75
1776353880,26526,26526.75,26508,26517
1776353940,26516.75,26520,26504,26507
1776354000,26507.75,26511.25,26490.25,26503
1776354060,26502.5,26509,26495,26499.75
1776354120,26499.75,26501.75,26474,26486.5
1776354180,26486.5,26501.5,26485.75,26497
1776354240,26496.5,26500.75,26492.75,26498.25
1776354300,26498.5,26507,26494,26505.75
1776354360,26505.25,26508.25,26487.25,26491.5
1776354420,26491.5,26496.75,26485.75,26494
1776354480,26494.5,26497.25,26482.25,26488
1776354540,26488.5,26489,26471.25,26483.75
1776354600,26483.25,26494,26481.5,26493.5
1776354660,26493.25,26511.25,26492,26505.5
1776354720,26505.75,26507.5,26500.5,26504.5
1776354780,26504.25,26506.75,26498.75,26502.75
1776354840,26502.75,26504.75,26496.75,26501.5
1776354900,26501.5,26520.75,26500.75,26520
1776354960,26520.25,26529,26518.5,26525.25
1776355020,26525.75,26528.25,26516.75,26527.5
1776355080,26527.75,26538,26524.5,26534.75
1776355140,26534.25,26535.75,26528.75,26534
1776355200,26533.75,26547.25,26533.75,26544.5
1776355260,26544.75,26547.25,26531.5,26532.25
1776355320,26533,26536.25,26528,26534.75
1776355380,26535.25,26545.75,26533.75,26543
1776355440,26543,26544.25,26536.75,26540.25
1776355500,26540.25,26540.75,26534,26535.75
1776355560,26536.75,26538.25,26526,26533.25
1776355620,26533.25,26541.5,26530.25,26540
1776355680,26539.75,26546,26539,26542.25
1776355740,26542.5,26543.25,26534.5,26539
1776355800,26539,26544.75,26538.5,26543
1776355860,26542.5,26551.75,26537.25,26548.75
1776355920,26549.25,26552.5,26542.75,26546.5
1776355980,26546.75,26551.25,26544.5,26550.75
1776356040,26550.5,26553.5,26549,26551.25
1776356100,26551.5,26558,26550.75,26556
1776356160,26555.5,26556.75,26551.75,26555.75
1776356220,26555.5,26559.25,26550,26557.75
1776356280,26558,26562.25,26557,26559
1776356340,26558.75,26562.75,26558.75,26560.75
1776356400,26561,26562.5,26551.25,26552.75
1776356460,26552.5,26552.5,26540.75,26545.5
1776356520,26545.25,26548.25,26536,26539.25
1776356580,26539,26539.75,26522,26525.25
1776356640,26525.5,26533.25,26522.5,26530.5
1776356700,26530,26535.75,26529,26531
1776356760,26531.5,26537,26530.25,26532
1776356820,26532.25,26540,26531.5,26533
1776356880,26533.25,26536.75,26526.5,26527.25
1776356940,26527.75,26528.5,26514.75,26517.5
1776357000,26518,26522.75,26509.75,26512.75
1776357060,26512.75,26513.25,26496.25,26503.25
1776357120,26503.75,26506,26494.75,26498.5
1776357180,26499,26499,26430.25,26442.5
1776357240,26442.25,26472,26442,26469.5
1776357300,26469.25,26476.5,26459.25,26467.75
1776357360,26468,26486.5,26467.75,26485.5
1776357420,26485.5,26494,26480.5,26485.25
1776357480,26485.25,26501.25,26481,26497
1776357540,26497.5,26506.5,26494.25,26505.5
1776357600,26505.25,26517,26500.5,26510.25
1776357660,26510,26510,26490.75,26492.75
1776357720,26493,26497.5,26486.5,26495.75
1776357780,26495.75,26496.75,26483,26487
1776357840,26487.5,26499,26486.75,26496.75
1776357900,26496.75,26507.25,26495,26501.5
1776357960,26501.25,26520,26497,26512.5
1776358020,26512,26514.25,26507.75,26512.5
1776358080,26511.75,26515.25,26509,26511.25
1776358140,26511.25,26512.25,26502.75,26505.25
1776358200,26505.75,26519,26504,26515.75
1776358260,26515.5,26518,26511.25,26512
1776358320,26512,26512.25,26492,26494.25
1776358380,26494,26501.75,26480.75,26489.25
1776358440,26489.25,26494,26476.25,26481
1776358500,26480.75,26486.25,26479,26483
1776358560,26483.5,26492.25,26477.25,26489
1776358620,26489.25,26492.25,26485,26485
1776358680,26485.25,26487.25,26477.25,26480.5
1776358740,26480.75,26482.5,26469.5,26473.25
1776358800,26474.25,26481.75,26467.5,26477.25
1776358860,26476.75,26480.75,26470,26470
1776358920,26470.25,26473.75,26460,26466.5
1776358980,26466.5,26477.75,26462,26472.5
1776359040,26472.5,26477.25,26464.5,26467.5
1776359100,26467.5,26471.75,26451,26454
1776359160,26454,26455,26443.75,26451
1776359220,26451,26464,26448.75,26459.25
1776359280,26459,26465.25,26451,26452.5
1776359340,26452.75,26472,26452,26468.25
1776359400,26468,26477,26466,26476
1776359460,26476.5,26477.5,26467.75,26475.5
1776359520,26475.5,26476.5,26470.5,26474.75
1776359580,26475,26475.75,26459,26464.75
1776359640,26464,26464,26441.25,26443
1776359700,26443,26448.25,26431.75,26437.75
1776359760,26438,26447.75,26431,26447
1776359820,26447.25,26451,26438,26442.5
1776359880,26442,26448,26438,26441.75
1776359940,26443,26449.75,26442.25,26446.75
1776360000,26447,26455,26442.25,26448.5
1776360060,26448.25,26453,26441.75,26446.25
1776360120,26446.25,26448,26440.25,26443
1776360180,26443,26460,26442,26458
1776360240,26458.25,26479.75,26457.25,26478
1776360300,26477.75,26488.75,26477.75,26483.75
1776360360,26483.75,26487,26476.75,26478.5
1776360420,26477.75,26479.5,26469.25,26472.75
1776360480,26472.75,26476.75,26469.75,26472
1776360540,26471.75,26480,26471.25,26476.25
1776360600,26476,26484.5,26473.75,26475.75
1776360660,26475.25,26488.25,26475.25,26488
1776360720,26488,26496.5,26484.75,26488.75
1776360780,26488.75,26493,26484,26491.5
1776360840,26490.75,26491.25,26475,26477
1776360900,26477.25,26477.5,26464.5,26467.25
1776360960,26467,26473.25,26464.75,26470
1776361020,26470.25,26473,26464,26466.75
1776361080,26467.25,26474.75,26463.25,26474.25
1776361140,26474,26484.5,26473.75,26478.5
1776361200,26478.75,26494,26477.5,26492.5
1776361260,26493,26494,26487.5,26494
1776361320,26493.75,26503.25,26490.25,26500.75
1776361380,26500.25,26506.25,26497.5,26503.5
1776361440,26503.75,26506.25,26500,26502.5
1776361500,26502,26503.25,26491.75,26493.25
1776361560,26492,26500.25,26490.5,26500.25
1776361620,26500,26506.75,26498.5,26505.75
1776361680,26506,26509.75,26501,26501
1776361740,26500.75,26507.25,26499,26505.5
1776361800,26505.5,26505.75,26493.75,26497.5
1776361860,26497.25,26499.75,26492.75,26494
1776361920,26493.75,26496.5,26486.75,26492.25
1776361980,26492.25,26497.25,26490.75,26493.5
1776362040,26493.75,26494.75,26482.5,26483.75
1776362100,26484,26484,26456.5,26460.5
1776362160,26460.5,26464.5,26453.25,26458.75
1776362220,26458.5,26462.25,26446,26458.5
1776362280,26458.75,26459.75,26436.25,26447.25
1776362340,26447.5,26464.5,26446.5,26460.75
1776362400,26460.75,26473,26448,26466.25
1776362460,26465,26484.5,26459.5,26462.75
1776362520,26462.5,26470,26460.75,26463.75
1776362580,26463.75,26465.5,26447.5,26455.5
1776362640,26455.5,26457.5,26443,26444.75
1776362700,26445,26454.75,26440.5,26447.25
1776362760,26447.75,26452.25,26441.5,26441.75
1776362820,26441.75,26444,26420.5,26421.25
1776362880,26421,26423.25,26408.25,26419
1776362940,26419,26420.75,26393.25,26408.25
1776363000,26407.75,26417.25,26391.75,26396.75
1776363060,26396.25,26408.75,26391.75,26407.5
1776363120,26407,26417.25,26406.75,26416.75
1776363180,26416.5,26419.75,26405.75,26409
1776363240,26408.25,26422.5,26407.75,26418.5
1776363300,26418.5,26427.5,26411.5,26414.5
1776363360,26414.25,26416,26405,26411.25
1776363420,26411,26413.75,26403,26405.5
1776363480,26406,26411.5,26401.75,26407.5
1776363540,26407.75,26415.25,26403.75,26404.5
1776363600,26404.75,26416.5,26400.25,26416
1776363660,26416,26416.5,26400.75,26402.25
1776363720,26402.5,26406.5,26388.5,26391.5
1776363780,26391.25,26394.5,26378.75,26380.75
1776363840,26380.75,26380.75,26369.75,26376.5
1776363900,26376.5,26384,26375.5,26376
1776363960,26376.5,26377.75,26369.5,26372
1776364020,26371.75,26372,26357.5,26363.75
1776364080,26363.75,26367,26355,26364.25
1776364140,26363.75,26374,26360.5,26373.5
1776364200,26373.25,26386.5,26372,26380
1776364260,26380.5,26402,26376.25,26396
1776364320,26396.75,26407.5,26395,26404.75
1776364380,26405,26415.5,26401,26415.25
1776364440,26415,26421.25,26411,26414.5
1776364500,26414,26416.5,26410.25,26416
1776364560,26415.75,26422.5,26412.5,26421
1776364620,26421,26425.75,26420,26422
1776364680,26422.25,26426.25,26419,26424.75
1776364740,26424.75,26440,26423.25,26428.25
1776364800,26428.25,26437.5,26427.5,26436
1776364860,26436.25,26441,26432,26439.5
1776364920,26439.75,26443.75,26426.25,26430.75
1776364980,26430,26434,26427.25,26432.25
1776365040,26432.5,26438.75,26432.25,26436.25
1776365100,26436,26446.25,26434.75,26439.75
1776365160,26440.25,26448.75,26440.25,26447.75
1776365220,26447.25,26452.5,26441,26443.5
1776365280,26444,26444.25,26433.5,26435.5
1776365340,26435.75,26437.25,26431,26435.75
1776365400,26436,26436.75,26423.25,26434.25
1776365460,26434.25,26435.25,26425.25,26429.75
1776365520,26429,26440,26429,26436.5
1776365580,26436,26442,26434,26440
1776365640,26439.75,26440,26428,26430.25
1776365700,26429.75,26431.25,26419.25,26423.5
1776365760,26423,26431.75,26417.75,26427.75
1776365820,26427.5,26432.25,26423,26423.75
1776365880,26423.5,26430.75,26421.5,26425
1776365940,26424.25,26438.5,26423.5,26438
1776366000,26438,26454.75,26437,26449.25
1776366060,26449,26460.75,26448.5,26459.25
1776366120,26459.25,26466.75,26456,26458
1776366180,26457.75,26465.75,26455.25,26461.5
1776366240,26461.75,26463.25,26450.5,26456.25
1776366300,26456.5,26461.5,26452.5,26458.25
1776366360,26458.25,26463.25,26444.25,26444.75
1776366420,26444.5,26449.25,26437.5,26443.5
1776366480,26443.25,26448.25,26437.25,26447.25
1776366540,26447.25,26447.5,26438.75,26440.75
1776366600,26441.25,26446.5,26434,26444.75
1776366660,26444,26449.25,26439,26440.25
1776366720,26440.25,26443.25,26433.25,26443.25
1776366780,26443.25,26447.5,26437,26437.5
1776366840,26438,26444.25,26435.75,26443.75
1776366900,26443.75,26455,26443.75,26453
1776366960,26453,26454,26446,26450.75
1776367020,26450.5,26453.75,26447,26451.5
1776367080,26451.5,26454,26447.25,26453.5
1776367140,26453.5,26460,26452.5,26455
1776367200,26455.25,26457.25,26449,26451.5
1776367260,26452,26456.75,26446.25,26452
1776367320,26452.75,26455.25,26448,26449.75
1776367380,26450,26452.25,26441.5,26445.25
1776367440,26445,26451,26443.75,26450
1776367500,26449.75,26454,26447.75,26449.5
1776367560,26449.25,26450.75,26445.75,26449.25
1776367620,26448.75,26452,26447,26449
1776367680,26449.25,26454,26446.75,26451.75
1776367740,26452,26452,26444.75,26445.25
1776367800,26445.25,26451.75,26435.5,26449.75
1776367860,26450,26457.5,26445.75,26456.5
1776367920,26457,26465,26452.75,26457
1776367980,26457,26462.25,26455,26461
1776368040,26461,26462.75,26455.75,26458.5
1776368100,26458.5,26473,26453.5,26471.25
1776368160,26470.5,26471.75,26464.25,26466.25
1776368220,26466.25,26470,26460,26460.75
1776368280,26461.25,26469.25,26460.75,26467
1776368340,26467,26472,26463,26471
1776368400,26470.75,26475.25,26467.75,26472.25
1776368460,26472.25,26479.5,26467.5,26471
1776368520,26471,26480.75,26470,26475.25
1776368580,26475.25,26480,26474.75,26478.5
1776368640,26477.75,26477.75,26465.75,26469
1776368700,26468.75,26479,26456.5,26475.75
1776368760,26475.75,26483,26475.75,26477
1776368820,26477.25,26481.5,26473.75,26474.25
1776368880,26474.5,26482,26474.5,26481.75
1776368940,26481.5,26484,26475.25,26483.25
1776369000,26483,26498,26468.5,26478.25
1776369060,26478.5,26487,26474.25,26481.5
1776369120,26480.5,26485.75,26479,26483.5
1776369180,26483.25,26485,26469,26470
1776369240,26470.5,26481.5,26469,26481.25
1776369300,26481,26493.5,26473.75,26480.5
1776369360,26480.5,26485,26477.5,26484.25
1776369420,26484.5,26491.75,26482.25,26491
1776369480,26490.75,26498.5,26490.25,26491.5
1776369540,26491.75,26498.75,26478.75,26484
1776369600,26484,26491,26457.5,26470.75
1776369660,26470,26470,26451.25,26459
1776369720,26457.75,26461.25,26444,26447
1776369780,26446.5,26453.5,26442.25,26451.75
1776369840,26452,26457.25,26447.75,26452.5
1776369900,26452,26453,26443.25,26452
1776369960,26451.75,26455.75,26440,26441.5
1776370020,26441.25,26450.5,26440.5,26447.25
1776370080,26446.75,26451.5,26441,26443
1776370140,26443.5,26451,26442.25,26448
1776370200,26448,26457.75,26446.25,26454.5
1776370260,26453.75,26456.75,26451.5,26455.25
1776370320,26455.5,26461.25,26455.5,26459.25
1776370380,26459.25,26461.75,26457.75,26459
1776370440,26458.25,26459.25,26452.75,26456.75
1776370500,26456.25,26459.5,26453.75,26457.5
1776370560,26456.5,26456.75,26452.75,26454.75
1776370620,26454,26455.25,26451.5,26453.75
1776370680,26453.5,26460,26453.25,26460
1776370740,26460.25,26461.75,26457.25,26457.25
1776370800,26457.75,26459.25,26455.75,26456.75
1776370860,26457.25,26459.75,26454.75,26459.75
1776370920,26459.75,26461,26458,26459
1776370980,26458.75,26459.5,26455,26456.5
1776371040,26456.75,26459.25,26456.5,26457.25
1776371100,26457,26458.75,26456,26457.5
1776371160,26457.5,26457.75,26453.5,26455.5
1776371220,26455.25,26456.5,26454.5,26454.75
1776371280,26454.75,26457.75,26453.5,26457.5
1776371340,26457.25,26458.5,26455.25,26458
1776371400,26458,26459.5,26456.5,26457.5
1776371460,26458.25,26459,26455.5,26456.5
1776371520,26456.5,26456.75,26454.5,26456
1776371580,26456,26458.5,26455.25,26458.25
1776371640,26458.25,26461.75,26458.25,26461.5
1776371700,26461.5,26464.75,26460.75,26462.75
1776371760,26462.75,26466,26461,26465
1776371820,26465.25,26468,26463.25,26466
1776371880,26466,26467.5,26463,26464.75
1776371940,26464.5,26468.5,26463.75,26466.25
1776372000,26466,26468.5,26465.25,26467.5
1776372060,26467.5,26468,26464.75,26465
1776372120,26464.75,26465,26461.5,26462.75
1776372180,26462.5,26462.5,26459,26461.25
1776372240,26461.25,26465.5,26461,26463.75
1776372300,26464.25,26465.75,26461.5,26462.5
1776372360,26463.25,26469.5,26463,26468.5
1776372420,26468.25,26469.25,26465.25,26467
1776372480,26467.25,26469,26467,26468.5
1776372540,26468,26470.75,26466.25,26466.75
1776372600,26466.5,26469.75,26466,26467.75
1776372660,26468,26468.25,26464.5,26464.75
1776372720,26464.25,26466.25,26463.75,26465.25
1776372780,26464.5,26464.75,26460.25,26462.5
1776372840,26462.75,26466.5,26462.75,26465.5
1776372900,26465.5,26469,26465.25,26468.25
1776372960,26468,26469.5,26466.5,26467.25
1776373020,26467.75,26469,26467.5,26468.75
1776373080,26468.75,26470.5,26468,26468
1776373140,26468.25,26469.75,26464.25,26464.75
1776376800,26464.25,26464.5,26446.5,26456
1776376860,26455.5,26463.25,26453.75,26462.25
1776376920,26463.25,26469,26462.25,26468
1776376980,26468,26472,26466.75,26471.5
1776377040,26471,26471.5,26468.25,26469.5
1776377100,26469.5,26480,26467.25,26477.5
1776377160,26477.5,26480.25,26475.5,26478.5
1776377220,26479,26480.5,26476,26479
1776377280,26477.5,26479.25,26475.25,26475.5
1776377340,26475.25,26477.25,26473.75,26477
1776377400,26476.75,26483.5,26474.5,26482.5
1776377460,26482.25,26483,26477.5,26479
1776377520,26478.25,26478.5,26475.5,26477.25
1776377580,26478,26480,26476,26477
1776377640,26476.75,26478,26475.25,26475.75
1776377700,26476.25,26482.75,26474.5,26478.75
1776377760,26478.5,26478.75,26473.5,26474.75
1776377820,26474.75,26475.5,26472,26473
1776377880,26472.75,26476.5,26472.25,26474
1776377940,26474.25,26476.25,26473.5,26474.25
1776378000,26474.75,26474.75,26472,26472.75
1776378060,26472.5,26478.25,26469.5,26476.25
1776378120,26476.5,26481.25,26475.5,26479.75
1776378180,26479.75,26480.5,26478,26479.25
1776378240,26479,26479.75,26477.25,26479.75
1776378300,26478.5,26479.5,26477,26478
1776378360,26477.5,26479.25,26473.25,26477.25
1776378420,26476.75,26479,26476,26478.75
1776378480,26478,26480.25,26477.25,26479.75
1776378540,26479,26485,26478.5,26482.75
1776378600,26482.75,26487,26480,26480.5
1776378660,26480.5,26484.5,26480.25,26483.25
1776378720,26482.5,26486,26482.25,26484.75
1776378780,26484.25,26486.5,26482.75,26485
1776378840,26485,26487,26484,26484.25
1776378900,26484.5,26485.5,26482,26483
1776378960,26482.5,26484.5,26482,26483.75
1776379020,26483.25,26485.75,26483.25,26483.5
1776379080,26484.25,26485.75,26482.25,26482.5
1776379140,26483,26483,26478.75,26482
1776379200,26481.75,26486.5,26481.5,26485.5
1776379260,26485.75,26486.5,26483.75,26486.25
1776379320,26486.25,26488.25,26482.25,26484
1776379380,26484.25,26485.25,26480.25,26483.75
1776379440,26483,26484.75,26483,26484.25
1776379500,26484,26484.25,26480.75,26481
1776379560,26481.5,26481.5,26476.75,26478.75
1776379620,26479.25,26483.5,26477.75,26481.5
1776379680,26481.75,26482,26479.5,26480.25
1776379740,26480.25,26481.75,26477.25,26477.5
1776379800,26478,26478.75,26476.25,26478.5
1776379860,26478,26480,26477.25,26478.75
1776379920,26479,26479.25,26476.25,26476.75
1776379980,26476.75,26477,26471.75,26474.25
1776380040,26474,26478,26472.25,26476.25
1776380100,26477,26478.75,26476.25,26477.5
1776380160,26477.25,26478.25,26475.75,26478.25
1776380220,26477.75,26478.25,26475.75,26478.25
1776380280,26478,26478.25,26475.5,26476
1776380340,26476,26476.75,26473,26474
1776380400,26473.5,26479,26472.75,26477.75
1776380460,26478,26481.75,26477.5,26479.75
1776380520,26480,26484.25,26478.25,26482
1776380580,26482.5,26482.75,26476.5,26476.75
1776380640,26476.75,26479,26476.25,26477.75
1776380700,26478,26478.25,26475,26476.25
1776380760,26476.5,26477.25,26473.25,26477
1776380820,26476.75,26478,26475,26475
1776380880,26475,26475.25,26470,26472.5
1776380940,26473,26476,26471.75,26472
1776381000,26472,26475,26471.5,26472.5
1776381060,26473,26474.75,26472,26474.75
1776381120,26474.25,26474.25,26471.75,26472.5
1776381180,26472,26473.25,26470.5,26470.5
1776381240,26470.5,26473,26470.5,26473
1776381300,26473,26473.25,26471.5,26472.25
1776381360,26472,26475.5,26471.25,26474.75
1776381420,26474.5,26480,26474.25,26479.25
1776381480,26479.25,26480,26475.75,26477.75
1776381540,26478.25,26483.5,26477,26483.5
1776381600,26482.5,26484,26482,26483.75
1776381660,26483.5,26486.75,26483,26485.75
1776381720,26486,26488.25,26484.25,26484.25
1776381780,26484.75,26485.75,26483.75,26484.75
1776381840,26485.25,26487.5,26484.75,26486.75
1776381900,26486.5,26486.75,26483.75,26484.25
1776381960,26484.75,26484.75,26483.25,26483.25
1776382020,26483,26483.25,26481.5,26481.75
1776382080,26482.5,26482.5,26479.25,26480.25
1776382140,26479.5,26480.25,26476.25,26477.75
1776382200,26477,26477,26471.75,26475
1776382260,26475,26476.75,26474.5,26475.5
1776382320,26475,26478,26475,26477
1776382380,26476.25,26479.5,26476,26477.5
1776382440,26478,26481.5,26477,26480.25
1776382500,26480,26485.25,26479,26484.5
1776382560,26485.25,26486.25,26481.25,26483.25
1776382620,26482.75,26483.75,26482.5,26483.25
1776382680,26483.5,26485.25,26482.25,26485.25
1776382740,26484.75,26487.25,26484.25,26486.5
1776382800,26486.5,26488.25,26485,26486
1776382860,26486,26486.5,26483.75,26483.75
1776382920,26483.75,26485.25,26482.25,26482.5
1776382980,26483.25,26483.75,26479.25,26480.75
1776383040,26480.5,26483,26479.5,26481.5
1776383100,26481,26483,26480.25,26480.25
1776383160,26480,26480.5,26474.5,26476
1776383220,26476.75,26476.75,26473.5,26474
1776383280,26474.5,26479.75,26473.25,26479
1776383340,26479,26479,26475.5,26476.75
1776383400,26476.75,26479.75,26474.75,26479.5
1776383460,26479,26480,26477.5,26479
1776383520,26478.75,26480.75,26477.5,26479.5
1776383580,26479.5,26479.75,26474.5,26478
1776383640,26478,26481.75,26478,26481.5
1776383700,26482,26482.75,26479.75,26480.5
1776383760,26480.5,26481.5,26478.5,26479
1776383820,26479.75,26481.75,26479,26480
1776383880,26480,26482.75,26479,26481.75
1776383940,26482,26482.5,26479.75,26479.75
1776384000,26479.75,26481,26472.5,26474
1776384060,26474,26477.75,26473.25,26474.75
1776384120,26474.75,26482.5,26474.75,26481.75
1776384180,26481.75,26484,26478,26479.5
1776384240,26480.25,26481.25,26477.25,26477.75
1776384300,26477.5,26477.75,26461.25,26462.75
1776384360,26463.25,26467.25,26457.75,26464.5
1776384420,26465,26466.5,26460,26463.5
1776384480,26463.25,26464.5,26461,26463.25
1776384540,26463,26471.75,26462.5,26470.75
1776384600,26470.5,26476.75,26470.5,26474.75
1776384660,26475,26478.25,26466,26466.75
1776384720,26467.75,26468.75,26461.25,26464
1776384780,26464,26464,26458.75,26462
1776384840,26461.5,26462.75,26458.25,26461.25
1776384900,26461,26461.25,26455.75,26457
1776384960,26457,26461.75,26456.25,26460.5
1776385020,26460.5,26463.25,26459.75,26462.75
1776385080,26462.75,26473.5,26462.75,26472.75
1776385140,26473,26482.5,26472.75,26479.5
1776385200,26479,26488,26478,26486.75
1776385260,26487,26492,26484.25,26489.75
1776385320,26489.75,26489.75,26483,26487
1776385380,26487.5,26489.75,26485.25,26488.25
1776385440,26488,26488.5,26480.75,26483
1776385500,26483.25,26488.75,26482,26487.25
1776385560,26487.5,26493,26485.5,26491.5
1776385620,26491.75,26494.5,26489.5,26490
1776385680,26489.75,26490.75,26488.5,26489.75
1776385740,26489.25,26492,26489.25,26490.5
1776385800,26490.25,26495,26487.5,26488.75
1776385860,26489.25,26489.75,26485.5,26488.75
1776385920,26488.5,26495,26488,26492
1776385980,26491.75,26496,26491.25,26493.5
1776386040,26493.25,26493.75,26490.5,26492.25
1776386100,26492.25,26495.75,26491.5,26495.25
1776386160,26494.5,26495.5,26488.5,26490
1776386220,26490,26493.75,26489,26489
1776386280,26489,26490,26484,26485.5
1776386340,26486,26487.25,26485,26486.75
1776386400,26487,26488,26485.25,26485.5
1776386460,26486,26490,26485,26489.75
1776386520,26490,26491.25,26488.25,26489
1776386580,26488.75,26490.25,26486.25,26488.25
1776386640,26488.75,26488.75,26485.5,26486.5
1776386700,26486,26487.5,26484.5,26485.25
1776386760,26485,26488,26484.5,26486.75
1776386820,26487.25,26491.25,26485.75,26490.25
1776386880,26490.25,26490.75,26488.25,26489.25
1776386940,26489,26494.25,26488.5,26492
1776387000,26492.25,26493.5,26489,26490.5
1776387060,26489.75,26489.75,26487.25,26487.5
1776387120,26487,26489.75,26487,26489.75
1776387180,26490,26490.75,26488.5,26489.25
1776387240,26489,26490.25,26488,26489.5
1776387300,26489,26492.5,26489,26491.5
1776387360,26491.75,26492,26487.25,26489
1776387420,26488.75,26490.75,26488.25,26489.75
1776387480,26489.5,26490,26487.75,26488
1776387540,26488.5,26489.5,26486,26487
1776387600,26486.75,26492.25,26485.75,26489.25
1776387660,26489.25,26489.25,26482.25,26483.5
1776387720,26483.75,26487,26483.5,26486.5
1776387780,26486.75,26489.75,26485,26487.75
1776387840,26486.75,26488.5,26484.5,26486
1776387900,26485.5,26486.75,26483.5,26485
1776387960,26484.75,26489.75,26484.75,26489
1776388020,26489.5,26497.25,26486.75,26494.25
1776388080,26494.25,26496.75,26492.75,26496
1776388140,26494.5,26494.5,26491,26492.25
1776388200,26492,26495.25,26490.5,26492.75
1776388260,26493,26494.75,26484.75,26488.5
1776388320,26488.75,26491,26486,26489.75
1776388380,26490.5,26491.25,26489,26490.25
1776388440,26491,26492.75,26490.25,26491.5
1776388500,26492,26492.5,26487.5,26490
1776388560,26489.75,26491.75,26489.75,26491
1776388620,26491,26493,26490.75,26492.75
1776388680,26492.25,26496.25,26491.5,26495.5
1776388740,26495.25,26496.5,26491.75,26493
1776388800,26493.75,26497.75,26492.75,26496.5
1776388860,26497.25,26497.5,26492,26496.25
1776388920,26496.25,26496.25,26485,26485.25
1776388980,26485,26485,26480,26482.25
1776389040,26482.5,26485,26481,26482.25
1776389100,26482.25,26485.5,26482,26484.75
1776389160,26484.75,26488,26484.75,26486.5
1776389220,26486.75,26487,26483.5,26484
1776389280,26484.25,26485.5,26482.5,26484.25
1776389340,26484.5,26484.5,26481.75,26483.25
1776389400,26483.75,26488.75,26483.5,26484.25
1776389460,26484.5,26489,26484,26486.5
1776389520,26487,26489.75,26486.25,26487
1776389580,26486.5,26487.25,26484,26485.25
1776389640,26485.5,26487.25,26484.5,26486
1776389700,26487.25,26490,26487,26489.25
1776389760,26489,26489.75,26487.75,26488.75
1776389820,26489.5,26492,26487.75,26490.5
1776389880,26489.75,26494.25,26489.75,26493.5
1776389940,26493.75,26494.75,26490.75,26492.25
1776390000,26492.75,26494.25,26491,26493
1776390060,26492.5,26492.5,26489.5,26490
1776390120,26490.75,26491.25,26489.75,26490.25
1776390180,26490.5,26491.25,26490,26490.25
1776390240,26490.25,26492,26489.75,26491.75
1776390300,26491,26492,26490,26491.25
1776390360,26491.25,26493.75,26491,26491.5
1776390420,26491.25,26495.75,26490.75,26495.75
1776390480,26495.75,26497,26492.75,26495.25
1776390540,26494.75,26497.25,26490,26491
1776390600,26490.75,26492.25,26487.5,26490.75
1776390660,26491.25,26491.25,26489,26489
1776390720,26488.75,26489,26487,26487.75
1776390780,26487.75,26490,26487.25,26489.25
1776390840,26489.5,26490.25,26488.5,26489.5
1776390900,26489,26495.75,26489,26495.25
1776390960,26495.25,26495.5,26492.25,26493.25
1776391020,26492.5,26493.5,26491.25,26491.5
1776391080,26491.25,26492,26489.5,26490.75
1776391140,26490.5,26490.5,26488,26489
1776391200,26489.25,26491.75,26486,26487.75
1776391260,26487.25,26491,26487.25,26490.75
1776391320,26490.25,26492.25,26489.75,26489.75
1776391380,26489.5,26495,26489.25,26494.25
1776391440,26493.75,26494.5,26490.5,26491.25
1776391500,26491.25,26491.5,26489,26489.75
1776391560,26490,26490.5,26489.25,26489.5
1776391620,26489.75,26489.75,26482,26483.75
1776391680,26483.5,26483.5,26474.5,26475.5
1776391740,26475,26476.25,26469.75,26474.25
1776391800,26474.25,26478.75,26473.25,26476.75
1776391860,26476.75,26479.25,26474,26475.5
1776391920,26474.75,26479,26474.75,26478.5
1776391980,26478.75,26480,26476.5,26477.75
1776392040,26477.5,26479.75,26476,26478.75
1776392100,26479,26481.75,26479,26480.25
1776392160,26480,26480,26475.75,26476.75
1776392220,26477,26478,26475.75,26477
1776392280,26477.25,26478,26471.75,26473.25
1776392340,26473.5,26477.25,26473,26475.75
1776392400,26476.25,26478.75,26475.75,26477.75
1776392460,26477.5,26478.25,26475,26476
1776392520,26475.5,26477.25,26474.75,26475.5
1776392580,26475.25,26476.25,26474.25,26475.5
1776392640,26475.75,26476.75,26460.75,26461.75
1776392700,26461.5,26467.75,26454,26466.5
1776392760,26466.5,26467.25,26464,26466.75
1776392820,26467,26471.75,26466.75,26470.5
1776392880,26470.25,26470.25,26466.5,26468.75
1776392940,26468.75,26469.75,26466.5,26467.75
1776393000,26468,26469.25,26466.25,26467
1776393060,26466.25,26474,26466.25,26473
1776393120,26472.75,26475.25,26471.75,26474.25
1776393180,26474.5,26475.75,26472.25,26472.75
1776393240,26472.5,26473.25,26471,26472.5
1776393300,26472,26472.75,26468.75,26470.5
1776393360,26470.5,26472.25,26469.5,26471.25
1776393420,26471,26474.25,26470.75,26472.5
1776393480,26472.5,26475,26472.5,26472.75
1776393540,26472.25,26474,26471.75,26474
1776393600,26474,26476.5,26473.5,26475
1776393660,26474.5,26475.75,26471.5,26472.25
1776393720,26472,26472.25,26470,26470.75
1776393780,26471.25,26471.75,26469,26470
1776393840,26470.25,26470.25,26467.5,26468.5
1776393900,26469,26470.75,26467,26469.75
1776393960,26470,26472,26469,26469
1776394020,26469.5,26469.75,26467.5,26469
1776394080,26469.25,26469.5,26467.5,26468.5
1776394140,26468.25,26469.25,26467.5,26467.5
1776394200,26467.5,26467.75,26462.25,26464.5
1776394260,26465.25,26466.25,26463.5,26465.25
1776394320,26465,26465.25,26463.25,26464
1776394380,26464.5,26468,26464.25,26466.25
1776394440,26465.75,26467.25,26465.25,26466.75
1776394500,26466.5,26467.25,26465.5,26466
1776394560,26466.5,26466.75,26465.25,26465.25
1776394620,26465,26466.25,26463.75,26464.75
1776394680,26464.25,26465.25,26462.5,26464.75
1776394740,26465.25,26467.5,26464.75,26465
1776394800,26465.25,26469,26464.75,26467.25
1776394860,26466.75,26468,26466.25,26466.25
1776394920,26466.5,26466.5,26463.5,26463.75
1776394980,26464.25,26465.25,26461.5,26462.5
1776395040,26462.25,26463.75,26461,26461.25
1776395100,26461.25,26462.25,26460.25,26461
1776395160,26461.5,26462.75,26459.25,26460.75
1776395220,26460.25,26460.5,26457,26457.75
1776395280,26457.5,26460,26456.25,26459.5
1776395340,26459,26460.25,26457.75,26460.25
1776395400,26459.75,26464,26459.75,26462.5
1776395460,26462.25,26462.5,26460,26460.5
1776395520,26460.25,26460.25,26457.75,26459.25
1776395580,26459.25,26459.5,26457,26457.25
1776395640,26457.5,26457.75,26450.5,26455.5
1776395700,26455.5,26458.25,26451.25,26452
1776395760,26452.25,26456.75,26452.25,26455.75
1776395820,26455.75,26458,26455.75,26456.5
1776395880,26456.75,26459,26456,26458.5
1776395940,26458.5,26460.75,26458.5,26459.25
1776396000,26459.5,26460.5,26457.5,26457.5
1776396060,26457.5,26458.5,26457.25,26457.75
1776396120,26458,26460,26456.5,26459.5
1776396180,26459.5,26462.5,26459,26461
1776396240,26460.75,26461.75,26458.5,26460.25
1776396300,26460.25,26462.25,26459.25,26459.5
1776396360,26459.5,26460.75,26457.5,26458.5
1776396420,26458,26458.25,26453.75,26454.5
1776396480,26454.25,26456,26453.75,26454.75
1776396540,26454.75,26457.75,26454.5,26457.25
1776396600,26458,26459.75,26455.25,26456.5
1776396660,26457,26458.5,26455.5,26456.25
1776396720,26456,26458.75,26455.25,26457.75
1776396780,26457.75,26458.25,26455.25,26456
1776396840,26455.75,26456,26453,26453.75
1776396900,26454,26455.5,26451,26453.5
1776396960,26453.75,26454.25,26451,26451.25
1776397020,26451.25,26453,26448,26451.5
1776397080,26451,26456.75,26449.75,26455.5
1776397140,26455.25,26455.75,26453.75,26455.75
1776397200,26456,26456.75,26453.75,26456.25
1776397260,26455.75,26455.75,26453.25,26454.5
1776397320,26455,26457.25,26454.5,26456.25
1776397380,26456.5,26457.75,26455.5,26456.5
1776397440,26456.25,26457.5,26455,26455
1776397500,26454.75,26457.75,26454.5,26456.5
1776397560,26456.5,26459.25,26456.25,26456.75
1776397620,26456.25,26457.75,26455.5,26456.5
1776397680,26456,26458,26454.25,26457.5
1776397740,26457.25,26458.75,26457,26458.25
1776397800,26457.75,26459.25,26457,26459
1776397860,26458.5,26462,26458.5,26460
1776397920,26460,26462,26459.5,26459.5
1776397980,26459.5,26462.25,26459.5,26462.25
1776398040,26461.75,26462.25,26459.75,26460
1776398100,26459.5,26460,26458.75,26460
1776398160,26458.75,26460.5,26457.75,26460
1776398220,26460,26461.5,26460,26461
1776398280,26460.75,26461.25,26458.25,26459.25
1776398340,26459.25,26459.5,26458.5,26459.25
1776398400,26459.25,26460.75,26456.5,26457.25
1776398460,26457.25,26458.75,26455.5,26458
1776398520,26457.75,26459,26456.5,26458.5
1776398580,26458.5,26460,26458.25,26460
1776398640,26459.75,26461,26458,26460.75
1776398700,26460.75,26468.25,26460.75,26464
1776398760,26464,26469.5,26462,26467.25
1776398820,26467.5,26467.75,26465.75,26466.75
1776398880,26466.75,26470.25,26466.25,26469.75
1776398940,26469.75,26470.5,26468,26469.25
1776399000,26469.75,26470.25,26467,26468.25
1776399060,26468.25,26472.25,26468.25,26471.25
1776399120,26471,26471,26468.5,26469
1776399180,26469.25,26470.5,26468,26468.25
1776399240,26468,26472,26467.5,26471.75
1776399300,26471.75,26474.5,26470.75,26473
1776399360,26473,26475.25,26473,26474.5
1776399420,26474.25,26476,26473.5,26474
1776399480,26474.75,26477.25,26474.25,26476.25
1776399540,26476.75,26478,26476.25,26477.75
1776399600,26477.75,26480.25,26476.75,26477.25
1776399660,26476.5,26477,26474.75,26476
1776399720,26476,26476.5,26473,26474
1776399780,26474.75,26478,26474.25,26477.75
1776399840,26477.75,26478.5,26476.5,26478.5
1776399900,26478,26478.25,26475.5,26475.75
1776399960,26475.75,26477.5,26475.75,26477.25
1776400020,26476.75,26481,26476.75,26480.25
1776400080,26480.5,26481.75,26478,26480
1776400140,26480,26481.25,26475,26476.25
1776400200,26476,26477,26474.25,26476.75
1776400260,26476.25,26478.75,26475,26475.5
1776400320,26475.25,26476,26474.75,26475.75
1776400380,26475.75,26477.5,26475.25,26476.5
1776400440,26476.75,26479,26476.75,26478
1776400500,26478.25,26479,26477.25,26477.25
1776400560,26477.25,26477.5,26474.5,26476.75
1776400620,26477,26478.25,26476,26476.75
1776400680,26477.25,26477.5,26473,26473.25
1776400740,26474,26475,26471.75,26472.25
1776400800,26472,26473,26466.25,26470.75
1776400860,26470.75,26472.5,26469.75,26472.25
1776400920,26472.75,26472.75,26467.75,26471
1776400980,26470.5,26471.25,26466,26468.25
1776401040,26468.5,26469.75,26468.5,26469.5
1776401100,26469.5,26470.5,26467,26470.5
1776401160,26470.75,26475.5,26470,26474
1776401220,26473.5,26476.25,26471.25,26473
1776401280,26472.5,26473.5,26470.75,26471.25
1776401340,26471,26471,26468.5,26470.25
1776401400,26470.5,26472.25,26469.5,26472.25
1776401460,26472,26472.5,26469.25,26470
1776401520,26470.5,26470.75,26468.5,26468.5
1776401580,26469,26469,26465,26466
1776401640,26466.25,26467.75,26464.25,26466.5
1776401700,26467,26467,26465,26465.75
1776401760,26466.75,26466.75,26465.75,26465.75
1776401820,26465.75,26466.25,26457.75,26464.25
1776401880,26463.75,26465.5,26462,26463
1776401940,26462.75,26463.5,26461.5,26463
1776402000,26463.25,26464.75,26458.75,26459.75
1776402060,26459.25,26461,26452.75,26453
1776402120,26452.75,26454,26446,26447
1776402180,26447,26449,26443.25,26445
1776402240,26444.75,26450.25,26443.5,26450.25
1776402300,26449.5,26454,26448,26454
1776402360,26453.5,26455.25,26451,26453.5
1776402420,26453.75,26455.25,26451.5,26454.25
1776402480,26454,26457.75,26451,26457
1776402540,26457,26458.5,26455,26455.5
1776402600,26455.25,26455.75,26454.25,26454.25
1776402660,26454.5,26454.5,26451.25,26452
1776402720,26451.25,26452.25,26446.25,26451.25
1776402780,26451.75,26459.5,26451.75,26456.5
1776402840,26456.75,26457.5,26455.25,26457.25
1776402900,26457.75,26458.75,26456.25,26458.5
1776402960,26458.25,26458.75,26454.75,26455
1776403020,26455.5,26455.5,26451.25,26452
1776403080,26452.25,26452.25,26449,26451
1776403140,26451,26451.25,26449,26449.25
1776403200,26449.5,26455.25,26449,26452.5
1776403260,26452.5,26452.75,26450.5,26451.5
1776403320,26451.5,26454,26451.25,26453.5
1776403380,26453.5,26455,26452.75,26453.5
1776403440,26454.75,26457.5,26454.5,26456.25
1776403500,26456.5,26458.75,26455,26457.25
1776403560,26456.5,26456.5,26454,26454.5
1776403620,26455,26456.25,26454.75,26455.25
1776403680,26455.25,26456.25,26453.75,26454.25
1776403740,26454.25,26456.75,26454,26456.5
1776403800,26456,26456.75,26451.5,26452.25
1776403860,26452.25,26452.75,26446.5,26447.25
1776403920,26448,26451.25,26445,26446.5
1776403980,26446.25,26448.25,26443.5,26445.75
1776404040,26446.25,26447,26445,26445.5
1776404100,26445,26449.5,26445,26448.25
1776404160,26448.75,26451.5,26448.5,26450.5
1776404220,26450.5,26463,26450.25,26461.25
1776404280,26462,26465,26459.5,26464
1776404340,26463.25,26464.25,26454.75,26457
1776404400,26456.5,26461.5,26452.75,26461.5
1776404460,26461.25,26464.5,26461.25,26462.25
1776404520,26462,26464.5,26461,26463.75
1776404580,26464,26467.75,26462.75,26462.75
1776404640,26462.25,26465.25,26460.5,26464.25
1776404700,26464.5,26467.5,26464,26465.25
1776404760,26466.5,26469.5,26464.5,26466.5
1776404820,26466.5,26467.75,26464.5,26465.75
1776404880,26466.5,26467.75,26465.75,26467.5
1776404940,26466.75,26468.75,26466.75,26468.5
1776405000,26468,26468.5,26466.25,26468
1776405060,26468.25,26468.25,26465.75,26466.75
1776405120,26467,26470.5,26466.5,26466.5
1776405180,26467.25,26467.5,26462,26466.5
1776405240,26466.75,26467.5,26464.5,26465
1776405300,26464.75,26468.25,26462.75,26466.5
1776405360,26466.25,26467,26463.5,26466
1776405420,26466.5,26466.75,26464.75,26466.75
1776405480,26466.75,26467.25,26465.5,26466.25
1776405540,26465.5,26468.5,26465,26465.25
1776405600,26466,26471,26464.75,26466.25
1776405660,26466.5,26471,26465,26471
1776405720,26471,26472,26465.25,26467.5
1776405780,26467.75,26468,26463.5,26463.75
1776405840,26463.75,26466.25,26460.75,26466
1776405900,26466.5,26468.75,26464.25,26466.75
1776405960,26467.75,26476.5,26467.25,26473.5
1776406020,26473,26479.75,26472.25,26474.75
1776406080,26474.5,26474.5,26470.5,26471.25
1776406140,26471.5,26471.5,26466,26466.75
1776406200,26467,26473,26466.5,26471
1776406260,26470.75,26471.25,26468.75,26470.25
1776406320,26470,26476.75,26469.75,26476.25
1776406380,26476.25,26477.75,26473.75,26476.5
1776406440,26475.75,26478.5,26473.5,26473.5
1776406500,26473.25,26477,26471.75,26476.5
1776406560,26476,26478,26475.25,26477.5
1776406620,26477.75,26478.25,26474.25,26475
1776406680,26474.5,26475.25,26469.75,26471.75
1776406740,26472,26473.25,26466.25,26468.75
1776406800,26468.25,26471,26468,26468
1776406860,26467.75,26467.75,26463,26465.5
1776406920,26464.5,26467.75,26463,26463.5
1776406980,26464,26467.25,26462.5,26465.25
1776407040,26464.75,26469.5,26464.25,26469
1776407100,26470,26470.5,26465.25,26466.5
1776407160,26465.5,26465.5,26458.5,26461
1776407220,26461,26463.5,26459.5,26462.5
1776407280,26463.25,26464.5,26459.25,26460.5
1776407340,26461,26461.25,26458.75,26458.75
1776407400,26458.75,26458.75,26451.75,26453.75
1776407460,26453.75,26454.75,26448.5,26453.5
1776407520,26453.25,26455.5,26451.25,26451.25
1776407580,26451.75,26454,26451.5,26452.5
1776407640,26452.5,26452.75,26449.25,26450.75
1776407700,26450.75,26452,26448,26450
1776407760,26450,26452,26446.75,26450.25
1776407820,26448.75,26453.75,26447.75,26452.75
1776407880,26452.25,26457.25,26451.75,26454
1776407940,26454,26458.75,26453.75,26456.5
1776408000,26456.25,26458.5,26452.5,26455.5
1776408060,26455.25,26456.75,26452.25,26452.5
1776408120,26453,26456,26450.25,26454.5
1776408180,26454.5,26456,26452.75,26455
1776408240,26455.5,26458,26455.25,26456.5
1776408300,26455.75,26457.5,26453.5,26455
1776408360,26455.5,26458.25,26454.75,26458
1776408420,26458.5,26462.5,26458.25,26461.5
1776408480,26460.5,26464.5,26459.25,26464
1776408540,26464,26464,26461,26462.25
1776408600,26461.75,26465.5,26460.5,26464.75
1776408660,26464.5,26464.5,26462,26463.25
1776408720,26463.25,26463.5,26460.5,26461.75
1776408780,26462.25,26462.75,26460.5,26462.5
1776408840,26462.75,26464,26462.25,26463.25
1776408900,26463,26463,26461,26461.5
1776408960,26461.5,26461.75,26460,26460.5
1776409020,26460,26461.75,26457.5,26459.5
1776409080,26459.25,26459.75,26457,26458
1776409140,26458.25,26459.5,26454.25,26456.75
1776409200,26456.75,26469,26456.75,26465.75
1776409260,26466.25,26476.5,26463.5,26472.75
1776409320,26472.25,26474.75,26469.25,26473.5
1776409380,26473.25,26475.75,26471,26474.25
1776409440,26473.75,26477.5,26473,26477.5
1776409500,26477.5,26477.5,26474,26475.75
1776409560,26476,26478.5,26474,26476
1776409620,26476.75,26486.5,26476.25,26481.5
1776409680,26480.5,26483,26476.75,26482.5
1776409740,26482,26483.5,26478.5,26479
1776409800,26479,26481.5,26476.5,26478.5
1776409860,26478.5,26483,26477.5,26482.75
1776409920,26482,26485,26478.75,26483.75
1776409980,26484.25,26488,26482.25,26484
1776410040,26483.25,26484.25,26477.5,26479.5
1776410100,26480,26481.75,26477.5,26480.5
1776410160,26480.75,26481.25,26474,26475
1776410220,26475,26476.25,26471.25,26472
1776410280,26471.75,26475,26469,26470.25
1776410340,26470.25,26478.5,26470.25,26477.25
1776410400,26477.5,26478,26471,26471.25
1776410460,26471,26471,26463.75,26465
1776410520,26465,26471.25,26464.25,26470.5
1776410580,26471.25,26473.25,26469.75,26471.5
1776410640,26472.25,26473.5,26469.25,26469.5
1776410700,26470.25,26472.25,26468,26471.5
1776410760,26473,26474.5,26471.75,26473.5
1776410820,26473,26473.25,26468.75,26469.5
1776410880,26469.25,26471,26466.75,26470.25
1776410940,26470,26470.75,26467.75,26470.25
1776411000,26471,26473.5,26468.5,26473.5
1776411060,26473.25,26474.25,26471.25,26472.5
1776411120,26472.75,26473.5,26471,26471.75
1776411180,26472,26472.5,26469.75,26471.25
1776411240,26471.5,26481.25,26470.5,26479.25
1776411300,26478.75,26480.5,26476,26479.5
1776411360,26479,26480.25,26478.25,26479.5
1776411420,26478.5,26480,26476.75,26477
1776411480,26477.75,26481,26472.75,26473.25
1776411540,26473.25,26475.25,26470.75,26472.75
1776411600,26472.25,26472.25,26470.25,26472.25
1776411660,26471.75,26473,26468.5,26472.75
1776411720,26472.5,26476,26469.5,26475.75
1776411780,26475.5,26478.25,26474,26474.75
1776411840,26475.25,26483.5,26474.5,26482.5
1776411900,26482.25,26482.75,26479.5,26479.75
1776411960,26479.75,26480,26476.25,26479.5
1776412020,26479.75,26479.75,26472.5,26476
1776412080,26476.5,26479.75,26475.75,26479
1776412140,26478.75,26481,26477.25,26480.5
1776412200,26480.5,26484.5,26478.25,26482.5
1776412260,26482,26483,26479.25,26481.5
1776412320,26481,26481.25,26477.75,26477.75
1776412380,26477.75,26480.75,26477.25,26479.75
1776412440,26480,26489.25,26480,26485.75
1776412500,26485.25,26485.25,26482.75,26484
1776412560,26484.25,26488.5,26482.5,26486
1776412620,26486,26491.75,26485.5,26489.25
1776412680,26489.5,26491.5,26487.75,26491
1776412740,26490.5,26490.5,26486.75,26489.5
1776412800,26488.75,26493,26487.5,26489
1776412860,26488.75,26491,26485,26490
1776412920,26489.5,26491.75,26487,26488.25
1776412980,26488.5,26493.5,26487.25,26493.5
1776413040,26493.25,26495,26491.75,26493.25
1776413100,26493.25,26493.75,26491.25,26493.25
1776413160,26492.75,26494.5,26489.25,26490.5
1776413220,26490.5,26493.25,26490.25,26492.25
1776413280,26492.25,26493.5,26491,26492.75
1776413340,26492.25,26493.25,26484.25,26485.5
1776413400,26485.25,26485.5,26483.5,26484.25
1776413460,26484.5,26485.25,26481,26484.5
1776413520,26485,26486.75,26482.5,26482.75
1776413580,26482.5,26482.5,26476.5,26480.75
1776413640,26481,26486.5,26481,26484.5
1776413700,26483.75,26485.75,26481,26483
1776413760,26482,26486.25,26479.75,26486
1776413820,26486.25,26489,26486,26488.5
1776413880,26488.25,26490.75,26487.25,26488
1776413940,26488,26489.25,26486.25,26489
1776414000,26489,26496.25,26488.5,26491.75
1776414060,26492.25,26492.75,26489.75,26489.75
1776414120,26490.25,26490.25,26487.5,26489.25
1776414180,26489,26490.5,26485.25,26489.75
1776414240,26490,26491.75,26488.5,26491
1776414300,26491,26493.25,26489.75,26491.25
1776414360,26490.75,26493,26488.5,26490.5
1776414420,26490,26492.5,26489.5,26492.25
1776414480,26492.5,26497.75,26491.75,26496.75
1776414540,26497.25,26501,26496.75,26497
1776414600,26497.75,26502,26497.25,26499.75
1776414660,26499.75,26501,26497,26498.25
1776414720,26498.25,26499.25,26495.75,26499
1776414780,26498.75,26500.75,26497,26498.5
1776414840,26498.25,26499.5,26497,26499.5
1776414900,26500,26501.5,26498,26499
1776414960,26499,26499,26492.25,26492.75
1776415020,26493.5,26495,26491.5,26491.5
1776415080,26491.25,26493.25,26491,26492.75
1776415140,26492.75,26495.5,26491.5,26495.5
1776415200,26495.75,26506.25,26494.75,26501.25
1776415260,26502,26507.75,26501.75,26507.25
1776415320,26507,26511.75,26506.25,26509.5
1776415380,26509.5,26513.25,26509.25,26511
1776415440,26511,26515,26508.25,26513
1776415500,26512.25,26513,26509,26511
1776415560,26511.25,26511.75,26506.5,26508.75
1776415620,26508.75,26512,26508.5,26510.25
1776415680,26510.25,26513.75,26510.25,26512.25
1776415740,26512.25,26516,26511.25,26514.25
1776415800,26514.75,26518,26514.75,26517.5
1776415860,26517.5,26518.5,26515.75,26516
1776415920,26515.75,26517.75,26514.75,26516.75
1776415980,26516.5,26517,26512,26513
1776416040,26513.25,26520,26513,26519
1776416100,26519,26519.25,26515.5,26516.75
1776416160,26517.25,26520.25,26516.5,26519.75
1776416220,26519.25,26520.25,26515.5,26516.5
1776416280,26517,26517.75,26513.75,26515.75
1776416340,26516.25,26519.25,26516,26518.75
1776416400,26518.75,26519.25,26515.5,26515.5
1776416460,26515.25,26516.5,26513.75,26515.5
1776416520,26515.5,26516.5,26514.5,26516
1776416580,26516,26520,26515.5,26519
1776416640,26518.75,26520,26517.25,26517.5
1776416700,26517.75,26518.25,26515.25,26518.25
1776416760,26517.75,26519.25,26516.75,26518.75
1776416820,26519,26522.5,26519,26521
1776416880,26520.5,26527.75,26520.5,26522.25
1776416940,26522.25,26523.5,26517,26517.75
1776417000,26518.25,26518.5,26515,26515.75
1776417060,26515.25,26517.25,26514,26516.25
1776417120,26516,26519.5,26515.75,26518
1776417180,26517.25,26517.5,26515,26515
1776417240,26516,26518.75,26515,26518
1776417300,26517.75,26519.5,26515.5,26519.25
1776417360,26519,26519.75,26516.25,26519.75
1776417420,26519.5,26519.5,26511.75,26512.5
1776417480,26513,26513.25,26506.75,26509
1776417540,26509,26510.5,26507.25,26508.75
1776417600,26509,26511,26508,26509.25
1776417660,26509.5,26512.75,26509,26512.75
1776417720,26512.25,26513.25,26509.75,26509.75
1776417780,26509.25,26512.5,26508.75,26509.25
1776417840,26509.25,26511.25,26508.25,26509.75
1776417900,26510.75,26515.25,26510.5,26514
1776417960,26514.25,26514.5,26512.75,26513.5
1776418020,26513.25,26521.75,26511,26521
1776418080,26520.75,26528.75,26520.25,26525
1776418140,26525,26527.25,26523.25,26527.25
1776418200,26527.5,26528.5,26522,26522.5
1776418260,26522.5,26523.5,26514.5,26514.5
1776418320,26514.75,26515,26510.25,26512.25
1776418380,26512,26513.25,26508,26511
1776418440,26511,26515,26509,26514.75
1776418500,26515.25,26516,26511,26513.75
1776418560,26512.75,26516.5,26512,26512.5
1776418620,26512.5,26513.25,26510,26510.75
1776418680,26511,26511.75,26510,26511
1776418740,26511,26513.25,26510.75,26513.25
1776418800,26512.5,26515.5,26511.75,26515
1776418860,26515.5,26519.75,26514.5,26519.75
1776418920,26518.75,26520.75,26516.5,26519.75
1776418980,26519.75,26520.5,26516,26517.5
1776419040,26518.25,26520.5,26517.75,26519.75
1776419100,26520,26522,26518,26518
1776419160,26518,26518,26512.25,26515.75
1776419220,26515.5,26521.5,26515.5,26521.5
1776419280,26521.25,26525.25,26520,26522.75
1776419340,26523.25,26524.25,26520.5,26523.5
1776419400,26523.5,26524,26518,26523.75
1776419460,26523,26532.75,26522.25,26529.75
1776419520,26529.75,26532.75,26527.75,26529.25
1776419580,26529.25,26535.5,26529.25,26534
1776419640,26533.75,26539.5,26530.5,26532
1776419700,26531.75,26538,26531.75,26536.75
1776419760,26537.25,26537.75,26532.5,26534.5
1776419820,26534.75,26540.75,26534,26538.75
1776419880,26538.25,26540.75,26534.75,26539.75
1776419940,26539.75,26540.75,26536.75,26536.75
1776420000,26536.75,26537.5,26532.5,26533.25
1776420060,26533.5,26536.25,26532.5,26533.75
1776420120,26533.25,26535.5,26531.75,26535.25
1776420180,26535.5,26538.75,26534.75,26538.25
1776420240,26538,26541.25,26537,26538
1776420300,26537.5,26541.25,26535,26540.5
1776420360,26540.75,26541,26537.5,26540.25
1776420420,26539.75,26542.75,26539.5,26542.5
1776420480,26542.5,26545.25,26542.5,26543.25
1776420540,26543.75,26545,26542.75,26542.75
1776420600,26542.5,26545.75,26539.25,26540
1776420660,26539.25,26540,26536.5,26538.5
1776420720,26538.5,26539,26535.25,26538.25
1776420780,26538.75,26546.25,26537.25,26543.75
1776420840,26544.25,26545.5,26541.75,26543.75
1776420900,26544,26544.75,26539.25,26540
1776420960,26539.75,26539.75,26535,26535.5
1776421020,26535.25,26536,26531.25,26532.5
1776421080,26532.25,26533.25,26529.5,26531.5
1776421140,26531,26531,26526,26527.5
1776421200,26527.5,26532.25,26527.5,26529.5
1776421260,26530,26534.5,26529,26532.75
1776421320,26533.25,26534.75,26532.25,26532.75
1776421380,26532.25,26532.25,26528,26529.75
1776421440,26529.5,26529.75,26527.5,26529.5
1776421500,26529.25,26529.75,26525,26525.75
1776421560,26525.5,26526.75,26524.25,26525
1776421620,26524.5,26525.5,26522.75,26524.5
1776421680,26525,26525.25,26520.25,26521.5
1776421740,26522.25,26526.25,26522.25,26523.75
1776421800,26523.75,26525.5,26521.5,26523.25
1776421860,26522.75,26523.25,26520.25,26522.25
1776421920,26522.25,26522.25,26512,26513.25
1776421980,26513.25,26517.75,26512.75,26515.5
1776422040,26515.75,26518.75,26514.75,26517.5
1776422100,26517.75,26520.75,26516.75,26520.75
1776422160,26520.5,26520.75,26517.25,26519.25
1776422220,26519.5,26521.25,26517.75,26519.5
1776422280,26519.25,26520,26515,26515.25
1776422340,26515,26515.75,26511.5,26514.5
1776422400,26514.75,26515.75,26506.25,26507.5
1776422460,26508,26510.75,26507.5,26509.25
1776422520,26509.25,26511.5,26506.5,26506.5
1776422580,26506.75,26509.75,26504,26509.75
1776422640,26509.75,26512.75,26508.75,26510.25
1776422700,26510.25,26512,26508,26511.25
1776422760,26511,26513.75,26510,26511.75
1776422820,26512.25,26518.5,26511.25,26518
1776422880,26518,26518,26514.75,26516.75
1776422940,26516.5,26519.75,26516.25,26519.25
1776423000,26520,26522.25,26517,26520.5
1776423060,26521.25,26524,26520.75,26522.5
1776423120,26521.75,26524,26519.75,26523.75
1776423180,26523.75,26526.5,26523,26524
1776423240,26524.25,26527.25,26524.25,26526.5
1776423300,26526.75,26530,26526.25,26529.25
1776423360,26528.5,26529.5,26526,26527
1776423420,26527.25,26529.5,26525.5,26528
1776423480,26527.5,26529.25,26526.5,26528.5
1776423540,26528.25,26533.75,26525,26525.75
1776423600,26526.25,26529.25,26523.25,26526.75
1776423660,26527,26536,26526.75,26533.25
1776423720,26533.75,26534,26531,26532.75
1776423780,26533.25,26535.5,26527.75,26529
1776423840,26529.75,26530.25,26526,26527.5
1776423900,26527.5,26528.25,26521.75,26523.5
1776423960,26523.25,26530.75,26522.25,26530
1776424020,26529.5,26535,26529.5,26533.5
1776424080,26534,26534.5,26531.5,26532.75
1776424140,26532.5,26534,26531.5,26532.25
1776424200,26533,26535.75,26532,26532.75
1776424260,26532.75,26537,26532.75,26535.75
1776424320,26535.75,26535.75,26533,26534
1776424380,26534,26535,26531.5,26534.5
1776424440,26534,26534.75,26529.75,26529.75
1776424500,26530.75,26533.75,26530.25,26533.5
1776424560,26533.75,26537,26533.75,26536
1776424620,26535.25,26541.25,26534.5,26538.25
1776424680,26539,26540.25,26536.75,26536.75
1776424740,26537.25,26542.75,26537.25,26541
1776424800,26541.5,26545.75,26540.5,26545.5
1776424860,26545.75,26549,26540.5,26540.75
1776424920,26540.75,26545.25,26540.5,26542.25
1776424980,26542.75,26545.25,26542.5,26544.5
1776425040,26544.25,26545.25,26540.75,26541
1776425100,26541.25,26544.25,26540.5,26543
1776425160,26543.25,26546.75,26542.75,26545.5
1776425220,26545.25,26545.5,26534.5,26536.25
1776425280,26536.75,26542.5,26536,26542
1776425340,26541.25,26543.75,26538.75,26543.75
1776425400,26543.75,26551.5,26542.5,26549.5
1776425460,26549.5,26553.5,26546.75,26551.25
1776425520,26551,26554,26549.25,26551.25
1776425580,26551,26551.5,26548,26549
1776425640,26548.5,26551.75,26548,26551
1776425700,26551,26552.5,26548.75,26549
1776425760,26549.75,26553,26549,26549
1776425820,26549,26554,26546.75,26553.25
1776425880,26554,26554,26547.5,26548.75
1776425940,26549.25,26551,26547.75,26547.75
1776426000,26548,26549.5,26542.25,26543.25
1776426060,26542.75,26548.25,26540.5,26545.5
1776426120,26546.5,26550.5,26545.25,26549
1776426180,26548.75,26553,26548,26550.5
1776426240,26551,26554,26550,26552.5
1776426300,26552.75,26554,26550,26551.25
1776426360,26551,26555,26550,26552.25
1776426420,26552.75,26555.5,26550.75,26552.25
1776426480,26552.75,26557.75,26549.5,26552.25
1776426540,26552.5,26556.25,26552,26554.75
1776426600,26554.5,26562.75,26554.5,26560.25
1776426660,26559.75,26565.5,26559.5,26563.75
1776426720,26563.25,26563.75,26559.25,26560.75
1776426780,26560.75,26564,26560,26561
1776426840,26560.5,26567,26560.25,26564.5
1776426900,26564.75,26568.75,26564.5,26565.75
1776426960,26565.75,26566.25,26561.25,26563.75
1776427020,26564,26566,26560,26565.25
1776427080,26565.5,26567,26564,26567
1776427140,26566,26566.75,26563.5,26565.5
1776427200,26566.25,26568.25,26560.75,26562.5
1776427260,26562.5,26572.25,26561.5,26570.5
1776427320,26570.75,26580,26569.5,26576.25
1776427380,26576.25,26585.25,26576.25,26584
1776427440,26583.75,26587.75,26582.5,26585.25
1776427500,26584.75,26593.25,26584.5,26588.5
1776427560,26588.5,26593,26587.5,26591.25
1776427620,26591.75,26592,26584.25,26584.25
1776427680,26584,26592.25,26582.25,26587.25
1776427740,26587.25,26589.25,26585.5,26587.25
1776427800,26586.25,26587,26582.25,26583.75
1776427860,26583.75,26591.25,26583,26589.75
1776427920,26589.75,26594.25,26589,26591.25
1776427980,26591.75,26595,26588.25,26592
1776428040,26591.5,26594.25,26589,26590.25
1776428100,26590.75,26592.25,26586.5,26590.25
1776428160,26589.75,26590.75,26586.75,26588.5
1776428220,26588.5,26590.25,26586.75,26588
1776428280,26587.5,26592,26587.25,26590.5
1776428340,26590.25,26593.25,26589.75,26589.75
1776428400,26589.5,26590.25,26584.75,26587
1776428460,26586.75,26588.25,26584.25,26585
1776428520,26585,26585.25,26570.75,26571.75
1776428580,26572.5,26577.5,26570,26577.5
1776428640,26577.5,26597.25,26576,26591.75
1776428700,26592.5,26627.25,26588,26613.25
1776428760,26613.75,26614.75,26600,26601.5
1776428820,26602,26612.5,26594.5,26609
1776428880,26608,26616.25,26607.5,26611.25
1776428940,26611.5,26620,26605,26620
1776429000,26620.25,26645.5,26615.75,26641.5
1776429060,26641,26643.75,26635.25,26640
1776429120,26640.25,26642,26626.75,26628
1776429180,26628.75,26638,26627,26636.25
1776429240,26637,26638.5,26622.25,26623
1776429300,26623,26633.25,26621.75,26627.25
1776429360,26627,26629.75,26623.5,26624.5
1776429420,26624.75,26624.75,26616.5,26619.25
1776429480,26619.5,26622.25,26614,26615.5
1776429540,26616,26620.75,26616,26618.5
1776429600,26619,26619.75,26611.75,26612.75
1776429660,26612.5,26616.5,26608,26616.25
1776429720,26615.75,26620,26610.75,26613.75
1776429780,26613.75,26614,26608.75,26609
1776429840,26609,26611.25,26605.75,26607.5
1776429900,26607.75,26637.75,26603,26628
1776429960,26627,26653.75,26617.75,26637.75
1776430020,26636.75,26665.5,26633.25,26649.5
1776430080,26649.25,26684.5,26643.5,26680
1776430140,26679.75,26719.5,26679.25,26717.5
1776430200,26717.25,26732.5,26706,26722.5
1776430260,26722.5,26723.75,26697.75,26708.75
1776430320,26708.75,26711.25,26697.25,26707.75
1776430380,26707,26723.5,26706.5,26708.25
1776430440,26708.75,26725.25,26706.5,26719
1776430500,26718.5,26719.75,26704,26714
1776430560,26713.25,26719.25,26703.25,26714.5
1776430620,26714.5,26721,26708.75,26717
1776430680,26717,26728.5,26714.75,26726
1776430740,26725.75,26745.75,26722.75,26741.25
1776430800,26741.25,26744.25,26718.75,26719.25
1776430860,26720,26728.75,26708.5,26710.5
1776430920,26711,26713.25,26699.5,26713
1776430980,26712,26717.25,26698.75,26713
1776431040,26712.75,26732.25,26712.75,26729
1776431100,26729,26730.75,26713.25,26714.75
1776431160,26714,26749,26712,26738.75
1776431220,26738.5,26757.25,26729.5,26752.5
1776431280,26753.25,26766.25,26750.75,26763.5
1776431340,26763.5,26783.25,26762.5,26779
1776431400,26779.5,26802.75,26777.25,26801.25
1776431460,26801.75,26808,26784,26796.25
1776431520,26796.25,26803.75,26787.25,26792
1776431580,26791.75,26795,26782.5,26791.25
1776431640,26791,26812.5,26787.5,26805
1776431700,26805.25,26807.25,26785.5,26786.75
1776431760,26787,26793.5,26777,26784.25
1776431820,26784.5,26786,26769.25,26772.25
1776431880,26772.5,26784.5,26766.5,26782
1776431940,26781.75,26788.5,26772.75,26774.5
1776432000,26774.5,26774.5,26755.25,26757.75
1776432060,26757,26759.5,26745.75,26756.5
1776432120,26756,26757.5,26747.25,26748.5
1776432180,26748.5,26755.75,26740.25,26744.75
1776432240,26744.75,26760,26741.25,26750.75
1776432300,26751,26751,26730.75,26738.75
1776432360,26738.25,26742,26704.25,26717.25
1776432420,26716.75,26741,26684.25,26686.25
1776432480,26685.75,26709.25,26685.75,26696
1776432540,26697,26704,26683.5,26692
1776432600,26692.75,26720.75,26666.75,26688.5
1776432660,26688.5,26720,26677,26687
1776432720,26687,26696.5,26660,26681.25
1776432780,26681.5,26681.5,26629.5,26639.5
1776432840,26639.5,26676.25,26637.75,26671.75
1776432900,26672.25,26690.5,26666.5,26685.25
1776432960,26684.5,26693,26671.25,26686
1776433020,26686,26717.75,26681,26713.75
1776433080,26714,26715.25,26687.5,26708.25
1776433140,26707.5,26715.5,26691.25,26697.25
1776433200,26696.75,26703,26681.75,26689.5
1776433260,26689.5,26701.75,26682.5,26696.75
1776433320,26696,26712.25,26684.25,26702.75
1776433380,26702.5,26708.75,26675.75,26698.5
1776433440,26698.5,26719.25,26688.25,26705.5
1776433500,26705.75,26712.75,26692,26709.75
1776433560,26709.5,26719,26660,26677
1776433620,26677,26678,26646.75,26659.5
1776433680,26659.75,26681,26632.25,26679.75
1776433740,26680,26702.25,26674,26698.75
1776433800,26699.25,26718.75,26690,26703.25
1776433860,26702.75,26739,26699.5,26733
1776433920,26732.75,26739,26713.75,26723.25
1776433980,26723.75,26731.5,26714,26718.5
1776434040,26719,26721,26671.75,26711.5
1776434100,26711.5,26716.5,26695,26702.25
1776434160,26702.25,26713,26687,26704.5
1776434220,26704.5,26720,26700.5,26710.25
1776434280,26710.75,26717,26691.75,26713
1776434340,26713,26732.75,26712.75,26731.5
1776434400,26731.5,26749.75,26725.75,26749
1776434460,26748.75,26753.25,26743.5,26750
1776434520,26750.25,26750.25,26730.5,26743
1776434580,26743,26749,26735.5,26743.75
1776434640,26743.25,26756.25,26740,26750.25
1776434700,26750,26766.5,26745,26749.25
1776434760,26748.5,26760.75,26744.75,26751.5
1776434820,26751.5,26762.5,26742.75,26754.5
1776434880,26755,26764.75,26747.5,26757.25
1776434940,26758.5,26766.75,26755,26764.25
1776435000,26764.25,26775.75,26760.25,26771.25
1776435060,26771.75,26775.75,26756.75,26761.5
1776435120,26761.75,26765.5,26736,26753.25
1776435180,26753.5,26768.5,26749.75,26760.25
1776435240,26760.25,26771,26758,26769
1776435300,26769,26770.75,26758.75,26765.75
1776435360,26765.75,26769,26757,26766.75
1776435420,26767.25,26768,26742.25,26751
1776435480,26751,26758.25,26740.75,26751
1776435540,26751,26756,26744.75,26746
1776435600,26746,26749.5,26699,26741.25
1776435660,26741,26752,26727,26750.75
1776435720,26750.5,26755,26735.25,26738.25
1776435780,26738.75,26739,26724.25,26732
1776435840,26732,26743.75,26727,26738.75
1776435900,26739.25,26744.75,26733.5,26738.5
1776435960,26738.5,26748.5,26729.5,26733.5
1776436020,26733.75,26739.5,26721.5,26735.5
1776436080,26735.75,26747.75,26733.5,26742.75
1776436140,26742,26747,26734.25,26739.75
1776436200,26740,26756,26739.75,26752
1776436260,26752.5,26769.75,26750,26768.75
1776436320,26768.75,26775,26763.25,26769
1776436380,26769.5,26797,26767.75,26795.5
1776436440,26795,26795,26785.75,26792.5
1776436500,26793,26793.5,26768,26778.5
1776436560,26778.75,26790.5,26775.25,26788.5
1776436620,26788,26791,26782.25,26788.5
1776436680,26788.25,26795.75,26786.75,26795.25
1776436740,26795.5,26806.5,26788.25,26806.25
1776436800,26806.25,26827,26804.5,26814.25
1776436860,26814.75,26825,26814.5,26822.5
1776436920,26822,26837.5,26821.25,26836
1776436980,26835.75,26837.5,26819.25,26826.25
1776437040,26826,26837,26824.25,26831.5
1776437100,26832,26836.5,26824.5,26836
1776437160,26835.25,26839,26825.25,26833.75
1776437220,26834,26840,26831.75,26834.5
1776437280,26834.5,26847.5,26829.5,26845.25
1776437340,26845,26854.75,26843.25,26850.75
1776437400,26851,26856,26826.5,26831.25
1776437460,26830.75,26845.5,26827.75,26842.75
1776437520,26842.75,26852,26841.75,26846.75
1776437580,26847.25,26848,26837.5,26843.25
1776437640,26843.25,26843.75,26832.25,26838.25
1776437700,26838.5,26838.5,26802,26804.5
1776437760,26804.25,26835.25,26803.25,26832.75
1776437820,26832.75,26842.75,26830.25,26841.25
1776437880,26841.25,26843.5,26832,26842
1776437940,26842.25,26842.25,26818.25,26827.5
1776438000,26827.5,26830,26814.75,26825.5
1776438060,26825.5,26835.5,26821,26831.25
1776438120,26831.25,26848,26828.75,26844.75
1776438180,26844.5,26853.5,26808,26827.25
1776438240,26827.75,26836.25,26813,26830.5
1776438300,26831.25,26842.5,26826,26838.25
1776438360,26839,26855.5,26835,26854.25
1776438420,26854,26855.25,26845.25,26849.5
1776438480,26849,26849.25,26839,26846
1776438540,26846,26848.5,26839.75,26843.75
1776438600,26843.25,26854.25,26836.25,26839.5
1776438660,26839.75,26840,26824.75,26826.75
1776438720,26827.25,26837.75,26821.25,26824.5
1776438780,26824,26829.5,26815.25,26820.25
1776438840,26820.25,26829.5,26814,26821.75
1776438900,26821.5,26839,26820,26834.75
1776438960,26835.5,26847,26834,26845
1776439020,26845,26848.5,26841.75,26845.25
1776439080,26845.25,26846,26828.5,26829
1776439140,26829.25,26829.75,26806.5,26822.5
1776439200,26822.25,26823.75,26807,26817.25
1776439260,26817,26833.5,26810.5,26824
1776439320,26824.25,26831,26820.75,26830
1776439380,26829.75,26845.5,26829,26839.75
1776439440,26840.25,26841,26831.75,26839
1776439500,26839,26846,26832.5,26835
1776439560,26834.75,26847,26831.75,26845.75
1776439620,26845.5,26846.5,26835,26838
1776439680,26838,26850,26834.75,26842.5
1776439740,26841.75,26846,26835.75,26842.25
1776439800,26842.25,26854.75,26840.25,26849
1776439860,26849,26866.75,26844.75,26865.5
1776439920,26865,26869.75,26848.25,26856.25
1776439980,26856.25,26868,26853.25,26867
1776440040,26867.25,26873.75,26857.75,26873
1776440100,26872.75,26873.5,26866,26870.25
1776440160,26870.5,26877.25,26865.25,26867.75
1776440220,26867.75,26871.5,26850,26855.5
1776440280,26855.25,26866.5,26852.5,26865
1776440340,26864.5,26867.5,26859.5,26866.25
1776440400,26866,26868.5,26856.75,26860
1776440460,26859.75,26862.25,26843.25,26857
1776440520,26857,26857.5,26834.25,26835.75
1776440580,26835.5,26838,26820,26822.5
1776440640,26822,26826.5,26816.25,26817.5
1776440700,26817.5,26835.25,26817.5,26834.75
1776440760,26834.5,26835.5,26820.75,26822
1776440820,26822,26830.75,26817.75,26824.5
1776440880,26825,26826,26819,26823.75
1776440940,26823.5,26850,26816.75,26829.25
1776441000,26829.25,26849,26826,26843.5
1776441060,26843.25,26852.5,26840.25,26846.75
1776441120,26846,26846.75,26828.75,26830.25
1776441180,26830.25,26835.5,26824.25,26833.75
1776441240,26833.5,26841.5,26831.75,26831.75
1776441300,26831.75,26840.25,26827.5,26830
1776441360,26829.25,26834.75,26822,26829.5
1776441420,26829.5,26835.5,26822.75,26825.5
1776441480,26825.5,26827.5,26808.75,26813
1776441540,26812.75,26813.75,26797.25,26804.75
1776441600,26805,26805.5,26792,26797.5
1776441660,26797.75,26816.75,26797.25,26814.25
1776441720,26814.75,26831.25,26814.75,26826.5
1776441780,26826.75,26838,26824,26833.5
1776441840,26833.5,26836,26827,26829.25
1776441900,26829.5,26843,26827.75,26842
1776441960,26842,26845,26837,26842
1776442020,26842.25,26849.75,26838,26847.25
1776442080,26847.25,26862.5,26847.25,26856.25
1776442140,26856,26856.5,26839.25,26840.25
1776442200,26839.75,26849.75,26835.5,26846.75
1776442260,26846.75,26855.25,26844.5,26854
1776442320,26853.75,26858.5,26852.75,26857.5
1776442380,26858,26858.5,26845.25,26847.5
1776442440,26847.75,26854.25,26845.25,26847.5
1776442500,26847.5,26856.5,26843,26849.5
1776442560,26850,26852.25,26836.75,26837
1776442620,26837.25,26838,26823.25,26828
1776442680,26828.5,26849,26824.75,26841
1776442740,26840.5,26842.5,26834,26836.75
1776442800,26836.5,26842.75,26831,26837
1776442860,26836.5,26843.75,26836.25,26841.75
1776442920,26842,26845,26837.75,26840.25
1776442980,26840.25,26848.75,26839.75,26848.5
1776443040,26848.5,26851.25,26844,26850.75
1776443100,26850.5,26854.75,26844.75,26851
1776443160,26850.5,26856.75,26848,26855.25
1776443220,26855.25,26857.5,26851,26852.5
1776443280,26852.5,26859.5,26851.25,26851.5
1776443340,26851.75,26857.5,26846,26856
1776443400,26856.75,26873.25,26856.25,26871.25
1776443460,26871.25,26874.75,26866.5,26874.25
1776443520,26874,26875,26866,26871.25
1776443580,26871.25,26875.25,26862.75,26864.25
1776443640,26864.25,26871.75,26864,26870.75
1776443700,26871,26876.5,26868.75,26870.5
1776443760,26870,26883,26868.5,26877.5
1776443820,26877.75,26881.5,26874,26874.5
1776443880,26874.5,26881,26871,26879
1776443940,26879,26881,26872,26873.25
1776444000,26873.5,26875.5,26867.75,26872.25
1776444060,26872,26872,26862.5,26863
1776444120,26863,26865.5,26860.75,26864.5
1776444180,26864.75,26868.75,26863,26866.5
1776444240,26866.75,26873,26866.5,26872
1776444300,26872.25,26880.75,26869.75,26878.5
1776444360,26879,26882.5,26876.5,26878.5
1776444420,26878.5,26881.75,26873.75,26875.25
1776444480,26874.5,26881,26873.5,26879.25
1776444540,26879.5,26881,26868,26871
1776444600,26871.25,26875.75,26869,26872.75
1776444660,26872,26876.75,26869.75,26876
1776444720,26876,26876.75,26866.75,26867.75
1776444780,26868,26873,26862.25,26871.5
1776444840,26871.25,26872.25,26862,26864.75
1776444900,26865,26866.75,26860.25,26860.75
1776444960,26860.5,26863,26856,26856.25
1776445020,26856.75,26861,26853.75,26859.5
1776445080,26859,26868.25,26858.25,26861.25
1776445140,26861.25,26863.25,26856,26859.25
1776445200,26859.5,26869.25,26858.25,26863
1776445260,26863,26871.5,26860.5,26870
1776445320,26870,26871,26864.75,26870.75
1776445380,26871.25,26877.25,26871,26873.25
1776445440,26873,26876.75,26871.75,26873.5
1776445500,26873,26874.25,26866,26871.5
1776445560,26871.5,26875,26868.25,26870
1776445620,26870,26873.25,26865.25,26865.75
1776445680,26865.5,26866.25,26813.5,26824.75
1776445740,26825.5,26847.5,26822.5,26847.25
1776445800,26847.25,26848.25,26838.75,26840
1776445860,26840.75,26842.75,26826,26832.5
1776445920,26833,26838.5,26824.25,26834.5
1776445980,26834.75,26841.5,26829,26835.75
1776446040,26836,26843.5,26831.5,26840.25
1776446100,26840,26847.25,26829.75,26832
1776446160,26832.25,26841.25,26831,26839.25
1776446220,26839.75,26841,26823.5,26825.5
1776446280,26826,26829.75,26817.25,26828.25
1776446340,26828.5,26829.5,26815.5,26817.75
1776446400,26817.25,26818,26796,26798.75
1776446460,26799,26801,26779.5,26794
1776446520,26794,26808.75,26792.5,26804.5
1776446580,26804.75,26823.5,26801.75,26819.25
1776446640,26819.25,26819.5,26736,26757.5
1776446700,26757.75,26781,26757,26770.5
1776446760,26770.75,26771.25,26741,26765.75
1776446820,26766,26783,26754,26777.75
1776446880,26778.25,26780.5,26756.25,26761.75
1776446940,26762.5,26778.75,26761.75,26771.75
1776447000,26771.75,26792.75,26769.25,26790
1776447060,26789.5,26797,26778,26780.5
1776447120,26779.75,26780.75,26764.75,26780.75
1776447180,26780.25,26780.5,26765.75,26770.75
1776447240,26770.75,26783.25,26770.75,26772.5
1776447300,26772.75,26778,26761,26762.25
1776447360,26762,26771,26759.5,26767.5
1776447420,26767.75,26802,26767.25,26801.25
1776447480,26801.75,26804.25,26790.25,26797.25
1776447540,26797.25,26797.5,26781.5,26792.5
1776447600,26792,26798,26787.25,26790.75
1776447660,26790.25,26797,26783.5,26787.75
1776447720,26788,26798.5,26785,26793.5
1776447780,26793.25,26794.5,26784.5,26784.75
1776447840,26784.5,26795.75,26783,26792.25
1776447900,26792,26809.75,26789.5,26808.75
1776447960,26809,26824.5,26808.25,26823
1776448020,26822.5,26828.75,26820.5,26827
1776448080,26826.75,26827.75,26820.25,26822.5
1776448140,26822,26824.25,26816.25,26818.25
1776448200,26818.25,26825.5,26813.25,26824.75
1776448260,26824.75,26825.75,26815.75,26818.75
1776448320,26818.5,26822.5,26813.5,26815
1776448380,26815,26823.25,26813.75,26821.75
1776448440,26821.5,26823.75,26815.25,26817.5
1776448500,26817.75,26824.25,26815.75,26822
1776448560,26821.75,26827.25,26814,26826.25
1776448620,26826.75,26827.25,26817.75,26819.75
1776448680,26820,26821.25,26807.25,26809.75
1776448740,26809.25,26811.5,26804.25,26808.25
1776448800,26808.25,26818.25,26806.75,26809.75
1776448860,26809.25,26819,26804.75,26818.25
1776448920,26818.25,26822.25,26807.75,26809.5
1776448980,26809.25,26815.75,26790.75,26798.5
1776449040,26798.5,26801.5,26789.5,26796.25
1776449100,26796.25,26800.5,26787.75,26793.75
1776449160,26793.75,26799.25,26783.75,26797.5
1776449220,26797.25,26797.5,26784,26789
1776449280,26788.75,26790.75,26777,26779.25
1776449340,26779.5,26783.25,26772.5,26775
1776449400,26775,26786,26771.25,26773.75
1776449460,26773.75,26782.75,26768,26775.25
1776449520,26775.75,26785.75,26773.75,26782.5
1776449580,26782.5,26784.75,26767.25,26768.75
1776449640,26768.75,26770.75,26760.5,26768.25
1776449700,26767.75,26784.5,26765.75,26780.75
1776449760,26780.5,26782.5,26774.5,26781.25
1776449820,26781,26789,26777.25,26788.25
1776449880,26789,26792.25,26784.25,26786.5
1776449940,26787,26789.5,26771.75,26777.25
1776450000,26776.75,26780.5,26765.5,26766.25
1776450060,26766.25,26772,26758.25,26762.5
1776450120,26762.75,26767.75,26755.25,26766.75
1776450180,26766,26782,26756.5,26777.25
1776450240,26778,26791,26776.5,26784.25
1776450300,26785.5,26809.5,26782,26803
1776450360,26802.75,26811.25,26797.25,26800.75
1776450420,26801.25,26805.25,26798,26800.25
1776450480,26799.75,26802,26782.5,26788
1776450540,26787.5,26787.5,26778,26784.75
1776450600,26784.25,26802.25,26784.25,26797
1776450660,26796.75,26798.5,26787.75,26795.75
1776450720,26795.75,26802.5,26795.5,26798.25
1776450780,26798.25,26811,26796.5,26806.25
1776450840,26806.25,26808.75,26801.75,26805
1776450900,26805.5,26808.25,26801,26807
1776450960,26807.5,26813,26806.75,26809.5
1776451020,26809.25,26811.5,26804.75,26805
1776451080,26805.5,26814.25,26805.5,26812.5
1776451140,26812.25,26812.75,26798.5,26807.25
1776451200,26807.25,26813.25,26803.75,26808.25
1776451260,26808.75,26808.75,26801.25,26802
1776451320,26802.5,26804,26789.25,26794
1776451380,26793.75,26799,26790,26797.5
1776451440,26797.25,26808,26795.5,26806.75
1776451500,26807.25,26810.25,26803,26805
1776451560,26805.25,26807.75,26799.75,26807.5
1776451620,26807.5,26814,26801.5,26803.75
1776451680,26803.5,26809.25,26803,26804.5
1776451740,26804,26806.75,26796.25,26799.5
1776451800,26800.25,26801.5,26793.75,26794.75
1776451860,26795,26799.75,26787.5,26789.25
1776451920,26789,26790.75,26775,26787.25
1776451980,26787.5,26787.5,26776,26786.25
1776452040,26785.75,26788.25,26767.25,26781.75
1776452100,26782,26792.75,26779.25,26790.75
1776452160,26790.5,26800.5,26787.5,26790.5
1776452220,26791,26794.25,26784.25,26791.25
1776452280,26791,26797.25,26785.25,26787.75
1776452340,26787.75,26794.5,26783.75,26784.75
1776452400,26785,26790.75,26781.75,26785.75
1776452460,26786,26794,26784.25,26791.75
1776452520,26792.25,26796,26787.75,26789.25
1776452580,26789.25,26790.25,26783.75,26787.25
1776452640,26787.25,26788,26781,26785.5
1776452700,26785.25,26785.25,26773.5,26773.75
1776452760,26774.25,26778,26765.75,26777.5
1776452820,26778,26784,26773.25,26774.5
1776452880,26775.25,26779,26770,26778.5
1776452940,26778.75,26778.75,26768.5,26775.25
1776453000,26775.5,26778,26762.75,26765
1776453060,26765,26771.75,26762,26764.25
1776453120,26763.75,26768,26759.25,26767.75
1776453180,26767.75,26769,26759.25,26760
1776453240,26759.75,26770.5,26757.75,26766.5
1776453300,26766.5,26779,26763.25,26777.25
1776453360,26777,26787.25,26776.75,26787.25
1776453420,26787,26788,26773.75,26778
1776453480,26777.5,26784.25,26776.5,26783.5
1776453540,26783.25,26788.25,26777.75,26782.25
1776453600,26782.25,26789.25,26780.25,26783.25
1776453660,26783.25,26787.25,26778.25,26782.75
1776453720,26782.75,26786.5,26779.5,26782.5
1776453780,26782.25,26784.25,26779.5,26780.5
1776453840,26780.75,26788.25,26777.25,26787
1776453900,26786.5,26796,26785.25,26785.5
1776453960,26785.25,26789.25,26782.5,26785.75
1776454020,26784.75,26785,26779,26782.75
1776454080,26782.75,26788.25,26776.5,26777.25
1776454140,26777.75,26780.5,26773,26778.5
1776454200,26778.25,26787.5,26778.25,26786.75
1776454260,26787,26794.25,26784.75,26787.5
1776454320,26787.5,26800.5,26787,26799.75
1776454380,26800,26811.5,26799,26808.25
1776454440,26808.75,26811,26802,26803.75
1776454500,26803.25,26807.5,26798,26800.25
1776454560,26799.75,26800.5,26791.5,26796
1776454620,26796,26802,26791,26800.5
1776454680,26800.5,26811.75,26799.75,26807.5
1776454740,26807.5,26815.5,26805.5,26811.25
1776454800,26811.25,26827,26803.25,26819.25
1776454860,26819.25,26819.5,26809.25,26812.75
1776454920,26812.5,26828,26812.25,26824.5
1776454980,26824.25,26828,26820.25,26824.5
1776455040,26824.25,26826.5,26816.75,26823.25
1776455100,26822.75,26823,26809.5,26810.5
1776455160,26810.25,26815.25,26809.25,26813.5
1776455220,26813,26815,26801.75,26805
1776455280,26805,26811.25,26804.25,26807.75
1776455340,26807.75,26815,26806,26811.5
1776455400,26811.25,26823.75,26802,26806
1776455460,26806.5,26810,26798.5,26807.25
1776455520,26806.5,26811,26796.75,26799
1776455580,26799.25,26809.5,26791.25,26804.75
1776455640,26804.5,26817,26803.75,26815.5
1776455700,26815.5,26829,26814.25,26820
1776455760,26819.75,26830,26815,26817.5
1776455820,26818,26824.5,26809,26823.75
1776455880,26823.5,26829.75,26820,26826
1776455940,26826.25,26832,26818.25,26827.5
1776456000,26827.5,26832.75,26822,26830.5
1776456060,26830.25,26832.75,26823.75,26829
1776456120,26829.25,26837.75,26828.5,26830.5
1776456180,26830.75,26831,26825,26828.75
1776456240,26828.25,26832.5,26825.25,26831.25
1776456300,26831.25,26833.5,26829.25,26832.25
1776456360,26832.25,26838.25,26831.25,26833
1776456420,26833.25,26835,26831.5,26832.5
1776456480,26833.5,26834.5,26831,26832.25
1776456540,26832.5,26832.75,26827.25,26828.5
1776456600,26829,26832,26827.25,26829.75
1776456660,26829.75,26832,26828,26830.75
1776456720,26831.5,26837.5,26831,26836
1776456780,26835.5,26844.5,26835.5,26839.25
1776456840,26839.5,26842.25,26837.75,26840.25
1776456900,26840.75,26841.75,26835.75,26841.25
1776456960,26840.5,26844.75,26840,26842.25
1776457020,26842.5,26843.75,26838.5,26839
1776457080,26838.5,26838.5,26833.75,26833.75
1776457140,26833.75,26836,26831.75,26833.75
1776457200,26833.75,26834,26827,26827.25
1776457260,26826.75,26832.25,26815.75,26827.75
1776457320,26828.25,26829.5,26820.5,26821.5
1776457380,26821.5,26827.75,26820,26826.25
1776457440,26826.5,26829,26824.25,26825.25
1776457500,26824.75,26825.25,26821.25,26823.75
1776457560,26823.75,26827.75,26822.5,26826.75
1776457620,26826.75,26827.75,26823.5,26823.75
1776457680,26824,26825,26820.5,26822.75
1776457740,26823.25,26823.25,26819.5,26819.75
1776457800,26820,26821,26819.25,26819.75
1776457860,26819.5,26821.25,26818.5,26820
1776457920,26819.75,26820,26818.25,26819
1776457980,26818.75,26826.5,26818.25,26825.25
1776458040,26825,26829.5,26825,26828.25
1776458100,26828,26832.5,26828,26831.75
1776458160,26831.25,26832.5,26829.75,26830.5
1776458220,26830.5,26835.75,26830.25,26834.5
1776458280,26834.75,26840.5,26833.5,26840.25
1776458340,26840,26842.5,26838.5,26842
1776458400,26842,26842.5,26836.5,26838
1776458460,26837.5,26838,26834.75,26835.5
1776458520,26835.75,26837.5,26833.75,26834
1776458580,26834.25,26835,26831.5,26833.75
1776458640,26833.75,26835.25,26831.25,26831.5
1776458700,26831.5,26832.25,26828.5,26830.25
1776458760,26829.5,26832.5,26828.25,26832
1776458820,26832,26835.75,26832,26835
1776458880,26835.5,26835.75,26831.5,26832
1776458940,26831.5,26833.5,26831,26832
1776459000,26832,26835,26831.25,26832.5
1776459060,26833,26835.5,26832,26835.25
1776459120,26836,26836.75,26833,26833.5
1776459180,26832.75,26844,26832,26842
1776459240,26842,26844.75,26840.75,26842.25
1776459300,26841.75,26842.25,26837.75,26838.5
1776459360,26838.75,26840,26837,26837.75
1776459420,26837.5,26839.75,26837,26838
1776459480,26838,26841.75,26836.75,26840
1776459540,26840,26843.5,26839.75,26842
1776636000,26603.25,26604.75,26534.75,26548.25
1776636060,26547.5,26573.25,26540,26568.75
1776636120,26568.25,26623,26565.5,26618.5
1776636180,26618.25,26656.5,26608.5,26610.75
1776636240,26609.75,26623.75,26593.75,26598.75
1776636300,26598.5,26605,26592.25,26604.75
1776636360,26602.75,26620.75,26602.75,26618.75
1776636420,26618.25,26632.5,26613.75,26632.25
1776636480,26633.5,26639.75,26623,26630.5
1776636540,26630.5,26644.5,26630,26638.75
1776636600,26639,26649.25,26632.5,26641.25
1776636660,26640.25,26640.75,26625.25,26629.5
1776636720,26628.5,26635,26614.75,26619.25
1776636780,26619,26626.75,26616.25,26626.75
1776636840,26626.5,26626.75,26614.75,26615.5
1776636900,26615,26618,26608.25,26615.25
1776636960,26616.5,26624,26615,26617
1776637020,26616.25,26621.75,26612.75,26614
1776637080,26614.75,26623.75,26610.25,26623.25
1776637140,26623.25,26624,26614.25,26619
1776637200,26618.25,26623,26617.75,26620.25
1776637260,26619.75,26630,26616,26629.75
1776637320,26629,26637.5,26627.5,26633.25
1776637380,26632.75,26635.75,26625.75,26626.25
1776637440,26627.25,26627.75,26613.5,26621
1776637500,26622.25,26628.75,26619.5,26622.75
1776637560,26622.75,26635,26618.75,26632.25
1776637620,26632,26634.75,26623.5,26630
1776637680,26630.25,26640.25,26629.5,26633
1776637740,26633.75,26634.5,26622.5,26624.25
1776637800,26624,26628.5,26620.75,26621.75
1776637860,26620.75,26634.25,26617.75,26633.5
1776637920,26633.5,26639.25,26633,26637.75
1776637980,26637.5,26642.25,26632.5,26639.75
1776638040,26638.5,26639.5,26631.25,26636
1776638100,26636,26638.25,26634.5,26638
1776638160,26638,26646.5,26637.25,26644.5
1776638220,26644.75,26646.25,26630.25,26633.75
1776638280,26633.25,26645.5,26633.25,26638
1776638340,26638,26644.75,26637.5,26644
1776638400,26644.5,26645,26638.25,26639
1776638460,26639,26643,26638.25,26643
1776638520,26642.75,26649.5,26642.25,26647.75
1776638580,26647.25,26655.5,26641.25,26652
1776638640,26651.5,26657.5,26650,26653
1776638700,26653.75,26654.75,26634,26647.25
1776638760,26647.25,26652.5,26644.75,26648.75
1776638820,26647.75,26651.5,26644.5,26648.5
1776638880,26648.25,26654,26647,26650.25
1776638940,26649.75,26655.25,26646.25,26655
1776639000,26655,26669.5,26653,26663.5
1776639060,26662.75,26669,26660,26667.5
1776639120,26667.75,26672,26666.25,26672
1776639180,26672,26672,26666.25,26667
1776639240,26666.5,26669.25,26663.75,26667
1776639300,26667,26673.75,26665.5,26668.75
1776639360,26667.75,26667.75,26662.5,26663
1776639420,26663,26669,26662.75,26669
1776639480,26669.25,26673,26667,26668
1776639540,26667,26670,26663.75,26665.5
1776639600,26665.75,26668.5,26663,26666
1776639660,26665.75,26666.75,26661,26666
1776639720,26666.75,26671.75,26665.5,26670.5
1776639780,26670.5,26670.75,26661.75,26666.75
1776639840,26666.25,26668.75,26664.25,26668.25
1776639900,26668.25,26669.25,26664.75,26668
1776639960,26668.25,26668.75,26657,26662.5
1776640020,26661.75,26664.25,26656,26658.5
1776640080,26659.25,26674.75,26657,26671.75
1776640140,26671.25,26679.75,26669.5,26675.75
1776640200,26675.75,26682.25,26675,26675.25
1776640260,26675,26675.5,26669,26671.5
1776640320,26671.5,26677.5,26665.5,26668
1776640380,26668.25,26669,26649,26659
1776640440,26658.5,26661,26655.25,26657.5
1776640500,26657.25,26663.5,26655.25,26658.5
1776640560,26658.75,26661,26653.25,26657.25
1776640620,26657.75,26661.25,26657,26661.25
1776640680,26661,26662.25,26656.75,26659.75
1776640740,26659.25,26659.25,26649.25,26653.25
1776640800,26652.75,26656.5,26648.5,26656.25
1776640860,26655.5,26656.25,26642,26654.5
1776640920,26654.75,26655,26651.75,26653
1776640980,26652.25,26660.25,26652.25,26657.75
1776641040,26658.25,26661,26655.5,26656.5
1776641100,26656.5,26659.25,26654,26659.25
1776641160,26659,26659.5,26653.5,26654.75
1776641220,26654.25,26655.25,26646.5,26654
1776641280,26654,26665.5,26653.75,26660
1776641340,26660.5,26661.5,26656.25,26659.5
1776641400,26659.75,26663,26656.75,26659.25
1776641460,26659,26659.75,26654.75,26658.75
1776641520,26658.5,26663.5,26652.5,26659
1776641580,26658.5,26663.25,26657.75,26660.75
1776641640,26660.5,26660.75,26656.25,26658.5
1776641700,26658.5,26659.25,26652.75,26653.25
1776641760,26653.75,26659.75,26653,26656
1776641820,26656.25,26662.75,26654.75,26662
1776641880,26661.25,26661.5,26656.75,26657.5
1776641940,26657,26658.5,26653.5,26657
1776642000,26656.75,26661,26656.25,26660.75
1776642060,26660,26660.25,26650,26652.5
1776642120,26653.25,26654.25,26649.25,26651.75
1776642180,26651.75,26654.75,26644,26650.25
1776642240,26651.25,26657.25,26650.75,26656.5
1776642300,26656.25,26656.5,26636.75,26637.75
1776642360,26638.25,26647.75,26638,26644.75
1776642420,26645.25,26645.75,26638,26642.5
1776642480,26642.5,26647,26641.5,26645.25
1776642540,26645.25,26649.75,26645,26649.75
1776642600,26649.5,26652.75,26646.5,26649.5
1776642660,26649.5,26659,26649,26654.75
1776642720,26654.25,26663.5,26649,26660.25
1776642780,26660.25,26665,26654,26654.5
1776642840,26653.5,26659.75,26651.75,26658.25
1776642900,26658.75,26664.5,26656.75,26662
1776642960,26662.25,26662.75,26657.5,26659.75
1776643020,26660,26661.25,26656.5,26659
1776643080,26659,26660.75,26652.5,26657.25
1776643140,26657.25,26659.75,26654.5,26658
1776643200,26658.25,26662,26631.5,26641.75
1776643260,26642,26651.5,26638.75,26644.25
1776643320,26644.5,26646.25,26640.75,26642.25
1776643380,26642.75,26648,26640.75,26645.25
1776643440,26645.5,26647.25,26642.25,26644.25
1776643500,26643.5,26651.5,26641.5,26647.5
1776643560,26647.75,26648,26633.75,26637.75
1776643620,26637.75,26639.5,26616,26617.25
1776643680,26617.75,26626.75,26616.25,26625.25
1776643740,26625.75,26630,26623.5,26626
1776643800,26626.75,26635.25,26624.75,26633
1776643860,26633,26639.25,26629.75,26637
1776643920,26637,26641.5,26632.5,26634.25
1776643980,26634,26634,26616.5,26624.25
1776644040,26623.75,26630.75,26617.75,26620.25
1776644100,26619.5,26645.5,26618.25,26643.75
1776644160,26643,26652.25,26631.75,26638
1776644220,26638.5,26645,26635.5,26637.5
1776644280,26636.75,26644.25,26636.25,26643.25
1776644340,26643.25,26645.5,26637.25,26643.5
1776644400,26644,26647.5,26641.5,26646.25
1776644460,26646.25,26648,26638.5,26638.5
1776644520,26638.25,26643.25,26636,26639.5
1776644580,26638.5,26646.25,26638.5,26643.75
1776644640,26643.75,26648.75,26641.25,26643
1776644700,26643.25,26645.25,26635.25,26643.75
1776644760,26643.5,26648.5,26641.5,26642
1776644820,26641.75,26647.5,26640.5,26645.75
1776644880,26647,26654.5,26646.75,26653
1776644940,26652,26655.25,26649.25,26653
1776645000,26652.25,26659.5,26651.25,26654.25
1776645060,26655.25,26655.5,26643.75,26652.5
1776645120,26651.75,26654.75,26650.5,26654
1776645180,26654,26663.25,26653.75,26660.5
1776645240,26660.75,26662,26658.25,26660
1776645300,26659.75,26663.25,26656,26659.75
1776645360,26659.75,26660,26653,26656
1776645420,26656.75,26657.25,26640,26640.25
1776645480,26641,26649.25,26640,26641.5
1776645540,26641.75,26644.25,26640.5,26642.75
1776645600,26642.25,26653,26642.25,26653
1776645660,26652.5,26652.5,26646.25,26649
1776645720,26649,26651,26647.75,26651
1776645780,26651,26654.5,26649.75,26653.25
1776645840,26652.5,26653.75,26647,26648.75
1776645900,26649,26653,26647.5,26651.75
1776645960,26652.25,26655.5,26649,26654.75
1776646020,26654.25,26657,26652,26653.25
1776646080,26653.25,26661,26653.25,26659.5
1776646140,26660.25,26665,26660,26663
1776646200,26662.75,26663.75,26660.75,26661.25
1776646260,26661.25,26664.5,26659,26663.5
1776646320,26663.5,26663.75,26659.75,26660.5
1776646380,26659.75,26663.75,26659.5,26662
1776646440,26661.5,26661.75,26657.5,26659
1776646500,26659.5,26661.25,26654.25,26654.25
1776646560,26654.75,26657.25,26652.5,26656.25
1776646620,26656.75,26660.5,26656.5,26657
1776646680,26657.25,26659.25,26655.75,26657.75
1776646740,26658.5,26660,26654.75,26656.5
1776646800,26657.25,26663.25,26655.75,26659.5
1776646860,26659.25,26677.5,26653.25,26673.5
1776646920,26673.25,26678.75,26667.5,26674.75
1776646980,26674.5,26677,26671,26675.75
1776647040,26675.25,26675.25,26671,26673.25
1776647100,26673.5,26684,26672.5,26677.25
1776647160,26677.25,26679.25,26670.75,26676.5
1776647220,26677,26682.5,26674.5,26680
1776647280,26679.75,26685.5,26679,26683.75
1776647340,26683,26690.25,26683,26688.75
1776647400,26689.25,26699.25,26684,26697
1776647460,26697,26700.5,26694.75,26695.5
1776647520,26695.25,26696.75,26692,26693.5
1776647580,26694.25,26697.75,26694,26697.5
1776647640,26697.5,26698,26694.5,26697.25
1776647700,26697,26698.25,26688.75,26689.5
1776647760,26689.75,26694.5,26685.25,26689.25
1776647820,26689,26689,26686,26687
1776647880,26687,26687.5,26682.75,26685.75
1776647940,26686.25,26687.5,26682.5,26682.75
1776648000,26682.75,26688.25,26680.75,26685.25
1776648060,26685.5,26692.5,26684,26691.75
1776648120,26691.25,26698,26691,26695
1776648180,26695,26697.75,26689,26689.75
1776648240,26689,26693.75,26687,26691
1776648300,26692.75,26694,26690.5,26693.25
1776648360,26693,26693.5,26689.5,26690.75
1776648420,26690.75,26693.25,26687.5,26690.25
1776648480,26690,26690,26686,26688
1776648540,26687.5,26690.25,26687.25,26688.5
1776648600,26689,26694.25,26687.75,26692.5
1776648660,26692.25,26694.75,26691.25,26692.25
1776648720,26692.25,26697,26690.75,26696
1776648780,26696,26698.75,26692.5,26693
1776648840,26692.5,26696,26692.5,26695.75
1776648900,26695.75,26698,26694.5,26696
1776648960,26695.5,26696.5,26689.75,26692
1776649020,26692.5,26696.25,26692,26695.75
1776649080,26695.5,26698,26695,26696
1776649140,26696.25,26705.5,26695.75,26704.5
1776649200,26704,26705.75,26700.5,26702.75
1776649260,26702.75,26703.75,26699.5,26703.75
1776649320,26703.25,26710.75,26703,26710
1776649380,26710,26710.5,26706,26707
1776649440,26706.75,26708.75,26703.25,26704.25
1776649500,26704.5,26707.25,26703.25,26704.25
1776649560,26703.5,26706,26702,26704.75
1776649620,26704.75,26708.75,26704.75,26707.75
1776649680,26707.5,26707.5,26702.75,26703.5
1776649740,26703.75,26706,26703,26704
1776649800,26704,26706.75,26703.25,26705.75
1776649860,26706.5,26706.5,26702.25,26703.75
1776649920,26704,26709.25,26703.5,26708.25
1776649980,26708,26711.5,26706.75,26709
1776650040,26708.75,26709,26704.5,26708.25
1776650100,26709,26712.75,26707.5,26712
1776650160,26712.25,26715,26705.75,26707.25
1776650220,26706.5,26708.75,26704.75,26706.25
1776650280,26706.75,26706.75,26703.75,26705.25
1776650340,26705.75,26707,26703.5,26705.25
1776650400,26705.5,26706,26699.75,26702.75
1776650460,26702.75,26704.75,26700,26704.75
1776650520,26704.75,26706.25,26697.75,26701.25
1776650580,26701,26703.75,26696.5,26697.25
1776650640,26697.5,26700.5,26696,26697
1776650700,26697.5,26698.5,26695,26696
1776650760,26697,26697,26683.5,26694
1776650820,26694.75,26695,26690.5,26691.5
1776650880,26691.75,26695.5,26691,26691.75
1776650940,26691.5,26696.75,26690,26694.75
1776651000,26694.5,26697.75,26692.25,26694
1776651060,26693.5,26694.75,26687.5,26692.25
1776651120,26692.5,26692.5,26689,26690.25
1776651180,26690,26691.75,26689.25,26690.25
1776651240,26689.25,26693.25,26688,26692.25
1776651300,26692.5,26697.25,26690.75,26695.75
1776651360,26696,26699,26693.75,26696.5
1776651420,26697,26699.25,26695,26698.5
1776651480,26698.25,26701,26697.25,26698.25
1776651540,26698.5,26700,26695.5,26698
1776651600,26698.25,26700,26698.25,26699.25
1776651660,26698.25,26698.25,26691.25,26691.5
1776651720,26692.25,26694.75,26691.75,26693.5
1776651780,26694.25,26698,26693.5,26697.5
1776651840,26697,26701,26695.75,26700.5
1776651900,26700.75,26702.75,26699.25,26701.75
1776651960,26702,26703.5,26694.75,26697
1776652020,26696.75,26698,26695,26697.75
1776652080,26697.25,26699,26695.25,26697.75
1776652140,26698.25,26698.75,26696.75,26696.75
1776652200,26697.25,26699,26696,26697.25
1776652260,26697.25,26697.5,26692,26694
1776652320,26694,26696.25,26692.75,26695
1776652380,26694,26697.5,26694,26697
1776652440,26697,26698.75,26695.75,26696.75
1776652500,26696.75,26698.25,26695.75,26696.75
1776652560,26696.5,26698.25,26695.25,26696
1776652620,26696,26698.5,26694.75,26697.25
1776652680,26696.5,26697,26694.25,26695
1776652740,26695,26695,26690,26692
1776652800,26691.25,26693.75,26690.5,26691.5
1776652860,26691.25,26693,26690.5,26691
1776652920,26691.25,26693.25,26690.5,26690.75
1776652980,26691.25,26691.5,26688.5,26690.25
1776653040,26690.5,26693.75,26690,26692.75
1776653100,26692.5,26696.5,26692.5,26695.25
1776653160,26695.25,26695.5,26689,26690
1776653220,26690.5,26691.5,26686.25,26686.25
1776653280,26686.25,26689.25,26684.5,26687.75
1776653340,26687.75,26689.75,26686.75,26688.5
1776653400,26689.25,26691.25,26687.5,26691
1776653460,26691.25,26692.75,26687.75,26687.75
1776653520,26688.25,26691.5,26688,26690.75
1776653580,26690.75,26692.25,26688,26691.75
1776653640,26690.75,26691.75,26690,26691.25
1776653700,26691,26696,26691,26693.75
1776653760,26692.75,26693.5,26686.25,26689
1776653820,26689.25,26691.75,26689.25,26691.25
1776653880,26691,26694,26690.75,26693.25
1776653940,26693.5,26695.25,26693.25,26694.25
1776654000,26694.25,26702.75,26693.5,26699.75
1776654060,26700,26700,26693,26695
1776654120,26695.75,26697.25,26694.75,26695.25
1776654180,26695.75,26698.5,26695,26696
1776654240,26696,26696,26691.75,26692.5
1776654300,26693,26697,26692,26696
1776654360,26696.5,26697,26690.5,26691
1776654420,26690.25,26693.75,26690.25,26692.75
1776654480,26692.5,26692.75,26689.75,26690.5
1776654540,26690.75,26692.75,26690.5,26691.75
1776654600,26691,26692.75,26689.75,26691.5
1776654660,26691,26691.5,26685.75,26691.25
1776654720,26690.75,26693.75,26690.75,26692.75
1776654780,26692.75,26693,26687.5,26688.25
1776654840,26688,26689.5,26687.25,26689.25
1776654900,26688.75,26689.25,26686.5,26687.5
1776654960,26688,26688.25,26686,26687.25
1776655020,26687,26687.75,26681.5,26683.75
1776655080,26683.75,26685,26682,26682.25
1776655140,26682,26686.5,26681.5,26686
1776655200,26687,26696.25,26687,26696
1776655260,26695.75,26696.5,26692.5,26693.5
1776655320,26693.5,26696,26692.75,26693.5
1776655380,26693.5,26694.25,26691.25,26693.25
1776655440,26693.25,26694,26691.75,26692.75
1776655500,26692.75,26697,26692.75,26696.25
1776655560,26696.25,26696.25,26690.25,26690.25
1776655620,26691.25,26692.25,26689.25,26692.25
1776655680,26691.75,26692.75,26690.75,26690.75
1776655740,26690.5,26693,26689.75,26692.25
1776655800,26692.25,26701.25,26692,26700.75
1776655860,26701,26701.25,26694.75,26696
1776655920,26696.75,26697,26692,26695
1776655980,26694.75,26697.25,26694.25,26695.75
1776656040,26696,26697.5,26695.25,26696
1776656100,26695.5,26697.25,26693.5,26693.75
1776656160,26694.25,26694.25,26688.5,26690.5
1776656220,26690,26692,26690,26691.25
1776656280,26691,26691.75,26689,26691
1776656340,26691,26694,26691,26692.5
1776656400,26691.5,26692.25,26690.25,26691
1776656460,26691.5,26692.25,26688.75,26689.5
1776656520,26689.5,26691.5,26688.25,26689.5
1776656580,26689.5,26690.5,26687.75,26688.5
1776656640,26689.5,26689.75,26688.25,26688.5
1776656700,26688,26688,26682,26683.25
1776656760,26683,26684,26675.5,26682.5
1776656820,26682.25,26683.25,26680.75,26681.5
1776656880,26682,26685.25,26680.75,26681.5
1776656940,26681.75,26682,26680.5,26680.75
1776657000,26680.5,26685.75,26680.5,26684.25
1776657060,26684.5,26685.25,26682,26682.5
1776657120,26682.25,26683.25,26681.75,26682
1776657180,26682.25,26683.25,26681.25,26681.5
1776657240,26681.5,26682.5,26680.5,26682
1776657300,26681,26683.25,26680.75,26682.75
1776657360,26682,26682,26677.25,26678
1776657420,26677.25,26680.25,26677.25,26678.5
1776657480,26679,26679.25,26677,26678.75
1776657540,26678.25,26679.75,26678,26679
1776657600,26679.25,26679.5,26672,26676
1776657660,26676,26678.25,26674,26674.75
1776657720,26674.75,26675.75,26669.25,26671.25
1776657780,26671.75,26677,26670,26676.5
1776657840,26676.25,26677.5,26673.5,26675.25
1776657900,26674,26675.75,26671.25,26674.5
1776657960,26674.25,26676,26672.25,26672.25
1776658020,26672,26679.5,26671.5,26679.5
1776658080,26679.5,26682.25,26678.75,26678.75
1776658140,26679,26681.5,26678.75,26680.5
1776658200,26680,26681.75,26678.25,26678.5
1776658260,26678.75,26680,26675.25,26676.75
1776658320,26676.5,26679.5,26676,26679.25
1776658380,26679,26680.25,26678,26678.25
1776658440,26678,26678,26674.25,26675.75
1776658500,26675.75,26677.5,26675.25,26676
1776658560,26676.25,26676.25,26670,26671.25
1776658620,26670.5,26674,26670.5,26673.75
1776658680,26674,26674.25,26671,26672.5
1776658740,26672.5,26672.5,26667,26670.25
1776658800,26670.25,26670.25,26666,26667
1776658860,26667.75,26668,26665.25,26666.25
1776658920,26666,26669.5,26665.75,26668.5
1776658980,26668.25,26668.75,26666.25,26666.25
1776659040,26666.25,26674.5,26666,26674.25
1776659100,26674.25,26675,26672.5,26673.25
1776659160,26672,26673.5,26668.5,26670.25
1776659220,26670,26670.25,26668.25,26669.25
1776659280,26669.25,26671,26667.75,26671
1776659340,26670.5,26670.5,26666.25,26667
1776659400,26666.75,26667.75,26665.25,26667
1776659460,26666.75,26666.75,26663.25,26666
1776659520,26665.5,26666.5,26663.75,26666
1776659580,26665.75,26668,26664.75,26664.75
1776659640,26665.25,26666,26662.75,26664.75
1776659700,26665.25,26666,26662.5,26663.75
1776659760,26663,26664.5,26657.75,26659.75
1776659820,26659.75,26660.5,26658,26659
1776659880,26659.25,26662.25,26655,26661.25
1776659940,26660.75,26666.25,26660.5,26665.5
1776660000,26666.25,26672.5,26666.25,26671.25
1776660060,26671.25,26673.25,26670.25,26671
1776660120,26670.25,26671.75,26667.5,26668.5
1776660180,26668.5,26670,26667,26669.5
1776660240,26668.75,26674,26668.75,26672.5
1776660300,26672.5,26680.25,26672.25,26679
1776660360,26678.75,26680,26675.5,26680
1776660420,26679.5,26680.75,26676.5,26678
1776660480,26678,26680,26675.75,26677.5
1776660540,26677.75,26681.5,26676.25,26677
1776660600,26677.25,26680,26674.5,26675
1776660660,26675,26675.75,26663,26670
1776660720,26670,26673,26669,26672.25
1776660780,26671.75,26674.5,26670.5,26674
1776660840,26673.25,26676,26671.25,26671.25
1776660900,26671.75,26672.5,26669,26671.75
1776660960,26671,26672.5,26670.5,26671.5
1776661020,26671.5,26671.75,26667.5,26669.75
1776661080,26669.5,26673,26669.25,26672.75
1776661140,26672.25,26676.5,26672.25,26675.75
1776661200,26675.75,26678.5,26675,26677.25
1776661260,26677.25,26677.25,26672,26673.5
1776661320,26674.5,26676.75,26672.75,26673.75
1776661380,26673.25,26677.75,26673.25,26675.75
1776661440,26675.5,26679,26675.25,26676.75
1776661500,26677,26677.25,26670.25,26672.5
1776661560,26672,26673,26668.5,26670
1776661620,26670.75,26675.25,26670.75,26674.75
1776661680,26674.5,26675.5,26673,26673.75
1776661740,26674.25,26675.75,26672.75,26673.25
1776661800,26672.75,26672.75,26667.5,26672.5
1776661860,26672,26673.25,26668.5,26672
1776661920,26672.5,26672.5,26670.5,26672.25
1776661980,26672.5,26673,26665.5,26668.5
1776662040,26668.5,26670.5,26667.5,26670.25
1776662100,26669.75,26671.25,26668,26671.25
1776662160,26670.75,26673.25,26670.5,26670.5
1776662220,26670.5,26676,26670.5,26673.5
1776662280,26674,26674.25,26671.25,26671.25
1776662340,26671.75,26671.75,26666,26666.5
1776662400,26666.25,26668.25,26663.25,26663.5
1776662460,26664,26667.75,26662,26663
1776662520,26662.75,26664.75,26660.25,26662.75
1776662580,26663,26663.5,26660.25,26662.5
1776662640,26662.75,26666,26661.5,26661.5
1776662700,26661.75,26663,26660,26660.25
1776662760,26660.5,26661.5,26647.25,26651.75
1776662820,26652.25,26652.75,26648.5,26650.5
1776662880,26650.5,26654.5,26649,26653.75
1776662940,26653.5,26653.75,26647.5,26648
1776663000,26648.25,26649.5,26633,26634.25
1776663060,26634.25,26643.75,26627.75,26643.75
1776663120,26644,26644.75,26637.25,26639
1776663180,26639,26646,26638.25,26642.75
1776663240,26642.5,26646.5,26639.25,26646
1776663300,26646.25,26648,26642.25,26645
1776663360,26644.75,26648.5,26642.5,26646
1776663420,26645.5,26646.5,26639.25,26639.75
1776663480,26639.75,26640.5,26631.25,26632.75
1776663540,26632.25,26636.75,26631.25,26632.25
1776663600,26632.75,26633.5,26624.25,26633.5
1776663660,26633.5,26634,26628,26628.75
1776663720,26628.75,26632,26627.5,26627.75
1776663780,26628,26629,26625,26625.75
1776663840,26625,26626.5,26612.25,26615.25
1776663900,26614.25,26626.25,26613.75,26625.75
1776663960,26626,26626.75,26623.25,26625.25
1776664020,26625,26628.25,26624.25,26627.25
1776664080,26627.25,26632.5,26627.25,26629.5
1776664140,26630.25,26630.5,26622,26625.75
1776664200,26625.75,26628,26621.25,26622.75
1776664260,26622.75,26626.25,26614.75,26625.75
1776664320,26625.75,26626.5,26621,26623
1776664380,26622,26630,26621.5,26630
1776664440,26630.5,26639.25,26629.75,26636
1776664500,26636.75,26641.75,26634.5,26639.25
1776664560,26639,26639,26632.25,26637.25
1776664620,26637.75,26638.75,26629.5,26630.25
1776664680,26629.5,26635.5,26627.25,26634.75
1776664740,26635.25,26637,26634.75,26635.25
1776664800,26635.25,26643.25,26635.25,26636
1776664860,26635.25,26641.25,26633.5,26639.75
1776664920,26638.75,26654,26636.75,26651.5
1776664980,26651.75,26658.5,26651.5,26652.25
1776665040,26652.25,26661,26652.25,26655.75
1776665100,26656,26662.25,26653.25,26656.75
1776665160,26656,26656.25,26648.75,26650.75
1776665220,26651.25,26654.5,26651.25,26653.5
1776665280,26653.5,26654.5,26649.75,26650.5
1776665340,26650,26652.5,26648.75,26651.75
1776665400,26652,26653.75,26649.5,26651.25
1776665460,26652,26654.5,26647.25,26653.25
1776665520,26653.5,26659,26652.25,26655.75
1776665580,26655.75,26657,26651,26653.5
1776665640,26653.75,26655.75,26650.25,26651.75
1776665700,26651,26652.75,26648.5,26652
1776665760,26652.25,26654,26648.75,26650
1776665820,26650.25,26655,26649.5,26651.5
1776665880,26652.5,26652.5,26644.75,26648
1776665940,26648,26654,26644.5,26653.25
1776666000,26653.5,26655,26648.25,26648.25
1776666060,26648.25,26652.25,26645.5,26649.75
1776666120,26650,26650.75,26647,26650.5
1776666180,26650,26654,26648.5,26649.75
1776666240,26649.5,26652.25,26647.5,26650.75
1776666300,26651.25,26654.75,26648.5,26654.5
1776666360,26654.75,26655.75,26648,26649
1776666420,26649,26651.75,26645.75,26650.5
1776666480,26650.75,26652,26648.5,26649.75
1776666540,26649.25,26655.25,26646.75,26655.25
1776666600,26655.5,26671.75,26655.5,26665.25
1776666660,26664.75,26667.25,26656.75,26660.5
1776666720,26660.25,26670,26657.75,26668.5
1776666780,26668.75,26669.25,26661.25,26663
1776666840,26661.5,26664.25,26660,26663.25
1776666900,26663,26665,26659,26660.75
1776666960,26661.5,26662.75,26657.25,26662
1776667020,26661.75,26663.25,26652,26654
1776667080,26653,26657.25,26652.25,26657
1776667140,26657,26659,26652.5,26658
1776667200,26658,26661.25,26656.5,26658.75
1776667260,26659.5,26662.5,26654.75,26657.5
1776667320,26656.75,26662,26656,26658.75
1776667380,26658.75,26660,26654.25,26655.75
1776667440,26654.75,26658,26653.75,26657.25
1776667500,26656.75,26657.25,26653,26656.25
1776667560,26655.5,26656,26649.25,26651.5
1776667620,26651.25,26653.5,26647.5,26651.75
1776667680,26651.75,26662,26650.75,26661.25
1776667740,26661,26661.25,26656.25,26657
1776667800,26657.5,26657.5,26649.25,26651.25
1776667860,26652.25,26652.75,26647.5,26649.5
1776667920,26649.25,26652.5,26649,26652.25
1776667980,26652.5,26656.25,26650,26653.5
1776668040,26654.25,26658.75,26652.25,26654
1776668100,26653.75,26658,26653,26656.25
1776668160,26656.25,26693,26648.5,26689.5
1776668220,26690.5,26700.75,26678.5,26691.5
1776668280,26692,26692.5,26677.25,26680.75
1776668340,26680.75,26689,26678.75,26688
1776668400,26688.25,26708,26682.25,26696.75
1776668460,26695.5,26700.75,26686.25,26699
1776668520,26699,26706,26696.5,26703.25
1776668580,26702.5,26712.25,26697.25,26698.5
1776668640,26697.75,26700,26692,26697
1776668700,26697.5,26707.25,26697.5,26703.5
1776668760,26703.25,26706.25,26693,26696
1776668820,26695.75,26697.5,26686.25,26689.25
1776668880,26687.75,26702.5,26684.75,26700
1776668940,26699.25,26702.5,26697.25,26698.5
1776669000,26698.25,26703.75,26696.25,26701.75
1776669060,26702,26703,26691.25,26697.25
1776669120,26697.5,26699.75,26694.25,26697.25
1776669180,26698.5,26702.75,26697.25,26698.25
1776669240,26698,26704.25,26696.75,26703
1776669300,26703.25,26704,26691.75,26693.75
1776669360,26694,26698.25,26690.25,26698.25
1776669420,26697.5,26706.75,26696.25,26702.5
1776669480,26703,26703.25,26698,26701
1776669540,26700.25,26700.5,26694.75,26698.25
1776669600,26697.25,26702.75,26692,26702.75
1776669660,26702,26719.5,26698.75,26715.25
1776669720,26714.75,26721.5,26714.5,26716.25
1776669780,26716.5,26718.5,26706.75,26712
1776669840,26712.25,26712.25,26701,26703.75
1776669900,26703.5,26705.75,26698.75,26702.25
1776669960,26702,26703.5,26690.25,26691
1776670020,26691.25,26693.75,26687.5,26691.5
1776670080,26690.5,26691,26687.5,26687.5
1776670140,26687.25,26690,26683.75,26689.25
1776670200,26689.25,26693.75,26644,26674.25
1776670260,26674.25,26676.5,26657.25,26666
1776670320,26665.5,26678.5,26662,26678.5
1776670380,26678.5,26678.5,26662.25,26670.75
1776670440,26671,26675.75,26668.25,26675.75
1776670500,26676,26678.75,26668,26668.75
1776670560,26670,26671,26655.5,26662.75
1776670620,26662.25,26664.5,26657.25,26664.25
1776670680,26663.75,26670.75,26660.5,26664
1776670740,26664.5,26668.5,26663,26665.25
1776670800,26666.25,26676.75,26664.5,26673.25
1776670860,26672.75,26673.5,26660.25,26667.5
1776670920,26667.5,26669.25,26661,26664.75
1776670980,26665,26668.75,26663.5,26668.75
1776671040,26668,26669.25,26665,26665.25
1776671100,26666.25,26666.25,26652,26653.75
1776671160,26653.75,26659.25,26650.25,26657
1776671220,26655.75,26661.25,26655.75,26659.25
1776671280,26659.25,26667.5,26657.75,26667.5
1776671340,26668,26668.25,26657.75,26661.5
1776671400,26661.5,26665.25,26656.25,26664.5
1776671460,26663.25,26665.75,26658.5,26663.75
1776671520,26664.25,26669,26662,26665.75
1776671580,26666.25,26666.25,26660.25,26662.5
1776671640,26662,26662,26656,26657
1776671700,26656.5,26662,26651.75,26652.25
1776671760,26653.75,26657,26651.75,26656.75
1776671820,26657.25,26660.5,26655.25,26659.5
1776671880,26659.5,26664.75,26657.75,26663.25
1776671940,26664,26671.5,26663.75,26669
1776672000,26668.25,26673,26667,26671
1776672060,26670.5,26671,26659.5,26660.5
1776672120,26660.5,26663.5,26649.75,26652
1776672180,26651.25,26656.25,26650.25,26650.75
1776672240,26650.25,26652.75,26639,26641.25
1776672300,26640.75,26644.25,26637.5,26638.5
1776672360,26638.5,26639.25,26625.75,26625.75
1776672420,26625.5,26632.75,26618.75,26620.75
1776672480,26620.5,26631,26619.75,26626
1776672540,26625.25,26629,26621.75,26625
1776672600,26624.75,26637.25,26622.5,26636.75
1776672660,26637.25,26639,26630,26634.25
1776672720,26634.75,26645.75,26633.75,26643.75
1776672780,26643.5,26653,26642.5,26651.5
1776672840,26651.25,26657.75,26645.5,26646.75
1776672900,26647.25,26652.25,26644.75,26647.5
1776672960,26646.75,26652,26641.5,26647.5
1776673020,26648.5,26652.25,26645,26648
1776673080,26647.5,26648.75,26643.5,26645
1776673140,26644.5,26653.75,26644,26649.5
1776673200,26649.75,26651.25,26646.25,26650.25
1776673260,26651.5,26666.75,26647.5,26651.75
1776673320,26650.75,26656.25,26647.25,26648
1776673380,26648.25,26655.75,26647.25,26649.25
1776673440,26649,26658,26646,26656.5
1776673500,26657.25,26660.25,26654.25,26656.75
1776673560,26657,26659.75,26652.5,26658.75
1776673620,26659.25,26667.5,26658,26663.75
1776673680,26664.75,26672.25,26664.5,26669.75
1776673740,26670.25,26677,26670.25,26673.5
1776673800,26673.25,26674.25,26666.25,26666.25
1776673860,26666,26666.75,26660.25,26666.75
1776673920,26665.5,26672.25,26663,26671.25
1776673980,26670.75,26674.5,26668.75,26670.75
1776674040,26670.25,26673.75,26667.5,26671
1776674100,26670.25,26671.5,26665.75,26666.75
1776674160,26667,26668.5,26664.25,26667.5
1776674220,26668.5,26673,26666.5,26671.5
1776674280,26671.25,26673,26667.5,26668.75
1776674340,26668.25,26673.25,26667.5,26672.75
1776674400,26672.75,26676,26668.75,26671.5
1776674460,26672.75,26675,26667.5,26668.25
1776674520,26668.5,26671,26668.5,26670
1776674580,26670.25,26670.25,26665.25,26667
1776674640,26666.75,26670.75,26664.25,26670.5
1776674700,26670.75,26678.25,26668,26675
1776674760,26674.5,26675,26671.75,26673.25
1776674820,26672.75,26678,26671.75,26674
1776674880,26673.75,26675.5,26666.75,26668.5
1776674940,26670.5,26677,26668.75,26676.75
1776675000,26676.5,26685.5,26676,26685
1776675060,26684.25,26684.75,26676.75,26678.5
1776675120,26679.25,26679.25,26676,26677.5
1776675180,26677.5,26683.75,26676,26682.25
1776675240,26682.25,26687.75,26681.75,26683.75
1776675300,26684,26686.5,26683.25,26684
1776675360,26683.75,26686.75,26679.25,26685
1776675420,26685,26699.5,26683.75,26696.25
1776675480,26696.25,26708.75,26692.5,26695.5
1776675540,26695.5,26698.5,26693.5,26695.75
1776675600,26696,26703.25,26692.5,26702.5
1776675660,26702.75,26705.75,26698.75,26701.25
1776675720,26701.25,26703.25,26696,26697.25
1776675780,26697.5,26703.25,26694.25,26702.5
1776675840,26702,26705,26697.25,26703.25
1776675900,26703.25,26711.25,26701,26707.25
1776675960,26708,26719.75,26707.75,26712
1776676020,26711.5,26714.5,26706.25,26714.5
1776676080,26713.5,26714.5,26703,26703.5
1776676140,26703.5,26705.5,26698.75,26704.5
1776676200,26705.25,26706.5,26695.75,26697
1776676260,26697.25,26697.25,26692.5,26694.75
1776676320,26693.75,26696.5,26693,26696.25
1776676380,26695.75,26700.75,26695.75,26699.25
1776676440,26699.25,26700.5,26696,26698.5
1776676500,26699.25,26700.5,26695,26695
1776676560,26695,26697.5,26690.5,26694.5
1776676620,26694.5,26696.75,26692.75,26693
1776676680,26693,26693.5,26685.5,26691.5
1776676740,26692,26701,26691.75,26695.75
1776676800,26696.25,26697,26692.5,26697
1776676860,26696.5,26705,26696.5,26701.5
1776676920,26702,26702.5,26695.75,26699
1776676980,26698.75,26704,26696.25,26702.5
1776677040,26702.5,26702.5,26698,26700.25
1776677100,26699.5,26702,26696.5,26696.5
1776677160,26696.75,26699.75,26693,26697.5
1776677220,26697.25,26698.25,26692,26695.25
1776677280,26694.5,26697,26694,26696.25
1776677340,26696,26700,26695.75,26698.75
1776677400,26697.75,26709.5,26697.25,26709
1776677460,26708.75,26712.75,26704,26707.25
1776677520,26707.25,26708.75,26705.75,26708
1776677580,26707.25,26709,26702.5,26703.75
1776677640,26703,26703.75,26698.25,26700.5
1776677700,26700,26703.75,26699.5,26699.75
1776677760,26700,26700.5,26694.75,26700
1776677820,26699.25,26701.5,26698.75,26700.5
1776677880,26700.5,26707,26700.5,26704.75
1776677940,26705,26706,26701.75,26702.75
1776678000,26702.75,26711.25,26702.25,26709.25
1776678060,26709.5,26710,26704.25,26704.25
1776678120,26704.5,26709.25,26704,26708
1776678180,26708.25,26710,26707.5,26708.75
1776678240,26709.5,26709.5,26703.75,26708.75
1776678300,26708.25,26708.25,26705.5,26707.25
1776678360,26707.5,26708.25,26703.25,26704.25
1776678420,26704.5,26708.25,26704.5,26706.75
1776678480,26707.25,26708.5,26702.25,26702.25
1776678540,26702.75,26703.25,26698.75,26701.75
1776678600,26703,26703,26700.25,26701.25
1776678660,26701,26701.5,26697,26697.5
1776678720,26698,26698.5,26694.25,26695
1776678780,26695,26702.25,26694.25,26699.25
1776678840,26699.75,26701.5,26695.75,26696
1776678900,26696.25,26698.5,26695.5,26697.25
1776678960,26697.75,26699.5,26693,26698.25
1776679020,26698,26698.25,26694.5,26696.25
1776679080,26696,26698.5,26695,26695.75
1776679140,26694.75,26696.5,26694,26694.5
1776679200,26695,26697.75,26692,26692
1776679260,26692,26699,26691.25,26697.5
1776679320,26697.25,26702.75,26695.75,26702.5
1776679380,26702.25,26706.25,26700.5,26705.5
1776679440,26705.25,26708,26703.75,26706
1776679500,26706.5,26712.75,26705,26711.75
1776679560,26712.5,26715.25,26706.5,26711
1776679620,26711.5,26716.5,26711,26714
1776679680,26714,26722.5,26712.25,26720.75
1776679740,26719.75,26724.25,26718.75,26723
1776679800,26722.5,26728.5,26722.5,26724.5
1776679860,26724.75,26731.75,26720.5,26722
1776679920,26722.25,26724.5,26716.5,26718
1776679980,26717.75,26720,26712.5,26716.25
1776680040,26715.75,26717.5,26714,26716
1776680100,26715.75,26717.75,26714.5,26716.5
1776680160,26716.5,26719.25,26713.75,26717.75
1776680220,26718,26726.5,26717.5,26723
1776680280,26722.25,26728,26716.25,26723.25
1776680340,26724,26727.25,26718,26723.75
1776680400,26723.25,26726.5,26721.25,26723
1776680460,26723,26726.25,26721,26725
1776680520,26724.25,26727.75,26720,26724
1776680580,26724,26724,26713.5,26714.75
1776680640,26714.75,26715.25,26710,26710
1776680700,26710,26711,26706,26707.25
1776680760,26708.25,26711,26706,26707.5
1776680820,26708.25,26710.75,26707.75,26709.5
1776680880,26709.75,26715,26709.75,26712
1776680940,26711.5,26711.5,26708,26710.5
1776681000,26710.25,26712,26706.75,26706.75
1776681060,26707.25,26708.5,26700,26702.75
1776681120,26702.75,26703.5,26699,26700.25
1776681180,26700,26701.25,26697,26700.25
1776681240,26699.75,26700.5,26698,26700
1776681300,26700.25,26702.5,26698.75,26700
1776681360,26700.25,26704,26700.25,26701.5
1776681420,26701.75,26702.25,26699,26699.5
1776681480,26700,26705.5,26699.5,26705.25
1776681540,26704.75,26705.25,26701.75,26703.25
1776681600,26703.5,26704.75,26701.25,26702
1776681660,26701.75,26702.75,26693.75,26696
1776681720,26695.5,26699.5,26695,26695.5
1776681780,26695.75,26697.75,26694.5,26697.75
1776681840,26697.25,26697.5,26694.75,26694.75
1776681900,26695.25,26699.5,26695.25,26696.75
1776681960,26697.75,26698.25,26693,26694.75
1776682020,26695.25,26699,26695.25,26695.75
1776682080,26695.5,26697.5,26694,26695
1776682140,26694.75,26697.25,26693.25,26695.5
1776682200,26695.75,26700.25,26694.5,26697.75
1776682260,26697.75,26699,26693.75,26695
1776682320,26695,26707.5,26694.75,26698.25
1776682380,26697.5,26700.5,26697.25,26700.5
1776682440,26699.75,26702.25,26699.25,26702.25
1776682500,26702.25,26705,26700.75,26702.5
1776682560,26702.75,26703,26699,26701
1776682620,26700.25,26702.5,26696.5,26697.25
1776682680,26697,26702,26696,26699.75
1776682740,26700.5,26703.75,26697.75,26700.5
1776682800,26700.75,26702,26695.25,26696.5
1776682860,26697,26697,26687,26691.25
1776682920,26691.75,26696.75,26691.25,26691.5
1776682980,26691.5,26692.5,26681.5,26686
1776683040,26686.25,26689.25,26680.25,26683
1776683100,26682.75,26689.75,26682.25,26688.25
1776683160,26688.25,26691,26685.75,26691
1776683220,26690.75,26696,26690.25,26694
1776683280,26694.75,26702.5,26694.5,26699.25
1776683340,26700.5,26704.75,26699,26703.5
1776683400,26703.25,26705.5,26698,26699
1776683460,26698.75,26701,26692.25,26693
1776683520,26693.5,26693.75,26690,26693.25
1776683580,26692.75,26694.5,26691,26694
1776683640,26694.25,26705.25,26693.75,26705
1776683700,26704.5,26709,26703.75,26704.5
1776683760,26705,26707.25,26700,26701.75
1776683820,26701.25,26703.5,26697.75,26699.5
1776683880,26699.75,26703.25,26699.25,26700.5
1776683940,26701.25,26701.5,26698.5,26698.5
1776684000,26699,26699.5,26692,26692.75
1776684060,26693,26694,26688.5,26692.75
1776684120,26692.75,26694.5,26689.5,26691.75
1776684180,26691.5,26695.5,26690.5,26694
1776684240,26693.75,26694.5,26689.75,26691
1776684300,26690.75,26694.5,26689.5,26692
1776684360,26691.5,26697,26689,26693.75
1776684420,26693.5,26695.75,26692.25,26693
1776684480,26693.25,26695.5,26692.75,26693.25
1776684540,26693.25,26696,26686,26687.75
1776684600,26688,26689.5,26683,26686.25
1776684660,26686,26689.5,26684,26689.25
1776684720,26689.25,26711.25,26686.25,26691.5
1776684780,26691,26710.75,26689.5,26700.25
1776684840,26700.75,26707,26698.75,26700.25
1776684900,26700.25,26705.75,26697.5,26701.75
1776684960,26701.25,26702,26687.5,26695.75
1776685020,26695.25,26700.25,26694.75,26699
1776685080,26699.75,26700.25,26694.5,26696.25
1776685140,26695.5,26708.5,26693,26703.25
1776685200,26703.25,26706,26700.5,26703
1776685260,26702.5,26704.5,26700,26702.75
1776685320,26702.75,26704.25,26697.75,26702.75
1776685380,26702.5,26708.75,26702.5,26706.5
1776685440,26706.25,26711,26706,26710.25
1776685500,26710.25,26715,26707.5,26713
1776685560,26713,26718.75,26713,26716.75
1776685620,26717.5,26722.75,26716.5,26717.25
1776685680,26717.25,26720.25,26716.75,26720.25
1776685740,26719,26719.5,26715.75,26716.75
1776685800,26716.75,26720.5,26714,26715.75
1776685860,26716,26716.75,26707.5,26709.5
1776685920,26709.5,26710.25,26704.75,26706.75
1776685980,26706.75,26711.25,26704.25,26707.75
1776686040,26708.75,26710.75,26701.25,26703.25
1776686100,26702.75,26708.5,26700.5,26704.75
1776686160,26706,26713,26702.5,26709
1776686220,26709,26711.25,26705.25,26705.75
1776686280,26705.5,26708.5,26704.5,26707
1776686340,26706.25,26712.25,26705.25,26710.25
1776686400,26710.5,26715.25,26709.75,26714.75
1776686460,26714.5,26715.25,26708,26709
1776686520,26709.25,26714.5,26706.75,26711.5
1776686580,26711,26711,26702,26709.75
1776686640,26709.75,26726.5,26706.75,26708.75
1776686700,26708.25,26720,26705.5,26716.25
1776686760,26716.75,26720,26714,26714.25
1776686820,26713.75,26719.75,26712.5,26717.75
1776686880,26717,26719,26711,26712.25
1776686940,26712.25,26714.75,26707,26707.5
1776687000,26707.25,26713,26707.25,26708.5
1776687060,26709.5,26712,26705.75,26707.25
1776687120,26706.25,26713,26704.75,26711.75
1776687180,26712.5,26714.75,26709.75,26714
1776687240,26713.75,26714,26708.75,26709.75
1776687300,26710,26711.75,26702,26707.75
1776687360,26707.5,26719.5,26706,26719
1776687420,26718.5,26720.75,26717.25,26720
1776687480,26720.25,26723.75,26717.5,26721.5
1776687540,26721.25,26724.5,26718.75,26721.5
1776687600,26722,26723.5,26718,26719.75
1776687660,26719.5,26727.5,26716,26720.5
1776687720,26720.75,26724.25,26720.25,26721
1776687780,26720.5,26720.5,26710.25,26714.25
1776687840,26713.75,26716.75,26711,26714.75
1776687900,26714.75,26715.5,26712.25,26713.75
1776687960,26713.75,26713.75,26710.5,26711.75
1776688020,26711.75,26715.75,26711.5,26715
1776688080,26715,26720,26713.75,26717.75
1776688140,26718.25,26720.25,26715.75,26716.5
1776688200,26717.25,26728.75,26717.25,26726.75
1776688260,26726.25,26728,26716,26721.5
1776688320,26721.25,26726.5,26718.5,26720.25
1776688380,26720,26726.75,26719.5,26725.25
1776688440,26725,26727.5,26721.75,26726.5
1776688500,26725.75,26728.75,26721.5,26727.75
1776688560,26727.75,26730,26724,26727.25
1776688620,26727,26727.5,26716,26716.5
1776688680,26716.75,26718,26710,26714.5
1776688740,26714,26718.5,26713.75,26717.5
1776688800,26717.5,26723.5,26717.5,26722.75
1776688860,26722.5,26727,26721.25,26725
1776688920,26725.25,26728,26722.5,26723
1776688980,26723.25,26740.5,26722.5,26738
1776689040,26737.25,26738.5,26732,26732.75
1776689100,26732.5,26743.75,26732.5,26737.75
1776689160,26738,26741.5,26736.5,26741.5
1776689220,26740.75,26753.25,26740.25,26749.5
1776689280,26749.5,26758,26749.25,26756.25
1776689340,26756.5,26759.5,26754.75,26756
1776689400,26756,26772.5,26753,26772.5
1776689460,26772,26774.75,26758.5,26761.25
1776689520,26760.75,26761.25,26750,26751.25
1776689580,26751,26754.25,26748.75,26752.5
1776689640,26751.5,26757.75,26751,26755.5
1776689700,26755.5,26755.75,26746.75,26747
1776689760,26747,26752,26744.25,26750.25
1776689820,26750.5,26754.75,26749.75,26753.25
1776689880,26753.25,26758.75,26750,26753
1776689940,26752.75,26755.5,26750,26750.5
1776690000,26750.75,26757.75,26748,26756.25
1776690060,26756.5,26757,26752.75,26754
1776690120,26753.25,26762.75,26750.25,26762.25
1776690180,26762.25,26763.75,26758.25,26760.75
1776690240,26761,26763.5,26757.75,26761.5
1776690300,26762.25,26767.25,26760.75,26765
1776690360,26765,26769.5,26757,26758
1776690420,26758.5,26759,26750.5,26751.5
1776690480,26751,26803,26739,26781.5
1776690540,26781.25,26787.5,26761,26769.75
1776690600,26769.75,26777.5,26769,26773
1776690660,26772.25,26778.75,26766.5,26776.25
1776690720,26776.75,26783.5,26772.5,26777.5
1776690780,26777.75,26782.25,26770.75,26776.75
1776690840,26777,26777,26769,26772
1776690900,26773.5,26780,26773.5,26778
1776690960,26778.25,26779.25,26772.25,26776.5
1776691020,26775.25,26776,26765.25,26766.5
1776691080,26766.5,26771.75,26765,26769
1776691140,26768.75,26774.25,26765.5,26766.25
1776691200,26766,26768.5,26763.25,26767.5
1776691260,26768,26774.75,26764.75,26772.75
1776691320,26773.75,26789,26770,26785.75
1776691380,26785,26786.75,26777.75,26781.5
1776691440,26781.25,26783.25,26773.5,26776.25
1776691500,26776.25,26776.25,26765.75,26774.75
1776691560,26774.75,26777.25,26769.75,26776.75
1776691620,26776.75,26787.75,26776,26783.25
1776691680,26784,26793.75,26784,26791.25
1776691740,26790.5,26799,26789.25,26796.25
1776691800,26796.25,26826,26795.75,26800
1776691860,26800,26800.25,26755,26761
1776691920,26761,26775,26747,26767.25
1776691980,26766.75,26791.75,26755.25,26787.5
1776692040,26787,26815.75,26786,26811
1776692100,26810.5,26816.75,26793,26804.25
1776692160,26804.25,26814.5,26779.75,26796.75
1776692220,26796.25,26811.5,26784.5,26794.25
1776692280,26793.75,26800,26756.75,26757.5
1776692340,26757.75,26763.75,26735,26748.25
1776692400,26747.5,26751.25,26732.75,26750.25
1776692460,26749.75,26764.75,26741.75,26750.5
1776692520,26750.5,26763.5,26738.75,26758.75
1776692580,26758.25,26763.5,26745.25,26754.5
1776692640,26754.75,26758.75,26746,26750.5
1776692700,26750,26761,26742,26756.5
1776692760,26756.5,26757.25,26744.25,26747.25
1776692820,26747.5,26755.25,26737.25,26749.5
1776692880,26749.5,26770,26725,26732.25
1776692940,26732,26734.75,26716,26731.5
1776693000,26731,26739.5,26726.25,26734
1776693060,26733.75,26752,26730.5,26747.5
1776693120,26747.25,26776,26744,26767
1776693180,26766.5,26769.75,26753.75,26757.75
1776693240,26757.75,26780.25,26757,26774.25
1776693300,26774.25,26792.25,26770.75,26790
1776693360,26790,26804.25,26785,26803.25
1776693420,26803.25,26803.75,26793.5,26798.75
1776693480,26798.75,26801.75,26784,26787.25
1776693540,26786.75,26790.75,26766,26781
1776693600,26781.5,26788.25,26775,26783.25
1776693660,26783.25,26788.75,26762,26775.75
1776693720,26775.75,26777,26741,26769
1776693780,26769,26770,26739,26754.5
1776693840,26754.25,26759.5,26739.75,26751.5
1776693900,26751.5,26767.5,26748.75,26763.75
1776693960,26763.25,26766,26757.5,26764.75
1776694020,26764.75,26765.5,26752,26752.75
1776694080,26752.5,26756,26734.25,26743
1776694140,26743.25,26766,26738.75,26765.5
1776694200,26765,26776.25,26764,26767.5
1776694260,26768.25,26768.25,26735.25,26741.25
1776694320,26741.25,26760,26735.5,26759
1776694380,26758.5,26783,26758,26765
1776694440,26764.5,26765.5,26753.25,26757.5
1776694500,26757.75,26757.75,26738.5,26742
1776694560,26741.75,26751.5,26727,26734.75
1776694620,26734.25,26737.75,26725.25,26728.25
1776694680,26727.75,26734.25,26716.75,26721.75
1776694740,26721.5,26748,26717.75,26736.5
1776694800,26736.25,26747.75,26730,26737.5
1776694860,26736.75,26754.25,26735,26751
1776694920,26751.25,26760.25,26742.75,26754
1776694980,26754,26763.5,26751.25,26759.25
1776695040,26759,26766,26752,26765.75
1776695100,26765.75,26766,26749.75,26757.25
1776695160,26757,26773.75,26757,26771.75
1776695220,26771.5,26774.5,26745.75,26748
1776695280,26748.25,26750.25,26729.75,26732.5
1776695340,26733,26735,26723.25,26730
1776695400,26729.75,26733.75,26723.5,26729
1776695460,26729,26735.25,26706.75,26730.75
1776695520,26730.5,26739.25,26718,26724.5
1776695580,26724,26734.25,26718.25,26719
1776695640,26719.5,26730.75,26709.75,26728.5
1776695700,26727.25,26734.75,26713,26721.5
1776695760,26721,26728,26714.75,26718
1776695820,26718.25,26738.5,26716.5,26730
1776695880,26729.75,26741.75,26726,26736.5
1776695940,26736.25,26739.75,26726.5,26728.75
1776696000,26728.75,26730.25,26711.25,26713
1776696060,26712.5,26712.75,26689,26700.5
1776696120,26700.5,26704.25,26694.5,26698.75
1776696180,26698.25,26706,26691.75,26698.75
1776696240,26699.5,26711.5,26694.25,26695.75
1776696300,26696.25,26698.25,26690,26692.25
1776696360,26692,26701.25,26684.25,26700.75
1776696420,26700.5,26709.5,26690.5,26696.25
1776696480,26696.25,26705,26691,26700.75
1776696540,26700.5,26721.5,26698.75,26714.75
1776696600,26714.25,26721,26694,26695.25
1776696660,26694.75,26694.75,26612.25,26660.25
1776696720,26660,26682,26647.25,26659.5
1776696780,26659.25,26679.25,26657.75,26667.5
1776696840,26667.75,26676.25,26653.75,26674
1776696900,26673.25,26673.25,26648.25,26653.75
1776696960,26654,26656.75,26626.25,26636.5
1776697020,26636,26655.75,26636,26646.75
1776697080,26647.25,26648,26633,26635.25
1776697140,26635.75,26642.75,26627.25,26637.75
1776697200,26637.75,26661.5,26637.75,26639
1776697260,26638.75,26642.5,26628.25,26630.25
1776697320,26629.75,26641,26625.25,26635.25
1776697380,26635.5,26640.5,26610,26617.75
1776697440,26618,26619,26595.75,26605.5
1776697500,26605.25,26619.75,26591.25,26592.25
1776697560,26592.25,26596.5,26577.5,26586
1776697620,26585.25,26586.75,26569,26574.25
1776697680,26575,26602.75,26575,26601.75
1776697740,26601.5,26607.5,26595,26602.75
1776697800,26602.75,26628.5,26600.75,26622.5
1776697860,26622,26638.25,26616.5,26630.25
1776697920,26630.75,26632.5,26608.75,26612.25
1776697980,26612.75,26617.75,26593.75,26607
1776698040,26606.25,26623.75,26603.25,26622.25
1776698100,26621.5,26623.75,26607.25,26612.75
1776698160,26612.75,26621,26606.75,26614.25
1776698220,26614.25,26625.25,26614,26622.75
1776698280,26623,26642.5,26621.25,26639.25
1776698340,26639,26649.25,26630.5,26637.5
1776698400,26637.75,26639.75,26631,26632.25
1776698460,26632.75,26669.75,26628.25,26648.75
1776698520,26649,26678,26647.5,26664.75
1776698580,26665,26675.5,26657.25,26666.25
1776698640,26666.5,26689.25,26666,26667.25
1776698700,26667.5,26677.25,26659.25,26675.5
1776698760,26675.5,26690.75,26674,26679.5
1776698820,26679,26685.25,26673.25,26679.75
1776698880,26679.5,26679.75,26668.5,26673.25
1776698940,26673.75,26710.5,26666,26699.75
1776699000,26700.25,26700.25,26678,26680.25
1776699060,26680.25,26683.75,26670,26671.25
1776699120,26670.75,26681,26666.75,26669.25
1776699180,26668.75,26675.5,26667,26671.5
1776699240,26671.5,26673,26651,26658.25
1776699300,26658.25,26668.5,26655.5,26667
1776699360,26667,26669.25,26648.5,26654.25
1776699420,26654.5,26663.5,26648.5,26660
1776699480,26659.5,26666.75,26658.25,26665
1776699540,26665,26671.25,26661.25,26666.25
1776699600,26666.5,26678.25,26665.5,26677.25
1776699660,26677.5,26686,26676.25,26679.5
1776699720,26679,26679.5,26665.25,26665.75
1776699780,26666.25,26668.5,26656,26659.25
1776699840,26659.25,26660.25,26643.75,26656.5
1776699900,26656.5,26657,26645.5,26654.25
1776699960,26654,26664,26653.25,26659
1776700020,26658.75,26670.75,26657.25,26665.25
1776700080,26665.75,26673.75,26665,26666.75
1776700140,26666.75,26668.75,26653.5,26654.75
1776700200,26654.5,26656.5,26639,26642.5
1776700260,26642,26644,26634,26642.75
1776700320,26642.5,26650,26641.25,26642
1776700380,26642.25,26653.75,26638.25,26648.75
1776700440,26648.25,26658.5,26647.5,26655.25
1776700500,26654.5,26666.25,26653.75,26662.5
1776700560,26662,26666.75,26659,26662.5
1776700620,26661.75,26666.25,26655.75,26657.75
1776700680,26657.25,26660.25,26652.5,26656
1776700740,26655.5,26662,26655,26658.25
1776700800,26658.5,26666.75,26650.5,26657
1776700860,26657,26659,26645.5,26654.5
1776700920,26654.25,26655.5,26645.75,26651.25
1776700980,26651,26652.75,26642.75,26644.75
1776701040,26644.5,26647.5,26639.5,26646
1776701100,26646.25,26664.75,26641.75,26662.25
1776701160,26661.75,26670.75,26660.75,26666
1776701220,26666,26669.25,26659.25,26664.75
1776701280,26664.5,26675.5,26663.75,26667.5
1776701340,26667.25,26671.25,26659.5,26665.5
1776701400,26666.25,26678.25,26665.5,26672.75
1776701460,26672.5,26679.5,26672,26678.5
1776701520,26677.75,26681.25,26673.5,26678
1776701580,26678.5,26683.25,26673.75,26675
1776701640,26674.75,26678.75,26671.75,26675.25
1776701700,26675.25,26680.25,26668.75,26670.75
1776701760,26670.75,26670.75,26653.75,26657.25
1776701820,26657.25,26664.25,26650.5,26662
1776701880,26661.75,26667.5,26660,26666.5
1776701940,26666,26681.5,26664.75,26679
1776702000,26678.25,26687.5,26678,26684.25
1776702060,26684,26688,26676.25,26677.75
1776702120,26678,26678.75,26670.25,26671.5
1776702180,26671.5,26685,26668.75,26683
1776702240,26682.5,26683.25,26673.75,26675
1776702300,26674.75,26680,26669.5,26669.75
1776702360,26669.5,26673.5,26665.75,26668.75
1776702420,26668.75,26677,26667.75,26676.75
1776702480,26677.25,26681.5,26675,26678.25
1776702540,26678,26679,26672.75,26675
1776702600,26675.25,26686,26675.25,26684
1776702660,26683,26686.25,26680,26681.75
1776702720,26681.5,26684,26676.25,26682.5
1776702780,26682.5,26691.25,26681.75,26689.75
1776702840,26690,26697,26688.25,26689.25
1776702900,26689.25,26691.5,26681,26682.75
1776702960,26682.75,26684.5,26678,26683
1776703020,26682.75,26682.75,26668.75,26669.25
1776703080,26669,26679,26666,26675.5
1776703140,26675.75,26677,26670.25,26673.75
1776703200,26674,26678.75,26667.5,26677.25
1776703260,26677.5,26695.5,26677.5,26692.25
1776703320,26692.5,26699.75,26686,26692.75
1776703380,26692.25,26694.25,26687.5,26688.75
1776703440,26689.25,26692.25,26684,26686.75
1776703500,26686.5,26688.25,26681.75,26687.25
1776703560,26687.25,26693.75,26684,26689
1776703620,26688.25,26693.25,26685.75,26691.75
1776703680,26691.75,26696,26687.75,26688
1776703740,26688.5,26689.25,26678.75,26684.25
1776703800,26684,26687.25,26672.75,26677.5
1776703860,26677.5,26680.25,26671.5,26678
1776703920,26678.5,26686.5,26676.75,26686
1776703980,26686.5,26688.25,26678,26683.5
1776704040,26683.25,26687.25,26682.75,26686.25
1776704100,26686.25,26686.25,26671.75,26673.5
1776704160,26673.75,26677.5,26671,26676
1776704220,26677.25,26678,26671.5,26671.75
1776704280,26672,26680.5,26668.75,26675.75
1776704340,26675.75,26682.25,26673.75,26679.5
1776704400,26679.5,26685.25,26676.75,26681.75
1776704460,26681.75,26682,26671.25,26671.75
1776704520,26672.25,26692,26660,26683.5
1776704580,26684.25,26684.5,26672.25,26676.25
1776704640,26676,26684,26672,26672.75
1776704700,26673.25,26676.5,26668.5,26675
1776704760,26674.5,26687.5,26673,26681.5
1776704820,26682,26690,26680.5,26684.5
1776704880,26685.25,26691.75,26685,26690.25
1776704940,26690.75,26693,26686,26689.5
1776705000,26689.5,26692.5,26682,26685
1776705060,26685,26691.25,26683.5,26688.5
1776705120,26688.5,26692.5,26685.25,26691.5
1776705180,26691.75,26695,26689.5,26692.5
1776705240,26692.25,26700,26691.5,26695.75
1776705300,26695.75,26698,26690.75,26693.75
1776705360,26694.25,26698,26692,26697.25
1776705420,26696.25,26704.25,26693.5,26702.75
1776705480,26702.75,26708,26699.5,26705
1776705540,26705.25,26712.25,26705.25,26709.75
1776705600,26709.25,26710.25,26700.25,26702.25
1776705660,26701.75,26706.5,26700.25,26702.25
1776705720,26702.75,26711.75,26702.5,26711.75
1776705780,26711.25,26714.75,26708.25,26714.5
1776705840,26714.5,26716.75,26708.25,26709.5
1776705900,26709.5,26712.75,26705.75,26709.75
1776705960,26710.25,26712.5,26705.25,26708.5
1776706020,26708.5,26711,26704,26708.75
1776706080,26708.25,26708.5,26700.75,26705.25
1776706140,26705.5,26705.5,26695.75,26697
1776706200,26697.25,26698.75,26686.75,26689.5
1776706260,26689.25,26695,26688.25,26691.75
1776706320,26692.5,26692.5,26684.5,26687.5
1776706380,26687.25,26696.25,26687,26687.75
1776706440,26687.75,26694.25,26685.75,26690.75
1776706500,26690.25,26704,26686,26692.25
1776706560,26693,26700.75,26686.5,26700.5
1776706620,26700.75,26706.5,26696.5,26698
1776706680,26697.75,26702.25,26695,26699.5
1776706740,26699.75,26708.5,26697.25,26702.75
1776706800,26702.75,26721,26697.5,26708
1776706860,26708.75,26710.5,26698,26700
1776706920,26699.5,26702,26693,26695
1776706980,26695.25,26704.5,26693.5,26702.25
1776707040,26702.25,26709.5,26702,26708.5
1776707100,26708.5,26713.75,26707.75,26711.5
1776707160,26711.25,26713.25,26707,26712
1776707220,26711.75,26715.25,26708.75,26711.25
1776707280,26711.25,26720.25,26708.25,26719.75
1776707340,26720.25,26722.5,26716,26720.75
1776707400,26720.75,26723.5,26714.25,26720.25
1776707460,26720,26725.5,26716,26722.25
1776707520,26722.25,26722.75,26715,26719.75
1776707580,26719.75,26721.5,26717.5,26720.5
1776707640,26720.25,26727,26719.75,26725.5
1776707700,26725.25,26725.75,26714,26716
1776707760,26716,26720,26709.5,26712
1776707820,26712.25,26712.25,26705.75,26708.25
1776707880,26708.75,26712.5,26707,26708.75
1776707940,26708.75,26709,26703.5,26707.5
1776708000,26707.5,26711.5,26707.25,26709.25
1776708060,26708.25,26712.25,26702,26707.75
1776708120,26707.75,26713,26701.5,26711.75
1776708180,26712,26715.75,26711.5,26711.75
1776708240,26711.5,26711.5,26704.5,26709.75
1776708300,26710,26721.75,26709,26721
1776708360,26720.75,26724.25,26717.5,26722.25
1776708420,26722.25,26726,26719.25,26720.75
1776708480,26721.25,26732.25,26715.75,26723
1776708540,26722.75,26728,26722.25,26727.5
1776708600,26727.5,26730.75,26717.75,26720
1776708660,26719.75,26725,26695.5,26709.25
1776708720,26710,26717.75,26706.5,26715.5
1776708780,26715.75,26723.5,26712.75,26721.5
1776708840,26721.75,26726.25,26718.5,26724
1776708900,26724.25,26727.75,26719.5,26719.75
1776708960,26720,26724.75,26717.25,26723.75
1776709020,26723.5,26729,26722.25,26727.5
1776709080,26727.75,26729.75,26724.75,26728.25
1776709140,26728.25,26736.75,26727.5,26730
1776709200,26730,26737.75,26730,26733.25
1776709260,26733.5,26734.5,26721.75,26724
1776709320,26724.25,26731.75,26722.5,26729
1776709380,26729.25,26737.25,26728.25,26735
1776709440,26735,26741.25,26734.5,26739.75
1776709500,26739.5,26740.25,26732,26735
1776709560,26735,26737.5,26728.25,26737.5
1776709620,26737.25,26743.25,26735.25,26740
1776709680,26740,26743,26716.5,26736
1776709740,26735.5,26741,26731.5,26733.25
1776709800,26733.5,26738.75,26724.75,26727.25
1776709860,26727,26733.5,26724,26726.5
1776709920,26726.25,26726.75,26719.25,26722.75
1776709980,26723.25,26730,26722.5,26727.25
1776710040,26727,26732.5,26726.75,26731.5
1776710100,26731.25,26734.5,26727.5,26729.75
1776710160,26730.25,26734,26713,26722.75
1776710220,26722.5,26723.75,26716.75,26720.5
1776710280,26720,26721.25,26714.75,26717
1776710340,26717,26719,26711.75,26713
1776710400,26713.25,26724.25,26710,26720
1776710460,26720.25,26724,26717.25,26722.25
1776710520,26722.25,26728,26720.5,26724.5
1776710580,26724.5,26733.5,26724,26729.5
1776710640,26729.75,26729.75,26724.75,26725
1776710700,26725.5,26728,26720,26725.25
1776710760,26725.25,26732.5,26725,26729.25
1776710820,26729.5,26733,26728,26731.25
1776710880,26731,26736.25,26729,26734.75
1776710940,26735.25,26738.5,26733.75,26735
1776711000,26734.75,26742.75,26734.75,26739.5
1776711060,26739.75,26744.25,26739.5,26742
1776711120,26742,26742.5,26736.75,26738.25
1776711180,26738.5,26742.75,26738,26742.75
1776711240,26742.75,26746.25,26739.25,26746
1776711300,26746.25,26748.25,26740.5,26743
1776711360,26743.25,26747.5,26741.25,26741.5
1776711420,26742,26742,26736.75,26737.75
1776711480,26738,26738.25,26733.25,26734.5
1776711540,26734.25,26734.25,26727.75,26732.25
1776711600,26732.5,26740,26731.25,26739.5
1776711660,26739.25,26740.5,26733.5,26734
1776711720,26734.25,26735.25,26731.75,26733.25
1776711780,26733.5,26735,26726.5,26729.75
1776711840,26729.75,26731.5,26728,26731
1776711900,26730.75,26736.75,26729,26733
1776711960,26733.25,26741.75,26732.5,26739.25
1776712020,26739.5,26739.75,26733.75,26734.75
1776712080,26735.25,26736,26729.75,26732.5
1776712140,26733,26736.75,26732,26734.25
1776712200,26734.75,26736.5,26729.5,26731.75
1776712260,26732,26735.75,26730.25,26733.5
1776712320,26733.5,26738.25,26732.5,26737.5
1776712380,26737.25,26742.5,26735.25,26735.5
1776712440,26735.5,26742,26734.75,26739.5
1776712500,26739.5,26742.25,26735,26735.5
1776712560,26735.75,26736.75,26731.5,26733
1776712620,26733.25,26737.75,26732.75,26735
1776712680,26734.75,26735.25,26732,26734.75
1776712740,26734.75,26738.25,26733.25,26737.75
1776712800,26738,26740.5,26732.25,26733.75
1776712860,26733.75,26738.75,26732,26737
1776712920,26736.75,26739,26734,26735.25
1776712980,26735.5,26735.75,26727.5,26730
1776713040,26730.5,26733.25,26729.5,26730.25
1776713100,26730.25,26732.75,26722.75,26724
1776713160,26724.5,26726.25,26718,26721.25
1776713220,26721.75,26724.75,26721,26722.75
1776713280,26723,26731,26722.75,26726.25
1776713340,26726.5,26730.75,26724.25,26727.5
1776713400,26727.75,26729.75,26722.5,26725.25
1776713460,26725,26734.25,26724.75,26732.5
1776713520,26732.25,26738.25,26731,26733
1776713580,26732.75,26733.75,26726.25,26726.75
1776713640,26726.5,26728.25,26723,26723.5
1776713700,26723.75,26730.75,26718.5,26729
1776713760,26729,26732,26726.75,26728.25
1776713820,26728.25,26729.75,26725.5,26727
1776713880,26727.25,26731.75,26723,26724.5
1776713940,26724,26730.5,26724,26729.75
1776714000,26730.25,26735.5,26728.25,26728.25
1776714060,26728.25,26730.75,26721.75,26724.75
1776714120,26724.75,26726,26721,26724.25
1776714180,26724.75,26727.5,26722,26722.5
1776714240,26722.25,26723.5,26715.25,26719.75
1776714300,26720,26723,26718.5,26719.25
1776714360,26719,26722.5,26714.75,26719
1776714420,26718.5,26725.5,26717.75,26724.25
1776714480,26724.25,26724.75,26719.5,26721.75
1776714540,26722.5,26724.5,26718.25,26724
1776714600,26724,26730.5,26712.25,26714.75
1776714660,26715.25,26724.25,26715.25,26716.25
1776714720,26716.25,26717,26708.25,26712.5
1776714780,26712,26728.25,26711.25,26725.5
1776714840,26725.25,26733,26721.25,26726.75
1776714900,26726.75,26731.75,26716.25,26725
1776714960,26724.75,26729.75,26722.25,26729.75
1776715020,26729.25,26736.5,26727.25,26733
1776715080,26732.75,26746.5,26732.75,26743.25
1776715140,26743,26752.25,26741.75,26745.25
1776715200,26745.25,26747.25,26736.25,26741.25
1776715260,26740.75,26746.25,26739,26740.25
1776715320,26740.25,26746.5,26740.25,26745.75
1776715380,26745.75,26753.25,26744.75,26750.75
1776715440,26750.25,26751.25,26747.25,26749
1776715500,26749,26749,26742.75,26746
1776715560,26745.75,26748,26744.25,26747.25
1776715620,26747.25,26748,26743,26748
1776715680,26748.5,26750,26746.25,26747.25
1776715740,26747.5,26747.75,26744.25,26745
1776715800,26745.25,26747.25,26744.5,26745.25
1776715860,26745.5,26748.5,26745.5,26746.25
1776715920,26746.5,26746.5,26743.25,26744
1776715980,26743.5,26745,26742.5,26744.25
1776716040,26744.5,26745,26740.75,26743
1776716100,26742.5,26743,26734.5,26738
1776716160,26738.25,26742.25,26738.25,26739.25
1776716220,26738.75,26740,26738,26738.75
1776716280,26738.75,26741.5,26738.25,26741
1776716340,26741,26742.5,26739.25,26739.25
1776716400,26739.25,26743,26738.25,26739.25
1776716460,26740,26743.75,26739.5,26742.75
1776716520,26742.75,26744,26741.75,26742.75
1776716580,26743,26748.5,26743,26745.5
1776716640,26745.75,26746.75,26744.5,26745.25
1776716700,26745.25,26746.75,26742,26744.5
1776716760,26744.5,26746,26743.25,26743.25
1776716820,26743.75,26745.5,26743.25,26744.5
1776716880,26744.5,26746,26743,26744
1776716940,26743,26743.75,26741,26743.75
1776717000,26742.75,26744,26729.75,26735.75
1776717060,26736,26752.5,26735.75,26751.75
1776717120,26752,26754,26738.75,26747
1776717180,26747.5,26762.5,26747.5,26758
1776717240,26758.5,26786.25,26757.5,26784.5
1776717300,26784.75,26804,26781.5,26800.25
1776717360,26800,26805,26797.75,26802.25
1776717420,26802.25,26810,26798.75,26801.25
1776717480,26801.75,26802.75,26793.75,26800.25
1776717540,26800.5,26805.75,26797.5,26798.5
1776717600,26798.5,26801.25,26795.5,26799.25
1776717660,26799.25,26803.75,26797.25,26801.25
1776717720,26801.25,26803.25,26797.5,26797.5
1776717780,26798,26799,26795,26795.5
1776717840,26795,26795,26787.25,26792
1776717900,26791.75,26792.25,26776.75,26778.5
1776717960,26778.5,26782,26776.75,26780.5
1776718020,26779.75,26779.75,26773.25,26777.75
1776718080,26777.5,26777.5,26769,26770.75
1776718140,26771,26776.5,26768.5,26775.75
1776718200,26775.75,26784.5,26775,26780.75
1776718260,26780.25,26784,26780.25,26781.75
1776718320,26780.75,26783,26775,26775.75
1776718380,26775.5,26783.75,26775.5,26781.75
1776718440,26781.5,26783.75,26776.75,26778
1776718500,26777.75,26783.25,26773.75,26778.5
1776718560,26778.25,26780,26770.25,26775.75
1776718620,26775.5,26783.25,26775.25,26778
1776718680,26777.25,26778.5,26775,26776.75
1776718740,26776,26780.25,26774.25,26774.25
1776722400,26776.5,26782,26751.5,26780.5
1776722460,26781,26793,26779.75,26791.75
1776722520,26792.25,26798.5,26789,26798.5
1776722580,26796.75,26802.75,26794.25,26796.25
1776722640,26795.75,26798.75,26791.25,26798.25
1776722700,26798.25,26813.25,26797.5,26811
1776722760,26811,26817.25,26809,26814.25
1776722820,26813.5,26814.75,26808.5,26810.5
1776722880,26810.5,26812.5,26807,26811
1776722940,26810.75,26814.5,26808,26808
1776723000,26808,26811.25,26805.75,26808.75
1776723060,26807.75,26811.5,26807.5,26807.75
1776723120,26807.75,26808,26803.5,26804.5
1776723180,26804.25,26807,26800,26803.75
1776723240,26803.75,26805.75,26802.25,26803
1776723300,26802.75,26805.75,26801,26803.5
1776723360,26803,26805,26802,26803.75
1776723420,26803.25,26804.5,26800.25,26801.5
1776723480,26801,26805.25,26797.75,26802.5
1776723540,26802.25,26803,26800.5,26801.75
1776723600,26801.25,26803.75,26799.25,26803.5
1776723660,26802.75,26807.5,26802.25,26806.5
1776723720,26805.75,26808.5,26805,26805
1776723780,26805,26808.25,26803.25,26803.5
1776723840,26803.5,26806.25,26801.75,26805
1776723900,26805,26805.5,26802.75,26804
1776723960,26803.25,26805,26802.5,26804.5
1776724020,26804.25,26806.25,26795.75,26799.5
1776724080,26799.5,26802.5,26799.5,26801
1776724140,26801,26801.25,26799.25,26800
1776724200,26800.75,26801.25,26794.75,26797.75
1776724260,26797.75,26800.5,26797,26797
1776724320,26797,26800,26795.25,26798.75
1776724380,26798.5,26799.5,26795.75,26798.25
1776724440,26798.75,26807.5,26798.25,26805.5
1776724500,26805.5,26808.5,26803,26803
1776724560,26803,26804,26801.5,26802.5
1776724620,26802.25,26802.25,26800,26801.75
1776724680,26802.25,26803.25,26801.5,26802.75
1776724740,26802.5,26803.25,26799.5,26800.5
1776724800,26801,26806.25,26800.75,26806.25
1776724860,26805.5,26806,26804,26805
1776724920,26805,26806.25,26803.5,26806
1776724980,26805.5,26809,26804.5,26804.5
1776725040,26804,26807.25,26803,26805.75
1776725100,26805.75,26806.25,26803.25,26806
1776725160,26806.25,26807.5,26804.25,26807.5
1776725220,26807.25,26809,26805.5,26808
1776725280,26807.25,26808.5,26806,26807.5
1776725340,26807.75,26807.75,26805.5,26807.75
1776725400,26807,26813.5,26807,26811.25
1776725460,26811.75,26812.75,26810.25,26812.5
1776725520,26812.5,26814.25,26809,26813.25
1776725580,26812.5,26812.75,26810.25,26811.5
1776725640,26811,26813.25,26810.5,26811.75
1776725700,26811.5,26812.5,26807.5,26807.5
1776725760,26807.75,26808.5,26805,26808.25
1776725820,26808.5,26810.75,26807.5,26809.75
1776725880,26811,26811.5,26809,26809.75
1776725940,26810,26811.25,26809.25,26810.5
1776726000,26810.75,26812.5,26806.75,26808.5
1776726060,26808.25,26809.75,26808,26808.5
1776726120,26808.25,26809,26806,26808
1776726180,26807.75,26809.25,26806.75,26808.25
1776726240,26809.25,26809.75,26807.75,26808.5
1776726300,26807.5,26808.75,26806.75,26807.5
1776726360,26807.5,26809,26806.25,26807.5
1776726420,26807.5,26808,26805.75,26806.75
1776726480,26806.75,26810,26806.5,26808.25
1776726540,26808.25,26808.25,26804.5,26806.5
1776726600,26806.5,26810,26806.25,26808.5
1776726660,26808.5,26811,26808,26810
1776726720,26810.25,26811.5,26806.5,26806.5
1776726780,26806.75,26809,26806.5,26809
1776726840,26808.25,26809.75,26807.75,26809.25
1776726900,26808.5,26810.25,26808,26809.5
1776726960,26810,26810.5,26805.75,26805.75
1776727020,26806.5,26806.75,26802,26805
1776727080,26804.75,26806.5,26802.25,26804
1776727140,26804.5,26807.5,26804.5,26805.5
1776727200,26805.75,26807,26805.5,26807
1776727260,26807.25,26807.25,26804.75,26805.25
1776727320,26805,26805.25,26803,26804
1776727380,26804,26804.5,26793,26801
1776727440,26800.5,26801.25,26798.5,26800.75
1776727500,26800.25,26801.25,26799.5,26800.25
1776727560,26800.75,26800.75,26798.5,26799
1776727620,26799.25,26800.5,26798,26798.75
1776727680,26798.5,26798.75,26796,26796.75
1776727740,26797.5,26798.5,26796.75,26797.5
1776727800,26797,26798.5,26795,26798.25
1776727860,26797.5,26797.5,26794,26795.75
1776727920,26796.5,26798.75,26795.5,26798.75
1776727980,26799,26802.5,26799,26800.5
1776728040,26800,26800,26797.75,26798.25
1776728100,26798,26799,26795.25,26798
1776728160,26798,26799.75,26796.25,26798.75
1776728220,26799,26801.75,26798.75,26800
1776728280,26799.5,26801.25,26799,26799.75
1776728340,26800.25,26800.5,26799.25,26800.5
1776728400,26799.5,26800,26798.25,26798.75
1776728460,26798,26799.75,26796.5,26798.5
1776728520,26798.25,26799.5,26796.75,26797.25
1776728580,26797,26797.75,26795.75,26797.5
1776728640,26797.75,26799.5,26796.25,26799.5
1776728700,26799,26800.5,26796,26798
1776728760,26798.25,26800.5,26795.75,26796.75
1776728820,26797.5,26798.25,26796.5,26796.75
1776728880,26796.75,26798,26796.5,26796.75
1776728940,26796.25,26799,26795.25,26796.5
1776729000,26796.75,26796.75,26790.5,26796.25
1776729060,26796.5,26798.75,26795.25,26795.25
1776729120,26796,26798,26795,26797
1776729180,26796.75,26799.5,26796.75,26798.25
1776729240,26798,26798.5,26795.25,26797
1776729300,26796,26797,26793.75,26793.75
1776729360,26793.75,26794.5,26791.75,26794.5
1776729420,26794,26798.5,26793.75,26795.5
1776729480,26795.5,26800,26795,26796
1776729540,26796,26797.75,26795,26797
1776729600,26797.25,26809.25,26796.5,26800.75
1776729660,26800.5,26805.75,26800.25,26803.25
1776729720,26802.5,26808.5,26802,26806
1776729780,26806.75,26806.75,26801.25,26803.75
1776729840,26802.75,26804.5,26800.75,26803.5
1776729900,26803.25,26812.5,26803.25,26810.5
1776729960,26811.5,26816.5,26806,26806
1776730020,26805.75,26811.75,26803.75,26810.5
1776730080,26810.25,26810.25,26800,26804.5
1776730140,26804.75,26807.5,26804,26806.75
1776730200,26807,26820.75,26807,26816.75
1776730260,26817,26817.5,26813.25,26815.5
1776730320,26815.25,26817,26812.25,26815
1776730380,26815.25,26817.75,26813.25,26817
1776730440,26817.5,26817.5,26811.75,26812
1776730500,26811.5,26814.25,26810.75,26813
1776730560,26813.25,26817.75,26811.25,26816
1776730620,26816.5,26816.5,26807.5,26811
1776730680,26810.75,26811.25,26808,26808.25
1776730740,26808.5,26810.5,26805,26806.25
1776730800,26806,26808.5,26805.25,26806.75
1776730860,26806.25,26810.5,26805.75,26809.5
1776730920,26810,26813.5,26809.75,26810.75
1776730980,26810,26813.25,26809.5,26812.25
1776731040,26812,26813.5,26811,26811
1776731100,26810.75,26811.5,26800.75,26802.25
1776731160,26802.5,26802.5,26795.5,26800.5
1776731220,26800.5,26807,26800.5,26801.25
1776731280,26801,26804.75,26800.25,26802.5
1776731340,26802.25,26804,26797,26797.5
1776731400,26798.5,26800.75,26796.25,26798.5
1776731460,26797.75,26799.25,26792.75,26793.5
1776731520,26793.25,26794.25,26789.25,26789.5
1776731580,26789.5,26794.25,26784.25,26792.5
1776731640,26792.25,26795.25,26792,26793
1776731700,26793,26795.25,26790.75,26793.75
1776731760,26793.5,26793.5,26788.5,26789.75
1776731820,26789.25,26792.25,26789,26790.5
1776731880,26790.5,26791.5,26785.25,26788
1776731940,26787.75,26789.75,26786,26789
1776732000,26788.5,26794,26788.5,26792.5
1776732060,26793,26798.5,26793,26797.75
1776732120,26797,26803.25,26795,26800.75
1776732180,26801.25,26802.75,26800.25,26802
1776732240,26801.5,26802.25,26797.5,26797.5
1776732300,26798.25,26802.75,26798.25,26802
1776732360,26802,26809.75,26799,26802.25
1776732420,26802.5,26838.75,26802,26823
1776732480,26823,26830.5,26820.5,26825.5
1776732540,26825.25,26825.75,26817.75,26820
1776732600,26820.5,26823.75,26818.75,26822.75
1776732660,26821.5,26824.75,26818.75,26823.75
1776732720,26824.25,26824.5,26816.75,26819
1776732780,26818.5,26822,26816.5,26821
1776732840,26820.75,26823,26820.25,26821
1776732900,26821.5,26831.75,26821.5,26827.25
1776732960,26826,26828.25,26824.25,26826.75
1776733020,26826.75,26830.25,26824.25,26826.75
1776733080,26827,26828.75,26824,26827.25
1776733140,26827,26827.75,26824.25,26824.75
1776733200,26824.75,26826.25,26821.75,26822
1776733260,26821.75,26826.75,26818.25,26826.75
1776733320,26825,26826,26819,26820.25
1776733380,26819.5,26822.5,26819.25,26820.75
1776733440,26821.25,26821.75,26819,26821
1776733500,26821.25,26825.75,26820.25,26822.75
1776733560,26822,26822.75,26820.25,26822.75
1776733620,26822.5,26823,26821,26822.25
1776733680,26822.25,26825.5,26822.25,26822.5
1776733740,26823,26824.5,26820.75,26821
1776733800,26820.75,26821.5,26815.25,26817.25
1776733860,26816.75,26817.25,26812.75,26815
1776733920,26815,26815.75,26812,26813
1776733980,26813.25,26820.25,26813,26819.75
1776734040,26819.75,26822.75,26815,26816.5
1776734100,26816.25,26816.25,26812,26814.25
1776734160,26815,26815.5,26812,26813.5
1776734220,26813.25,26823.75,26812,26821
1776734280,26820.75,26823.75,26819.5,26823.25
1776734340,26823,26825.5,26821.75,26825.25
1776734400,26824.5,26826.25,26818,26819.75
1776734460,26821,26823.5,26820.25,26822.5
1776734520,26822.5,26823.75,26820.5,26821.25
1776734580,26821.25,26823,26820.75,26820.75
1776734640,26820.5,26820.75,26817.75,26819.75
1776734700,26820.75,26821.75,26819,26820
1776734760,26820,26822.75,26820,26821.25
1776734820,26821.25,26822.25,26820,26821.5
1776734880,26821.25,26826.75,26819.25,26826
1776734940,26826,26830.5,26825.25,26829.75
1776735000,26830,26837.5,26827,26835.5
1776735060,26834.75,26836.5,26830.5,26831
1776735120,26831.25,26832.25,26829,26830.25
1776735180,26830.25,26830.75,26824.5,26827.75
1776735240,26827,26829.25,26826.25,26829.25
1776735300,26828.75,26831.5,26827,26830
1776735360,26829,26830.75,26828,26828.5
1776735420,26828.75,26831,26828.5,26830
1776735480,26830.25,26830.5,26828.5,26830
1776735540,26830.25,26830.25,26825.75,26826.5
1776735600,26826,26826,26820.5,26823.25
1776735660,26823.75,26824.75,26820.75,26823.5
1776735720,26823.25,26824.75,26821.25,26821.75
1776735780,26821.5,26821.75,26817.75,26818
1776735840,26818,26827.75,26818,26826
1776735900,26826.75,26828.5,26825.25,26825.5
1776735960,26825.25,26825.25,26821.75,26823.5
1776736020,26824,26825,26822,26823
1776736080,26823,26824,26821.25,26822.75
1776736140,26821.75,26822,26819.5,26819.5
1776736200,26820,26825.25,26820,26822.75
1776736260,26822.5,26823,26820.5,26820.75
1776736320,26820.25,26822.25,26813.5,26817
1776736380,26816.75,26820,26816.25,26818.5
1776736440,26817.75,26818.5,26816,26816
1776736500,26817.25,26817.5,26811.75,26812.5
1776736560,26812.75,26813.75,26808,26810.25
1776736620,26809.75,26816.25,26808.5,26809.25
1776736680,26809.25,26811.25,26807.75,26810.5
1776736740,26811.25,26813.5,26810.5,26812.5
1776736800,26812.75,26815.25,26811,26812.75
1776736860,26812.25,26812.25,26808.25,26811.5
1776736920,26812,26816.75,26810.5,26814.5
1776736980,26814.5,26816.75,26814.25,26815.25
1776737040,26815.25,26819.25,26814.75,26815
1776737100,26814.5,26817.25,26814.5,26816.25
1776737160,26817,26819.25,26816.25,26818.5
1776737220,26818.5,26820.25,26817.5,26817.5
1776737280,26817.5,26817.5,26812.75,26815
1776737340,26815,26818,26815,26817.5
1776737400,26817.5,26820.75,26816.75,26819.5
1776737460,26820,26822,26818.75,26821.25
1776737520,26821.25,26821.5,26815,26816.5
1776737580,26816.25,26818.75,26816.25,26818.25
1776737640,26818,26821,26817.75,26820.75
1776737700,26821.25,26821.25,26817.5,26817.5
1776737760,26818.25,26820.75,26817,26820.25
1776737820,26820.5,26821.5,26819.25,26820
1776737880,26819.5,26823.25,26819,26821.5
1776737940,26821.25,26823,26820.5,26820.5
1776738000,26820.75,26821.25,26820,26820.25
1776738060,26820.5,26821,26819.5,26820.5
1776738120,26821,26821,26814.75,26817.25
1776738180,26817.75,26819.5,26817.25,26818.75
1776738240,26818.5,26819,26818,26819
1776738300,26818.75,26819.5,26817,26819
1776738360,26819,26819.75,26817.25,26818.5
1776738420,26819.25,26822,26819.25,26820.25
1776738480,26820.5,26823,26820.5,26822
1776738540,26821,26823,26820.25,26821.75
1776738600,26821.75,26822.5,26819,26819.75
1776738660,26820,26822,26819.25,26821.25
1776738720,26821,26822,26818.75,26820.5
1776738780,26820.25,26821,26815.75,26816
1776738840,26816.25,26816.5,26813.25,26815
1776738900,26815,26815.5,26813.5,26814
1776738960,26813.75,26815.5,26811.75,26815.5
1776739020,26815,26816.5,26813.5,26816
1776739080,26816,26817,26811.75,26812.25
1776739140,26813,26818.5,26812,26818
1776739200,26818,26820,26817.25,26819.25
1776739260,26819.25,26821.75,26819.25,26821
1776739320,26820.75,26823.25,26820,26821.5
1776739380,26820.75,26820.75,26818.75,26820.75
1776739440,26820,26820.75,26819,26819.5
1776739500,26819.75,26820,26817.25,26818.75
1776739560,26819,26821,26819,26819.25
1776739620,26819,26821,26818.5,26820.25
1776739680,26819.75,26820.5,26819.75,26820.25
1776739740,26820.5,26820.5,26815.5,26817.25
1776739800,26816.5,26818.25,26814.25,26815.5
1776739860,26815.75,26817.75,26815,26816
1776739920,26816,26816.75,26815.5,26816.25
1776739980,26815.25,26818,26814.75,26817.75
1776740040,26818,26822.25,26817.75,26819.75
1776740100,26819.75,26820.25,26818.5,26819.5
1776740160,26818.75,26819.5,26816.75,26817
1776740220,26816.5,26817,26813.75,26814
1776740280,26814.25,26815.5,26810.75,26812.5
1776740340,26812.5,26813,26810.75,26812.25
1776740400,26813,26814.75,26812,26812
1776740460,26812.5,26813.75,26810.75,26811
1776740520,26811,26811.25,26809.75,26810.75
1776740580,26810.5,26812.5,26810.5,26812
1776740640,26812.25,26815.25,26811.75,26814.5
1776740700,26814.25,26817.25,26812.25,26812.75
1776740760,26813.25,26816.75,26813,26814.5
1776740820,26814.75,26815.25,26814.25,26814.5
1776740880,26814,26814.5,26811.75,26814
1776740940,26814.5,26815.5,26813.5,26813.75
1776741000,26813.75,26815.25,26813.5,26813.75
1776741060,26813.5,26814,26808,26809.5
1776741120,26810,26810.5,26805,26808
1776741180,26808.25,26808.5,26804,26804.5
1776741240,26804.5,26807.5,26803.5,26805.75
1776741300,26805.75,26807.5,26805,26806
1776741360,26806.5,26807.25,26805.25,26807
1776741420,26807,26807.5,26805.25,26806
1776741480,26805.75,26806,26801,26802
1776741540,26802,26802,26796.75,26798.25
1776741600,26798.25,26800.75,26797,26799.75
1776741660,26799.75,26799.75,26797.5,26798
1776741720,26797.75,26799.25,26791.5,26793.5
1776741780,26792.75,26796.5,26792.5,26795.25
1776741840,26796,26799.5,26794.5,26798
1776741900,26798,26799.25,26794.25,26794.25
1776741960,26794.75,26799,26793,26797.5
1776742020,26797.5,26800.25,26796.75,26800
1776742080,26800,26801.75,26799.25,26800.75
1776742140,26800.75,26805.5,26800.25,26804.75
1776742200,26804.5,26806.75,26804,26805
1776742260,26804.75,26805.5,26803.25,26804.5
1776742320,26804.75,26806.5,26804.5,26805.5
1776742380,26805.75,26806.5,26804.5,26805.5
1776742440,26805.5,26805.5,26804,26804.25
1776742500,26804.75,26806.75,26804,26806.25
1776742560,26806.25,26806.75,26804,26805.75
1776742620,26805.5,26808.5,26805.5,26807.75
1776742680,26807.75,26808.5,26802.75,26803.25
1776742740,26803.5,26805,26802,26804.5
1776742800,26804.5,26804.5,26802.5,26803.25
1776742860,26803.25,26803.25,26801.25,26802.5
1776742920,26801.5,26802.5,26800.25,26801.25
1776742980,26801.25,26804.25,26800.5,26803.25
1776743040,26802.75,26805,26802.5,26804
1776743100,26804.75,26806.5,26804.25,26804.75
1776743160,26805,26806,26804.5,26806
1776743220,26806,26807.25,26805.5,26806
1776743280,26806.75,26808.75,26806.75,26807.75
1776743340,26808,26810.25,26806.5,26809
1776743400,26809,26809.25,26807.5,26807.5
1776743460,26807.75,26813,26807.75,26812.5
1776743520,26812.25,26812.75,26810.25,26811.5
1776743580,26812,26813.5,26811.5,26812.75
1776743640,26813,26813.75,26811.75,26812.25
1776743700,26811.75,26812.5,26809.25,26811
1776743760,26811.25,26811.5,26809.5,26810
1776743820,26809.5,26812.75,26809.5,26811.5
1776743880,26810.75,26811.5,26809.5,26811
1776743940,26812,26813.5,26811.5,26812.25
1776744000,26812.25,26815,26811.25,26814.5
1776744060,26814.5,26816,26814,26815.25
1776744120,26815.25,26816.5,26814,26816
1776744180,26816.25,26817.25,26815.5,26817
1776744240,26817,26819.5,26817,26819
1776744300,26819,26819.75,26818,26818.75
1776744360,26819.25,26819.5,26818,26819.25
1776744420,26819.25,26819.75,26817.75,26818.5
1776744480,26818,26818.5,26816,26817
1776744540,26816.5,26817.25,26811.5,26811.75
1776744600,26812.5,26815.5,26811.5,26815
1776744660,26815.5,26817.5,26814,26816.5
1776744720,26816,26817.5,26814.75,26817
1776744780,26816.75,26817.5,26815.75,26816.5
1776744840,26816.5,26818.25,26815.75,26817.5
1776744900,26817.25,26822.5,26817.25,26822
1776744960,26822,26822.5,26819.75,26820.75
1776745020,26820.25,26822.25,26820.25,26820.25
1776745080,26820.75,26821.25,26818,26819.5
1776745140,26819.5,26820,26818,26818
1776745200,26818.75,26822,26818,26821
1776745260,26820.75,26822,26820.5,26822
1776745320,26822,26822.5,26820.75,26822
1776745380,26822.5,26823.5,26821.75,26823.5
1776745440,26823.25,26826.5,26822.25,26825.25
1776745500,26825.25,26826.25,26824,26824.25
1776745560,26824.75,26827.25,26824.75,26826.25
1776745620,26826.75,26826.75,26824.25,26825.75
1776745680,26826,26826.75,26823.5,26824.75
1776745740,26824,26825.75,26823.75,26823.75
1776745800,26824.25,26826,26823.75,26825
1776745860,26825.25,26829.75,26824.75,26828.75
1776745920,26828.75,26829.25,26825.75,26827.25
1776745980,26827,26828.5,26826,26828
1776746040,26828.25,26829,26826,26827.5
1776746100,26827.5,26829,26827,26828.5
1776746160,26829,26831,26828.25,26830.25
1776746220,26830,26831,26828.75,26830
1776746280,26830.5,26831,26829.25,26829.75
1776746340,26830,26830,26828.25,26829.25
1776746400,26829.25,26830,26828.5,26829
1776746460,26829.5,26829.5,26828,26828
1776746520,26828.25,26828.5,26824.75,26825.25
1776746580,26825.25,26826,26824.5,26824.75
1776746640,26825.25,26825.25,26822.5,26823.25
1776746700,26823.5,26826.25,26822.75,26826
1776746760,26826.25,26826.75,26825.25,26825.25
1776746820,26825.75,26826.75,26825.25,26826.75
1776746880,26826.5,26826.5,26822.75,26825.25
1776746940,26825,26825.25,26823.75,26824.25
1776747000,26824.5,26825.25,26824,26824.75
1776747060,26824.75,26829.25,26824.5,26829.25
1776747120,26829,26830,26827.25,26827.25
1776747180,26827.25,26829.5,26827.25,26828.75
1776747240,26828.5,26828.75,26826.25,26826.5
1776747300,26826.5,26826.5,26824.25,26825
1776747360,26825,26827,26824.5,26827
1776747420,26826.5,26828.5,26826.5,26827.75
1776747480,26828,26828,26824.75,26825
1776747540,26824.75,26825.5,26824.25,26825.5
1776747600,26825,26826.5,26824.75,26826.25
1776747660,26826.75,26827.25,26820.25,26822.75
1776747720,26822.5,26828.75,26822.5,26828
1776747780,26828.25,26831,26828.25,26829.5
1776747840,26828.5,26832.5,26828,26832.25
1776747900,26832.25,26836.25,26832,26836
1776747960,26836,26843.5,26835.5,26838.25
1776748020,26838.75,26839,26834,26836.75
1776748080,26836.5,26842,26835.5,26839.5
1776748140,26840.5,26842.5,26839,26839.25
1776748200,26839.25,26839.25,26836,26837.75
1776748260,26837.5,26841,26836.25,26837.25
1776748320,26837.25,26839,26836.5,26836.75
1776748380,26837,26837.5,26833.75,26836.5
1776748440,26836.5,26840,26836.5,26840
1776748500,26839.75,26841.25,26837.25,26840.25
1776748560,26840,26842.75,26839.25,26841.75
1776748620,26841.75,26842.25,26839,26840
1776748680,26839.75,26840.75,26838.75,26839
1776748740,26838.5,26840,26836.75,26836.75
1776748800,26837.25,26841.25,26837,26840
1776748860,26840,26841.5,26838,26839
1776748920,26838.75,26839.25,26834.5,26835.5
1776748980,26835,26837.25,26834.5,26836.5
1776749040,26835.75,26838.5,26835.25,26838.5
1776749100,26838.5,26839.75,26837.5,26839.25
1776749160,26839.25,26843.5,26838.75,26842.25
1776749220,26842.25,26842.75,26839.75,26841.5
1776749280,26840.75,26843.25,26840,26843.25
1776749340,26843.25,26843.5,26838,26838
1776749400,26838,26838.5,26834.75,26836.25
1776749460,26836,26836,26830.75,26832
1776749520,26832,26835.25,26831.75,26834
1776749580,26834.5,26834.5,26832,26832.25
1776749640,26832,26834.5,26831.5,26834.25
1776749700,26833.75,26835.75,26832.75,26833.5
1776749760,26833.75,26833.75,26831.75,26833
1776749820,26833.5,26834,26832.75,26833.5
1776749880,26833.5,26834.75,26833,26833.5
1776749940,26833.75,26834.5,26831,26832
1776750000,26831.5,26833.75,26830.75,26833.5
1776750060,26833,26833.25,26831.5,26833
1776750120,26832.25,26833.5,26831.25,26832.25
1776750180,26832,26834,26831.5,26831.75
1776750240,26832.25,26832.75,26827.5,26829.5
1776750300,26829.5,26830,26824.5,26825.75
1776750360,26825.75,26828.75,26824.5,26825
1776750420,26824.5,26825.25,26823.5,26825.25
1776750480,26825.5,26826,26821.75,26822
1776750540,26822.25,26824,26822,26822.5
1776750600,26822.25,26825.75,26818.25,26825.25
1776750660,26825.5,26826,26820.5,26820.5
1776750720,26820.5,26822,26819.5,26821.25
1776750780,26821,26826,26821,26824
1776750840,26823.5,26827.5,26823.5,26826.25
1776750900,26826.25,26827.25,26823.75,26824.5
1776750960,26824.25,26826,26822.75,26825
1776751020,26824.75,26825.75,26823.75,26825.5
1776751080,26825.25,26826.5,26823.25,26825
1776751140,26825.5,26827.75,26825,26826.25
1776751200,26825.75,26830.75,26825,26828.25
1776751260,26828.5,26829,26826,26827
1776751320,26827.25,26831.5,26823.5,26823.5
1776751380,26823.25,26829.75,26822.75,26828
1776751440,26827.5,26830,26826.5,26828.5
1776751500,26827.75,26831,26825.25,26827.75
1776751560,26828.25,26834,26827.25,26832.5
1776751620,26831.75,26839.75,26831,26839
1776751680,26839.25,26853.75,26839.25,26848.25
1776751740,26848.75,26852.5,26848.25,26850
1776751800,26850.25,26857,26849.25,26855
1776751860,26855.5,26857.25,26850.25,26853.75
1776751920,26853.75,26854,26846.25,26847.5
1776751980,26847.5,26850.25,26847,26848.5
1776752040,26849.25,26855.75,26849.25,26853.25
1776752100,26853.5,26854,26851,26852.75
1776752160,26852.25,26852.5,26850,26850.75
1776752220,26851.5,26852.75,26849.5,26851.25
1776752280,26850.75,26851.75,26846.75,26851.25
1776752340,26850.75,26850.75,26848.25,26850.5
1776752400,26850.75,26852,26846.5,26848
1776752460,26848,26851,26847,26851
1776752520,26851,26853.5,26850.5,26851.5
1776752580,26851,26855.5,26850,26854.5
1776752640,26854.5,26855.5,26852,26853.25
1776752700,26852.75,26852.75,26847,26847
1776752760,26847.5,26848.25,26843.75,26844.75
1776752820,26844.75,26846,26841,26846
1776752880,26846,26847.75,26844.5,26845.75
1776752940,26845,26846,26843,26845
1776753000,26845.75,26850.25,26844.75,26847.75
1776753060,26847.25,26849.5,26844,26848.75
1776753120,26848.75,26851,26847.5,26848
1776753180,26848,26849.5,26846.75,26848.75
1776753240,26848.75,26850.25,26847,26848.5
1776753300,26848.25,26850.25,26846,26846.25
1776753360,26846.25,26850,26845.5,26848
1776753420,26848.25,26848.5,26843,26843
1776753480,26843.5,26849.5,26843.5,26848.75
1776753540,26849,26851.5,26847.75,26851.25
1776753600,26851,26853,26847.25,26852.25
1776753660,26852.75,26854.5,26851,26852.5
1776753720,26852.25,26856.25,26851.25,26855
1776753780,26855,26855.75,26853,26853.75
1776753840,26854.25,26855,26850,26850.25
1776753900,26850,26851.75,26848,26850.5
1776753960,26850.5,26853,26848.5,26848.5
1776754020,26849,26853.25,26848.25,26851.75
1776754080,26851.75,26851.75,26848.25,26849.25
1776754140,26849,26851,26848.5,26848.75
1776754200,26849,26852,26846,26851
1776754260,26851.5,26851.5,26845,26846
1776754320,26845.5,26847.75,26843.5,26847.25
1776754380,26848,26849.75,26844.25,26848.5
1776754440,26848.75,26849,26847.25,26847.75
1776754500,26848,26850,26846.75,26849.5
1776754560,26849.75,26850.5,26848.75,26848.75
1776754620,26849,26849,26847.5,26848.25
1776754680,26848.5,26849.75,26845.75,26846
1776754740,26846.5,26847.5,26845.5,26846.75
1776754800,26846.5,26847.75,26839.75,26845.25
1776754860,26845.25,26845.25,26841.5,26843.5
1776754920,26842.75,26842.75,26827.5,26831
1776754980,26830.5,26835.75,26821,26823.25
1776755040,26822.75,26823,26816.5,26822
1776755100,26821.75,26827.5,26819.25,26826.25
1776755160,26825.75,26831,26825.25,26827.75
1776755220,26827.25,26828.25,26824,26824.75
1776755280,26826,26826.5,26821.75,26823
1776755340,26822,26824.75,26818,26824
1776755400,26824.5,26826.5,26822,26825
1776755460,26824.75,26826.25,26822.5,26823.75
1776755520,26823.5,26825.5,26819,26825
1776755580,26824.75,26825,26820,26823.25
1776755640,26822.75,26825.25,26818,26819.5
1776755700,26820,26822.75,26818.25,26820
1776755760,26819.25,26823.75,26819,26821.25
1776755820,26821.5,26821.5,26813,26819
1776755880,26819.25,26822.75,26817,26819
1776755940,26818.5,26821.25,26818,26820.5
1776756000,26821,26825.25,26819.75,26822.75
1776756060,26822,26824.5,26820.5,26823.5
1776756120,26823.25,26824.25,26820,26821.25
1776756180,26821,26823.5,26819.5,26821
1776756240,26821.75,26822.75,26820.5,26821.5
1776756300,26820.5,26827.25,26820.5,26825.5
1776756360,26824.5,26830.5,26824.25,26825
1776756420,26824.5,26826.5,26821.75,26823.75
1776756480,26823.75,26824.75,26816.25,26816.75
1776756540,26816.25,26819.75,26813.5,26818.5
1776756600,26819.25,26826.75,26819,26819
1776756660,26819.25,26820.5,26814.5,26814.5
1776756720,26815.25,26816.25,26809.5,26809.75
1776756780,26809.5,26813,26806.75,26811
1776756840,26810.75,26811.75,26806.25,26806.5
1776756900,26807.25,26812.25,26805.75,26812.25
1776756960,26812,26815.25,26808.75,26814.5
1776757020,26814,26814.25,26810.25,26811.25
1776757080,26811.25,26814.25,26808.75,26813.75
1776757140,26814,26816.75,26813,26815.25
1776757200,26815,26818,26814,26816
1776757260,26815.75,26819.75,26815.25,26817.25
1776757320,26817,26823.75,26815,26821
1776757380,26820,26825,26820,26823.5
1776757440,26823,26826,26822,26822
1776757500,26822.25,26823.5,26819,26821
1776757560,26821,26827,26821,26822.5
1776757620,26822.25,26823.5,26818.75,26819
1776757680,26819,26822.5,26818.5,26821
1776757740,26821.25,26827.25,26821,26826.25
1776757800,26826.75,26839.75,26826.75,26832
1776757860,26831.5,26831.75,26826,26829.25
1776757920,26830,26831.25,26824.75,26825.5
1776757980,26825.25,26825.5,26820.75,26823.5
1776758040,26823.25,26824,26816,26820.25
1776758100,26820.25,26821.5,26817.5,26817.75
1776758160,26817.75,26822.5,26817,26820.5
1776758220,26820.5,26823.25,26818.75,26819.25
1776758280,26818.75,26818.75,26815.25,26816.75
1776758340,26816.5,26816.5,26812.75,26812.75
1776758400,26813,26814.5,26808,26811.5
1776758460,26811,26815.5,26809.25,26813.75
1776758520,26813.5,26818.5,26813,26816
1776758580,26815.75,26818.75,26814.5,26816
1776758640,26817.75,26817.75,26808.75,26813.75
1776758700,26814.25,26815.75,26808.75,26811.5
1776758760,26811.75,26816.5,26797,26801.75
1776758820,26802,26805.5,26798.5,26801.75
1776758880,26802.5,26806.25,26800.5,26805
1776758940,26804.5,26809.75,26804,26808.75
1776759000,26809,26810.5,26806.25,26808.75
1776759060,26809,26810,26800.5,26802
1776759120,26802.25,26805.5,26801.5,26804
1776759180,26802.75,26804.75,26800.75,26802.75
1776759240,26802.75,26803.75,26799.5,26801.75
1776759300,26801,26807.5,26801,26805
1776759360,26804.75,26808.5,26804.5,26806.25
1776759420,26806.25,26809.75,26805.75,26808
1776759480,26807.5,26807.75,26805.25,26807
1776759540,26805.75,26812.25,26805.75,26810.5
1776759600,26809.75,26813,26809.25,26812
1776759660,26811.25,26816,26810.75,26815.25
1776759720,26816,26817.5,26813.25,26814.75
1776759780,26815.25,26815.5,26812,26814
1776759840,26814,26816.75,26812,26814.25
1776759900,26814.25,26817,26813,26817
1776759960,26816.5,26826,26815.75,26823.5
1776760020,26824,26827.75,26823,26825.75
1776760080,26825.25,26829.5,26824.25,26827.25
1776760140,26827.25,26832.5,26826,26827
1776760200,26827.25,26827.25,26822.75,26822.75
1776760260,26823,26825,26819.5,26823.5
1776760320,26823.5,26823.75,26821.25,26822
1776760380,26821.75,26824.25,26820.75,26823.75
1776760440,26824,26828.5,26823.5,26826
1776760500,26825.25,26825.25,26820.5,26820.5
1776760560,26821,26823.25,26819.25,26823
1776760620,26822.75,26823.75,26821,26823.25
1776760680,26823.25,26825.25,26822.5,26823.25
1776760740,26823.25,26827.25,26823,26826.5
1776760800,26827,26829.25,26824.5,26827.5
1776760860,26827.25,26834.5,26827.25,26832
1776760920,26832.25,26837.75,26832,26836.75
1776760980,26836.5,26854.5,26834,26840
1776761040,26839.75,26849,26838.25,26848
1776761100,26848,26852.5,26845.25,26849
1776761160,26849.5,26852.25,26847,26848.75
1776761220,26849,26854.75,26845.75,26851.75
1776761280,26852.25,26854.25,26849.75,26849.75
1776761340,26851,26851.25,26849,26849.25
1776761400,26849.75,26851.5,26848.25,26848.75
1776761460,26848.75,26850.5,26847.25,26847.25
1776761520,26846.75,26847.75,26842.5,26843.75
1776761580,26843.75,26848.5,26843,26844.75
1776761640,26845,26848.5,26845,26845.25
1776761700,26846,26846.25,26840.25,26841
1776761760,26841,26842.25,26837.75,26840.75
1776761820,26840.5,26840.5,26837,26837.75
1776761880,26838,26840,26837,26837.25
1776761940,26837,26838.5,26836,26837
1776762000,26836.75,26837.25,26831.75,26833.75
1776762060,26833.25,26835,26827,26827.25
1776762120,26828,26830.5,26826.5,26827.25
1776762180,26827,26827.5,26814,26817.5
1776762240,26817.25,26821,26817,26820
1776762300,26819,26823.25,26819,26821.5
1776762360,26821,26826,26820.5,26825.75
1776762420,26825.5,26826.25,26813.5,26813.5
1776762480,26813.5,26813.5,26805.25,26810.5
1776762540,26810.25,26812.25,26808.75,26810.25
1776762600,26810.75,26816,26810.25,26815.75
1776762660,26815.25,26817.5,26813.75,26815.5
1776762720,26816,26818.5,26813,26817.75
1776762780,26818,26820.25,26815.75,26816.25
1776762840,26815.5,26820.25,26815.25,26816.5
1776762900,26816.75,26817.25,26812.75,26815.5
1776762960,26815.5,26817.75,26814,26816
1776763020,26815.75,26821.75,26813.75,26821.25
1776763080,26821.75,26823.75,26821.25,26822.75
1776763140,26822.5,26822.75,26820,26822.25
1776763200,26823,26823.75,26820.5,26821.5
1776763260,26821.5,26822.5,26814.75,26817.5
1776763320,26817,26820.75,26814.75,26819
1776763380,26819.25,26820.25,26816.5,26817.25
1776763440,26817,26818.75,26816,26817.75
1776763500,26818,26820.25,26816.75,26817.75
1776763560,26817.25,26819.5,26815.5,26819
1776763620,26819,26822,26818.5,26819.5
1776763680,26819.5,26822,26817.25,26817.25
1776763740,26817.5,26822,26817.5,26821.5
1776763800,26822.25,26828.5,26821.5,26825.75
1776763860,26825,26828.75,26825,26825.75
1776763920,26826.5,26827.25,26824.25,26826
1776763980,26825.5,26828.25,26823.75,26826.25
1776764040,26826.25,26826.75,26825.25,26825.25
1776764100,26825,26827,26824.25,26825.75
1776764160,26826,26828.5,26825.25,26827.5
1776764220,26828,26828.75,26820.5,26822.75
1776764280,26822,26826.25,26822,26825.5
1776764340,26826.5,26828,26825.75,26825.75
1776764400,26825.5,26829.25,26824.5,26829
1776764460,26829.25,26831.75,26828.25,26831.25
1776764520,26830.75,26831,26826.5,26827.25
1776764580,26827,26828.25,26823.75,26827.25
1776764640,26827.25,26829.25,26824.75,26826.75
1776764700,26827.5,26829.75,26827.5,26828.25
1776764760,26828.25,26829,26827,26828
1776764820,26828.25,26830.25,26827.5,26828.25
1776764880,26827.25,26830,26826.25,26829
1776764940,26829.5,26833.5,26829.5,26833
1776765000,26833.25,26837,26832.5,26834.25
1776765060,26834.25,26836.5,26833.5,26836
1776765120,26835.75,26837.75,26833.25,26836.75
1776765180,26837.25,26840,26833.5,26833.5
1776765240,26833.25,26835,26831.25,26834.75
1776765300,26834.25,26847.5,26834.25,26840.5
1776765360,26840.5,26841.5,26837.25,26839.25
1776765420,26839,26843.25,26836.75,26841.75
1776765480,26841.25,26844,26838,26839.75
1776765540,26839.75,26841,26838,26841
1776765600,26841.25,26843,26834.25,26836.75
1776765660,26838,26840.5,26836,26839.5
1776765720,26839.5,26847,26838.75,26841.5
1776765780,26841.25,26842,26837.25,26838.75
1776765840,26838.25,26841.5,26837.5,26840
1776765900,26841.75,26846.25,26841.75,26845
1776765960,26844.25,26847.5,26842.25,26846.25
1776766020,26846.25,26848.75,26844.25,26846.75
1776766080,26847.25,26853.75,26846.25,26852
1776766140,26852.75,26860.5,26852.75,26855
1776766200,26855.75,26856.75,26846.75,26852.75
1776766260,26853.25,26855.5,26851.25,26852.5
1776766320,26852.75,26854.5,26847.75,26852
1776766380,26851.5,26851.75,26845.75,26847.25
1776766440,26846.75,26850,26846,26849.25
1776766500,26850,26851.5,26847.5,26850.75
1776766560,26851.25,26852,26849,26850.75
1776766620,26851.25,26853.25,26849.25,26852.25
1776766680,26852,26852,26848.75,26849.25
1776766740,26849.75,26850,26848,26849
1776766800,26849,26850.25,26845.5,26845.75
1776766860,26846,26848.5,26845.5,26847.5
1776766920,26847.75,26848.75,26846.25,26847.25
1776766980,26847,26849,26846.25,26848.5
1776767040,26848.25,26849,26847,26847.25
1776767100,26847.5,26848.25,26844.25,26846.5
1776767160,26846.75,26849.75,26843,26844.75
1776767220,26844.5,26845.25,26841.75,26844
1776767280,26844.5,26844.75,26842.5,26844.5
1776767340,26844.25,26846.75,26843.75,26846.75
1776767400,26846.25,26851.25,26845,26851.25
1776767460,26850.5,26852.75,26849,26851.75
1776767520,26852.25,26855.75,26852,26855
1776767580,26855.25,26855.25,26851.5,26851.75
1776767640,26852,26853.5,26849.25,26849.75
1776767700,26849.5,26851.75,26849,26851.25
1776767760,26851.25,26853.5,26851,26852.75
1776767820,26853,26857,26852.75,26856
1776767880,26856,26863,26855.75,26862.75
1776767940,26862.5,26863.75,26858.75,26860
1776768000,26860.5,26861.5,26858.5,26860.75
1776768060,26861,26861.75,26857.75,26858
1776768120,26858.25,26858.25,26855.25,26856.75
1776768180,26857.25,26860.75,26856.5,26858.5
1776768240,26859,26861.25,26857.5,26860.25
1776768300,26861.25,26866,26860.75,26866
1776768360,26865.5,26866,26862,26862
1776768420,26862,26865.25,26857.75,26861.75
1776768480,26862,26865,26860.5,26862.5
1776768540,26863,26865.75,26862.5,26865.25
1776768600,26865.5,26868.5,26865.5,26866.75
1776768660,26867,26876,26866.75,26872.25
1776768720,26872.25,26874.5,26870.5,26871.75
1776768780,26871.75,26875.75,26870.75,26875.25
1776768840,26875,26876.75,26874,26875.5
1776768900,26875,26882,26875,26881.25
1776768960,26881,26882.5,26877.5,26877.75
1776769020,26878.25,26878.5,26872.25,26874
1776769080,26873.5,26875.5,26870.75,26875
1776769140,26874.75,26875,26871,26871.75
1776769200,26871.25,26875,26869.75,26874
1776769260,26874,26877,26870,26870.5
1776769320,26870.75,26873.75,26866.25,26873
1776769380,26873.25,26873.25,26865.75,26868.25
1776769440,26868.5,26875.75,26867.75,26874.5
1776769500,26874.75,26876.75,26873.5,26876.75
1776769560,26876.75,26883.5,26876,26880.5
1776769620,26881,26881,26876.5,26878.5
1776769680,26878.75,26878.75,26868.75,26870.5
1776769740,26870.5,26873.75,26839.25,26862.5
1776769800,26862.75,26866.25,26854.25,26855.5
1776769860,26856.25,26863.5,26855,26863
1776769920,26862.25,26863,26853.5,26855.25
1776769980,26855.25,26855.5,26850.75,26854.25
1776770040,26854.25,26856.25,26851.5,26856
1776770100,26856.25,26858,26848.75,26851.5
1776770160,26851.75,26856.75,26851.25,26853.5
1776770220,26854.25,26859.5,26850.75,26859
1776770280,26858.75,26860.75,26855.25,26859.25
1776770340,26859.25,26861.25,26858,26861.25
1776770400,26861.5,26868.25,26860.5,26865
1776770460,26864.75,26873,26861.5,26868
1776770520,26867.5,26868.25,26859.25,26862.25
1776770580,26862.75,26867,26862.25,26864.25
1776770640,26864.25,26867.25,26863,26865.25
1776770700,26865,26866.25,26861.5,26863.75
1776770760,26862.5,26869.75,26857.75,26868
1776770820,26867.75,26873.75,26866.75,26871.25
1776770880,26871,26875.5,26871,26873.5
1776770940,26873.5,26875.75,26872.5,26875.5
1776771000,26875.75,26882,26874.25,26879.5
1776771060,26880,26883,26878.25,26880.25
1776771120,26879.75,26891,26878,26888.75
1776771180,26889.25,26893.5,26888.25,26889
1776771240,26888.75,26892,26887,26889.5
1776771300,26890,26891.25,26888.25,26889.75
1776771360,26890.25,26898.25,26888.5,26896
1776771420,26895.25,26896,26889,26890.5
1776771480,26890.5,26891.5,26888,26890.25
1776771540,26890.25,26899.25,26890,26894.75
1776771600,26895,26902,26893.25,26898
1776771660,26897.75,26898.75,26896.25,26897.75
1776771720,26898.25,26899.75,26892.5,26893.75
1776771780,26894.25,26895.25,26887.75,26888
1776771840,26887.75,26887.75,26883.5,26887
1776771900,26887.75,26888.75,26881.75,26885.25
1776771960,26885,26889.5,26884,26888.75
1776772020,26888.75,26894,26888,26893.25
1776772080,26892.5,26895.5,26892,26895.25
1776772140,26894.5,26894.75,26890.25,26890.75
1776772200,26891.5,26892.5,26887.75,26890
1776772260,26890,26893,26888.75,26889.5
1776772320,26889.75,26889.75,26885.5,26888
1776772380,26887.25,26888.25,26883.25,26884.25
1776772440,26883.75,26886.75,26879.25,26882
1776772500,26882.25,26882.75,26877.5,26878.75
1776772560,26879.25,26879.25,26875.25,26878.75
1776772620,26879.25,26881.5,26876.75,26878.75
1776772680,26879.5,26882,26877.5,26881.25
1776772740,26881.25,26881.5,26869,26871
1776772800,26871.75,26875.5,26867.75,26872.75
1776772860,26872.75,26873.75,26868.5,26871.25
1776772920,26871.75,26874.25,26869.25,26869.75
1776772980,26869.5,26871.5,26866.5,26867.5
1776773040,26867.75,26868.75,26861,26866.5
1776773100,26866.5,26872.25,26865.25,26870.25
1776773160,26871,26874,26868.75,26872.75
1776773220,26873,26874.5,26871,26873.5
1776773280,26873.5,26876,26871.5,26875
1776773340,26874.5,26880.25,26873,26879.75
1776773400,26879,26879.25,26873,26873.75
1776773460,26873.75,26874.75,26863.25,26864
1776773520,26863.5,26868.75,26859.25,26863
1776773580,26863.75,26867,26858.5,26860.25
1776773640,26861,26861.75,26855,26856.25
1776773700,26856,26860,26836.5,26840
1776773760,26840,26847.75,26838.25,26847.25
1776773820,26846.75,26849.75,26842,26845.25
1776773880,26845.25,26845.75,26838,26838.75
1776773940,26838.25,26839.25,26829.25,26832.75
1776774000,26832.25,26840,26828,26838.5
1776774060,26838.5,26844.5,26836.75,26843.5
1776774120,26844,26850.25,26843.75,26848
1776774180,26848,26848.5,26842.25,26847.75
1776774240,26847.25,26849.75,26844.25,26844.5
1776774300,26844.5,26845.25,26838.75,26842.75
1776774360,26842.75,26847.5,26842.5,26846
1776774420,26847,26848,26844.25,26846.25
1776774480,26847.5,26855.75,26846.75,26855.5
1776774540,26855.25,26860.5,26854.5,26859.75
1776774600,26860.5,26867.5,26850.75,26861.5
1776774660,26861.25,26863.25,26852.75,26854.75
1776774720,26855.75,26873.25,26853.5,26865.75
1776774780,26866.25,26868.5,26860.75,26863.25
1776774840,26863.5,26872,26863,26867.5
1776774900,26867.5,26869.75,26861.5,26863.75
1776774960,26863.5,26869.5,26862.25,26868.5
1776775020,26868.75,26871,26848.25,26855.5
1776775080,26856,26858.5,26822.5,26839.25
1776775140,26840,26840,26829.75,26831.75
1776775200,26831.75,26838,26826.5,26835
1776775260,26835.5,26841.75,26834.25,26840.25
1776775320,26840.5,26844.75,26834.75,26835.25
1776775440,26825.25,26829.5,26816.5,26829.25
1776775500,26829.25,26835.5,26824.5,26828
1776775560,26828.5,26837.5,26825.75,26833.75
1776775620,26833.5,26842,26833.25,26836.5
1776775680,26836.75,26839.5,26825.75,26830.75
1776775740,26831,26837.25,26820,26821.5
1776775800,26822,26824.25,26813,26823
1776775860,26823,26827.5,26819.5,26823.5
1776775920,26823.75,26829.25,26823,26823.75
1776775980,26822.75,26828,26822.5,26825.25
1776776040,26825,26828.75,26822,26828.5
1776776100,26828.5,26832.5,26826.5,26827.5
1776776160,26827.5,26829.25,26817,26819
1776776220,26818.75,26821,26811.5,26817.75
1776776280,26817.75,26819.5,26815,26818
1776776340,26818.75,26823,26816.75,26820.75
1776776400,26821,26827,26819.5,26825.5
1776776460,26825.25,26825.75,26817,26819
1776776520,26819.25,26825.75,26818.5,26824.75
1776776580,26824.5,26825,26819.25,26820.5
1776776640,26820,26820.25,26810.5,26812.75
1776776700,26812.5,26813.25,26806,26812
1776776760,26812,26818,26809,26812
1776776820,26812.25,26815.25,26810.5,26812.25
1776776880,26812.5,26812.5,26801.25,26804.5
1776776940,26804.5,26811,26802.25,26804
1776777000,26804.5,26816.25,26804.5,26814
1776777060,26813.5,26819.5,26812.5,26816.75
1776777120,26816.5,26817.75,26814,26815.5
1776777180,26815.5,26817.25,26813,26814.75
1776777240,26815.25,26816.5,26809.5,26810.25
1776777300,26810,26815,26809.5,26814.5
1776777360,26814.5,26818,26808.75,26809.25
1776777420,26809.5,26815,26806.25,26813.75
1776777480,26814,26814.25,26809.25,26813.5
1776777540,26812.25,26814.75,26810,26813
1776777600,26812.75,26815,26811,26814.75
1776777660,26814.75,26817.5,26810,26812
1776777720,26811.75,26814.5,26809.25,26810.25
1776777780,26810.5,26817.5,26798.5,26809.5
1776777840,26809.5,26811.25,26800.25,26805.75
1776777900,26806.5,26817.75,26806.5,26812.75
1776777960,26812.25,26816.75,26809.5,26810.5
1776778020,26810,26818.75,26808.5,26815
1776778080,26815.5,26818.75,26806,26814
1776778140,26814.5,26815.75,26807.5,26808
1776778200,26808.25,26838,26771.75,26773.25
1776778260,26773.25,26777.5,26746,26747.75
1776778320,26748.25,26763.25,26737.5,26751.5
1776778380,26751.5,26766.75,26739.25,26747.5
1776778440,26748,26768,26742,26759.25
1776778500,26759.25,26762.25,26726.25,26748
1776778560,26747.5,26767.5,26746.25,26749.5
1776778620,26749.5,26763.25,26747,26751.5
1776778680,26751,26760,26741,26744
1776778740,26743.5,26749.75,26728.25,26742
1776778800,26742.5,26754.75,26733.25,26753.5
1776778860,26753.5,26755.75,26733,26746
1776778920,26746.5,26761,26740.25,26759.25
1776778980,26759,26775.75,26753.75,26769.5
1776779040,26769.5,26772.75,26749.25,26768.75
1776779100,26768.75,26779.25,26743.25,26754.75
1776779160,26754.75,26761.25,26744.75,26756.5
1776779220,26756,26782,26754.75,26775.5
1776779280,26775.5,26790,26775,26787.5
1776779340,26787.5,26788.5,26767.25,26771
1776779400,26771.25,26777,26755,26765.75
1776779460,26765.75,26773,26757.75,26770.75
1776779520,26771.25,26796.5,26769.25,26795.5
1776779580,26795,26804,26789.25,26800.5
1776779640,26800.5,26801,26785.75,26795.75
1776779700,26795.5,26812,26793.5,26807.25
1776779760,26807.75,26819.75,26806.75,26818.25
1776779820,26818.25,26825.25,26815.5,26817.5
1776779880,26817.5,26829.75,26809.75,26820.5
1776779940,26821.5,26841.75,26818.5,26839
1776780000,26838.5,26853.75,26827,26844.75
1776780060,26845,26850.75,26838,26846.25
1776780120,26846.5,26846.5,26828,26837.25
1776780180,26837.25,26840,26824.75,26827.5
1776780240,26827.25,26832,26821.25,26826.75
1776780300,26827,26843.5,26823.25,26841.5
1776780360,26841.75,26846.25,26838.75,26843.25
1776780420,26843.25,26863.25,26840.5,26857.25
1776780480,26857.25,26866.75,26854.5,26862.5
1776780540,26862.25,26870.5,26859.5,26861.25
1776780600,26861,26863.25,26847.75,26860.75
1776780660,26860.75,26877.5,26860.5,26873.75
1776780720,26873.5,26875,26862,26867.75
1776780780,26867.75,26872,26848.5,26853.25
1776780840,26854,26861.25,26853.25,26856.5
1776780900,26857,26871.5,26857,26868.5
1776780960,26868.25,26874.5,26864.75,26873.5
1776781020,26874,26885,26872.5,26875.25
1776781080,26875,26875.25,26856.5,26857.25
1776781140,26857.25,26860.25,26843.25,26850.75
1776781200,26851,26851.25,26825.25,26832.75
1776781260,26832.25,26843.25,26829.5,26838.5
1776781320,26838.5,26847.25,26836.75,26844.75
1776781380,26845.75,26846.5,26815,26822.75
1776781440,26822.5,26832.75,26815,26827.5
1776781500,26827.5,26838,26824.5,26835
1776781560,26835,26842.5,26827.25,26840.25
1776781620,26840.5,26846,26833,26839.5
1776781680,26839.5,26850.25,26826,26831
1776781740,26831,26843.5,26826.75,26841.5
1776781800,26841.75,26854.75,26836.25,26845.25
1776781860,26845,26850,26839.5,26842
1776781920,26841.5,26844.25,26830.5,26837.25
1776781980,26837.5,26840,26820.75,26835.75
1776782040,26836,26847.5,26827.25,26842.5
1776782100,26842.25,26852,26838,26850.25
1776782160,26849.75,26852,26841.25,26847.75
1776782220,26847.75,26848.75,26832,26837.5
1776782280,26838,26842.75,26836.5,26842.25
1776782340,26842,26843.75,26830.5,26834.25
1776782400,26834.75,26838.25,26816.5,26831.5
1776782460,26831,26858,26821.5,26833.75
1776782520,26833.5,26843,26824,26835
1776782580,26834.5,26842.5,26828,26834
1776782640,26834,26838.75,26821.75,26824.5
1776782700,26824.5,26829.5,26806.75,26811.75
1776782760,26811.75,26813.5,26790.75,26805.75
1776782820,26805.25,26805.75,26787.75,26795
1776782880,26795,26798.75,26782.5,26796.75
1776782940,26796.75,26805.5,26791.75,26795.5
1776783000,26795.5,26803.25,26787.5,26790.75
1776783060,26791.25,26798.75,26776,26789.25
1776783120,26789,26797.5,26780.25,26791.5
1776783180,26791.25,26807.5,26791.25,26807.25
1776783240,26806.75,26808.5,26791.5,26794.5
1776783300,26794.25,26794.75,26778,26785.75
1776783360,26786.25,26791.75,26778,26784.5
1776783420,26784.25,26785.25,26765,26769.75
1776783480,26769.5,26770,26747.5,26754.25
1776783540,26753.75,26758,26730,26737.25
1776783600,26737.5,26752.25,26706,26718
1776783660,26718.75,26726,26690.75,26702.5
1776783720,26702.5,26716.25,26690.75,26694.5
1776783780,26694,26696.75,26671,26674.5
1776783840,26675,26703,26671.5,26691.75
1776783900,26691.25,26695.75,26662.25,26676
1776783960,26675.75,26688.25,26672.25,26684.75
1776784020,26684.5,26720.5,26680.75,26716.75
1776784080,26716.5,26736.5,26711,26729.5
1776784140,26729.75,26748.75,26726.75,26745.75
1776784200,26745.75,26769,26744.5,26765.75
1776784260,26765.75,26768,26757.75,26759.75
1776784320,26760.25,26769.25,26755.75,26764.25
1776784380,26764.25,26768.25,26757.25,26759.5
1776784440,26759.75,26771,26758.25,26761.5
1776784500,26761.25,26772,26756.25,26760
1776784560,26760.5,26764.25,26741.5,26751.5
1776784620,26751.5,26758,26741.25,26757.75
1776784680,26757.75,26762.5,26745.25,26760.5
1776784740,26761,26784.75,26757.5,26779
1776784800,26779.75,26786.25,26774.75,26776.75
1776784860,26776.75,26784,26765.5,26783
1776784920,26783.5,26785.25,26768.5,26775.25
1776784980,26775.5,26780.75,26751.25,26757.5
1776785040,26757.25,26760.25,26745.25,26753.25
1776785100,26754,26755,26736.25,26742.25
1776785160,26741.75,26742.25,26717.75,26725.25
1776785220,26724.75,26725.25,26706.25,26720.75
1776785280,26720.5,26732.75,26714,26717
1776785340,26717.25,26728.25,26709.25,26723.25
1776785460,26733.5,26743,26730.25,26737.5
1776785520,26736.75,26752.25,26732.75,26748.75
1776785580,26749,26757.25,26736.75,26740.5
1776785640,26740.25,26743.75,26732,26737.5
1776785700,26738.25,26740,26711.75,26717.75
1776785760,26718.5,26720,26692,26702.25
1776785820,26702.5,26723.25,26699,26716.75
1776785880,26716.5,26719.25,26703,26715.5
1776785940,26715.5,26729.75,26713.75,26728.25
1776786000,26728,26734,26714.75,26717
1776786060,26717,26722,26709.75,26711.75
1776786120,26711.5,26728.75,26709.5,26726.5