time,open,high,low,close
1774821600,6379.75,6388.5,6367.75,6378
1774821660,6378,6381.5,6375,6378.25
1774821720,6378.75,6385.75,6378.5,6380
1774821780,6380.5,6381.75,6372.5,6373.75
1774821840,6373.75,6376.25,6367.25,6372.75
1774821900,6373.25,6375.5,6367.5,6368
1774821960,6368,6369.25,6364,6368
1774822020,6368,6373.75,6367.5,6372
1774822080,6372.25,6372.75,6369,6369.5
1774822140,6369.5,6371,6368.25,6369.75
1774822200,6369.5,6371.25,6369.25,6371
1774822260,6370.75,6371,6367.75,6369
1774822320,6368.5,6372.5,6368.5,6370.5
1774822380,6370.5,6372,6368.75,6372
1774822440,6372.25,6378,6371.75,6377.25
1774822500,6377.25,6378.75,6375.75,6378.5
1774822560,6378.25,6379.5,6377,6377
1774822620,6377.25,6378.25,6375.75,6376.25
1774822680,6376.5,6379,6376.25,6378.25
1774822740,6378.25,6379.25,6376.75,6376.75
1774822800,6377,6384.75,6376.5,6384.75
1774822860,6384.5,6385.25,6383,6384.75
1774822920,6384.75,6387.75,6383.5,6384.75
1774822980,6384.75,6385,6382,6382.5
1774823040,6382.75,6385.25,6382.5,6383.25
1774823100,6383.25,6383.75,6379,6380.75
1774823160,6380.5,6382,6379.5,6379.75
1774823220,6380,6381,6377.75,6380.75
1774823280,6380.5,6384.5,6380.5,6382.5
1774823340,6382.75,6383.25,6381.5,6382
1774823400,6382,6384.25,6382,6384.25
1774823460,6384,6384,6382,6383.5
1774823520,6383.5,6384.75,6383,6384
1774823580,6383.75,6384,6382.75,6383.75
1774823640,6383.5,6383.75,6381.5,6382.75
1774823700,6382.75,6385.75,6381.25,6382.5
1774823760,6382.5,6384.75,6381,6381
1774823820,6381,6381.5,6379,6380
1774823880,6380.25,6383.5,6380,6382.5
1774823940,6382.5,6382.5,6380.5,6381
1774824000,6381.25,6382,6379.5,6380.5
1774824060,6380.75,6381,6378,6379.25
1774824120,6379.25,6379.5,6374,6374.5
1774824180,6374.75,6377,6374.25,6375
1774824240,6375.25,6375.5,6372,6372
1774824300,6372.5,6373,6368,6369.25
1774824360,6369.75,6372.5,6369.75,6371.5
1774824420,6371.75,6373.75,6370.25,6372.5
1774824480,6372.75,6373.25,6372,6372.5
1774824540,6372.25,6375,6372.25,6374.75
1774824600,6374.5,6378.75,6372,6377
1774824660,6377,6377.25,6375.25,6376
1774824720,6375.5,6377.25,6374.5,6377
1774824780,6377,6377.75,6375.25,6376.5
1774824840,6376.25,6377.25,6375.75,6377
1774824900,6377,6379.5,6377,6379
1774824960,6379,6379.25,6377.75,6378
1774825020,6378.75,6381.75,6378.25,6381.25
1774825080,6381.25,6383.5,6380.75,6382.25
1774825140,6382.25,6383.5,6381.25,6382.25
1774825200,6382.25,6384.25,6381.5,6383.5
1774825260,6383.25,6385.25,6383,6383.5
1774825320,6383.75,6385.5,6383.25,6385
1774825380,6384.5,6387,6384.25,6385.25
1774825440,6385.5,6386.5,6384.5,6385.25
1774825500,6385,6386,6381.25,6381.5
1774825560,6381.25,6383,6378,6378.5
1774825620,6378.5,6378.5,6375.75,6376.25
1774825680,6376.25,6377.5,6375,6376
1774825740,6376.5,6377,6375.75,6376.5
1774825800,6376.5,6376.75,6373.75,6374.5
1774825860,6374.75,6376.25,6374.5,6375.25
1774825920,6375.25,6377.25,6374.5,6377
1774825980,6377,6377.5,6375.5,6375.75
1774826040,6375.75,6376.5,6374.75,6375
1774826100,6375.25,6376.75,6375,6375.75
1774826160,6375.75,6377.25,6375.75,6376
1774826220,6375.75,6376,6374.5,6375.75
1774826280,6375.5,6377.75,6375.5,6377.25
1774826340,6377,6377.25,6376,6376.25
1774826400,6376.25,6379.5,6376.25,6379.25
1774826460,6379.25,6379.25,6377.5,6378.5
1774826520,6378.75,6379.25,6377.5,6377.75
1774826580,6377.5,6378,6376,6376.25
1774826640,6376.25,6376.5,6373.5,6374.25
1774826700,6374.5,6375.5,6374,6374.75
1774826760,6374.75,6376,6374,6374.5
1774826820,6374,6376,6373.25,6373.5
1774826880,6373.5,6375.25,6372.75,6374.75
1774826940,6374.75,6375.75,6374.5,6374.5
1774827000,6374.75,6375,6373,6374.5
1774827060,6374.5,6375,6373.75,6374
1774827120,6374.25,6374.25,6366.75,6370.25
1774827180,6370.25,6373.25,6370.25,6372
1774827240,6372,6373.25,6369.75,6370.25
1774827300,6370.5,6371.25,6369,6369.25
1774827360,6369.5,6374,6369.25,6372.5
1774827420,6372.75,6373.75,6371.5,6371.5
1774827480,6371.75,6373.5,6369.5,6373.25
1774827540,6373.25,6373.25,6370.75,6373.25
1774827600,6373.25,6375.5,6373,6375
1774827660,6374.75,6375.25,6372,6372.5
1774827720,6372.25,6372.25,6370.75,6371.25
1774827780,6371,6371.5,6370,6370.75
1774827840,6370.5,6371.75,6370.25,6371.5
1774827900,6371.5,6373.75,6370.25,6372.75
1774827960,6372.5,6373,6364.5,6367
1774828020,6367,6371.5,6366,6370.5
1774828080,6370.25,6374.5,6369.75,6372.5
1774828140,6372.5,6372.75,6368.25,6369
1774828200,6369.25,6370.5,6365.5,6367
1774828260,6367,6370.75,6366.75,6370.75
1774828320,6370.5,6373.25,6369,6372.25
1774828380,6372,6372,6367.5,6368.5
1774828440,6368.5,6371,6368,6371
1774828500,6371,6372.5,6367.25,6368.75
1774828560,6368.75,6369.75,6362,6365
1774828620,6365,6366.75,6363.75,6366.25
1774828680,6366,6369.25,6365,6368.25
1774828740,6368,6369,6365.75,6367.75
1774828800,6367.75,6371.75,6365.75,6368
1774828860,6368.25,6368.5,6363.25,6364
1774828920,6363.75,6365.75,6360.5,6360.75
1774828980,6361.25,6362.5,6360.25,6361
1774829040,6361,6363,6360.75,6362.75
1774829100,6363,6369.5,6362.75,6368.25
1774829160,6368.25,6370.75,6366.5,6369
1774829220,6369,6373,6367.75,6372.5
1774829280,6372.5,6373,6366.75,6367
1774829340,6367,6369.25,6366.25,6367.25
1774829400,6367.25,6369,6366.5,6368.75
1774829460,6368.5,6370.75,6366.75,6367.5
1774829520,6367.75,6368,6365.25,6366.5
1774829580,6366.25,6368.25,6365.75,6367.75
1774829640,6367.75,6370.25,6367.25,6368
1774829700,6368,6368.75,6366,6367
1774829760,6366.75,6367.75,6363.5,6364.25
1774829820,6364.25,6375.75,6363.75,6374.25
1774829880,6374.25,6379,6370,6378
1774829940,6377.75,6390.25,6374.75,6389.75
1774830000,6389.5,6393,6387.25,6389.25
1774830060,6389,6390,6384.25,6385
1774830120,6385.25,6387.75,6381,6382.5
1774830180,6382.75,6383.75,6379,6381.25
1774830240,6381.25,6384,6380,6382.25
1774830300,6382,6384.5,6381,6383.5
1774830360,6383.5,6393.25,6382.75,6392.25
1774830420,6392.25,6395,6387.75,6393
1774830480,6392.5,6393.25,6389.5,6391.25
1774830540,6391.5,6393.25,6385.25,6385.75
1774830600,6385.5,6387,6382,6382.25
1774830660,6382.25,6386,6381.25,6385.5
1774830720,6385.5,6389.25,6384.5,6386.75
1774830780,6386.5,6386.75,6384,6384
1774830840,6384.5,6386.5,6383,6385.75
1774830900,6385.5,6386.25,6383,6384.75
1774830960,6384.75,6385.75,6382.75,6385.5
1774831020,6385.5,6386.75,6377,6377.25
1774831080,6377.25,6380.5,6374.75,6377.5
1774831140,6377.5,6378.25,6373.75,6374.25
1774831200,6374.25,6375.25,6371.5,6372.5
1774831260,6372.5,6374,6368.5,6370
1774831320,6370,6371.75,6368.25,6370.25
1774831380,6370.25,6372.25,6370,6371.25
1774831440,6371.25,6372.25,6370.25,6371
1774831500,6371,6372,6369.75,6370
1774831560,6370.5,6374,6370.5,6372.5
1774831620,6372.5,6373.25,6371.25,6372.5
1774831680,6372.75,6374.25,6371.25,6373
1774831740,6373,6373.75,6371.25,6373.25
1774831800,6373,6373.75,6367.5,6368.25
1774831860,6368.25,6370.25,6366.25,6367.25
1774831920,6366.75,6368.75,6366.5,6367.75
1774831980,6367.25,6368.5,6365.5,6366.25
1774832040,6366,6367,6364,6366.5
1774832100,6366.5,6367.25,6364.5,6365.25
1774832160,6365.5,6371,6365,6370.25
1774832220,6370.25,6371,6367.75,6369
1774832280,6369.25,6371.25,6368.5,6370.5
1774832340,6370.75,6371.5,6370,6370.75
1774832400,6370.75,6374,6370,6372.25
1774832460,6372.75,6374,6370.75,6372.75
1774832520,6372.25,6375,6371.75,6374
1774832580,6374,6375.75,6373,6375
1774832640,6375.25,6376.5,6369.75,6371
1774832700,6371,6373.5,6370.5,6372.25
1774832760,6372.75,6374.5,6372.25,6374
1774832820,6373.75,6374.75,6372.25,6372.5
1774832880,6372.25,6375,6370.75,6374.75
1774832940,6374.5,6375,6373,6374.25
1774833000,6374.5,6374.75,6373,6374.5
1774833060,6374.25,6378.75,6374,6378.5
1774833120,6378,6378.75,6376.5,6377.25
1774833180,6377.25,6377.75,6372.75,6373.25
1774833240,6373.5,6374.5,6371.5,6373.25
1774833300,6373.5,6373.75,6368,6369.75
1774833360,6370,6373,6369.5,6372.25
1774833420,6372.25,6373.5,6371.25,6373
1774833480,6373.25,6376.25,6372.25,6372.25
1774833540,6372.25,6372.5,6370.25,6371.5
1774833600,6371.75,6372.75,6370,6371.25
1774833660,6371,6373,6370.5,6371.75
1774833720,6371.75,6372.25,6370.5,6370.75
1774833780,6370.75,6372.5,6370.25,6371
1774833840,6371,6371.25,6369.25,6369.75
1774833900,6369.5,6375,6369.25,6374
1774833960,6373.25,6375.75,6371.75,6372.5
1774834020,6372.25,6374,6371.75,6373.5
1774834080,6373.75,6376,6372.5,6374.5
1774834140,6374.25,6375.75,6374,6375.25
1774834200,6375.75,6377,6374.25,6376
1774834260,6375.75,6377.75,6374,6376.25
1774834320,6376.25,6378,6376,6376.5
1774834380,6376.5,6379.5,6376,6379
1774834440,6379.25,6382.25,6378.25,6381
1774834500,6380.75,6382,6379.5,6380.75
1774834560,6380.5,6380.5,6377.25,6378.75
1774834620,6378.75,6379.25,6377.25,6378.75
1774834680,6378.75,6380,6376.5,6377.75
1774834740,6377.75,6379.75,6377.75,6379
1774834800,6379.25,6380.25,6378.5,6379.5
1774834860,6379.5,6382.75,6379.25,6381.5
1774834920,6381.75,6382.25,6380,6381.75
1774834980,6381.5,6383.25,6381.5,6382.5
1774835040,6382.5,6384,6380.75,6383.5
1774835100,6383.5,6384,6382.25,6383.25
1774835160,6383.25,6384.5,6382.75,6383.75
1774835220,6383.5,6384.25,6382.75,6383.5
1774835280,6383.5,6384.5,6383,6383.25
1774835340,6383.25,6384.25,6382.5,6383.25
1774835400,6383.5,6384.5,6383,6383.25
1774835460,6383.5,6383.5,6381.5,6382.25
1774835520,6381.75,6383.5,6381.5,6382.25
1774835580,6382.5,6383.25,6381.5,6382.25
1774835640,6382.25,6383,6380.5,6382
1774835700,6381.75,6385.75,6381.75,6384.25
1774835760,6384.5,6385.75,6383.75,6385
1774835820,6384.5,6386,6383.75,6385.5
1774835880,6385.25,6385.5,6383.25,6383.75
1774835940,6383.5,6385.75,6383.5,6384.75
1774836000,6384.75,6387.25,6384.25,6385.25
1774836060,6385.25,6386,6383.75,6385.5
1774836120,6385.75,6386.5,6383.25,6386
1774836180,6385.75,6386.25,6383.5,6384
1774836240,6384,6385.75,6383.75,6384.5
1774836300,6385,6385.5,6384,6385.5
1774836360,6385.75,6389,6385,6388.25
1774836420,6388,6390,6387,6388.75
1774836480,6388.75,6389,6387,6388
1774836540,6388,6388.25,6384.5,6385
1774836600,6385,6387.25,6385,6387
1774836660,6386.75,6386.75,6385.25,6385.75
1774836720,6386,6386.5,6384.75,6385.75
1774836780,6385.75,6387.25,6385.5,6385.75
1774836840,6386,6388.75,6384.75,6388
1774836900,6388,6388.25,6385.5,6385.75
1774836960,6385.5,6386.75,6384,6384.75
1774837020,6384.5,6386.25,6384.25,6385
1774837080,6384.75,6385,6382.5,6382.75
1774837140,6383,6384.75,6382.5,6382.75
1774837200,6382.75,6382.75,6380.75,6381.75
1774837260,6381.75,6383.75,6381.75,6382.5
1774837320,6382.5,6384.25,6381.75,6383.25
1774837380,6383.25,6383.5,6381.25,6383.25
1774837440,6383,6383.75,6381,6381
1774837500,6381,6383.75,6381,6382.75
1774837560,6383.25,6383.25,6381.5,6382.25
1774837620,6382.25,6382.5,6381.5,6381.75
1774837680,6381.5,6382.5,6381.25,6382.25
1774837740,6382,6383.5,6379.5,6382.25
1774837800,6382,6386,6382,6384.25
1774837860,6384,6388,6383,6386.5
1774837920,6386.25,6386.5,6385,6386
1774837980,6385.75,6386,6382,6383.25
1774838040,6383,6384.75,6383,6384.5
1774838100,6384.5,6384.75,6382.5,6382.5
1774838160,6382.75,6386,6382.5,6385.25
1774838220,6385.75,6386.5,6385.25,6385.75
1774838280,6385.5,6386.25,6385.25,6385.5
1774838340,6385.5,6386.25,6385.25,6385.5
1774838400,6386,6387.75,6385.5,6387.25
1774838460,6387.25,6389.75,6386.5,6388.25
1774838520,6388.25,6391.75,6387.75,6391.75
1774838580,6391.75,6393.75,6390.75,6392
1774838640,6392,6393.25,6391.5,6392.25
1774838700,6392.25,6394.5,6391.75,6393.75
1774838760,6393.5,6396.75,6393.25,6395.75
1774838820,6395.75,6396.75,6394.5,6396.25
1774838880,6396.25,6398,6396,6397.5
1774838940,6397.5,6401.25,6397,6400
1774839000,6400,6401,6398,6400.25
1774839060,6400.25,6401.75,6400,6401
1774839120,6400.75,6401,6399.25,6399.75
1774839180,6399.75,6400,6397.5,6397.5
1774839240,6397.5,6398,6396.5,6397
1774839300,6397,6398.75,6395.75,6396.5
1774839360,6396.5,6397,6395,6396.5
1774839420,6396.25,6396.25,6394.75,6395.25
1774839480,6395,6397.5,6395,6396.75
1774839540,6396.5,6398,6396.25,6397
1774839600,6397,6399.5,6396.5,6399.25
1774839660,6399.25,6399.75,6397.75,6399
1774839720,6399,6401.25,6398.5,6400.5
1774839780,6400.5,6400.5,6399,6400
1774839840,6399.75,6400.5,6399,6399.25
1774839900,6399.25,6401.5,6399.25,6400.25
1774839960,6400.5,6404,6399.75,6403.5
1774840020,6403,6404.5,6402.75,6403.75
1774840080,6403.5,6407,6402.75,6406.25
1774840140,6406.25,6406.75,6405.25,6406
1774840200,6406,6407.75,6404.75,6405
1774840260,6404.5,6405.25,6404,6404
1774840320,6404,6405.75,6403,6405
1774840380,6404.75,6405.5,6404.25,6404.25
1774840440,6404.25,6404.75,6403.5,6404.5
1774840500,6405,6407.25,6404.25,6406
1774840560,6406,6407.25,6405,6406.75
1774840620,6406.75,6408.75,6406.25,6408.25
1774840680,6407.75,6408.75,6406.75,6407.75
1774840740,6407.75,6408.75,6407,6408
1774840800,6408,6409.5,6408,6409.25
1774840860,6408.75,6408.75,6406.75,6407.5
1774840920,6407.5,6409,6407.25,6408.5
1774840980,6408.25,6409.75,6408,6409.5
1774841040,6409.5,6411,6407.75,6408.25
1774841100,6408.5,6409,6407.25,6408
1774841160,6408,6409.25,6407,6407
1774841220,6407,6408.75,6406.25,6408.5
1774841280,6408.5,6408.5,6407.5,6407.75
1774841340,6407.75,6408,6407,6407.75
1774841400,6407.75,6408.5,6404.75,6405.75
1774841460,6405.75,6406.75,6405.25,6406.25
1774841520,6406.5,6406.5,6405,6405.5
1774841580,6405.5,6407.25,6405.5,6406.5
1774841640,6406.5,6408.5,6406,6408
1774841700,6408,6408.5,6406.75,6407
1774841760,6407,6407.75,6405.25,6405.5
1774841820,6405.75,6408.25,6405.75,6407.75
1774841880,6407.75,6407.75,6406.25,6406.75
1774841940,6407.25,6408,6406.75,6407.75
1774842000,6407.75,6409,6406.75,6407
1774842060,6407,6408,6407,6407.75
1774842120,6407.5,6409,6407,6408.25
1774842180,6408,6409.25,6407.75,6407.75
1774842240,6407.5,6408.75,6407.5,6408.5
1774842300,6408,6408.5,6405.75,6406.5
1774842360,6406.75,6407.25,6404.5,6406
1774842420,6406.25,6407.5,6405.5,6406.75
1774842480,6407,6408,6405.75,6406.75
1774842540,6406.5,6408.5,6406.5,6408
1774842600,6407.75,6408,6406,6407
1774842660,6406.75,6408.75,6406.75,6407.5
1774842720,6407.5,6408.75,6407.25,6408.5
1774842780,6408.5,6409.25,6407.75,6408.25
1774842840,6408,6409,6407.5,6408.5
1774842900,6408.25,6409,6407.5,6408
1774842960,6408,6408.25,6406.75,6407.5
1774843020,6407.25,6408.75,6407.25,6408.25
1774843080,6408,6409.25,6408,6409.25
1774843140,6409,6409.25,6408,6408
1774843200,6408,6409.75,6408,6408.5
1774843260,6408.75,6410.5,6408,6408.25
1774843320,6408,6409,6407.5,6408.25
1774843380,6408.25,6408.25,6406.25,6407.5
1774843440,6407.75,6409.75,6407.5,6408
1774843500,6408,6410,6408,6410
1774843560,6410,6413,6409.75,6411.25
1774843620,6411.5,6413,6411,6411.75
1774843680,6411.75,6412,6410.75,6411.5
1774843740,6411.25,6411.25,6410,6411
1774843800,6411.25,6411.25,6409.25,6410.25
1774843860,6410.25,6412.25,6410.25,6411
1774843920,6411.25,6411.25,6410.25,6410.75
1774843980,6411,6411.5,6410.75,6410.75
1774844040,6410.75,6410.75,6409.5,6410.5
1774844100,6410.5,6411,6409.75,6410.75
1774844160,6411,6411.5,6410.75,6411
1774844220,6411,6411.25,6410.75,6410.75
1774844280,6410.25,6410.75,6409.75,6410.5
1774844340,6411,6411.5,6410.5,6410.75
1774844400,6410.5,6411.5,6410.5,6411
1774844460,6411.25,6413.25,6411,6411.25
1774844520,6411.5,6412.5,6411.5,6412.25
1774844580,6412.5,6413,6412,6413
1774844640,6412.75,6413.5,6412.5,6412.5
1774844700,6412.5,6416.5,6412.5,6415.5
1774844760,6415.25,6416.5,6415,6416.25
1774844820,6416.25,6417,6416,6416.75
1774844880,6416.5,6417.25,6416.5,6417
1774844940,6417,6419,6414.75,6415.25
1774845000,6415.5,6416.25,6413.5,6415.75
1774845060,6416,6416,6415,6415.5
1774845120,6415.25,6417,6415.25,6417
1774845180,6417,6419,6416.5,6417.25
1774845240,6417,6417.75,6416.75,6417
1774845300,6416.5,6416.5,6413.25,6414
1774845360,6414,6414.75,6413,6414.25
1774845420,6414.5,6415.5,6414,6414.75
1774845480,6415,6415.5,6414.25,6414.75
1774845540,6414.5,6415.25,6413.75,6414
1774845600,6414,6414.25,6411.25,6412.5
1774845660,6412.5,6413,6411.5,6412.75
1774845720,6412.5,6413.5,6412,6412.25
1774845780,6412,6412.5,6411.5,6411.75
1774845840,6412,6412.5,6411.5,6412.25
1774845900,6412.5,6413,6412,6412.25
1774845960,6412.5,6413,6411.5,6412.25
1774846020,6411.5,6411.75,6409.75,6411
1774846080,6411,6412,6410.75,6411.25
1774846140,6411.5,6412.75,6411.25,6412.25
1774846200,6412.25,6412.25,6410.75,6410.75
1774846260,6411,6411.25,6408.25,6410
1774846320,6410.25,6411.5,6410,6410.5
1774846380,6411,6411.5,6410.25,6410.75
1774846440,6411,6411.25,6410,6411
1774846500,6411,6413.25,6411,6412.5
1774846560,6412.5,6412.75,6411.5,6411.5
1774846620,6411.25,6412.5,6411.25,6412
1774846680,6412,6413,6411.5,6412.75
1774846740,6413,6413.25,6411.5,6411.5
1774846800,6411.5,6412.75,6411.25,6412.25
1774846860,6412.5,6414.5,6412.25,6413
1774846920,6412.75,6414.5,6412,6413.5
1774846980,6413.5,6414.75,6412.5,6412.75
1774847040,6412.75,6414,6412.5,6413.75
1774847100,6413.75,6414.25,6412.75,6413.5
1774847160,6413.75,6415,6413.5,6413.5
1774847220,6413.75,6416,6413.75,6415.5
1774847280,6415.5,6417.5,6414.25,6417.5
1774847340,6417.5,6418.5,6416.75,6418.5
1774847400,6418.25,6420.75,6418,6419.25
1774847460,6418.75,6420,6417.75,6419.5
1774847520,6419.5,6420,6418.5,6418.5
1774847580,6418.75,6419.25,6415.75,6415.75
1774847640,6416,6416.25,6414.75,6415.25
1774847700,6415,6417,6415,6416.75
1774847760,6416.5,6419,6416.5,6417.5
1774847820,6417.5,6418.5,6417.25,6417.75
1774847880,6418,6419,6418,6418.5
1774847940,6418.25,6419,6417.75,6418
1774848000,6418,6418.75,6416.25,6418.5
1774848060,6418.25,6419.25,6417.5,6419
1774848120,6419,6419.75,6416.75,6418.5
1774848180,6418.5,6418.75,6416.5,6417
1774848240,6417,6418.75,6416.75,6418.25
1774848300,6418.75,6418.75,6417.25,6417.75
1774848360,6417.5,6418.75,6416.5,6418
1774848420,6418.25,6420,6418,6418.75
1774848480,6418.75,6419.25,6417.25,6417.25
1774848540,6417.5,6417.75,6415.75,6416.25
1774848600,6416.25,6417.25,6415.25,6416.5
1774848660,6416.25,6417.5,6416.25,6417
1774848720,6417.25,6417.75,6417.25,6417.5
1774848780,6417.5,6419,6417.25,6417.25
1774848840,6417.25,6418.75,6416.5,6418.75
1774848900,6419,6419.25,6417,6417.25
1774848960,6416.75,6418,6416.75,6417.5
1774849020,6417.25,6417.25,6416,6417.25
1774849080,6416.75,6416.75,6414.75,6415
1774849140,6415,6415.5,6413.75,6414
1774849200,6414.25,6415,6413.75,6414.5
1774849260,6414.75,6416.5,6414.5,6415.5
1774849320,6415.75,6415.75,6414.25,6414.25
1774849380,6414.5,6415.5,6414,6415.25
1774849440,6415.25,6415.25,6413.25,6414.25
1774849500,6414.5,6417,6414.5,6416.25
1774849560,6416.25,6416.5,6412.5,6412.75
1774849620,6413.25,6413.25,6412.5,6412.75
1774849680,6413,6414.75,6412,6414
1774849740,6414.5,6415.5,6413.5,6415
1774849800,6415.25,6416.75,6414.75,6416
1774849860,6415.75,6418.75,6415.25,6418.5
1774849920,6418.25,6418.75,6417.25,6417.5
1774849980,6417.5,6417.5,6416.75,6417.5
1774850040,6417.5,6419.75,6417.25,6419.25
1774850100,6418.75,6419.25,6417,6417.5
1774850160,6417.75,6419.5,6417.5,6418.5
1774850220,6418.25,6419.25,6417.25,6418.75
1774850280,6418.75,6419,6417.5,6418.5
1774850340,6418.5,6418.5,6417,6417.25
1774850400,6416.75,6418.5,6415.5,6418.25
1774850460,6418,6419.25,6417.75,6418.5
1774850520,6419,6422.25,6418.5,6421.5
1774850580,6421.5,6421.5,6416.25,6418.5
1774850640,6418.75,6421.25,6418.75,6420.75
1774850700,6421,6421.75,6419.5,6419.5
1774850760,6419.5,6422,6419.5,6422
1774850820,6421.75,6423.25,6421.5,6423.25
1774850880,6423.25,6424,6421.5,6422.25
1774850940,6422.25,6422.75,6419.75,6420.75
1774851000,6420.25,6420.75,6418.25,6419.5
1774851060,6419.5,6420.25,6417.75,6418.5
1774851120,6418.75,6419.75,6417.75,6418.75
1774851180,6419,6420.75,6418.5,6420.25
1774851240,6420,6420,6418.75,6419.5
1774851300,6419.75,6421,6419.75,6420.25
1774851360,6420.5,6422.25,6420.25,6422
1774851420,6421.5,6422,6421,6421.75
1774851480,6421.75,6423.5,6421.25,6422.5
1774851540,6422.5,6424.25,6421.25,6421.75
1774851600,6421.75,6422.25,6420.75,6422
1774851660,6422,6422.5,6421.75,6422.25
1774851720,6422.5,6423,6421.75,6422.75
1774851780,6422.75,6424.5,6422.25,6422.75
1774851840,6422.5,6423,6422,6422.75
1774851900,6422.75,6425.5,6422.5,6425
1774851960,6425.25,6427.5,6424.5,6424.5
1774852020,6424.5,6424.5,6421.5,6424
1774852080,6424,6425.75,6423.25,6424.5
1774852140,6424.5,6424.5,6422.25,6422.25
1774852200,6423,6425.5,6422.75,6424.75
1774852260,6424.75,6425.75,6424,6424
1774852320,6423.75,6425,6422.5,6424.5
1774852380,6424.25,6425.25,6423.25,6425
1774852440,6425.25,6426.75,6425,6425.25
1774852500,6425.5,6426.5,6424.75,6425.5
1774852560,6425.25,6425.75,6424.75,6425.5
1774852620,6425.75,6426.5,6424,6424.25
1774852680,6424.5,6427.25,6424.5,6424.75
1774852740,6424.75,6426.25,6424,6426.25
1774852800,6426.25,6428.25,6425.75,6427.75
1774852860,6427.5,6428.75,6426.75,6427.5
1774852920,6427.5,6429,6427.5,6428
1774852980,6428,6428.75,6427.75,6428
1774853040,6428,6430.25,6428,6428.75
1774853100,6429,6430.25,6428.5,6428.75
1774853160,6428.75,6430.5,6428.75,6429.75
1774853220,6429.75,6431,6429.25,6430.5
1774853280,6430.5,6431,6429.75,6430.5
1774853340,6430.5,6432.5,6430.25,6432.5
1774853400,6432.25,6435.5,6431.5,6435
1774853460,6434.75,6435.25,6432.5,6433
1774853520,6433,6433.75,6431.75,6431.75
1774853580,6431.75,6431.75,6429.5,6430.25
1774853640,6430.25,6431,6429.5,6430
1774853700,6430,6430.5,6429,6429.75
1774853760,6430,6430.5,6428,6429
1774853820,6429,6429.25,6427,6428
1774853880,6428,6430,6427.5,6429.25
1774853940,6428.75,6429.75,6428,6429.25
1774854000,6429.25,6429.5,6424.25,6425.25
1774854060,6424.75,6426.75,6423.75,6426.25
1774854120,6426.25,6427,6423.75,6424.75
1774854180,6424.5,6425.5,6424,6425.25
1774854240,6425.25,6426.75,6424.25,6425.5
1774854300,6425.5,6426.25,6424.25,6424.75
1774854360,6425,6426.5,6424,6426.5
1774854420,6426.75,6429.75,6426.75,6427.75
1774854480,6427.75,6431.25,6427.25,6430.5
1774854540,6430.5,6430.75,6429.75,6430.25
1774854600,6430.75,6431.25,6429.75,6430.25
1774854660,6430.25,6433,6430.25,6433
1774854720,6432.75,6433.25,6431.25,6432
1774854780,6432,6432,6430,6431.5
1774854840,6431.75,6432,6430.25,6430.25
1774854900,6430.5,6431.25,6428.5,6428.75
1774854960,6428.5,6429.75,6426.75,6427
1774855020,6427.5,6429,6426.5,6429
1774855080,6429,6429.75,6427.25,6427.5
1774855140,6427.5,6429.5,6427.5,6428.5
1774855200,6428.25,6430,6428.25,6429.75
1774855260,6429.75,6432,6429.25,6431
1774855320,6430.5,6431.75,6429.75,6430.25
1774855380,6430.25,6430.25,6426.75,6427.5
1774855440,6427.5,6429,6427,6427.5
1774855500,6427.5,6428.25,6426.25,6427.25
1774855560,6427.5,6427.5,6426,6426.25
1774855620,6426,6426.25,6424,6425.75
1774855680,6425.75,6426.5,6423.75,6426
1774855740,6426.5,6428.75,6426.25,6427.25
1774855800,6427.25,6431,6427.25,6428.75
1774855860,6428.75,6429,6427.5,6428.5
1774855920,6428.25,6428.25,6424.75,6425
1774855980,6424.5,6425.25,6422.75,6423.5
1774856040,6423.75,6429.75,6423.5,6429.5
1774856100,6429.75,6434.5,6427.5,6430.25
1774856160,6430,6431.75,6429.75,6431.75
1774856220,6431.75,6432.25,6427.75,6427.75
1774856280,6428.25,6430.5,6427.25,6429.75
1774856340,6429.5,6429.75,6427.75,6428.75
1774856400,6428.75,6429,6426.75,6428.5
1774856460,6428.5,6431.5,6428,6430.75
1774856520,6431,6431.75,6429.75,6430
1774856580,6429.75,6430.5,6428.75,6430.25
1774856640,6429.5,6430.25,6429,6430
1774856700,6430.25,6431.25,6429.5,6431
1774856760,6430.75,6432.5,6429.75,6431.75
1774856820,6431.5,6433,6431.5,6432.5
1774856880,6432.75,6432.75,6430.75,6432.5
1774856940,6432.25,6433.75,6431.5,6433
1774857000,6433.25,6434.75,6432.75,6434.5
1774857060,6434.5,6438.25,6434.25,6436.75
1774857120,6436.75,6437.75,6434.75,6436.75
1774857180,6436.75,6436.75,6433.5,6433.75
1774857240,6433.75,6436.25,6433.75,6435.25
1774857300,6435.25,6436.75,6435,6436.25
1774857360,6436.25,6437.75,6435.25,6435.75
1774857420,6435.75,6435.75,6433,6433.5
1774857480,6433.5,6435,6432.5,6433.75
1774857540,6434,6435.75,6433.5,6435
1774857600,6434.5,6434.5,6431.75,6433.5
1774857660,6433.5,6433.5,6431.75,6432
1774857720,6431.75,6433,6429.5,6429.5
1774857780,6429.75,6432.5,6429,6432.25
1774857840,6432,6436,6432,6436
1774857900,6436,6439.75,6435.25,6438.25
1774857960,6438.5,6439.75,6435,6435
1774858020,6435,6436,6433.25,6434.25
1774858080,6434.5,6436.25,6432.25,6436
1774858140,6436.25,6437.75,6435,6437.5
1774858200,6437.75,6438.75,6437,6438.5
1774858260,6438.75,6439.25,6437.5,6438.25
1774858320,6438,6440.75,6437.75,6438.5
1774858380,6438.25,6441.25,6437.75,6441.25
1774858440,6441,6441.75,6439.75,6440.75
1774858500,6440.5,6441.75,6438.75,6441
1774858560,6441,6444,6441,6443.75
1774858620,6443.5,6444,6441.75,6441.75
1774858680,6442,6443,6441,6441.5
1774858740,6441.25,6442,6440.5,6442
1774858800,6441.75,6441.75,6440.75,6440.75
1774858860,6441,6443,6439.75,6441.75
1774858920,6441.5,6442.25,6440.25,6441.75
1774858980,6441.75,6442.25,6438,6439.25
1774859040,6439.25,6439.75,6438.25,6438.75
1774859100,6438.75,6439.25,6437.5,6439
1774859160,6439,6441.5,6439,6439.75
1774859220,6440.25,6442.5,6440,6441.75
1774859280,6441.75,6442.5,6440.75,6441.5
1774859340,6441.75,6442.75,6441.5,6442.5
1774859400,6442,6443.5,6441.25,6443.25
1774859460,6443.25,6445.25,6442.5,6445.25
1774859520,6445.25,6445.5,6443.5,6445
1774859580,6445,6446,6443,6443.25
1774859640,6443.5,6443.5,6441.25,6441.75
1774859700,6441.25,6441.75,6440,6440.25
1774859760,6440.5,6441.5,6439.75,6441.5
1774859820,6441.5,6442.5,6441.25,6442.25
1774859880,6442.5,6446.5,6442.5,6446
1774859940,6445.75,6446,6443.25,6443.75
1774860000,6443.5,6444.25,6441.75,6442.5
1774860060,6442.5,6443.5,6441,6443
1774860120,6442.75,6442.75,6440.75,6441.5
1774860180,6441.25,6441.75,6440.5,6441
1774860240,6440.75,6442.5,6440.5,6442
1774860300,6441.75,6443.5,6441.5,6442.5
1774860360,6442.5,6444,6442.25,6443.5
1774860420,6443.5,6444,6441.25,6441.75
1774860480,6441.75,6441.75,6438.5,6439.25
1774860540,6439,6445.5,6439,6443.75
1774860600,6443.75,6445,6443.75,6444.25
1774860660,6444.25,6445.5,6443,6444.25
1774860720,6444.25,6444.75,6443.75,6444
1774860780,6444,6444.5,6443.25,6443.5
1774860840,6443.5,6444,6442.75,6443.25
1774860900,6443.5,6444,6442.25,6443.25
1774860960,6443,6443.75,6442.25,6443
1774861020,6443.25,6447.5,6443.25,6446.75
1774861080,6446.75,6447.25,6445.75,6446.25
1774861140,6445.75,6447.25,6445.5,6445.75
1774861200,6446,6446.5,6445,6445.25
1774861260,6445,6446.5,6443.5,6445.75
1774861320,6446,6446.5,6445,6445.25
1774861380,6445,6445,6443,6444.75
1774861440,6444.75,6446,6444.25,6446
1774861500,6445.75,6446.75,6443.25,6443.25
1774861560,6443,6444,6442.75,6443.75
1774861620,6443.75,6446.25,6443.25,6446
1774861680,6446.25,6446.25,6443.5,6444.25
1774861740,6444.25,6444.25,6442,6442.5
1774861800,6442.5,6443.75,6441.75,6442.25
1774861860,6442,6444.25,6441,6444
1774861920,6444.5,6444.75,6441.5,6441.75
1774861980,6441.75,6443,6441,6441.75
1774862040,6442,6442.25,6439.25,6440.75
1774862100,6440.25,6440.5,6435.25,6435.5
1774862160,6435.25,6436.5,6434,6435.75
1774862220,6435.5,6444,6433.75,6438.75
1774862280,6438.75,6440,6437.25,6440
1774862340,6439.75,6439.75,6437.75,6437.75
1774862400,6438,6441.25,6437.5,6441
1774862460,6441.25,6441.25,6439.5,6440
1774862520,6440,6440.5,6437.75,6437.75
1774862580,6437.75,6438,6435.25,6437.5
1774862640,6437.5,6440,6437.5,6438.5
1774862700,6438.5,6439.25,6437.5,6437.75
1774862760,6438,6439.75,6437.75,6439
1774862820,6439,6439.25,6436.5,6437.25
1774862880,6437,6438,6436.25,6436.5
1774862940,6436.5,6438.5,6436.25,6436.25
1774863000,6436.5,6438.5,6436.5,6436.75
1774863060,6436.5,6439.25,6436.5,6437.5
1774863120,6437.75,6437.75,6435.75,6436.5
1774863180,6436.25,6437,6435.25,6435.5
1774863240,6435.5,6436,6433.5,6434.5
1774863300,6435,6435,6432,6433.5
1774863360,6433.5,6435,6433.25,6434
1774863420,6434.25,6436,6434,6434.75
1774863480,6434.5,6438,6434.25,6438
1774863540,6438,6440.5,6437.75,6439
1774863600,6439,6439,6436.75,6437.75
1774863660,6438,6438,6435.75,6435.75
1774863720,6436,6438.25,6435.5,6436.25
1774863780,6436,6436.25,6434.25,6434.75
1774863840,6434.75,6437,6434.75,6436.25
1774863900,6436.25,6436.25,6434.5,6435.25
1774863960,6435.5,6437.25,6435.25,6437
1774864020,6437,6437.25,6435.75,6436.25
1774864080,6436.5,6437.75,6436,6437.25
1774864140,6437.5,6437.5,6435,6435.25
1774864200,6435,6435.5,6434.25,6434.75
1774864260,6435,6435.25,6433.75,6434.75
1774864320,6435,6438.25,6434.75,6437.5
1774864380,6437.5,6439,6436.75,6438
1774864440,6437.5,6438,6435.75,6436
1774864500,6436.25,6437,6435,6436
1774864560,6435.75,6436.75,6435.5,6435.75
1774864620,6435.75,6436.25,6433.75,6434
1774864680,6434.25,6438,6434.25,6437.25
1774864740,6437,6438,6436.75,6437.25
1774864800,6437.5,6438,6435.75,6436.5
1774864860,6436,6436.5,6434.5,6435.25
1774864920,6435.5,6437,6435.25,6435.5
1774864980,6435.5,6436.5,6435,6435.25
1774865040,6435.5,6436,6434.75,6436
1774865100,6436,6438.25,6435.25,6438
1774865160,6438,6438.25,6437,6438.25
1774865220,6438.25,6439.5,6437.5,6438.75
1774865280,6439,6440,6437.25,6439.5
1774865340,6439.75,6440.25,6439,6439.5
1774865400,6440,6440.5,6439,6440.5
1774865460,6440.5,6440.75,6436.5,6437.75
1774865520,6438,6438,6435.75,6435.75
1774865580,6436,6436.75,6434.5,6435.75
1774865640,6435.5,6437.25,6435,6436.5
1774865700,6436.25,6437.5,6436,6436.75
1774865760,6436.5,6436.5,6434,6436
1774865820,6436,6437,6435.75,6437
1774865880,6437,6438.25,6437,6437.75
1774865940,6437.75,6438.25,6437.25,6437.75
1774866000,6437.5,6439.75,6437.5,6438.75
1774866060,6438.5,6439.5,6437.5,6439.25
1774866120,6439.25,6439.25,6437.5,6438.75
1774866180,6439,6440.25,6438.75,6439.5
1774866240,6439.5,6440.25,6438.5,6439.25
1774866300,6439,6441,6439,6440.75
1774866360,6441,6441,6439.75,6440.5
1774866420,6440.25,6441.75,6440.25,6440.75
1774866480,6441,6441,6438,6439.75
1774866540,6440,6440.75,6439.25,6439.5
1774866600,6439.25,6439.25,6437.25,6438
1774866660,6437.75,6438.5,6435,6436.5
1774866720,6436.5,6439.25,6435.75,6438.5
1774866780,6439,6439,6437,6437.25
1774866840,6437.25,6438.25,6436.5,6437.25
1774866900,6437.25,6439.25,6436.75,6438
1774866960,6438,6438.5,6437.25,6438
1774867020,6438,6438,6433.75,6434.25
1774867080,6434.25,6436,6433,6434
1774867140,6434.25,6437,6433.25,6437
1774867200,6436.75,6436.75,6435.25,6435.5
1774867260,6435.75,6435.75,6434.75,6435.75
1774867320,6435.75,6437.25,6435,6435
1774867380,6435.5,6435.5,6432.25,6435
1774867440,6434.75,6435.5,6434.25,6435
1774867500,6435,6436.5,6434.25,6436
1774867560,6436.25,6436.75,6435,6436.5
1774867620,6436.5,6437.75,6435.25,6436.25
1774867680,6436.5,6437.75,6435.75,6437.5
1774867740,6437.75,6439.25,6437.25,6438.75
1774867800,6439,6442.75,6438.5,6441.75
1774867860,6441.75,6442.75,6441,6441.25
1774867920,6441,6441.25,6438,6438.25
1774867980,6438.75,6440.5,6438.25,6440.25
1774868040,6440.5,6441.25,6439.5,6440.75
1774868100,6441,6441.25,6440.5,6441
1774868160,6441,6441.5,6439.75,6439.75
1774868220,6439.5,6441.25,6438.75,6440.75
1774868280,6440.5,6442,6440.5,6441
1774868340,6440.5,6442.25,6440.25,6442.25
1774868400,6442.5,6446.75,6441.75,6444.5
1774868460,6444.5,6446.75,6444.25,6445.5
1774868520,6445.25,6446,6444,6444.75
1774868580,6444.5,6445,6443.75,6444.5
1774868640,6444.25,6444.25,6443,6443.5
1774868700,6443.25,6443.75,6442.5,6442.75
1774868760,6442.5,6444,6442.5,6443.25
1774868820,6443.25,6445.25,6443,6443.75
1774868880,6443.5,6445.75,6443.25,6445.25
1774868940,6445,6446,6444.75,6444.75
1774869000,6444.75,6445.25,6442.5,6443
1774869060,6443.5,6444.25,6442.75,6444.25
1774869120,6444.25,6444.5,6443,6443.25
1774869180,6443.5,6446.25,6443.25,6445.5
1774869240,6445.5,6445.75,6442.75,6444.25
1774869300,6444,6444.5,6443,6444.25
1774869360,6444.25,6445.25,6442.75,6445.25
1774869420,6445.25,6448.75,6445,6448
1774869480,6447.75,6450,6447.75,6448.25
1774869540,6448.5,6452.75,6448.5,6451
1774869600,6451.25,6452,6448.25,6449.5
1774869660,6449.5,6450.75,6449.25,6450.5
1774869720,6450.75,6453,6449.5,6452.25
1774869780,6452,6453.75,6451.5,6453.25
1774869840,6453.5,6454.75,6452.5,6453
1774869900,6452.75,6453.75,6451,6451.25
1774869960,6451.25,6482,6450.75,6455.5
1774870020,6456,6468,6448,6453.25
1774870080,6453.75,6456.75,6447.25,6455.25
1774870140,6455.25,6459.5,6452.25,6457.25
1774870200,6457.25,6461.75,6453,6454
1774870260,6454,6458.25,6450,6451.75
1774870320,6451.5,6456.75,6451.25,6454.25
1774870380,6454.5,6454.5,6447.5,6452
1774870440,6451.75,6452,6446.5,6450
1774870500,6450,6456,6449.75,6453.75
1774870560,6453.5,6456.25,6452.25,6455.25
1774870620,6455.25,6455.5,6450.75,6452.25
1774870680,6452.25,6453.5,6450.25,6452.25
1774870740,6452.5,6453.5,6451.5,6452.75
1774870800,6452.5,6453.25,6450,6451
1774870860,6450.75,6453.25,6449.5,6450.5
1774870920,6450.75,6452.5,6448.75,6452.25
1774870980,6452.25,6454.25,6451,6452.5
1774871040,6452.5,6453.25,6450.25,6452.5
1774871100,6452.5,6452.5,6450,6451
1774871160,6450.75,6454,6450.75,6452.75
1774871220,6452.25,6452.25,6450.5,6451.5
1774871280,6451.5,6452,6450,6451
1774871340,6451.25,6453.5,6451,6453.25
1774871400,6452.75,6456,6452.75,6454.75
1774871460,6454.75,6456.5,6453.5,6454.25
1774871520,6454.25,6454.5,6453,6453.5
1774871580,6453.5,6454.5,6452,6453
1774871640,6453,6453.75,6449.5,6453.25
1774871700,6453,6453.5,6449.75,6450.25
1774871760,6450.25,6450.25,6448,6448
1774871820,6448.25,6449.25,6447.25,6448
1774871880,6448,6450.25,6447,6449
1774871940,6449,6450.5,6448,6449.75
1774872000,6450.25,6451.25,6446.5,6447.25
1774872060,6447,6449.75,6446,6446.75
1774872120,6446.75,6447.75,6443.75,6447.25
1774872180,6447.5,6447.75,6445,6446
1774872240,6446,6449,6445.75,6448.5
1774872300,6448.25,6452,6447.75,6451
1774872360,6451.25,6452.75,6450.5,6451
1774872420,6450.5,6451.25,6450,6451
1774872480,6450.75,6451.75,6450,6450.5
1774872540,6450.5,6453.75,6449.25,6450
1774872600,6449.75,6452,6449,6451.75
1774872660,6451.75,6451.75,6449.75,6450
1774872720,6450,6452.25,6449.75,6451
1774872780,6451,6453.5,6450,6453
1774872840,6452.75,6452.75,6451.25,6452.25
1774872900,6452.25,6453,6451.75,6453
1774872960,6452.5,6453,6450,6450.75
1774873020,6450.75,6455.5,6450.5,6455.25
1774873080,6455.25,6457.25,6454.5,6456.5
1774873140,6456.5,6458,6456,6456.5
1774873200,6456.25,6456.75,6454.5,6455
1774873260,6455.5,6456.5,6454.75,6455.75
1774873320,6455.5,6456,6454.5,6454.75
1774873380,6454.75,6458.75,6454.5,6458
1774873440,6458,6461.5,6458,6459.75
1774873500,6460,6461,6458.75,6460.75
1774873560,6460.75,6463.25,6460,6462
1774873620,6461.75,6462,6459.75,6460.25
1774873680,6460.25,6461.25,6459.5,6460.5
1774873740,6460.5,6462.75,6460.25,6460.75
1774873800,6460.75,6464,6459,6463.5
1774873860,6463.75,6464,6461,6463
1774873920,6462.75,6466.5,6462.5,6464.75
1774873980,6464.75,6466,6464.25,6465
1774874040,6464.5,6465.25,6462.25,6463.25
1774874100,6463.5,6465.25,6462.5,6464.5
1774874160,6464.25,6464.75,6462.5,6463
1774874220,6462.75,6464.5,6462.25,6462.25
1774874280,6462.25,6464.25,6462.25,6464
1774874340,6463.75,6464.75,6463,6464
1774874400,6464,6464.25,6462.5,6463.5
1774874460,6463.75,6464,6462.25,6462.5
1774874520,6462.5,6464,6462.5,6462.75
1774874580,6462.5,6465.5,6461.75,6464.75
1774874640,6465,6465,6463,6463.75
1774874700,6464,6464,6461.75,6462.25
1774874760,6462.5,6463.5,6461.75,6462
1774874820,6462,6464,6462,6463.25
1774874880,6463.25,6464.25,6462.75,6463.5
1774874940,6463.25,6464.5,6462,6464.5
1774875000,6464.25,6464.25,6459.5,6459.5
1774875060,6459.75,6461,6459,6460.5
1774875120,6460.5,6462,6460.25,6461.75
1774875180,6462,6462.5,6461,6462.25
1774875240,6462.25,6463,6461.5,6461.5
1774875300,6461.5,6462.75,6460.75,6461.75
1774875360,6461.5,6463.75,6460.75,6463
1774875420,6463.25,6463.5,6461.5,6461.75
1774875480,6461.75,6464.25,6461.75,6463.75
1774875540,6463.5,6464.25,6462.25,6464
1774875600,6463.75,6469,6463.75,6466.75
1774875660,6467,6468,6464.5,6464.75
1774875720,6465,6466.75,6463.75,6466.5
1774875780,6466.25,6466.75,6464.25,6464.75
1774875840,6465,6465,6462.25,6462.25
1774875900,6462.5,6464,6460.5,6461
1774875960,6460.75,6462.25,6460,6460
1774876020,6460,6462.25,6459.5,6462.25
1774876080,6462.25,6462.5,6456.25,6456.5
1774876140,6456.75,6458.25,6456.25,6457.5
1774876200,6457.75,6460.75,6457.25,6460.25
1774876260,6460,6461.5,6458.75,6460.25
1774876320,6460,6462.5,6460,6462
1774876380,6461.75,6463.5,6461.25,6463
1774876440,6463,6463.25,6461.75,6462.75
1774876500,6462.75,6464.25,6460.75,6462
1774876560,6462,6465,6460.75,6464.5
1774876620,6464.5,6465.25,6463.25,6465
1774876680,6464.75,6465.75,6463.25,6463.75
1774876740,6463.75,6464.75,6463.25,6464.25
1774876800,6464,6464.5,6462.75,6463.5
1774876860,6463.5,6467.5,6463.5,6466.5
1774876920,6466.75,6467.5,6465.5,6465.5
1774876980,6465.5,6467.5,6465,6467.5
1774877040,6467.25,6467.25,6465.75,6466.25
1774877100,6466,6468.5,6464,6467.5
1774877160,6467.75,6468,6466.25,6466.75
1774877220,6466.5,6467.75,6465,6465
1774877280,6465.25,6468.75,6465.25,6467
1774877340,6466.75,6468.25,6466.5,6468
1774877400,6467.75,6468,6460.5,6463
1774877460,6463.25,6471,6463,6469.5
1774877520,6469.25,6470.25,6464,6464.75
1774877580,6464.75,6468.75,6464.25,6464.5
1774877640,6464.5,6464.75,6455,6456
1774877700,6456,6456.75,6448.75,6449
1774877760,6448.75,6453,6448.75,6449.25
1774877820,6449,6450.5,6447,6449.75
1774877880,6450,6451.75,6445,6445.75
1774877940,6445.5,6448.25,6445,6446.5
1774878000,6446.25,6446.25,6437,6438
1774878060,6438,6439.5,6435,6436.25
1774878120,6436,6439.25,6436,6438.5
1774878180,6438.75,6442,6436.5,6440.5
1774878240,6440,6441.5,6437.75,6439
1774878300,6438.75,6442,6435,6439.75
1774878360,6439.5,6439.75,6430.5,6431
1774878420,6431.25,6434.25,6431,6431.75
1774878480,6431.5,6433.25,6427.75,6430.5
1774878540,6430.75,6430.75,6427,6428
1774878600,6428,6429.75,6425.5,6426.5
1774878660,6426.75,6432.5,6426.5,6431.25
1774878720,6431,6433.25,6429.25,6432.25
1774878780,6432.25,6433.5,6426.75,6428.25
1774878840,6428.25,6430.25,6424,6424.75
1774878900,6424.5,6425.75,6420.75,6422.25
1774878960,6422.25,6423.5,6418.25,6419
1774879020,6419,6420.75,6416.75,6418.25
1774879080,6418.25,6420,6413.25,6417
1774879140,6417,6419,6415.5,6417.75
1774879200,6417.5,6425,6417,6422
1774879260,6422,6424.75,6420,6423.5
1774879320,6423.75,6427,6422,6424.75
1774879380,6425,6429,6424.75,6427.25
1774879440,6427.5,6430,6426.25,6427.5
1774879500,6427.75,6428.25,6420,6423.25
1774879560,6423.25,6424.5,6419,6421.5
1774879620,6421.5,6427,6421.5,6425.25
1774879680,6425.5,6428.25,6423.25,6426.75
1774879740,6426.75,6429.25,6424.75,6429
1774879800,6428.75,6431.75,6424.75,6426
1774879860,6426,6429.75,6426,6428.75
1774879920,6428.75,6434,6428,6433.25
1774879980,6433.25,6434.5,6429.75,6433.25
1774880040,6433.25,6435.5,6431.5,6432
1774880100,6432,6434,6423.75,6426.25
1774880160,6426.5,6430,6424.25,6429.25
1774880220,6429.25,6430.5,6426.25,6426.75
1774880280,6427,6428,6425,6425.75
1774880340,6426,6426.75,6421,6426
1774880400,6426,6430.5,6425,6428
1774880460,6428.25,6429.5,6424,6424.75
1774880520,6425,6431.75,6424.25,6430
1774880580,6430,6431,6427.25,6430
1774880640,6430,6431,6428.75,6430.25
1774880700,6430.75,6433,6429.5,6429.75
1774880760,6430,6430,6426,6426.75
1774880820,6427,6428.75,6425,6427
1774880880,6426.75,6428,6423.75,6424
1774880940,6424.25,6427.75,6423.25,6426
1774881000,6426,6432,6425.25,6429.25
1774881060,6429.5,6432.75,6428,6430
1774881120,6430.25,6431.75,6427,6428.5
1774881180,6428.5,6432.5,6427.25,6428.5
1774881240,6428.5,6428.5,6425.25,6427
1774881300,6427,6428.25,6421,6421.75
1774881360,6421.75,6426.5,6419.5,6423.75
1774881420,6423.5,6426,6422.5,6426
1774881480,6426,6428.75,6424.75,6427
1774881540,6426.75,6428,6423.25,6425.75
1774881600,6425.75,6430,6424.25,6424.5
1774881660,6424.5,6425,6418.25,6420
1774881720,6419.75,6422.5,6418.75,6420
1774881780,6420.25,6421,6417,6417.5
1774881840,6417.75,6417.75,6414.75,6416.5
1774881900,6416.75,6418.5,6414.25,6417.5
1774881960,6417.25,6429.25,6417.25,6426.5
1774882020,6426.5,6433.75,6421.75,6432
1774882080,6431.75,6437,6428,6428.75
1774882140,6428.75,6431.5,6424.5,6424.75
1774882200,6425.25,6427.5,6422.25,6425.5
1774882260,6425.5,6426.5,6423,6423.5
1774882320,6423.25,6426,6422.25,6424.5
1774882380,6424.5,6428.75,6423.25,6428.25
1774882440,6428,6431.25,6425.75,6430
1774882500,6429.75,6430.5,6426,6428
1774882560,6427.75,6434.5,6427.5,6434
1774882620,6433.75,6439.75,6433.5,6437.25
1774882680,6437.25,6443.5,6436.75,6441.5
1774882740,6441.75,6443.25,6440.25,6442.75
1774882800,6442.75,6447.5,6442,6447.25
1774882860,6447.5,6449.25,6444.25,6447.5
1774882920,6447.25,6450,6446.25,6449.5
1774882980,6449.25,6451,6448,6450.75
1774883040,6450.5,6451.5,6448.75,6451.5
1774883100,6451.5,6456,6448.5,6448.5
1774883160,6448.5,6448.5,6442.25,6443.5
1774883220,6443,6443.5,6436.5,6437.25
1774883280,6437.25,6438.5,6434,6436
1774883340,6436,6437.25,6433.75,6435.75
1774883400,6435.75,6440,6435.5,6437
1774883460,6437,6437.75,6435,6435.5
1774883520,6435.5,6438,6434.75,6436.5
1774883580,6436.5,6438.25,6433.75,6436.25
1774883640,6436.25,6436.25,6431.25,6432
1774883700,6432.5,6433,6426.25,6428.5
1774883760,6428.5,6429.25,6423,6424.5
1774883820,6424.25,6428.25,6423.75,6426.25
1774883880,6426.25,6428.25,6425.25,6428
1774883940,6428,6432.25,6427.5,6431.25
1774884000,6431.5,6435.25,6430.5,6433.25
1774884060,6433.25,6433.5,6431.25,6432.25
1774884120,6432.5,6432.5,6428.75,6431
1774884180,6431.25,6435,6431,6434.5
1774884240,6434.25,6436.25,6433.5,6435.25
1774884300,6435.25,6438.5,6434.75,6436.5
1774884360,6436.5,6438.75,6435.75,6438.25
1774884420,6438,6438.25,6436,6436.5
1774884480,6436.75,6437.25,6433.5,6434.25
1774884540,6434.25,6434.25,6431.25,6431.75
1774884600,6431.75,6433.5,6427.75,6430
1774884660,6430,6432.75,6429.75,6432
1774884720,6432.25,6437.75,6431.5,6437
1774884780,6436.75,6443.75,6436.25,6441
1774884840,6441.25,6444.5,6439.25,6443.25
1774884900,6443.5,6446,6443.25,6445.25
1774884960,6445.5,6448.5,6444.5,6447.75
1774885020,6447.5,6449.5,6445.5,6449.5
1774885080,6449.25,6449.25,6444,6444.5
1774885140,6444.5,6445.25,6440.25,6441.5
1774885200,6441.25,6443.5,6439.75,6443
1774885260,6443,6446,6442.5,6444.25
1774885320,6444.25,6447,6443.5,6446.5
1774885380,6446.5,6448.5,6445.25,6447.5
1774885440,6447.5,6448.5,6447,6447.75
1774885500,6447.5,6448.5,6442.75,6444.25
1774885560,6444,6445.25,6442.5,6444
1774885620,6444.25,6446,6442.25,6444.75
1774885680,6444.25,6446,6444,6444.5
1774885740,6444.5,6446,6443.25,6445.25
1774885800,6445.75,6449.75,6445,6449.25
1774885860,6449,6452.5,6448,6452
1774885920,6451.5,6452.5,6449.75,6450.25
1774885980,6450,6451.5,6448.25,6449.5
1774886040,6449.75,6449.75,6446.75,6447.25
1774886100,6447,6447,6443.5,6445.25
1774886160,6445.25,6445.5,6440,6440.25
1774886220,6440.25,6442.75,6439.5,6442.5
1774886280,6442.5,6444.5,6440.25,6443
1774886340,6443,6443.25,6439.25,6441
1774886400,6441,6442.25,6437,6438.5
1774886460,6438.5,6439.25,6437,6437.75
1774886520,6437.5,6438.25,6432.75,6433.25
1774886580,6433.25,6433.75,6429.5,6429.5
1774886640,6429.5,6431.75,6429,6430.25
1774886700,6430.25,6432.5,6429.25,6430
1774886760,6430.25,6433.5,6430,6432.25
1774886820,6432,6433.25,6428.5,6429.25
1774886880,6429.25,6431.75,6427.5,6430.25
1774886940,6430.25,6433.25,6430,6430.5
1774887000,6430.5,6434,6429.25,6433.25
1774887060,6433.5,6434.25,6432,6432.25
1774887120,6432.5,6436.25,6432.25,6435.5
1774887180,6435.5,6436,6433.5,6434.25
1774887240,6434.25,6435,6433.25,6434.25
1774887300,6434.25,6434.25,6430.5,6431.75
1774887360,6432,6432.75,6429.5,6430.25
1774887420,6430.5,6432.5,6430.25,6430.25
1774887480,6430,6430.5,6427.75,6427.75
1774887540,6427.75,6429.75,6427,6429
1774887600,6428.5,6431.75,6428,6429
1774887660,6429,6429.5,6426,6428
1774887720,6428,6430.75,6427,6427.5
1774887780,6427.5,6428,6424.75,6425.25
1774887840,6425.5,6426.75,6423.5,6425.5
1774887900,6425.25,6426.25,6424,6424.25
1774887960,6424.25,6424.5,6421,6421.5
1774888020,6421.75,6422.75,6419.75,6420
1774888080,6420,6421.5,6418.5,6419.5
1774888140,6419.5,6421,6419.5,6419.5
1774888200,6419.75,6421,6418.25,6419.75
1774888260,6419.75,6424.25,6419.75,6422.75
1774888320,6422.75,6425,6421.25,6422.5
1774888380,6422.5,6424.5,6422,6423
1774888440,6423,6424.5,6422,6422.5
1774888500,6422.75,6423.5,6422,6422.5
1774888560,6422.75,6423,6420.5,6422.5
1774888620,6422.5,6424,6422.25,6423.25
1774888680,6423.25,6425.5,6422,6424.25
1774888740,6424.25,6427.25,6424,6425.5
1774888800,6425.5,6425.75,6422.5,6423.25
1774888860,6423,6425.75,6422.25,6424.5
1774888920,6424.75,6425,6422.25,6422.75
1774888980,6422.75,6424.25,6422,6422.75
1774889040,6422.5,6423.25,6421.25,6423
1774889100,6423,6423,6420.25,6422.25
1774889160,6422,6422,6420.75,6421.25
1774889220,6421.25,6423.5,6420.5,6422.25
1774889280,6422,6423,6421,6422
1774889340,6421.75,6422.75,6419.75,6421
1774889400,6420.75,6421.5,6419.5,6421.25
1774889460,6421.5,6424.75,6421.25,6424
1774889520,6424,6424.75,6422,6422.5
1774889580,6422.5,6423,6420,6420.75
1774889640,6421,6422,6419,6419.25
1774889700,6419,6419.25,6416.75,6417.5
1774889760,6417.75,6419.25,6417.25,6418.25
1774889820,6418.5,6419,6417.25,6418
1774889880,6418.25,6420,6417.75,6418.25
1774889940,6418,6421.5,6417.75,6420
1774890000,6420.25,6424.5,6420.25,6423.5
1774890060,6423.5,6425.75,6421.75,6422.25
1774890120,6422.5,6422.75,6418.5,6419.75
1774890180,6419.5,6421.25,6418.25,6419.5
1774890240,6419.5,6419.5,6415.5,6415.75
1774890300,6416,6420,6415,6418.75
1774890360,6418.75,6423.5,6418.5,6421.75
1774890420,6421.75,6422.5,6420.75,6421.5
1774890480,6421.75,6421.75,6419.5,6420.5
1774890540,6420.25,6421.75,6419,6421.25
1774890600,6421.5,6422.5,6416.25,6416.75
1774890660,6416.75,6417.5,6416,6416.25
1774890720,6416.25,6418,6416.25,6416.75
1774890780,6416.75,6416.75,6412.25,6413.5
1774890840,6413.5,6414.5,6411.5,6412.75
1774890900,6412.5,6414.5,6406.75,6408.25
1774890960,6408.25,6409,6404.75,6406.75
1774891020,6406.5,6408.75,6406.5,6408.25
1774891080,6408.5,6408.75,6406.75,6408.25
1774891140,6408.25,6408.5,6406.5,6408
1774891200,6408,6409.75,6406.25,6406.75
1774891260,6406.75,6407.5,6402.75,6404
1774891320,6404.25,6404.75,6401.5,6402.25
1774891380,6402.25,6404.25,6401.75,6403.25
1774891440,6403.25,6405,6402,6404.25
1774891500,6404,6404.75,6402,6403.25
1774891560,6403.25,6405.75,6401.75,6402.5
1774891620,6402.5,6403,6399.25,6401.25
1774891680,6401,6402.75,6399.5,6401.25
1774891740,6401.5,6402.25,6400.25,6401
1774891800,6401,6401.5,6399.25,6400.5
1774891860,6400.5,6400.75,6397,6397.75
1774891920,6397.75,6398,6395,6396.5
1774891980,6396.75,6397.75,6395,6395.5
1774892040,6395.25,6396.5,6395,6396
1774892100,6396.25,6397.5,6393.75,6395.25
1774892160,6395,6401.25,6395,6400.5
1774892220,6400.25,6401.75,6398.5,6399
1774892280,6399.25,6401,6398.5,6399.5
1774892340,6399.75,6403.75,6399.25,6403
1774892400,6403,6405,6401.25,6404.25
1774892460,6404,6404.5,6401.5,6403.75
1774892520,6404,6406.75,6403.5,6405.25
1774892580,6405.25,6407,6404.25,6407
1774892640,6407,6410.5,6406.5,6409.25
1774892700,6409.25,6410.25,6408.5,6410.25
1774892760,6410.25,6410.25,6405.75,6406
1774892820,6406,6413.25,6404.25,6409
1774892880,6409,6409,6403,6404
1774892940,6403.75,6405.75,6403,6403.5
1774893000,6403.5,6404.5,6401,6402
1774893060,6402,6404.25,6401.5,6403.75
1774893120,6404,6404.5,6401.75,6402.5
1774893180,6402.25,6404.75,6402.25,6403.75
1774893240,6404,6404,6401,6402.25
1774893300,6402,6402.75,6400.25,6401.5
1774893360,6401.25,6403,6401,6401.25
1774893420,6401,6401.25,6398.75,6401
1774893480,6400.75,6400.75,6399.25,6399.5
1774893540,6399.5,6403.25,6399.5,6402.75
1774893600,6402.5,6403.5,6401,6401.5
1774893660,6401.5,6402.75,6400.25,6401
1774893720,6400.75,6403.25,6400.25,6402.75
1774893780,6402.5,6404.75,6401.75,6401.75
1774893840,6401.75,6402,6399.25,6400.25
1774893900,6400.25,6403.25,6400.25,6401.5
1774893960,6401.25,6401.5,6397.25,6398.75
1774894020,6399,6399.25,6395.5,6397.5
1774894080,6397.25,6399.25,6395.75,6396.25
1774894140,6396,6397.5,6395.75,6396.5
1774894200,6396.5,6398.75,6395.5,6396.75
1774894260,6396.75,6399.25,6396.5,6398.5
1774894320,6398.25,6398.75,6396.75,6398.5
1774894380,6398.25,6398.75,6396,6396.75
1774894440,6396.75,6401,6396.5,6399.5
1774894500,6399.75,6400.75,6397,6397.25
1774894560,6397.25,6399.25,6397,6398.25
1774894620,6398,6399.75,6397.5,6397.75
1774894680,6397.75,6399.75,6397.5,6398.75
1774894740,6399,6402.5,6398.75,6401.75
1774894800,6402,6403.5,6401,6402.75
1774894860,6402.5,6404,6399.5,6400.5
1774894920,6400.25,6401.75,6398.25,6398.75
1774894980,6399,6399.75,6397.25,6398.25
1774895040,6398,6398.75,6397,6397.5
1774895100,6397.75,6398,6394.5,6395.75
1774895160,6395.75,6396,6392.25,6393.5
1774895220,6394,6394,6391.25,6392.5
1774895280,6392.5,6392.5,6390,6391.5
1774895340,6391.75,6392,6389.75,6390
1774895400,6390.25,6392.5,6389.75,6392
1774895460,6392,6394.5,6391.75,6392.5
1774895520,6392.5,6394.25,6392,6392.5
1774895580,6392.5,6393.5,6392,6393.25
1774895640,6393.25,6393.75,6392.25,6393.5
1774895700,6393.5,6395.75,6393.25,6395.5
1774895760,6395.5,6399.25,6395.25,6398.75
1774895820,6398.75,6399,6397,6397.25
1774895880,6397.25,6398,6394.75,6395.5
1774895940,6395.25,6395.25,6392,6392.25
1774896000,6392.25,6394,6391.5,6394
1774896060,6394,6394.5,6393.25,6393.25
1774896120,6393.5,6394,6391.5,6392.5
1774896180,6392.5,6392.75,6391,6392.5
1774896240,6392.25,6393.25,6391.75,6392.25
1774896300,6392.25,6395,6392.25,6392.75
1774896360,6392.5,6393,6390.75,6391.5
1774896420,6391.5,6392,6390.25,6391.25
1774896480,6391.25,6393.25,6389.25,6390
1774896540,6390.25,6391.25,6389.5,6390
1774896600,6390,6390.5,6387.25,6388.25
1774896660,6388.5,6388.5,6385.25,6385.75
1774896720,6386,6386.5,6384.25,6385.25
1774896780,6385.25,6386,6384.5,6385.25
1774896840,6385.25,6386.5,6383.5,6385.5
1774896900,6385.75,6387.75,6385.5,6386.25
1774896960,6386.25,6386.75,6385.5,6385.5
1774897020,6385.5,6385.75,6381.5,6382.25
1774897080,6382.25,6384.75,6381.75,6383.25
1774897140,6383.25,6385.5,6383,6385
1774897200,6384.75,6386.25,6382.5,6383.25
1774897260,6383.5,6385.25,6382.75,6384.75
1774897320,6384.5,6386.75,6383.75,6384.25
1774897380,6384,6384.5,6381.25,6381.5
1774897440,6381.5,6383.5,6381,6382.75
1774897500,6382.25,6382.5,6379,6379.5
1774897560,6379.25,6379.75,6375.5,6377.75
1774897620,6377.75,6378.5,6373.25,6374.25
1774897680,6374.25,6375.25,6372,6373.75
1774897740,6373.75,6374.25,6370.75,6372
1774897800,6371.75,6372.5,6367,6367
1774897860,6367.25,6369.25,6363,6365.75
1774897920,6365.75,6368.25,6365,6365.25
1774897980,6365.5,6367.5,6364.75,6367.25
1774898040,6367.25,6367.25,6365,6366.25
1774898100,6366.25,6370,6366,6368.5
1774898160,6368.5,6369.75,6367,6368
1774898220,6368.25,6370.5,6367.5,6368.75
1774898280,6368.5,6369.75,6367.75,6368.5
1774898340,6368.25,6368.5,6366.75,6367.5
1774898400,6367.5,6369.75,6367,6369.5
1774898460,6369.25,6369.25,6364.25,6365.25
1774898520,6365.25,6366.75,6365,6365.75
1774898580,6366,6368.75,6365.5,6367.5
1774898640,6367.25,6367.5,6365,6365.25
1774898700,6365.5,6366,6362.5,6363.5
1774898760,6363.25,6365.5,6363.25,6365
1774898820,6365.25,6366.25,6362,6363
1774898880,6363,6363,6360,6361
1774898940,6361,6363.5,6359.5,6362.75
1774899000,6362.75,6367.5,6362.75,6366
1774899060,6366.25,6366.75,6361.25,6362.25
1774899120,6362.25,6362.75,6360.25,6361.5
1774899180,6361.5,6363.75,6361.5,6363
1774899240,6362.75,6362.75,6360.75,6361.25
1774899300,6361.25,6366.25,6361.25,6365.25
1774899360,6365.5,6373.75,6365.5,6372.75
1774899420,6372.75,6372.75,6369,6370.75
1774899480,6370.75,6371.25,6367,6367.25
1774899540,6367.25,6369.5,6366.5,6369
1774899600,6369,6372.75,6369,6372.25
1774899660,6372.25,6374.5,6370.25,6374.25
1774899720,6374.25,6377.75,6373,6374.25
1774899780,6374.5,6375,6372.25,6374.25
1774899840,6374.25,6376,6373.75,6374.5
1774899900,6374.25,6377.25,6373.5,6376.75
1774899960,6376.5,6377.25,6374.25,6376.5
1774900020,6376.25,6382,6375.75,6381.25
1774900080,6381,6381.25,6376.75,6378.25
1774900140,6378.25,6379.25,6376.25,6378
1774900200,6378,6383.75,6374.25,6383.25
1774900260,6383.5,6385.75,6382.75,6385.25
1774900320,6385.25,6385.5,6382,6382.75
1774900380,6382.75,6386,6380,6385.75
1774900440,6385.75,6388.75,6384.5,6388.25
1774900500,6388.25,6394.25,6388,6391.25
1774900560,6391.5,6393,6390,6391.5
1774900620,6391.75,6393.75,6390.75,6392.75
1774900680,6392.75,6393,6384.25,6386
1774900740,6386,6390.75,6382.5,6387.75
1774900800,6387.75,6388.75,6380.5,6383.25
1774900860,6383.5,6385.5,6382.5,6384.5
1774900920,6384.75,6385.25,6383.5,6384.5
1774900980,6384.5,6385.25,6383.75,6384.25
1774901040,6384.25,6384.75,6382.25,6382.5
1774901100,6382.5,6385.5,6382.25,6383.25
1774901160,6383.25,6384.25,6382.25,6383.75
1774901220,6383.5,6383.5,6380.5,6380.5
1774901280,6380.75,6380.75,6377.75,6378.25
1774901340,6378.25,6380.25,6378,6380.25
1774901400,6380,6380.25,6379.25,6379.5
1774901460,6379.5,6380.25,6378.75,6379.5
1774901520,6379.5,6380,6378.25,6378.5
1774901580,6378.5,6379.25,6377,6378
1774901640,6378.25,6378.75,6377.5,6378
1774901700,6378,6380.5,6377.75,6379.25
1774901760,6379,6380.5,6378.5,6380.25
1774901820,6380.5,6380.75,6379.25,6379.5
1774901880,6379.5,6380.5,6379,6380
1774901940,6380.25,6381.5,6380,6380.5
1774902000,6380.5,6381.75,6380,6380.5
1774902060,6380.75,6381,6380.5,6380.5
1774902120,6380.25,6380.25,6379.5,6379.75
1774902180,6379.75,6380,6378.75,6379.5
1774902240,6379.5,6379.5,6378.25,6378.75
1774902300,6379,6379.25,6378.5,6379.25
1774902360,6379,6379.25,6378.75,6379
1774902420,6378.75,6380,6378.75,6379.75
1774902480,6380,6382.75,6380,6381.25
1774902540,6381.25,6381.25,6380.25,6381
1774902600,6381,6381.25,6379.75,6380.5
1774902660,6380.5,6381,6379.5,6379.75
1774902720,6380,6380,6379,6379.75
1774902780,6379.5,6380.25,6379,6379.75
1774902840,6379.5,6380,6379,6379
1774902900,6379,6379.5,6378.75,6379
1774902960,6379,6380.5,6379,6380
1774903020,6380,6380.25,6379.5,6380
1774903080,6379.75,6380.25,6379.5,6380.25
1774903140,6380.25,6380.5,6379.5,6380.25
1774903200,6380.25,6381.75,6380,6380.75
1774903260,6381,6381.75,6380.5,6381
1774903320,6381,6381,6380.5,6380.75
1774903380,6381,6381,6380.25,6380.5
1774903440,6380.75,6382.25,6380.5,6382
1774903500,6382,6382.5,6381.25,6381.25
1774903560,6381.5,6381.75,6381,6381.5
1774903620,6381.5,6382.25,6381.25,6381.5
1774903680,6381.25,6382,6381,6381.5
1774903740,6381.75,6381.75,6381,6381.75
1774903800,6381.25,6382,6380.75,6382
1774903860,6382.25,6382.25,6381.5,6381.5
1774903920,6381.75,6381.75,6380,6380.5
1774903980,6380.25,6380.5,6379.75,6380.5
1774904040,6380.5,6380.75,6380,6380
1774904100,6380,6381,6379.75,6380.75
1774904160,6380.75,6382.25,6380.75,6381.5
1774904220,6381.5,6382,6381.5,6382
1774904280,6382,6383.25,6381.75,6382.75
1774904340,6382.5,6383.75,6382,6383.5
1774908000,6384.5,6388.5,6384.25,6387.75
1774908060,6388,6389.25,6387.25,6389
1774908120,6389,6390.5,6388.25,6388.5
1774908180,6388.75,6391.75,6388,6390.75
1774908240,6390.5,6392.25,6390.25,6391.5
1774908300,6391.5,6393,6390,6390.75
1774908360,6390.5,6391.5,6390.25,6391
1774908420,6391,6391.5,6388.5,6388.5
1774908480,6388.5,6389.75,6388.25,6388.25
1774908540,6388,6388,6386.25,6386.25
1774908600,6386.25,6386.5,6385,6386.25
1774908660,6386.25,6386.5,6384.25,6386
1774908720,6386,6386.75,6384.25,6385
1774908780,6385,6386.5,6385,6386.5
1774908840,6386.5,6387,6385.75,6386
1774908900,6386,6386.75,6385,6386.5
1774908960,6386.5,6387.5,6385.75,6387.5
1774909020,6387.75,6389,6387,6388.5
1774909080,6388.25,6388.75,6387.25,6388
1774909140,6387.75,6388,6385.75,6386.25
1774909200,6386.5,6387.75,6386.25,6387
1774909260,6386.75,6387.25,6386.25,6386.5
1774909320,6386.5,6387.5,6385.75,6387.25
1774909380,6387.25,6387.75,6386.75,6387
1774909440,6387,6388.5,6386.75,6388.5
1774909500,6388.5,6388.75,6387.5,6388.5
1774909560,6388.5,6389.5,6388.25,6389
1774909620,6388.75,6388.75,6387.75,6387.75
1774909680,6387.75,6388.25,6386.75,6388
1774909740,6387.75,6388.25,6387.5,6388
1774909800,6388,6388.25,6385.5,6385.75
1774909860,6385.75,6386.5,6384,6386.5
1774909920,6386.25,6386.75,6385.75,6386.75
1774909980,6386.75,6387.5,6386.25,6386.75
1774910040,6386.5,6387.25,6386.5,6387
1774910100,6387,6387.5,6386,6386.5
1774910160,6386.5,6387.25,6385.5,6386.75
1774910220,6387,6388.75,6386.5,6388
1774910280,6387.5,6388,6386.25,6386.5
1774910340,6386.75,6388,6386.75,6387.75
1774910400,6387.5,6388.5,6387.25,6387.75
1774910460,6388,6388.5,6387.75,6388
1774910520,6387.75,6388.25,6386.25,6386.25
1774910580,6386.25,6387.25,6386.25,6386.5
1774910640,6386.25,6386.5,6384.5,6385
1774910700,6385.25,6385.75,6384.75,6385.25
1774910760,6385.25,6385.75,6384.5,6385.75
1774910820,6385.75,6385.75,6384.5,6384.5
1774910880,6384.25,6385.5,6383.25,6385.25
1774910940,6385.25,6385.75,6384.75,6385.5
1774911000,6385,6387.25,6384.75,6387.25
1774911060,6387,6387.5,6386.25,6387.25
1774911120,6387,6387.5,6385.75,6387
1774911180,6387,6387.25,6386.25,6386.75
1774911240,6387,6387.25,6386.5,6387
1774911300,6387.25,6387.5,6386.5,6386.5
1774911360,6386.5,6387,6385.5,6385.75
1774911420,6385.5,6387.25,6384.25,6386.5
1774911480,6387,6388,6385.25,6385.25
1774911540,6385.25,6385.75,6384,6384
1774911600,6384,6384.25,6379.75,6380
1774911660,6380,6381,6378,6379.5
1774911720,6379.5,6380.25,6377.5,6378.5
1774911780,6378.5,6379.25,6377.25,6377.5
1774911840,6377.75,6377.75,6375.25,6375.5
1774911900,6375.5,6377,6374.25,6374.75
1774911960,6374.5,6375.75,6373,6373.75
1774912020,6374,6378,6372.5,6372.5
1774912080,6373,6375,6367.25,6371.25
1774912140,6371.25,6371.75,6369.25,6370.75
1774912200,6370.75,6373,6370.25,6372.75
1774912260,6372.5,6374.25,6371.75,6373
1774912320,6373,6373.25,6369.75,6371
1774912380,6371,6371.25,6369,6370.75
1774912440,6371.25,6372.75,6371,6372
1774912500,6372,6372,6370.25,6372
1774912560,6371.75,6373,6370.75,6372.25
1774912620,6372.5,6372.75,6371.25,6372.25
1774912680,6372.25,6373,6371.5,6373
1774912740,6372.75,6374.25,6372.75,6374.25
1774912800,6374,6376.25,6373.25,6376.25
1774912860,6376,6376.75,6374.5,6374.5
1774912920,6374.75,6374.75,6372.75,6373.75
1774912980,6374,6375,6373.5,6374.25
1774913040,6373.75,6375.25,6373.25,6374.25
1774913100,6374.5,6375,6373,6373.75
1774913160,6373.75,6374,6373,6374
1774913220,6374.25,6375.75,6373,6375.5
1774913280,6375.25,6375.5,6374.25,6374.75
1774913340,6374.75,6375.25,6373.25,6373.25
1774913400,6373.75,6374.25,6371.25,6372.25
1774913460,6372.75,6372.75,6369.75,6370
1774913520,6370,6371,6369.5,6370
1774913580,6370,6371.25,6368.75,6371
1774913640,6370.75,6371,6369.25,6369.75
1774913700,6369.75,6372,6369.25,6372
1774913760,6372,6373.25,6371,6372.75
1774913820,6372.5,6373,6370.75,6371.25
1774913880,6372,6372.25,6370.75,6371
1774913940,6371.5,6371.75,6370.25,6370.5
1774914000,6371,6371.25,6370,6370.5
1774914060,6370.25,6372.25,6369.25,6372
1774914120,6371.5,6372.25,6371.25,6372
1774914180,6372.25,6372.25,6371,6371.5
1774914240,6371.5,6371.5,6369.5,6370.5
1774914300,6371,6371.25,6368.75,6369.5
1774914360,6369.5,6370.5,6368.5,6369.5
1774914420,6369.75,6369.75,6368,6368.75
1774914480,6368.5,6369.25,6367.75,6368.25
1774914540,6368.75,6370.25,6368.5,6369.5
1774914600,6369.5,6372.75,6369.25,6372
1774914660,6372.25,6372.25,6370,6370.75
1774914720,6371,6371.25,6369,6370.25
1774914780,6370.5,6371,6369,6369.25
1774914840,6369.25,6370.25,6369,6370
1774914900,6369.75,6370.25,6368.75,6370
1774914960,6369.75,6371,6369.5,6370.75
1774915020,6371,6371.25,6368.5,6370.25
1774915080,6370.25,6370.75,6369.75,6370
1774915140,6370.25,6373.25,6370.25,6373
1774915200,6373,6376.25,6371.5,6374
1774915260,6374,6374.75,6371.25,6373.5
1774915320,6373.75,6380.5,6373.75,6376.75
1774915380,6376.75,6377,6374.5,6374.75
1774915440,6374.75,6378.25,6374.75,6378
1774915500,6378,6378.25,6375,6375.75
1774915560,6375.5,6377.5,6374.5,6376
1774915620,6375.75,6376,6373,6373.75
1774915680,6373.75,6374.5,6372.25,6372.75
1774915740,6373,6374,6371.75,6373.25
1774915800,6373,6374.75,6372.25,6372.75
1774915860,6372.5,6373.5,6367.75,6367.75
1774915920,6368,6369.75,6365.25,6365.5
1774915980,6365.75,6367.25,6364.75,6367.25
1774916040,6367.25,6368.5,6365.75,6367.25
1774916100,6367.5,6368.5,6364.5,6365.25
1774916160,6365.5,6365.5,6359.75,6360.75
1774916220,6360.75,6361.25,6358.5,6360.25
1774916280,6360.25,6361.25,6359.5,6360.75
1774916340,6360.75,6361.25,6359,6361
1774916400,6360.5,6364.25,6360.5,6363
1774916460,6363,6363.5,6361.5,6362.5
1774916520,6362,6362,6359.5,6360.75
1774916580,6360.75,6361.75,6352,6357.25
1774916640,6356.75,6359.75,6355.25,6359.25
1774916700,6359.25,6363.5,6359,6363.5
1774916760,6363.25,6367.5,6362.75,6366.5
1774916820,6366.5,6366.75,6364.5,6365.5
1774916880,6365.25,6366.75,6364.25,6366.5
1774916940,6366.5,6367,6364.25,6366.5
1774917000,6366.5,6368,6365,6365.75
1774917060,6365.75,6366.25,6364.5,6364.5
1774917120,6364.5,6365,6362.25,6364
1774917180,6363.75,6364.5,6362.75,6364
1774917240,6363.5,6364.75,6363.5,6364.25
1774917300,6363.75,6370.75,6363.75,6369
1774917360,6368.75,6371.75,6367.75,6371.75
1774917420,6371.5,6371.5,6366.75,6366.75
1774917480,6367,6385.75,6367,6383.75
1774917540,6384.25,6384.25,6375.25,6380.25
1774917600,6380.25,6382.25,6376,6376
1774917660,6376,6383.5,6373.75,6380.5
1774917720,6380.5,6385,6380.5,6384
1774917780,6384,6391.25,6383.25,6388.75
1774917840,6388.75,6398.5,6388.75,6398.25
1774917900,6398,6416.25,6396.25,6414.5
1774917960,6414.75,6424.25,6412.5,6422.25
1774918020,6422.5,6427.25,6418.5,6425.75
1774918080,6425,6428.5,6416.25,6419.25
1774918140,6419.75,6425.5,6419.25,6419.5
1774918200,6419.5,6422.25,6416.5,6418.25
1774918260,6418.5,6420,6411,6411.75
1774918320,6411.5,6414.5,6408,6409
1774918380,6408.75,6421.25,6408.25,6417.5
1774918440,6417.5,6419.75,6415,6415.5
1774918500,6415.25,6417.75,6411.5,6412.5
1774918560,6412.25,6416.5,6408.5,6411.75
1774918620,6411.5,6412.75,6406.75,6410
1774918680,6410,6411.5,6407,6408
1774918740,6408,6412.5,6408,6411.75
1774918800,6412,6413.25,6408.25,6410.75
1774918860,6411.5,6416.75,6410.5,6415.75
1774918920,6415.75,6418.5,6414.25,6414.5
1774918980,6414.5,6414.75,6411.5,6411.75
1774919040,6411.75,6411.75,6406.75,6408.75
1774919100,6408.5,6410.25,6406.75,6408.5
1774919160,6408.75,6409.25,6403.25,6405
1774919220,6404.75,6404.75,6400.5,6403
1774919280,6403,6404.75,6399.25,6400.75
1774919340,6400.5,6405,6400.25,6401.25
1774919400,6401,6402.5,6399.25,6402.25
1774919460,6402.5,6405.5,6400.75,6402.75
1774919520,6403,6406.75,6402.75,6406.25
1774919580,6406.5,6407.5,6405,6406
1774919640,6405.75,6408.25,6405.25,6406.75
1774919700,6406.75,6411.75,6405.5,6411.5
1774919760,6411.5,6414.75,6410.25,6411.5
1774919820,6411.25,6412.75,6409,6410
1774919880,6410.5,6415,6410.5,6414.25
1774919940,6414.25,6416.75,6413,6416
1774920000,6416,6419,6415.75,6418.5
1774920060,6418.5,6423.5,6418,6422.5
1774920120,6422.5,6426.75,6420.5,6426.5
1774920180,6426.5,6428.75,6424.25,6427.25
1774920240,6427,6429.5,6425.75,6428
1774920300,6428,6434.5,6427.5,6432
1774920360,6432.25,6438.75,6431.5,6437
1774920420,6437.5,6438.75,6434.75,6437.75
1774920480,6437.75,6438,6434.5,6436.5
1774920540,6436,6436.5,6432.5,6436.25
1774920600,6436.25,6439.25,6436,6438.25
1774920660,6438.5,6441.75,6437.25,6439.75
1774920720,6440,6446,6439,6445
1774920780,6445,6447,6442.5,6445.25
1774920840,6445.5,6447.75,6443.5,6447
1774920900,6446.75,6449,6443.75,6445.25
1774920960,6445.75,6449,6444.75,6448.25
1774921020,6448.25,6453.25,6448,6450.5
1774921080,6450.5,6452.25,6447.75,6450
1774921140,6450,6452.5,6447.25,6452
1774921200,6452.25,6454,6451,6451.75
1774921260,6451.75,6452.75,6448.5,6450
1774921320,6449.5,6449.5,6446,6448
1774921380,6448,6449.25,6445.5,6447.5
1774921440,6447.5,6448.75,6445.5,6447
1774921500,6446.5,6447.75,6444.25,6444.75
1774921560,6445,6445,6441.75,6442.25
1774921620,6442.25,6444,6441.75,6443.25
1774921680,6443.25,6445.75,6442,6445
1774921740,6444.75,6446.5,6441.75,6442.25
1774921800,6442.5,6443.5,6441,6441.25
1774921860,6441.25,6447.75,6441,6447.25
1774921920,6447.5,6449.5,6445.25,6446
1774921980,6446.5,6447.5,6444.25,6446
1774922040,6445.25,6447,6444.75,6445.5
1774922100,6445.25,6446.25,6443.5,6444
1774922160,6444.25,6445.75,6443.25,6444.25
1774922220,6444.75,6445,6440.5,6441.5
1774922280,6441.25,6443.75,6440.75,6442.25
1774922340,6442.25,6442.75,6440.75,6441.25
1774922400,6441.75,6442.5,6439.5,6440.25
1774922460,6440,6442.25,6438.25,6439.25
1774922520,6439.5,6440.5,6437.5,6438.5
1774922580,6438.75,6440.25,6437.75,6438.75
1774922640,6438.75,6439.25,6437.75,6438.75
1774922700,6439,6440.75,6438.75,6440.25
1774922760,6440.25,6445,6439.75,6443.25
1774922820,6443,6444.5,6440.75,6441.75
1774922880,6441.5,6443.25,6441.25,6442.5
1774922940,6442.5,6443.5,6441.5,6443
1774923000,6442.75,6443,6441.25,6442.5
1774923060,6442,6443.25,6441.5,6442.25
1774923120,6442.5,6444.5,6442,6443
1774923180,6442.75,6444.5,6442.75,6443.5
1774923240,6443.5,6444.5,6443,6443.5
1774923300,6443.5,6448,6443,6444.25
1774923360,6444.25,6444.25,6442.25,6443.5
1774923420,6444.25,6446.75,6443.25,6444.75
1774923480,6445,6447.25,6444.75,6445.75
1774923540,6445.75,6445.75,6442.75,6445.5
1774923600,6445,6446.25,6443.75,6445.5
1774923660,6445.75,6446.75,6444.75,6445.25
1774923720,6445,6449.75,6444.75,6448.5
1774923780,6448.5,6450,6447.5,6447.5
1774923840,6447.25,6447.5,6443.5,6445.5
1774923900,6446,6446.25,6443.75,6444.25
1774923960,6444.25,6445.5,6443.75,6444.5
1774924020,6444.5,6446.75,6444.5,6446.5
1774924080,6446.5,6449,6446,6448
1774924140,6448,6448.5,6445.75,6447.5
1774924200,6447.25,6450.5,6445,6449.5
1774924260,6449.25,6450,6446,6446.25
1774924320,6446.25,6448.5,6445,6446.25
1774924380,6446,6447,6444,6445.75
1774924440,6445.5,6446.75,6444.75,6446.5
1774924500,6446.75,6448,6446.25,6446.25
1774924560,6446.25,6448.25,6446.25,6447
1774924620,6447,6450.75,6446.75,6450.5
1774924680,6450,6450.5,6447,6447.5
1774924740,6447.5,6449.25,6447,6448.5
1774924800,6448.5,6449,6445.5,6445.75
1774924860,6445.5,6447,6444.5,6446.5
1774924920,6446.25,6448.5,6446.25,6448.25
1774924980,6448.25,6449,6447.25,6448.25
1774925040,6448.25,6451.5,6448,6450.75
1774925100,6450.5,6451.5,6449.75,6450.75
1774925160,6450.5,6450.75,6449.25,6450.5
1774925220,6450.25,6452.25,6450.25,6451.75
1774925280,6451.25,6451.5,6450.25,6451
1774925340,6450.5,6452,6450.5,6451.5
1774925400,6451.5,6456.75,6451.25,6456
1774925460,6456,6460.25,6455.25,6457
1774925520,6457.5,6460,6456.25,6459.5
1774925580,6459.25,6461.5,6458,6458.75
1774925640,6459,6459.25,6455.25,6456.75
1774925700,6456.5,6456.75,6453,6453.75
1774925760,6454,6456.5,6453.25,6455.75
1774925820,6455.5,6456,6454.25,6454.25
1774925880,6454.25,6455.25,6453.5,6453.75
1774925940,6453.75,6454.5,6450.25,6450.25
1774926000,6450.5,6451.25,6448,6450.25
1774926060,6450.5,6451,6448,6449.75
1774926120,6449.5,6451.5,6449.25,6450.75
1774926180,6450.25,6451.25,6449.75,6451.25
1774926240,6451,6451.5,6450.25,6451
1774926300,6451.25,6452,6449.25,6451.5
1774926360,6451.25,6454.75,6451,6454
1774926420,6454.5,6459,6454.25,6458.25
1774926480,6457.75,6459,6456.5,6457.25
1774926540,6456.75,6456.75,6454.25,6455.25
1774926600,6455,6456,6454.25,6455.75
1774926660,6456,6456.5,6455.25,6455.5
1774926720,6455.25,6459,6455.25,6457.5
1774926780,6457.5,6457.75,6456.5,6456.5
1774926840,6456.5,6457,6454.75,6454.75
1774926900,6454.75,6455.75,6453.75,6454
1774926960,6454,6454,6451,6451.75
1774927020,6451.5,6451.75,6449,6449
1774927080,6449.5,6450.5,6449,6450.5
1774927140,6450.25,6451.25,6449,6449.25
1774927200,6449,6450.25,6448.5,6450.25
1774927260,6450,6450.25,6449.25,6449.25
1774927320,6449.25,6449.5,6448.5,6449.5
1774927380,6449,6449.75,6449,6449.25
1774927440,6449,6449.5,6447.25,6448.5
1774927500,6448.5,6450.5,6448.25,6450
1774927560,6449.75,6450.5,6448,6448
1774927620,6448.25,6449.25,6448,6448.75
1774927680,6448.75,6449.25,6447.25,6448.5
1774927740,6448.5,6449.25,6448,6448.5
1774927800,6449,6450,6447.25,6447.25
1774927860,6447.5,6448.5,6446.5,6448
1774927920,6447.75,6447.75,6446.75,6447.5
1774927980,6447.25,6448.25,6446.75,6448
1774928040,6448.25,6451,6447,6447.75
1774928100,6447.25,6448,6445.75,6447
1774928160,6447,6447,6445.25,6445.75
1774928220,6445.75,6447.5,6445.5,6446.75
1774928280,6446.5,6447.25,6446.25,6447
1774928340,6447.25,6448,6446.5,6447
1774928400,6447,6447.75,6446.5,6447.25
1774928460,6447.25,6447.5,6446.5,6447.25
1774928520,6447,6447,6445.5,6446
1774928580,6446,6447.25,6446,6446.5
1774928640,6446.5,6447,6445.25,6445.75
1774928700,6446,6446.5,6445.5,6445.75
1774928760,6445.75,6446.25,6444.75,6445.75
1774928820,6446,6446.25,6445,6445
1774928880,6445,6445.25,6443.25,6443.5
1774928940,6443.5,6445,6442.75,6444
1774929000,6444.5,6448.75,6444.5,6448.5
1774929060,6448,6448,6446.75,6447.5
1774929120,6447.75,6447.75,6445.75,6446.75
1774929180,6446.75,6447.25,6446,6446.5
1774929240,6447,6447.25,6445.25,6445.25
1774929300,6445.25,6445.75,6444,6445
1774929360,6444.75,6445.5,6444.25,6445.25
1774929420,6445,6445.5,6443,6443.5
1774929480,6443.5,6444.25,6443,6444
1774929540,6443.75,6443.75,6442.25,6443
1774929600,6443,6446.5,6442.75,6445
1774929660,6445,6446,6445,6445.5
1774929720,6445.75,6445.75,6443.5,6445
1774929780,6445,6445.5,6444.25,6445
1774929840,6445.5,6445.75,6444.5,6444.5
1774929900,6444.25,6444.25,6442.75,6443.25
1774929960,6443.25,6446.25,6443.25,6445.25
1774930020,6445.25,6446,6444.25,6444.25
1774930080,6444.25,6447.5,6444.25,6445.5
1774930140,6445.75,6446.25,6445,6445.25
1774930200,6445.75,6446.25,6445.25,6445.75
1774930260,6445.75,6446.25,6444,6445
1774930320,6444.75,6446.5,6444.5,6445.75
1774930380,6445.5,6446.5,6445.25,6445.75
1774930440,6445.75,6446.25,6445,6445.5
1774930500,6445.25,6445.75,6445,6445.25
1774930560,6445.5,6446,6445,6445.75
1774930620,6445.5,6446,6445.25,6445.75
1774930680,6446,6447.5,6445.75,6446.75
1774930740,6447,6447.5,6446.5,6447
1774930800,6446.75,6449,6446.75,6448.75
1774930860,6448.5,6448.75,6445.5,6447
1774930920,6446.5,6447,6444.5,6445.25
1774930980,6445.25,6445.75,6444.5,6445.5
1774931040,6445.25,6445.75,6444.5,6445
1774931100,6445.25,6445.25,6440.5,6440.5
1774931160,6441,6443,6440.25,6440.5
1774931220,6440.75,6441.25,6438.5,6441
1774931280,6441,6443.25,6440.75,6441.5
1774931340,6441.5,6441.75,6439.25,6440.75
1774931400,6440.75,6442,6440,6442
1774931460,6442,6442,6440,6440.5
1774931520,6440.5,6443,6440,6442.5
1774931580,6442.75,6444.25,6441.75,6443
1774931640,6443,6443.5,6441,6441.75
1774931700,6442,6442,6439.25,6439.75
1774931760,6439.75,6442.75,6439.75,6442.25
1774931820,6442,6442.5,6438.5,6439.75
1774931880,6439.75,6440.25,6438.75,6439
1774931940,6439,6440,6439,6439.25
1774932000,6439,6439.75,6437.75,6438.25
1774932060,6438.5,6439.25,6438.25,6438.75
1774932120,6438.75,6439.25,6437.5,6438.25
1774932180,6438.75,6439.75,6438.25,6439
1774932240,6439,6441.25,6439,6440.25
1774932300,6440.5,6442,6440.5,6441.5
1774932360,6441.25,6442.25,6438.5,6438.5
1774932420,6438.5,6439,6436.5,6437
1774932480,6437.25,6438.25,6434.5,6436.25
1774932540,6436.5,6436.75,6434.5,6435
1774932600,6435.25,6436.75,6434.5,6436.25
1774932660,6436,6437.25,6435.75,6436
1774932720,6436,6436.25,6433.25,6434
1774932780,6434.25,6435.5,6432.5,6435.25
1774932840,6435.5,6436.75,6435.25,6435.25
1774932900,6435.75,6435.75,6434.5,6435
1774932960,6435.25,6435.25,6433.5,6434.5
1774933020,6434.5,6435.25,6434.5,6434.5
1774933080,6434.5,6435.25,6433.75,6435.25
1774933140,6435.25,6435.25,6434,6434
1774933200,6434,6434.5,6431.25,6431.75
1774933260,6431.75,6433.75,6431.75,6432.5
1774933320,6432.25,6434.25,6431.75,6434.25
1774933380,6433.75,6434.5,6432.5,6433.25
1774933440,6433.25,6434.25,6432.25,6433
1774933500,6433.5,6433.5,6431.75,6432.75
1774933560,6432.75,6433.75,6431,6432.5
1774933620,6432.5,6432.5,6431.25,6431.75
1774933680,6432.25,6432.75,6431.25,6431.75
1774933740,6431.5,6431.5,6429.5,6430.25
1774933800,6430.25,6430.25,6428.25,6428.75
1774933860,6428.5,6429.25,6428,6428.75
1774933920,6429,6429,6426.5,6427.25
1774933980,6427.5,6427.5,6423.25,6425.75
1774934040,6425.5,6426.75,6424.25,6425
1774934100,6425.25,6425.25,6422,6423.25
1774934160,6424,6425,6423,6425
1774934220,6425,6428.75,6424.25,6427.75
1774934280,6427.75,6428.75,6427.25,6427.75
1774934340,6427.75,6428.75,6427.25,6427.75
1774934400,6427.5,6430.75,6427.5,6430.25
1774934460,6430.25,6433,6429.75,6432.75
1774934520,6432.75,6433.5,6431.5,6433
1774934580,6432.5,6434.5,6432.25,6434
1774934640,6433.75,6435.25,6433.5,6435
1774934700,6435.25,6435.5,6433.75,6434.25
1774934760,6434,6437.5,6433.75,6436.25
1774934820,6436,6436.25,6434.25,6434.25
1774934880,6434,6436.25,6434,6436
1774934940,6435.75,6435.75,6432.25,6433.75
1774935000,6434,6434.25,6432.25,6433
1774935060,6432.75,6434,6432.5,6433.5
1774935120,6433.75,6434.5,6433,6433.75
1774935180,6434.25,6439,6434,6439
1774935240,6439.25,6440.5,6436.25,6438
1774935300,6438,6438.25,6436.25,6437.5
1774935360,6437,6438.75,6436.5,6437.25
1774935420,6437.25,6437.75,6435,6435.25
1774935480,6435.5,6437,6435.5,6436.75
1774935540,6436.5,6437.75,6436,6436.75
1774935600,6436.75,6438.5,6435.5,6437.75
1774935660,6437.5,6437.75,6436,6437.25
1774935720,6437,6437.25,6435.5,6437
1774935780,6436.75,6437.75,6436,6437.5
1774935840,6437.75,6438.5,6435.75,6438
1774935900,6438,6438.75,6436.25,6438.5
1774935960,6438.75,6439.5,6436.75,6438.5
1774936020,6438.25,6442.25,6438.25,6441.25
1774936080,6441,6443,6440.75,6442.25
1774936140,6442.5,6443,6440.5,6441.75
1774936200,6442.25,6443.5,6441.5,6443
1774936260,6443,6444.75,6442.75,6443.75
1774936320,6443.75,6444,6441.75,6442.5
1774936380,6442.5,6442.5,6440.5,6441
1774936440,6441,6441.25,6438,6439
1774936500,6439,6440.5,6438.25,6439.5
1774936560,6439.5,6440.25,6438.75,6439.75
1774936620,6440,6440,6437.25,6437.75
1774936680,6437.75,6438.75,6437.5,6438.25
1774936740,6438.25,6439,6438,6438.25
1774936800,6438.5,6439,6435.25,6435.75
1774936860,6436,6436.5,6433,6434
1774936920,6434,6436,6433.25,6435.25
1774936980,6435.75,6436.25,6434,6435.5
1774937040,6435.25,6437,6434.5,6436
1774937100,6436.25,6436.25,6435,6435.25
1774937160,6435.5,6436,6432.5,6433.75
1774937220,6433.5,6435.25,6430.5,6430.5
1774937280,6431,6432.75,6430.5,6431
1774937340,6430.75,6432,6430,6430.75
1774937400,6430,6430.75,6429,6429.75
1774937460,6430.25,6432,6429.25,6430.75
1774937520,6430.25,6430.75,6429.5,6430.5
1774937580,6430.75,6432,6430.25,6430.5
1774937640,6430.5,6430.75,6428.25,6430.5
1774937700,6430.5,6431.25,6429.25,6430.75
1774937760,6430.75,6431,6429.75,6429.75
1774937820,6429.75,6430.75,6429.75,6430.5
1774937880,6430.5,6434.25,6429.5,6433
1774937940,6433,6435,6432.75,6434.25
1774938000,6434.25,6435,6432.75,6434.5
1774938060,6434.75,6438,6434.5,6437.5
1774938120,6438,6440.5,6438,6439.5
1774938180,6439.5,6439.75,6436,6437.5
1774938240,6437.25,6438.25,6435.75,6437.75
1774938300,6437.75,6439.25,6435.75,6436.25
1774938360,6436.25,6439,6434.5,6435
1774938420,6435,6436.5,6433.25,6434.75
1774938480,6434.5,6436.5,6434,6434.75
1774938540,6434.75,6434.75,6431.25,6433.75
1774938600,6434,6436.75,6430.25,6432.75
1774938660,6432.5,6434.25,6432.25,6432.75
1774938720,6432.75,6434,6432,6433.5
1774938780,6433.75,6434.75,6432.75,6433.5
1774938840,6433.75,6434.5,6432,6433.25
1774938900,6433,6433.25,6429,6431.5
1774938960,6431.75,6435.25,6430.75,6433.5
1774939020,6433,6433.25,6430.5,6430.75
1774939080,6431,6432.25,6431,6431.75
1774939140,6432,6433.5,6431.75,6433.5
1774939200,6433.5,6435,6431.5,6431.5
1774939260,6431.25,6432.25,6430,6430.5
1774939320,6430.75,6432.25,6429.25,6429.5
1774939380,6429.5,6430.25,6427.75,6428.25
1774939440,6428.25,6430.5,6428.25,6429
1774939500,6429.25,6429.75,6427.5,6428.5
1774939560,6428.25,6430,6428,6428
1774939620,6427.75,6429.25,6427,6428.75
1774939680,6428.75,6429.5,6428,6429
1774939740,6429.25,6430.75,6429,6430.5
1774939800,6430.5,6432,6430.5,6431.5
1774939860,6431.5,6431.75,6430.5,6431.5
1774939920,6431.5,6431.75,6429,6429.75
1774939980,6429.5,6432.25,6428.75,6430.5
1774940040,6430.5,6432.75,6430.25,6432.75
1774940100,6432.75,6434.75,6431.5,6433.75
1774940160,6433.5,6437.75,6433.5,6436.25
1774940220,6436.25,6436.5,6432.5,6433
1774940280,6433,6434,6432.5,6432.75
1774940340,6432.75,6434.25,6432.5,6433.25
1774940400,6433.25,6434.25,6427.75,6429.25
1774940460,6429.25,6434.75,6429.25,6430.5
1774940520,6430.75,6434,6429.75,6433.25
1774940580,6433.5,6434,6430.5,6431.5
1774940640,6431.5,6434.75,6430.5,6434.75
1774940700,6435,6437,6433.75,6436.5
1774940760,6436,6436.5,6431.5,6433
1774940820,6433.25,6434.5,6432.25,6434
1774940880,6433.75,6434,6430.75,6432
1774940940,6432,6433,6430.75,6431.5
1774941000,6431.75,6433.5,6431,6432.5
1774941060,6432.25,6432.25,6428.75,6428.75
1774941120,6428.75,6430.5,6425.25,6425.5
1774941180,6426,6427,6423.5,6424
1774941240,6424.25,6429,6424,6427.5
1774941300,6427.5,6430,6426.5,6429.25
1774941360,6429.5,6429.5,6426.25,6427
1774941420,6427.25,6428,6425.25,6426
1774941480,6426.25,6426.25,6423.25,6424
1774941540,6423.75,6424,6421,6422.5
1774941600,6422.5,6428,6422.25,6427.25
1774941660,6427,6428.75,6426.25,6427.5
1774941720,6427.25,6428.25,6425,6427
1774941780,6426.75,6427.75,6425.75,6426.5
1774941840,6426.5,6429.25,6424.5,6428.25
1774941900,6428,6429,6426,6427.5
1774941960,6427.5,6428.75,6426.5,6426.75
1774942020,6427,6432,6426.5,6431.5
1774942080,6431.25,6431.75,6429.5,6430
1774942140,6430,6431,6429.5,6430.5
1774942200,6430.5,6434.25,6430.5,6433
1774942260,6433.25,6433.25,6430.75,6432
1774942320,6432.25,6435.5,6431.25,6435
1774942380,6435,6437.75,6435,6436
1774942440,6436,6436,6433.5,6435.25
1774942500,6435.25,6437.5,6435,6437.25
1774942560,6437.5,6438.75,6436.25,6437.75
1774942620,6438,6439.75,6437.75,6438.25
1774942680,6438.5,6441.5,6437.5,6441.5
1774942740,6441.5,6443,6440.5,6442.75
1774942800,6442.75,6444.5,6441.5,6444.25
1774942860,6444,6446.75,6442.5,6446.25
1774942920,6446.5,6447.75,6443.5,6445
1774942980,6444.75,6446.5,6444.25,6446
1774943040,6446,6447.25,6445.25,6446.75
1774943100,6447.5,6448.75,6446.5,6447
1774943160,6447.25,6449.5,6446.75,6448.5
1774943220,6448.75,6450.5,6447.75,6449.75
1774943280,6449.75,6453.5,6449.5,6451.5
1774943340,6451.75,6452,6448,6448
1774943400,6448.25,6449.75,6446.75,6449.75
1774943460,6449.5,6452.5,6449.25,6450.5
1774943520,6450.5,6451.75,6449.75,6451
1774943580,6451,6452.25,6450.75,6451.5
1774943640,6451.25,6452.5,6450.25,6451.25
1774943700,6451.25,6453,6448,6449.25
1774943760,6449.25,6452,6447.25,6452
1774943820,6452.25,6454.75,6451.25,6452
1774943880,6451.75,6455.5,6451.75,6455
1774943940,6454.75,6455.25,6453.5,6454.5
1774944000,6454.75,6455.25,6451.25,6453
1774944060,6453,6453,6448,6448.5
1774944120,6448.25,6450.25,6446.75,6450.25
1774944180,6450,6452,6449.5,6452
1774944240,6451.5,6455.75,6451.25,6455.75
1774944300,6455.5,6456.75,6453.75,6455.5
1774944360,6455.75,6455.75,6453.25,6455.25
1774944420,6455,6456,6452.25,6452.75
1774944480,6452.5,6453.75,6452.25,6452.75
1774944540,6452.75,6456,6452.75,6453.75
1774944600,6453.75,6454,6448.75,6449.25
1774944660,6449.75,6451,6447.25,6447.5
1774944720,6447.5,6449.25,6446.25,6447
1774944780,6447,6449.75,6446.75,6449.5
1774944840,6449.25,6449.25,6444.25,6445.75
1774944900,6445.5,6447.5,6444.5,6447.5
1774944960,6447,6450.25,6446.25,6449.5
1774945020,6449.5,6449.5,6446.25,6447.75
1774945080,6447.5,6447.75,6443.75,6446
1774945140,6445.75,6447.5,6445.25,6446.75
1774945200,6447,6449,6447,6448
1774945260,6448.5,6450,6446.75,6446.75
1774945320,6447,6448.75,6444.25,6445.25
1774945380,6445,6446.25,6442.75,6445.25
1774945440,6445.5,6446,6444.5,6445.75
1774945500,6445.75,6447,6444,6444.75
1774945560,6444.75,6444.75,6443,6443.5
1774945620,6443.25,6444.75,6442.25,6442.75
1774945680,6442.5,6445.5,6442.25,6445.25
1774945740,6445,6446.25,6443.5,6443.5
1774945800,6443.5,6443.75,6441,6442.75
1774945860,6442.75,6444.25,6442.25,6443
1774945920,6442.25,6443.25,6441,6442.25
1774945980,6442.25,6443.75,6441.5,6443.25
1774946040,6443.25,6443.5,6440.5,6442.25
1774946100,6442.5,6443.25,6440.5,6441
1774946160,6441,6443.5,6441,6443.25
1774946220,6443.5,6445.5,6443,6444.25
1774946280,6444,6445.25,6443.75,6444.5
1774946340,6444.75,6445.25,6439.75,6439.75
1774946400,6440,6441.25,6439.75,6440
1774946460,6439.75,6440.75,6438.75,6440.75
1774946520,6440.5,6443,6439.5,6442.5
1774946580,6442.25,6442.75,6441.5,6441.75
1774946640,6441.75,6443.5,6439.25,6440.5
1774946700,6440.5,6441.25,6437.25,6437.75
1774946760,6437.75,6441,6436.75,6440.25
1774946820,6440.5,6442.25,6440,6442
1774946880,6442,6442.25,6441,6441.5
1774946940,6441.25,6443,6440.75,6443
1774947000,6442.75,6445.5,6442.75,6445.25
1774947060,6444.75,6445.25,6443.75,6444.25
1774947120,6444.25,6444.75,6435.5,6438.75
1774947180,6438.75,6441.75,6438.25,6440.75
1774947240,6440.75,6442.75,6435.25,6441.75
1774947300,6442,6442.75,6439,6439.25
1774947360,6439,6440,6437.75,6439.75
1774947420,6440,6440.75,6439,6439
1774947480,6439.25,6439.75,6438.25,6439.25
1774947540,6439.5,6441,6439.5,6440.25
1774947600,6440.5,6444.75,6439.75,6444.5
1774947660,6444.75,6445.5,6441,6441.25
1774947720,6441,6445.75,6440.5,6444.25
1774947780,6444.5,6444.5,6442,6442
1774947840,6442.25,6447.25,6440.5,6446.25
1774947900,6446.25,6450,6445.25,6449.75
1774947960,6449.5,6449.5,6445.25,6445.5
1774948020,6445.5,6447,6444.75,6446
1774948080,6445.75,6445.75,6444.5,6444.75
1774948140,6444.75,6446.5,6444.5,6444.5
1774948200,6445.25,6447,6443.75,6446.25
1774948260,6446.25,6447.25,6444.25,6446.75
1774948320,6446.75,6447.25,6443.75,6444.5
1774948380,6444.25,6445,6444.25,6444.75
1774948440,6444.5,6446.25,6443.5,6445.5
1774948500,6445,6448.5,6445,6448.5
1774948560,6448.5,6448.5,6442.25,6442.5
1774948620,6442.25,6444,6441.75,6442.75
1774948680,6442.5,6443.75,6441.75,6443.25
1774948740,6443.5,6446.25,6443.5,6443.75
1774948800,6444.5,6445.5,6443.5,6445.25
1774948860,6445,6445.25,6442.75,6443.5
1774948920,6443,6445.5,6443,6445.25
1774948980,6445.25,6448.5,6445.25,6447.75
1774949040,6447.75,6449,6446.75,6448.75
1774949100,6448.75,6449,6446.25,6448.25
1774949160,6448.25,6449.75,6447.25,6448
1774949220,6448,6448.5,6446.75,6447.75
1774949280,6447.75,6448.5,6444,6444.25
1774949340,6444.25,6444.75,6441,6442
1774949400,6442.25,6443,6437.5,6438.75
1774949460,6439,6440,6437,6438.75
1774949520,6438.5,6442.5,6438.25,6441.25
1774949580,6441,6444.75,6440.5,6442.5
1774949640,6442.75,6443.25,6441.25,6442.5
1774949700,6442.75,6442.75,6440,6442
1774949760,6442,6444.75,6441.75,6444
1774949820,6444,6446.25,6443.75,6444.75
1774949880,6444.5,6445,6441.5,6441.75
1774949940,6442,6442.25,6439.25,6439.75
1774950000,6439.5,6444.25,6439.25,6442
1774950060,6441.75,6443.75,6440.75,6441
1774950120,6441.75,6442.5,6441,6442
1774950180,6442.25,6443.25,6441.75,6442.5
1774950240,6442.5,6442.75,6440.5,6442.25
1774950300,6442.25,6442.25,6439.25,6440.25
1774950360,6440,6442,6439.25,6441.5
1774950420,6441.75,6442.5,6439.75,6440.5
1774950480,6441.25,6443.25,6440.75,6443.25
1774950540,6443.5,6444,6442,6443.5
1774950600,6443.25,6443.75,6442,6443.75
1774950660,6444,6446,6442.75,6443
1774950720,6443,6445,6442.75,6444.75
1774950780,6444.5,6444.5,6440.75,6441.75
1774950840,6441.5,6442,6440.75,6441
1774950900,6441,6441.5,6436.25,6436.75
1774950960,6437,6437,6435,6435.5
1774951020,6435.75,6438,6435.25,6437.25
1774951080,6437,6438.25,6436,6437.5
1774951140,6437.75,6439.25,6437.5,6438.5
1774951200,6438.25,6445,6438,6444
1774951260,6444.5,6445.5,6441.5,6441.75
1774951320,6441.75,6443.25,6439.75,6439.75
1774951380,6439.5,6441,6438.25,6441
1774951440,6440.75,6443.75,6439.5,6442.5
1774951500,6442.5,6443,6441,6441.5
1774951560,6441.75,6444.5,6441.25,6443.75
1774951620,6443.75,6445.75,6443.5,6444
1774951680,6443.75,6444.5,6442.25,6443.75
1774951740,6443.5,6444,6441.75,6442
1774951800,6441.75,6443.5,6441.25,6442.5
1774951860,6442.25,6443.5,6442.25,6443
1774951920,6443.25,6444,6442.5,6443.75
1774951980,6443.5,6443.75,6441.75,6443.75
1774952040,6443.5,6444.5,6440.5,6442
1774952100,6442,6442.25,6439,6442
1774952160,6441.75,6443.75,6441.5,6442
1774952220,6442,6442.25,6440.75,6441.75
1774952280,6441.75,6442,6440.25,6442
1774952340,6441.75,6442.5,6439.75,6439.75
1774952400,6440,6440,6437,6437.25
1774952460,6437.5,6438.25,6437,6437.25
1774952520,6437.5,6439,6437,6438.75
1774952580,6438.75,6439.75,6438,6439.75
1774952640,6439.75,6440.5,6439,6439.5
1774952700,6439.25,6439.75,6438.25,6438.75
1774952760,6439,6440.25,6438.5,6439.25
1774952820,6439.5,6440.5,6439,6439.75
1774952880,6439.25,6440.75,6438.75,6439.25
1774952940,6439,6442.25,6438.5,6441
1774953000,6441.25,6442.25,6440,6441.75
1774953060,6441.75,6442.5,6438.75,6439.5
1774953120,6439.75,6439.75,6438,6438.75
1774953180,6438.5,6439.25,6438,6438.75
1774953240,6438.5,6438.75,6434.75,6435.25
1774953300,6435.25,6436.75,6434,6434.25
1774953360,6434,6435,6431.25,6432.5
1774953420,6432.5,6433.75,6430.5,6432.75
1774953480,6432.75,6433,6427.5,6427.75
1774953540,6428,6429,6426.25,6426.5
1774953600,6426.5,6427.25,6424.75,6426.5
1774953660,6426.25,6427.75,6424.5,6425.25
1774953720,6425,6428,6425,6426.5
1774953780,6426.25,6426.25,6423.75,6425.5
1774953840,6425.25,6427.25,6425,6425.5
1774953900,6425.5,6426,6424.5,6424.75
1774953960,6424.75,6427,6424.25,6425
1774954020,6425,6429,6424.75,6428.5
1774954080,6428.25,6428.25,6425.75,6426.5
1774954140,6426.5,6427.25,6426,6427.25
1774954200,6427.25,6432.25,6426.75,6430
1774954260,6430,6430,6428.5,6429.75
1774954320,6429,6431.25,6428.5,6431
1774954380,6430.5,6432.25,6429.5,6431.25
1774954440,6431,6434.5,6431,6434
1774954500,6433.75,6434.25,6432.25,6432.5
1774954560,6432.75,6433.25,6432.25,6433.25
1774954620,6433.25,6436,6432.75,6436
1774954680,6435.5,6436.75,6434.25,6435.75
1774954740,6435.75,6437.5,6435,6435.25
1774954800,6435.25,6437.25,6434.5,6435.75
1774954860,6435.5,6436.25,6433,6435.75
1774954920,6435.75,6437.5,6432,6432.75
1774954980,6433,6435.75,6431.25,6435.25
1774955040,6435.5,6440.75,6435,6440.25
1774955100,6440.25,6440.5,6435.25,6435.25
1774955160,6435.25,6438.25,6435,6437
1774955220,6437,6437.25,6435.25,6436.5
1774955280,6436.25,6436.5,6434,6434.5
1774955340,6434.5,6435.5,6433.5,6434
1774955400,6434.25,6439,6433,6438.25
1774955460,6438.25,6466.75,6437,6441.75
1774955520,6441.75,6450,6440,6447
1774955580,6447.25,6449.25,6442.25,6447
1774955640,6446.75,6452.5,6445.75,6450
1774955700,6450,6456.5,6447,6453.5
1774955760,6453.75,6461.75,6453.5,6458.75
1774955820,6458.25,6461,6456,6457.5
1774955880,6457.5,6459.25,6455.75,6457.5
1774955940,6457.25,6457.25,6448.25,6452
1774956000,6452.25,6454.75,6448,6454
1774956060,6454,6455.5,6450.5,6450.5
1774956120,6450.75,6454,6448,6453.25
1774956180,6453.25,6454,6449.25,6451.75
1774956240,6451.5,6454.75,6451.25,6453.25
1774956300,6453,6456.25,6453,6454.5
1774956360,6454.5,6457.75,6453.75,6456.25
1774956420,6456.25,6456.75,6450.75,6453.5
1774956480,6453.5,6454.25,6450.5,6451
1774956540,6451.25,6451.75,6446.75,6450.5
1774956600,6450.5,6453,6449,6451.25
1774956660,6450.75,6450.75,6445.75,6446.25
1774956720,6446.25,6447.75,6445.25,6446.25
1774956780,6446,6450,6445.5,6449.25
1774956840,6448.75,6450.5,6448,6449.75
1774956900,6449.5,6450.25,6446,6446
1774956960,6446.25,6448.5,6444.75,6448.5
1774957020,6448.25,6449,6446.75,6447.25
1774957080,6447.5,6450.25,6447.25,6450
1774957140,6450,6455,6449.5,6453.5
1774957200,6453.25,6453.75,6450.75,6451.25
1774957260,6451.5,6451.5,6448.75,6450.25
1774957320,6450.5,6453.25,6450.5,6453.25
1774957380,6453,6457.25,6452.5,6456.5
1774957440,6456.25,6459,6455.25,6458.5
1774957500,6458.5,6458.75,6455,6456.25
1774957560,6456,6456.25,6453.25,6454.5
1774957620,6454,6454.75,6450.25,6453.75
1774957680,6453.5,6453.75,6449.5,6449.75
1774957740,6450,6452.75,6447.25,6451.5
1774957800,6451.5,6452.5,6446.75,6448.5
1774957860,6448.5,6451,6447.25,6448.25
1774957920,6448,6449.75,6447.25,6449.25
1774957980,6449,6452.25,6448.25,6451.75
1774958040,6451.75,6452,6448.75,6449.5
1774958100,6449.75,6451.5,6449.5,6450.5
1774958160,6450.5,6453,6450.25,6451.5
1774958220,6451.75,6453.75,6451.5,6452.75
1774958280,6452.5,6453.5,6452,6452.75
1774958340,6452.75,6454.25,6452.25,6453.5
1774958400,6453.5,6456.75,6453.5,6456.25
1774958460,6456,6457.5,6454.75,6457.25
1774958520,6457.25,6458.25,6456.5,6457.75
1774958580,6457.5,6458.25,6455.25,6458
1774958640,6457.75,6459,6454.25,6458
1774958700,6457.75,6458.25,6453.5,6454
1774958760,6454.25,6457.5,6454.25,6457.25
1774958820,6457,6460,6456.5,6459.5
1774958880,6459,6460,6458.25,6459.5
1774958940,6459.75,6469.5,6459.75,6464.75
1774959000,6464.25,6464.75,6451.25,6453.25
1774959060,6453.25,6455.25,6447.25,6447.75
1774959120,6447.25,6451.25,6442.5,6446.5
1774959180,6446.5,6452.25,6445.25,6448.25
1774959240,6448.25,6448.25,6442.25,6443.5
1774959300,6443.25,6445.25,6439.25,6440.5
1774959360,6440.75,6444.25,6440,6442.25
1774959420,6442,6444,6437.75,6443
1774959480,6443.25,6453,6443.25,6451.5
1774959540,6451.25,6460.75,6449.75,6455.75
1774959600,6456,6456.25,6450.25,6453.5
1774959660,6453.25,6456.25,6450.25,6450.5
1774959720,6450.25,6454,6450.25,6452.25
1774959780,6452,6452.25,6447,6447
1774959840,6447.25,6451.25,6447,6447.75
1774959900,6448,6451.25,6448,6450.75
1774959960,6450.75,6454.25,6450,6453
1774960020,6452.75,6456,6451.25,6453.5
1774960080,6453.5,6464.75,6452,6460.5
1774960140,6460.75,6462.25,6456.75,6460
1774960200,6459.5,6462.25,6457.5,6457.75
1774960260,6458,6462.5,6457.5,6460.25
1774960320,6460.5,6464,6458.5,6460.75
1774960380,6461,6462,6459.25,6460.75
1774960440,6460.75,6464.25,6460.25,6463.5
1774960500,6464,6468.75,6462.5,6468.25
1774960560,6468.25,6468.75,6463.25,6464.25
1774960620,6463.75,6466.5,6462.5,6466.25
1774960680,6466.5,6466.5,6463,6463.25
1774960740,6463,6464.75,6462.25,6462.75
1774960800,6462.75,6464.25,6461.75,6462.75
1774960860,6462.5,6464.75,6462.25,6464.25
1774960920,6464.5,6464.5,6462.75,6463.25
1774960980,6463.25,6466.75,6463,6465.25
1774961040,6465,6467.75,6465,6467
1774961100,6467,6467.5,6463.5,6463.75
1774961160,6463.75,6466.25,6463.5,6465.75
1774961220,6465.75,6465.75,6462.25,6462.5
1774961280,6462.5,6464,6460.25,6461
1774961340,6460.75,6463.25,6459.75,6462.25
1774961400,6462.25,6462.5,6459.75,6460.75
1774961460,6461,6463,6460.5,6462
1774961520,6462.25,6465,6461.5,6463.5
1774961580,6463.25,6465.25,6462.75,6464.5
1774961640,6464.5,6464.75,6461.5,6462.5
1774961700,6462.5,6463,6460.25,6460.5
1774961760,6460.5,6460.75,6457,6458
1774961820,6458,6458,6454,6455.25
1774961880,6455,6455.75,6453.25,6455.75
1774961940,6455.5,6456.25,6453.25,6453.25
1774962000,6453.5,6457.25,6453.25,6456
1774962060,6455.75,6457,6454.25,6456.5
1774962120,6456.5,6457.25,6455.5,6456
1774962180,6456.5,6456.75,6453.5,6453.75
1774962240,6453.75,6454,6450.25,6452.25
1774962300,6452,6455.5,6452,6454.75
1774962360,6454.75,6457,6454,6454.5
1774962420,6454.5,6455.25,6453.25,6455
1774962480,6455.25,6458,6455,6457.75
1774962540,6457.5,6458.5,6456,6457.75
1774962600,6457.5,6459.75,6457.25,6459.25
1774962660,6459.25,6459.25,6456.75,6457.75
1774962720,6457.75,6458.5,6455.75,6458
1774962780,6458.25,6459.25,6455,6455.75
1774962840,6455.5,6458.25,6455,6456.5
1774962900,6456.5,6458.5,6455.75,6458.25
1774962960,6458.25,6460.5,6458,6459.5
1774963020,6459.5,6460.25,6458,6458.25
1774963080,6458.25,6462.75,6458,6462
1774963140,6461.75,6462.25,6460.5,6461.75
1774963200,6461.75,6463,6460,6460
1774963260,6460,6461.25,6459.25,6460.5
1774963320,6460.75,6462.5,6460,6460.5
1774963380,6460.25,6461.25,6458,6458.75
1774963440,6458.75,6460,6458,6459.25
1774963500,6459,6459,6456.25,6457.5
1774963560,6457.25,6458.25,6456.25,6457
1774963620,6457.25,6458.5,6455.5,6455.5
1774963680,6456,6458,6456,6457.5
1774963740,6457.5,6459,6456.75,6457.5
1774963800,6457.25,6465,6456.5,6463.5
1774963860,6463.5,6465.5,6459,6461.25
1774963920,6461.25,6462.25,6451.75,6451.75
1774963980,6452,6459.75,6450.5,6459.5
1774964040,6459.5,6465.25,6457.25,6465
1774964100,6464.75,6465.25,6459,6459.25
1774964160,6459.25,6460.25,6455.25,6459.5
1774964220,6459.25,6464.75,6457.25,6461
1774964280,6460.75,6462.75,6455.5,6460.5
1774964340,6460.5,6466.75,6459.5,6466.25
1774964400,6466.25,6470,6464,6467.75
1774964460,6468,6469.5,6465.5,6466.75
1774964520,6466.5,6473.5,6465.75,6469.25
1774964580,6469.5,6471,6464.25,6466.75
1774964640,6466.5,6466.75,6458.25,6460
1774964700,6460.25,6470.25,6460.25,6469.75
1774964760,6469.5,6475,6468,6474.25
1774964820,6474.25,6477.25,6471.75,6475.25
1774964880,6475,6476.5,6474,6476
1774964940,6476.25,6486.25,6475.5,6486
1774965000,6486,6486.25,6480.5,6482.5
1774965060,6482.25,6485.5,6481.75,6484.75
1774965120,6485,6485,6480.25,6484
1774965180,6483.75,6489.5,6482,6488.75
1774965240,6488.75,6492.5,6488.25,6491
1774965300,6491,6493.5,6489.25,6490
1774965360,6490,6491,6483.75,6485.75
1774965420,6485.75,6486.75,6481.25,6484.25
1774965480,6484.25,6491.75,6484.25,6491.75
1774965540,6491.5,6495,6490.75,6494.5
1774965600,6494.5,6497.5,6489,6495.5
1774965660,6495.25,6496,6491.75,6495.25
1774965720,6495.25,6495.25,6491.25,6494.25
1774965780,6494.25,6494.75,6488.25,6490.25
1774965840,6490,6493,6488.5,6491.5
1774965900,6491.25,6491.75,6485.25,6485.5
1774965960,6485.75,6486.75,6482.5,6485.5
1774966020,6485.5,6485.5,6481.25,6483
1774966080,6483,6484,6478.5,6481.5
1774966140,6481.25,6483.75,6478.75,6479.5
1774966200,6479.75,6482.5,6479,6481.25
1774966260,6481,6487.5,6480.75,6484.75
1774966320,6485,6485,6480.5,6481
1774966380,6481.25,6483.75,6480.25,6481.25
1774966440,6481.5,6483.75,6480.5,6482.5
1774966500,6482.5,6485.75,6481.75,6483.25
1774966560,6483.25,6483.75,6476.25,6481
1774966620,6481,6485,6479.25,6484.75
1774966680,6484.5,6491.25,6484.25,6489.75
1774966740,6489.75,6490,6486,6487
1774966800,6487.25,6487.5,6481,6482.5
1774966860,6482.5,6485,6476,6483
1774966920,6483.25,6484.75,6480.25,6484
1774966980,6484,6490.5,6483,6488.5
1774967040,6488.5,6492.25,6487.25,6489.25
1774967100,6489.5,6489.75,6485.5,6487.25
1774967160,6487.25,6490.5,6486,6490.25
1774967220,6490.25,6491.5,6488.75,6489.75
1774967280,6489.5,6494.5,6489,6492.25
1774967340,6492.25,6493.75,6490.75,6492.5
1774967400,6492.5,6493.75,6490,6490.5
1774967460,6490.75,6491.25,6487.5,6488
1774967520,6488,6490.25,6486,6489.25
1774967580,6489.25,6494.25,6488.75,6493.5
1774967640,6493.25,6493.25,6488.5,6490.25
1774967700,6490.25,6492,6485,6487
1774967760,6487,6490,6482,6482.25
1774967820,6482.25,6483,6477.25,6479
1774967880,6478.75,6482.5,6475,6477.5
1774967940,6477.5,6480.5,6477.25,6478.25
1774968000,6478.5,6483,6477.25,6477.5
1774968060,6477.5,6478.25,6475,6476.25
1774968120,6476.25,6477.75,6472.75,6473.75
1774968180,6473.5,6473.75,6468.5,6469.25
1774968240,6469.5,6471.5,6467,6469.75
1774968300,6470,6472,6465,6467
1774968360,6467.25,6473,6466.5,6470.5
1774968420,6470.75,6471,6465.25,6466.5
1774968480,6466.75,6466.75,6462.25,6463
1774968540,6463.25,6463.5,6460.75,6461
1774968600,6461.25,6462.75,6457.75,6458.75
1774968660,6459.25,6461.25,6455.5,6456
1774968720,6456,6458,6454,6455.25
1774968780,6455.25,6455.75,6452.25,6454
1774968840,6454,6455.75,6452.25,6453.75
1774968900,6453.5,6453.75,6448.25,6448.5
1774968960,6448.75,6452.25,6447,6449.5
1774969020,6449.75,6451.75,6446,6447.5
1774969080,6447.75,6454,6447.5,6453
1774969140,6452.75,6455.25,6452.75,6454
1774969200,6454.25,6460,6453.75,6458.5
1774969260,6458.75,6463.25,6457.75,6462.75
1774969320,6462.75,6469.5,6462.5,6467.25
1774969380,6467,6467.25,6461,6466.25
1774969440,6466.5,6469.25,6464.75,6467.25
1774969500,6467,6471.5,6466,6471.25
1774969560,6471.25,6480.25,6471.25,6477.25
1774969620,6477.5,6477.75,6474,6476.5
1774969680,6476.75,6477.75,6472.75,6474.75
1774969740,6474.75,6474.75,6471.5,6473.25
1774969800,6473.5,6474.5,6470.5,6473.5
1774969860,6473.75,6478.75,6473.5,6476.75
1774969920,6476.75,6480.25,6476.25,6478.75
1774969980,6478.75,6484.75,6477.25,6483.75
1774970040,6483.75,6488.25,6482,6487.25
1774970100,6487,6489.25,6485.75,6487.5
1774970160,6487.5,6488.5,6484,6486.25
1774970220,6486.25,6488.25,6482.75,6487.5
1774970280,6487.5,6490.5,6487.25,6487.75
1774970340,6487.75,6488.75,6484.25,6485.25
1774970400,6485.25,6485.25,6478.5,6479.25
1774970460,6479.5,6481.25,6477.25,6478
1774970520,6477.75,6481,6476.5,6479.75
1774970580,6479.75,6483.25,6479.5,6481.5
1774970640,6481.75,6485.75,6481.25,6485
1774970700,6485,6486.75,6483.25,6483.75
1774970760,6483.75,6484.25,6474.5,6475.25
1774970820,6475.5,6476.25,6473,6475.75
1774970880,6475.75,6478.5,6472.75,6478
1774970940,6478.25,6478.75,6474,6474.25
1774971000,6474.5,6474.75,6470.5,6470.75
1774971060,6470.75,6472.75,6468.5,6470.25
1774971120,6470.25,6472.5,6466.5,6466.75
1774971180,6466.75,6470.75,6466.25,6468
1774971240,6467.75,6475.5,6467.75,6474.5
1774971300,6474.25,6480.75,6474,6477.5
1774971360,6477.5,6479.75,6475.5,6479
1774971420,6478.75,6480.25,6476.25,6478.25
1774971480,6478.25,6480.5,6477.5,6478
1774971540,6478,6478.75,6475,6476.75
1774971600,6477.25,6478.25,6475.5,6475.5
1774971660,6475.5,6477,6472.5,6476.75
1774971720,6476.5,6478.25,6474.5,6476
1774971780,6476,6477,6473.5,6475
1774971840,6475,6476.75,6474,6475
1774971900,6474.75,6475,6470.75,6471.5
1774971960,6471.25,6472.75,6468,6471
1774972020,6471,6473.25,6468.75,6468.75
1774972080,6469,6471.25,6468.75,6469.75
1774972140,6469.75,6473.75,6469.25,6471.75
1774972200,6471.5,6475.75,6469.75,6473
1774972260,6473,6479.5,6472.5,6476.75
1774972320,6477,6479.5,6475.25,6478.5
1774972380,6478.5,6479.5,6475.5,6476.25
1774972440,6476.25,6476.25,6471.75,6474
1774972500,6473.75,6475.75,6470,6471.75
1774972560,6471.5,6473,6466.25,6466.25
1774972620,6466.5,6469.25,6466.25,6466.75
1774972680,6467,6468,6465.25,6467
1774972740,6467,6468.25,6464,6465.25
1774972800,6465.25,6468.75,6462.25,6468.25
1774972860,6468.5,6475.75,6467.75,6475
1774972920,6475.25,6479.5,6474.25,6476
1774972980,6476,6476.5,6473.25,6473.5
1774973040,6473.75,6475,6472.25,6473.5
1774973100,6473.5,6476.75,6473.5,6476.5
1774973160,6476.5,6479.25,6476,6478.5
1774973220,6478.25,6483.75,6477.75,6483.5
1774973280,6483.5,6484.5,6482.25,6482.75
1774973340,6483,6483.25,6480.5,6481.5
1774973400,6481.5,6482.25,6478.75,6480.25
1774973460,6480.25,6480.75,6474,6475.25
1774973520,6475.5,6476,6471.75,6474.5
1774973580,6474.5,6479.75,6474.5,6479.5
1774973640,6479.5,6481.75,6478.75,6480.25
1774973700,6480.5,6483.25,6480.5,6482
1774973760,6482,6486.75,6482,6484.5
1774973820,6484.5,6485.75,6483.75,6485
1774973880,6485,6485.25,6483,6483.25
1774973940,6483.25,6483.5,6480.75,6482.5
1774974000,6482.5,6483.75,6481.5,6483.5
1774974060,6483.75,6485.75,6481.5,6485.25
1774974120,6485,6485,6482.25,6482.25
1774974180,6482.25,6485.5,6481.5,6485
1774974240,6485.25,6492.25,6485,6492.25
1774974300,6492.25,6494,6491.25,6493.5
1774974360,6493.25,6494.5,6488.25,6488.75
1774974420,6488.75,6490,6487.25,6489
1774974480,6489,6491,6488.75,6490.75
1774974540,6490.75,6490.75,6488.25,6488.75
1774974600,6489,6489.25,6485.25,6487.25
1774974660,6487.5,6487.75,6485.5,6486
1774974720,6485.75,6487.25,6484.75,6486.25
1774974780,6486,6487.75,6485.25,6486.25
1774974840,6486.25,6488.25,6486.25,6487.5
1774974900,6487.25,6488.25,6483.75,6484.75
1774974960,6484.75,6490.5,6484.5,6490
1774975020,6490,6494.75,6489.5,6492.25
1774975080,6492,6504.5,6492,6504
1774975140,6503.75,6517.5,6503,6517
1774975200,6516.75,6536,6516,6532.25
1774975260,6532.25,6558.25,6531.75,6557
1774975320,6557.25,6561,6540.75,6556
1774975380,6556,6563.75,6547,6553
1774975440,6552.75,6554.5,6535.75,6539
1774975500,6539.5,6548.25,6535,6539.25
1774975560,6539.25,6539.5,6524.25,6530
1774975620,6530,6534,6522.75,6524
1774975680,6524,6524.25,6517.25,6521.25
1774975740,6521,6533.25,6520,6531.75
1774975800,6531.5,6547.25,6529,6539.25
1774975860,6539.25,6539.5,6530.75,6532.5
1774975920,6532.5,6532.75,6519.25,6525
1774975980,6525,6537.25,6522,6534.25
1774976040,6534,6535.75,6530.5,6531
1774976100,6531,6532.75,6526,6527.5
1774976160,6527.5,6529.25,6524,6527.75
1774976220,6527.75,6532,6523,6528
1774976280,6528,6535.25,6528,6533.25
1774976340,6533.25,6536,6530.5,6534.75
1774976400,6534.75,6542.5,6534,6540.25
1774976460,6540.5,6544.5,6536.75,6542.5
1774976520,6542.25,6548.75,6541.25,6548
1774976580,6547.75,6552.5,6546.75,6550
1774976640,6550,6554,6548,6548.75
1774976700,6548.75,6549.75,6540.75,6541.25
1774976760,6541.5,6541.75,6537,6537.75
1774976820,6538,6542.25,6536.5,6541.75
1774976880,6541.75,6544.25,6541.25,6543.75
1774976940,6543.5,6544.75,6529.5,6532.75
1774977000,6533,6536.25,6530.75,6534.25
1774977060,6534,6541,6533.75,6539
1774977120,6539.25,6540.25,6534.75,6537.75
1774977180,6537.5,6541.25,6532,6539
1774977240,6538.75,6544,6538.75,6543
1774977300,6543.25,6548.75,6542.5,6546.75
1774977360,6546.75,6551.25,6544.25,6546
1774977420,6546.25,6551,6545.25,6550
1774977480,6549.75,6550.5,6546.5,6547
1774977540,6547,6553.5,6544.75,6551
1774977600,6551,6552.5,6544.5,6545.75
1774977660,6545.75,6548.25,6545.25,6546.25
1774977720,6546.25,6550.5,6544.75,6549
1774977780,6549.25,6550.75,6548,6548.75
1774977840,6548.5,6549,6545.75,6546.75
1774977900,6547,6547.75,6538.25,6541.25
1774977960,6541,6543.75,6539,6542
1774978020,6541.75,6544.5,6536.75,6537.25
1774978080,6537.5,6541,6536.75,6538.75
1774978140,6538.75,6539.25,6536,6538.25
1774978200,6538.25,6541.5,6537.5,6538.5
1774978260,6538.75,6544.5,6538.75,6542.75
1774978320,6542.5,6547.5,6540.75,6541
1774978380,6540.5,6547,6540.25,6546
1774978440,6546,6551.25,6545,6549.5
1774978500,6549.25,6552.25,6548.5,6549.25
1774978560,6549.25,6549.5,6534.5,6542.25
1774978620,6542,6544.25,6532.5,6535
1774978680,6534.75,6537,6529.75,6533
1774978740,6532.75,6538.5,6532,6536.75
1774978800,6536.5,6542.75,6535.75,6541
1774978860,6540.75,6540.75,6535.5,6536.75
1774978920,6537,6538,6532,6534.75
1774978980,6534.5,6538.25,6534.5,6535.25
1774979040,6535,6536.75,6530.75,6535.25
1774979100,6535,6536.5,6532.25,6535.75
1774979160,6535.5,6537.25,6534,6535.25
1774979220,6535.25,6543.5,6534.25,6540.25
1774979280,6539.75,6541,6537,6538
1774979340,6538,6540.5,6537.25,6539.5
1774979400,6539.75,6541.25,6538.25,6539.25
1774979460,6539,6543.25,6538.5,6539.25
1774979520,6539.25,6541,6536.75,6539.75
1774979580,6539.75,6541,6537.75,6539.25
1774979640,6539,6540.75,6537,6540.25
1774979700,6540,6540.25,6532.25,6534
1774979760,6534.25,6535,6530,6531.75
1774979820,6531.5,6534,6530.75,6532
1774979880,6532.25,6534,6529.25,6533
1774979940,6532.75,6533.75,6530.5,6531.75
1774980000,6531.75,6538,6531.75,6535.75
1774980060,6535.75,6542.5,6535.25,6539.75
1774980120,6540,6544.25,6539.25,6539.75
1774980180,6539.5,6542.25,6537.75,6540
1774980240,6540,6541.5,6536.75,6538
1774980300,6537.75,6542.5,6537.75,6541.5
1774980360,6542.25,6544,6537.25,6538.75
1774980420,6539,6543.5,6539,6542.5
1774980480,6542.5,6543.75,6541.25,6543
1774980540,6543,6547.25,6542,6544.75
1774980600,6544.75,6545,6541.5,6541.75
1774980660,6541.75,6542,6537.5,6540
1774980720,6540.25,6540.25,6536.75,6537.75
1774980780,6537.75,6540.25,6536.25,6540
1774980840,6540,6544,6539.5,6542.5
1774980900,6542.75,6545,6542.25,6543.25
1774980960,6543.25,6547.25,6543,6546
1774981020,6545.75,6549.5,6544.75,6547.25
1774981080,6547.25,6547.75,6545.25,6545.5
1774981140,6545.25,6546.5,6544,6546.25
1774981200,6546.5,6547,6544.5,6545.5
1774981260,6545.25,6546.25,6542.75,6544
1774981320,6544,6545.5,6541.25,6544.25
1774981380,6544.25,6544.25,6541.75,6542.75
1774981440,6542.5,6544,6539.75,6540.75
1774981500,6541,6541.25,6538.75,6539.25
1774981560,6539.5,6541.25,6537.5,6538.5
1774981620,6538.25,6541.75,6537.5,6541.75
1774981680,6542,6550.5,6541.5,6545
1774981740,6544.75,6547.75,6544,6545
1774981800,6545.25,6546.75,6542.5,6543
1774981860,6543,6545.5,6540.5,6541
1774981920,6540.75,6542.75,6539.75,6541.25
1774981980,6541,6544,6540,6543.5
1774982040,6543.5,6545,6542.5,6543.5
1774982100,6543.25,6548.5,6542,6548.25
1774982160,6548,6551.25,6547.25,6549.5
1774982220,6549.5,6553.75,6549,6552.75
1774982280,6552.5,6554.5,6552.5,6553.5
1774982340,6553.5,6553.75,6550.25,6551
1774982400,6550.75,6551.25,6547,6548.75
1774982460,6549,6550,6546.25,6547.5
1774982520,6547.5,6549,6547,6547.75
1774982580,6547.75,6548,6545,6545.75
1774982640,6545.75,6547.75,6544.25,6547.75
1774982700,6548,6553.5,6547.75,6551.75
1774982760,6551.75,6554,6549.75,6552.75
1774982820,6552.75,6555,6552.5,6552.75
1774982880,6552.75,6553,6549.5,6550.25
1774982940,6550,6551,6547,6551
1774983000,6551.25,6555.5,6551,6554
1774983060,6554,6557,6553.5,6555.5
1774983120,6555.25,6555.75,6553.5,6554.5
1774983180,6554.5,6555.75,6554,6554.25
1774983240,6554.25,6555.75,6554,6555
1774983300,6554.75,6557,6554.5,6554.5
1774983360,6554.5,6556.25,6554.25,6556
1774983420,6555.75,6556,6553.25,6553.5
1774983480,6553.75,6556.25,6553.25,6556.25
1774983540,6556,6556.5,6554,6554.25
1774983600,6554.25,6557.25,6553.75,6557.25
1774983660,6557.25,6559.25,6556.25,6556.75
1774983720,6556.75,6558.75,6556,6557.75
1774983780,6557.5,6559.75,6557.5,6558.75
1774983840,6558.75,6559,6556,6557.25
1774983900,6557.25,6557.75,6554,6554.25
1774983960,6554.5,6555.25,6552,6553.5
1774984020,6553.5,6553.5,6550.5,6551.75
1774984080,6551.75,6551.75,6547.75,6548.25
1774984140,6548,6551.5,6548,6550.75
1774984200,6550.75,6560,6550.5,6557.75
1774984260,6557.75,6560,6556.75,6558
1774984320,6558,6558.25,6555.75,6557.75
1774984380,6557.75,6558.25,6555,6557.75
1774984440,6557.75,6559,6556.5,6558.5
1774984500,6558.75,6562.75,6558.5,6562.75
1774984560,6562.5,6564.25,6559.25,6559.25
1774984620,6559.25,6560,6557.5,6558.75
1774984680,6558.75,6561,6557,6559.5
1774984740,6559.5,6562,6559.5,6560.25
1774984800,6560.25,6563,6559.5,6562
1774984860,6562.25,6565,6562,6562.75
1774984920,6562.75,6565.5,6562.25,6565.25
1774984980,6565.25,6567.25,6563.75,6565
1774985040,6564.75,6565,6563,6563.75
1774985100,6564,6564.25,6562.75,6563
1774985160,6562.75,6564.25,6559.25,6561
1774985220,6561,6563.5,6560,6560.5
1774985280,6560.25,6563,6559.75,6562.5
1774985340,6562.5,6562.75,6561.25,6561.5
1774985400,6561.75,6568,6561,6567
1774985460,6567.25,6567.5,6564,6565
1774985520,6564.75,6566.5,6564.75,6564.75
1774985580,6564.75,6565.75,6563,6565.75
1774985640,6565.5,6566.25,6564.5,6564.5
1774985700,6564.75,6569.25,6564,6567.75
1774985760,6567.5,6571.75,6567.25,6568.75
1774985820,6568.75,6572.75,6568.75,6571
1774985880,6571,6572.25,6570,6571.5
1774985940,6571.5,6573.75,6571,6572.25
1774986000,6572.25,6573.75,6570.75,6572
1774986060,6571.75,6572.25,6568.75,6569.5
1774986120,6569.5,6570.5,6567.75,6568.25
1774986180,6568.25,6568.25,6566.25,6566.75
1774986240,6566.75,6571,6565.75,6569.25
1774986300,6569.25,6571.25,6567.25,6570.25
1774986360,6570.25,6574.75,6569.25,6573.5
1774986420,6573.75,6575.75,6572,6575
1774986480,6575,6577.25,6574.75,6577
1774986540,6577,6578.25,6575.75,6576.25
1774986600,6576.25,6583,6576,6576.25
1774986660,6576.25,6577,6568.5,6569.25
1774986720,6569.25,6570.25,6564.5,6565.5
1774986780,6565.5,6568.25,6564.25,6566.25
1774986840,6566.75,6569.5,6564.75,6566.25
1774986900,6566.25,6571.25,6564.25,6565.5
1774986960,6565.5,6566.5,6560.75,6562.25
1774987020,6562.25,6567.5,6560.25,6566.5
1774987080,6566.25,6568.25,6565.5,6567
1774987140,6567,6574.5,6565,6569.25
1774987200,6569.25,6574,6566,6572.25
1774987260,6572.5,6573,6569,6571.5
1774987320,6572,6572.75,6568.25,6569
1774987380,6569.25,6569.75,6564.25,6565.25
1774987440,6565.25,6565.75,6561.75,6564.5
1774987500,6564.25,6567.5,6563.5,6567
1774987560,6567,6568.75,6566.5,6568.25
1774987620,6568.25,6569.5,6567,6569
1774987680,6568.75,6570.25,6567.5,6569.25
1774987740,6569.25,6572.75,6568.75,6570.75
1774987800,6570.75,6572.75,6569,6572.25
1774987860,6572.25,6572.5,6569.5,6569.5
1774987920,6570,6570.75,6568.75,6569.25
1774987980,6569.25,6573,6569.25,6572.25
1774988040,6572.5,6572.75,6570.25,6571.5
1774988100,6571.5,6575,6569.5,6574.25
1774988160,6574,6574.75,6573,6573.25
1774988220,6573,6574.75,6572.75,6574
1774988280,6574.5,6576.5,6574,6575.25
1774988340,6575.25,6577,6574.75,6576.25
1774988400,6576.25,6577.25,6575,6575.25
1774988460,6575.25,6575.75,6574,6574.5
1774988520,6574.25,6575,6573.75,6574.75
1774988580,6574.75,6575.75,6574.25,6575.5
1774988640,6575.25,6575.5,6574.25,6575
1774988700,6574.75,6577,6574.5,6576.25
1774988760,6576,6576.75,6574,6574.75
1774988820,6574.5,6575.25,6573.25,6573.5
1774988880,6573.5,6575,6573,6574.75
1774988940,6574.75,6576.25,6574.75,6576
1774989000,6575.75,6576.75,6575,6575.25
1774989060,6575.25,6575.75,6574,6575
1774989120,6574.75,6575.25,6574,6575
1774989180,6575,6575.25,6574,6574.75
1774989240,6574.5,6575,6573.75,6574.75
1774989300,6574.75,6575.5,6574.5,6575.25
1774989360,6575,6575.25,6572.75,6573.25
1774989420,6573,6573.25,6572,6572.25
1774989480,6572.5,6573,6571.5,6571.75
1774989540,6572,6572.75,6570,6572
1774989600,6571.75,6571.75,6570.25,6570.75
1774989660,6570.5,6571,6569.5,6569.5
1774989720,6569.75,6570.5,6568.25,6568.5
1774989780,6568.75,6569,6567.5,6568.25
1774989840,6568.25,6568.75,6567.25,6568.25
1774989900,6568.25,6569.75,6567.75,6568.75
1774989960,6568.5,6569,6567,6567.5
1774990020,6567.5,6568.5,6567,6568.25
1774990080,6568.25,6569.75,6568.25,6569.25
1774990140,6569,6570,6568.75,6569.75
1774990200,6569.75,6570,6568.5,6568.5
1774990260,6568.5,6569,6568,6568.75
1774990320,6568.75,6570.25,6568.75,6569.75
1774990380,6569.75,6570.25,6568.5,6568.5
1774990440,6568.75,6569,6567.25,6568.5
1774990500,6568.5,6569.25,6567.5,6567.5
1774990560,6568,6569,6567.25,6567.5
1774990620,6567.5,6568.25,6567.25,6567.75
1774990680,6567.5,6568.25,6565.25,6566.25
1774990740,6566,6568.5,6565.5,6567.75
1774994400,6563,6569.75,6560.75,6565.75
1774994460,6566.25,6568.75,6566.25,6567.5
1774994520,6567.25,6569.75,6567,6568.5
1774994580,6568,6571.75,6567.25,6571.75
1774994640,6571.75,6573.5,6567,6567
1774994700,6567.25,6570.5,6567.25,6569.5
1774994760,6569.75,6571.5,6568.25,6568.5
1774994820,6568.5,6568.75,6567,6567
1774994880,6567.5,6569.5,6566,6567
1774994940,6566.5,6566.75,6565,6565.5
1774995000,6565.75,6566.25,6564.25,6565.25
1774995060,6565.5,6569,6565,6568.75
1774995120,6569,6571,6568.75,6570.75
1774995180,6570.75,6573,6570.25,6572.75
1774995240,6572.75,6576.75,6572.25,6575.25
1774995300,6575,6576,6573,6575.25
1774995360,6575.25,6576,6572.75,6573.25
1774995420,6573.25,6574.75,6572.5,6573.5
1774995480,6573,6574,6572,6572.75
1774995540,6572.5,6573.25,6572,6572.75
1774995600,6573,6574.5,6571.5,6573.25
1774995660,6573,6575.25,6568.75,6575
1774995720,6575,6577.25,6573.25,6574.5
1774995780,6574.75,6574.75,6570.75,6571.25
1774995840,6571.25,6575.25,6571.25,6574.25
1774995900,6573.75,6574.5,6571,6574
1774995960,6574,6574.75,6573.75,6574.25
1774996020,6574,6574.75,6574,6574.75
1774996080,6574.25,6576,6574.25,6575.5
1774996140,6575.25,6575.25,6573.25,6574
1774996200,6574,6574,6572.5,6572.75
1774996260,6572.5,6575.5,6572.5,6573.75
1774996320,6574.25,6574.25,6572,6572.25
1774996380,6572,6572,6570,6571.25
1774996440,6571.25,6571.75,6569.5,6569.75
1774996500,6570,6570.5,6569,6569.5
1774996560,6570,6570.5,6568.75,6568.75
1774996620,6569.25,6571,6569,6571
1774996680,6571,6573,6570,6571.75
1774996740,6572,6573,6571.5,6572
1774996800,6572.25,6574,6571.75,6574
1774996860,6573.75,6574.75,6573,6573.25
1774996920,6573,6576,6573,6575.25
1774996980,6575.5,6575.75,6573,6573.5
1774997040,6573.75,6574.5,6572.75,6573.75
1774997100,6573.5,6574,6573,6573.25
1774997160,6573.25,6574,6572.5,6573
1774997220,6573.25,6573.25,6572,6572.25
1774997280,6572.25,6572.75,6570.75,6571.25
1774997340,6571.5,6574.25,6571.25,6572.75
1774997400,6572.75,6572.75,6571.25,6571.5
1774997460,6571.5,6571.5,6570.5,6570.75
1774997520,6571,6571.75,6570.75,6571.75
1774997580,6571.75,6572,6571,6571.75
1774997640,6571.75,6573,6571.25,6572.25
1774997700,6572.25,6573.25,6572.25,6573.25
1774997760,6572.5,6573.25,6572.5,6572.5
1774997820,6572.75,6573,6571.25,6571.75
1774997880,6571.75,6573,6571.5,6572.5
1774997940,6572.25,6573.25,6571.75,6572.75
1774998000,6572.75,6573.25,6570.25,6570.25
1774998060,6570.25,6570.5,6569.25,6569.5
1774998120,6569.75,6572.5,6569.5,6572
1774998180,6572,6572.75,6571.5,6572
1774998240,6572.5,6572.5,6571,6571
1774998300,6571.25,6573,6571,6573
1774998360,6573,6573.25,6571.75,6572.25
1774998420,6572.5,6572.5,6570.75,6571.25
1774998480,6571.25,6571.75,6570.25,6570.25
1774998540,6570.5,6571,6570,6570.25
1774998600,6570.5,6571.5,6570,6570
1774998660,6570.5,6571.25,6569.25,6569.75
1774998720,6569.75,6571.5,6569.25,6571.5
1774998780,6571.5,6571.5,6570.5,6571
1774998840,6571.25,6571.25,6570.5,6570.5
1774998900,6570.75,6570.75,6569.5,6569.5
1774998960,6569.75,6571.75,6569.5,6571.5
1774999020,6571.5,6574.25,6571.25,6573.5
1774999080,6573.75,6574,6572,6573.25
1774999140,6573.5,6574.25,6572.75,6573
1774999200,6573.25,6573.5,6572.25,6573.5
1774999260,6573.25,6573.5,6572.5,6573
1774999320,6572.75,6572.75,6570.75,6571.25
1774999380,6571,6573,6571,6572.75
1774999440,6572.75,6573.75,6572.25,6573.5
1774999500,6573.5,6574,6572.5,6572.5
1774999560,6572.75,6573.75,6572.25,6573.25
1774999620,6573.25,6573.75,6572.5,6573.25
1774999680,6573.25,6574,6573,6573.5
1774999740,6574,6576,6573.75,6575
1774999800,6574.75,6577.25,6574.25,6576.25
1774999860,6576.25,6576.75,6575.25,6575.5
1774999920,6575.25,6576.25,6574.5,6576.25
1774999980,6576,6577.25,6575.75,6577.25
1775000040,6577,6580,6576.75,6579.25
1775000100,6579.25,6581.25,6579.25,6580.5
1775000160,6580,6584.75,6579.5,6582.5
1775000220,6582.75,6584.25,6582.25,6584
1775000280,6584,6586.75,6582.75,6584.75
1775000340,6584.5,6586,6584,6584.75
1775000400,6584.75,6585,6581.25,6581.75
1775000460,6582,6582,6579.75,6580.5
1775000520,6580.25,6581.25,6579.5,6580.25
1775000580,6579.75,6580.25,6579,6579.25
1775000640,6579.25,6580.25,6578.25,6579
1775000700,6578.75,6580.75,6578.5,6580.25
1775000760,6579.75,6580,6579,6579.5
1775000820,6580.25,6580.75,6577.5,6578.5
1775000880,6578.5,6579.75,6578.25,6579.75
1775000940,6579.75,6581.5,6579,6581.25
1775001000,6581,6583.5,6580.25,6582.75
1775001060,6582.5,6582.5,6581.25,6581.5
1775001120,6581.75,6585.75,6581.5,6585
1775001180,6585.25,6587.75,6584.25,6585
1775001240,6585,6586.75,6585,6586.25
1775001300,6586.5,6586.5,6584.75,6585.75
1775001360,6585.5,6585.75,6584.5,6585.75
1775001420,6585.25,6587.25,6585,6587
1775001480,6587,6592.75,6586.75,6589.75
1775001540,6589.25,6591.25,6589,6589.75
1775001600,6589.5,6589.75,6585.75,6587
1775001660,6587.25,6587.75,6585.75,6587.25
1775001720,6587.25,6588.25,6586,6588.25
1775001780,6588,6592.5,6587.75,6590
1775001840,6590.25,6592,6588.75,6591.75
1775001900,6591.75,6591.75,6588.25,6590
1775001960,6590,6591.25,6587,6587.25
1775002020,6587,6588.5,6586.5,6587.25
1775002080,6587,6590.5,6586.75,6588.75
1775002140,6588.75,6590.25,6588,6588.25
1775002200,6587.75,6589.5,6586.75,6587
1775002260,6587,6587.5,6585.5,6585.75
1775002320,6586,6587.75,6585.75,6587.5
1775002380,6586.75,6589,6586,6587.75
1775002440,6587.75,6589.25,6587,6588.75
1775002500,6588.5,6589.25,6586.5,6588.25
1775002560,6588.25,6589.25,6585,6585.5
1775002620,6585.5,6587,6585,6586.75
1775002680,6587,6588,6586.5,6586.5
1775002740,6586.75,6589.25,6586.25,6587.75
1775002800,6587.75,6588,6587,6587
1775002860,6587,6587,6583.75,6586.25
1775002920,6586.25,6586.5,6584.5,6586
1775002980,6585.75,6587.5,6585,6586.75
1775003040,6587,6589.25,6587,6588.5
1775003100,6588.75,6589.25,6587.5,6588.5
1775003160,6588.5,6588.75,6586,6586.75
1775003220,6586.75,6587.75,6585.75,6587
1775003280,6587,6587,6585.25,6585.75
1775003340,6586.25,6587.75,6586,6587.5
1775003400,6587,6587.75,6586,6586
1775003460,6586.25,6586.75,6585,6585
1775003520,6585,6585,6580,6584.25
1775003580,6584,6584.75,6582,6584.25
1775003640,6584.5,6585,6583.25,6583.25
1775003700,6583.5,6586.25,6583.25,6586
1775003760,6586,6586.25,6584.25,6584.5
1775003820,6584.25,6586.5,6583.75,6585
1775003880,6584.5,6586,6584.5,6585.25
1775003940,6585,6585.75,6584.75,6584.75
1775004000,6585.25,6589,6585,6588.75
1775004060,6588.75,6589.25,6588,6588.5
1775004120,6588.5,6589.5,6587.75,6587.75
1775004180,6587.75,6588,6586.75,6587
1775004240,6587.5,6588.75,6587.25,6588.5
1775004300,6588.25,6588.25,6586.25,6586.75
1775004360,6587,6588.5,6587,6588.25
1775004420,6588,6589.25,6587.75,6588.75
1775004480,6588.5,6588.75,6587.5,6587.5
1775004540,6587.5,6588.5,6587,6588
1775004600,6587.75,6590.25,6587.75,6589.75
1775004660,6589.75,6591,6589.25,6590.5
1775004720,6590.5,6591.5,6588.25,6589
1775004780,6588.75,6591,6588.75,6590
1775004840,6590.5,6590.5,6589,6589.25
1775004900,6590,6591,6590,6590.5
1775004960,6590.25,6590.25,6588,6588.5
1775005020,6588.75,6590.25,6588.5,6589.75
1775005080,6590.25,6591.5,6589.75,6591
1775005140,6591,6592.75,6590.5,6592.5
1775005200,6592.75,6594.75,6587.75,6591
1775005260,6590.75,6592.75,6587,6588.25
1775005320,6588.25,6590.5,6585.75,6589
1775005380,6588.75,6591.75,6588,6590.75
1775005440,6590.75,6591.5,6587.5,6587.5
1775005500,6587.75,6588,6583.25,6583.75
1775005560,6584,6584.25,6579.5,6580.25
1775005620,6580.75,6585.75,6580.25,6584.25
1775005680,6584.75,6585.5,6583,6584.25
1775005740,6584.5,6586,6584.25,6586
1775005800,6586,6588.5,6584,6587.75
1775005860,6587.75,6588.25,6586.75,6588.25
1775005920,6588,6588,6584.75,6586.5
1775005980,6586.25,6587.75,6584.5,6584.75
1775006040,6585,6586.25,6584.75,6585.75
1775006100,6585.75,6586,6583.75,6584
1775006160,6584.25,6584.5,6582.25,6582.75
1775006220,6583,6583.5,6582,6583.25
1775006280,6583,6585.75,6583,6585.25
1775006340,6585,6586.25,6584.5,6585.5
1775006400,6585.75,6587.25,6585.5,6586.75
1775006460,6586.5,6586.5,6584.75,6585.75
1775006520,6585.25,6586,6584.5,6584.75
1775006580,6584.5,6585,6584.25,6585
1775006640,6584.75,6586.5,6584.5,6586.25
1775006700,6586.25,6587.75,6585.75,6587.25
1775006760,6587,6589,6586.25,6588.5
1775006820,6588.75,6589.75,6587.5,6589.25
1775006880,6589.25,6589.25,6587.75,6588.25
1775006940,6588.25,6589.25,6588,6588.75
1775007000,6588.75,6589.5,6588,6589
1775007060,6588.75,6589.5,6588,6588.25
1775007120,6588.5,6588.5,6586.25,6586.25
1775007180,6586.5,6588.25,6586,6588.25
1775007240,6588.25,6588.5,6584.5,6585
1775007300,6585,6585.75,6583.5,6585
1775007360,6585,6586,6583.5,6584.5
1775007420,6584.5,6585.25,6583.75,6584.25
1775007480,6584.25,6584.5,6582.75,6583.5
1775007540,6583.25,6584.5,6583.25,6584
1775007600,6584.25,6585,6583.5,6584.25
1775007660,6583.75,6584.25,6582.5,6582.5
1775007720,6582.75,6583,6580.5,6580.75
1775007780,6581,6581.25,6580,6580.5
1775007840,6580.5,6581.5,6580.25,6581.5
1775007900,6581.25,6581.5,6579.5,6580.75
1775007960,6581,6582.5,6580.5,6581.25
1775008020,6581,6581.25,6580.25,6581
1775008080,6580.75,6581.25,6580,6580.75
1775008140,6580.75,6581,6578.75,6580
1775008200,6580,6581.5,6579.25,6581.25
1775008260,6581,6581.5,6580.25,6580.75
1775008320,6581,6581.25,6579.75,6580.5
1775008380,6580.25,6582,6580.25,6581
1775008440,6580.5,6583.25,6580,6582.75
1775008500,6582.5,6583,6582,6582
1775008560,6582,6582.25,6581,6581
1775008620,6581,6582.5,6580.5,6582.5
1775008680,6582.5,6582.75,6581.5,6582
1775008740,6582,6582.25,6581,6581.5
1775008800,6581.5,6583,6581.5,6582.75
1775008860,6582.5,6584,6582,6584
1775008920,6584,6585.5,6583.75,6585
1775008980,6585,6585.25,6583.5,6584.25
1775009040,6584.25,6585,6583.25,6584
1775009100,6584.25,6584.75,6583,6584
1775009160,6584.25,6584.5,6583.25,6583.25
1775009220,6583.5,6584.5,6583,6584
1775009280,6584,6584.25,6583.5,6583.75
1775009340,6583.5,6584.75,6583.25,6584
1775009400,6584,6585,6582,6582.25
1775009460,6582.25,6582.5,6579.75,6580
1775009520,6580.5,6581.5,6580.25,6581
1775009580,6581.25,6581.5,6580.25,6580.25
1775009640,6580.75,6581.5,6580.5,6580.75
1775009700,6580.75,6581,6579.25,6580.25
1775009760,6580,6580.75,6579.5,6580.25
1775009820,6580.75,6580.75,6579.5,6580.5
1775009880,6581,6581,6580.5,6580.5
1775009940,6580.75,6582,6580.75,6581.75
1775010000,6581.5,6581.75,6580,6581.25
1775010060,6581.25,6581.25,6580.5,6581
1775010120,6581,6581.25,6580,6580.25
1775010180,6580.25,6581.5,6580,6581.5
1775010240,6581.25,6581.5,6580.25,6580.75
1775010300,6580.75,6581,6579.75,6580
1775010360,6580.25,6580.5,6578.5,6580
1775010420,6579.5,6580.25,6578.75,6579.75
1775010480,6579.75,6580,6578,6579.5
1775010540,6579.5,6579.5,6578.25,6578.75
1775010600,6579,6579.75,6577,6579
1775010660,6579,6579.75,6578.5,6578.5
1775010720,6578.5,6578.75,6577.5,6578
1775010780,6578.25,6578.75,6577.25,6577.75
1775010840,6577.5,6578,6576.5,6576.5
1775010900,6576.75,6577.5,6576,6576
1775010960,6576.25,6577,6575.5,6576
1775011020,6576.25,6577.25,6575.5,6576.5
1775011080,6576.5,6577.25,6575.75,6577.25
1775011140,6577.5,6577.75,6576.75,6577.5
1775011200,6577.25,6578,6577,6577.25
1775011260,6577.5,6579.25,6576.75,6579
1775011320,6579,6579.75,6578.25,6579.25
1775011380,6579.25,6579.75,6578.75,6579.25
1775011440,6579,6579.25,6578.5,6578.75
1775011500,6578.5,6580.75,6578.5,6580.5
1775011560,6580.25,6581.5,6578.5,6578.75
1775011620,6578.5,6579.75,6578.5,6579.75
1775011680,6579.75,6580.25,6578.75,6579.75
1775011740,6579.25,6579.5,6578.25,6578.25
1775011800,6578.25,6578.75,6578.25,6578.25
1775011860,6578.25,6579,6578.25,6578.25
1775011920,6578,6578.75,6577.75,6578.25
1775011980,6578.25,6579.25,6578,6579.25
1775012040,6579,6580.5,6579,6580
1775012100,6580,6580.5,6579.25,6579.75
1775012160,6579.5,6580,6578.5,6579
1775012220,6579.25,6579.75,6578.75,6579.25
1775012280,6579,6579.5,6578.25,6578.5
1775012340,6578.25,6579,6578.25,6578.5
1775012400,6578.5,6578.75,6577.75,6578
1775012460,6577.75,6580,6577.75,6580
1775012520,6580,6580,6579,6580
1775012580,6580,6580.25,6579.5,6580
1775012640,6580,6580,6578.5,6579
1775012700,6579,6579,6578.5,6578.75
1775012760,6579,6580,6579,6579.75
1775012820,6579.5,6582.75,6579.5,6582
1775012880,6581.5,6582,6581,6581.75
1775012940,6582,6583,6581.5,6581.5
1775013000,6581.75,6582.25,6581.25,6582
1775013060,6582,6582.25,6581,6581
1775013120,6581,6581.75,6580.75,6581.75
1775013180,6581.75,6581.75,6581.25,6581.5
1775013240,6581.5,6581.75,6580.75,6581.25
1775013300,6581.25,6581.25,6579.75,6580.25
1775013360,6580.25,6581,6580,6580.75
1775013420,6580.75,6581.5,6580.75,6581.5
1775013480,6581,6581,6579.5,6579.75
1775013540,6580,6581,6579.75,6579.75
1775013600,6579.75,6580.25,6579.25,6580
1775013660,6580,6580.75,6579.5,6580.5
1775013720,6580.5,6580.75,6579.5,6580.25
1775013780,6580.25,6581,6580.25,6580.75
1775013840,6581,6581,6578.25,6578.25
1775013900,6578.5,6579.5,6578.25,6579.25
1775013960,6579.5,6580.25,6579,6579.5
1775014020,6579.5,6580.5,6579,6580
1775014080,6579.75,6580,6579.5,6580
1775014140,6579.75,6580.25,6579.25,6580
1775014200,6580,6581.5,6580,6581.25
1775014260,6581.25,6581.5,6580.5,6580.75
1775014320,6580.75,6581.25,6580.5,6581
1775014380,6581.25,6582,6580.5,6582
1775014440,6581.75,6582,6581,6581.25
1775014500,6581.5,6581.75,6580,6580.25
1775014560,6580,6581.25,6579.5,6580.75
1775014620,6581,6581.75,6580.75,6581
1775014680,6580.75,6581.75,6580.5,6581.75
1775014740,6581.5,6582,6581.25,6581.75
1775014800,6582,6582,6581.5,6581.75
1775014860,6581.5,6581.75,6580.75,6581.5
1775014920,6581.5,6582.25,6581.5,6581.75
1775014980,6581.75,6583,6581.5,6582.75
1775015040,6582.5,6583,6582,6582
1775015100,6582.25,6583.75,6582,6582.75
1775015160,6582.5,6582.5,6582,6582.25
1775015220,6582,6582,6579.75,6580
1775015280,6579.75,6581,6579.25,6580.25
1775015340,6580.5,6581.25,6580.5,6581.25
1775015400,6581.25,6581.5,6580.5,6580.75
1775015460,6580.5,6580.75,6579.75,6580.75
1775015520,6580.75,6581.25,6580.5,6580.75
1775015580,6580.5,6580.75,6580,6580.75
1775015640,6581,6581.25,6580.25,6580.75
1775015700,6580.5,6581.25,6580.5,6581
1775015760,6580.75,6581,6580,6580.25
1775015820,6580.25,6580.5,6580,6580.25
1775015880,6580.25,6580.5,6579.75,6580
1775015940,6579.75,6580.75,6579.75,6580.75
1775016000,6580.75,6582,6580.5,6582
1775016060,6582,6582.5,6581.25,6581.75
1775016120,6582,6582.5,6581.75,6582.5
1775016180,6582.25,6583,6582,6582
1775016240,6582,6582,6581,6581.5
1775016300,6581,6581,6580,6580.75
1775016360,6581,6581.75,6580.75,6581.75
1775016420,6581.75,6582,6581.5,6582
1775016480,6581.5,6582,6581.25,6581.75
1775016540,6581.25,6581.5,6581,6581.5
1775016600,6581.75,6581.75,6581,6581
1775016660,6581.25,6581.5,6581,6581.5
1775016720,6581.25,6581.25,6580,6580.25
1775016780,6580.5,6580.5,6579.5,6580.25
1775016840,6580.25,6580.75,6579.75,6580.25
1775016900,6580.5,6580.5,6580,6580.25
1775016960,6580.5,6580.5,6579.5,6579.5
1775017020,6579.5,6580.75,6579.5,6580.75
1775017080,6581,6582,6580.5,6581.5
1775017140,6581.25,6581.75,6580.75,6581.25
1775017200,6581.25,6581.5,6580.75,6581.25
1775017260,6581.25,6581.5,6580.5,6581.25
1775017320,6581.5,6584.75,6581.5,6583.75
1775017380,6583.5,6585,6583,6584.25
1775017440,6584.25,6585,6583.25,6584
1775017500,6584.25,6584.25,6583.25,6583.5
1775017560,6583.25,6583.5,6582.5,6582.75
1775017620,6582.75,6584.25,6582.75,6584.25
1775017680,6584,6584,6583.25,6584
1775017740,6584,6584.75,6583.75,6584.5
1775017800,6584.5,6585.5,6584.5,6584.75
1775017860,6584.75,6584.75,6583.75,6584.25
1775017920,6584.25,6585.25,6584,6585.25
1775017980,6585.25,6585.75,6584.75,6585
1775018040,6585.25,6585.75,6584.75,6585.25
1775018100,6585.25,6586.25,6584,6585
1775018160,6585,6585,6582.75,6583.25
1775018220,6583.5,6584.25,6583.25,6583.5
1775018280,6584,6584.75,6583.25,6584.75
1775018340,6584.5,6584.75,6584,6584.25
1775018400,6584.25,6584.75,6584,6584.75
1775018460,6584.5,6584.75,6584,6584
1775018520,6584,6584.5,6584,6584.5
1775018580,6584.25,6584.75,6584,6584.25
1775018640,6584.5,6585,6584.25,6584.75
1775018700,6585,6585,6583.75,6584
1775018760,6583.75,6584.5,6583.25,6584.5
1775018820,6584.75,6585,6584.5,6585
1775018880,6584.75,6586,6584.75,6585.75
1775018940,6585.75,6587.25,6585.75,6587
1775019000,6587,6588,6586,6586.75
1775019060,6586.75,6587.5,6586.75,6586.75
1775019120,6587.25,6587.5,6586.5,6587.5
1775019180,6587.5,6588,6586.75,6587.75
1775019240,6587.75,6587.75,6586.5,6586.75
1775019300,6586.5,6586.75,6584.25,6584.5
1775019360,6584.75,6585.5,6584.25,6585.5
1775019420,6585,6586,6585,6585.75
1775019480,6586,6586.5,6585.75,6585.75
1775019540,6585.75,6585.75,6585.25,6585.75
1775019600,6586,6586.25,6584.75,6585
1775019660,6585.25,6586,6584.75,6586
1775019720,6586.25,6587,6585.75,6586.5
1775019780,6586.25,6587,6585.75,6587
1775019840,6586.75,6587.25,6586,6587
1775019900,6587.25,6589.5,6586.75,6589
1775019960,6588.75,6589.5,6588.25,6589
1775020020,6588.75,6589.75,6588.5,6589.75
1775020080,6589.75,6590,6588.75,6588.75
1775020140,6588.75,6590.5,6588.5,6590.25
1775020200,6590.5,6591.25,6589.5,6589.75
1775020260,6589.75,6591.5,6589.75,6590.5
1775020320,6590.5,6590.75,6589.5,6590
1775020380,6590.25,6591.5,6589.75,6591.5
1775020440,6591.5,6593.25,6591,6592.5
1775020500,6592.75,6592.75,6591,6591.5
1775020560,6592,6592.75,6591.5,6591.75
1775020620,6591.75,6592.5,6591.5,6592.5
1775020680,6592.5,6593.25,6592.25,6593
1775020740,6593,6593.5,6592.25,6592.5
1775020800,6592.5,6593,6591.75,6592
1775020860,6592,6592.75,6592,6592
1775020920,6592.25,6592.75,6592,6592
1775020980,6592.25,6593,6591.75,6592.75
1775021040,6593,6595.75,6592.75,6594.5
1775021100,6594.75,6599.5,6594.25,6597.25
1775021160,6597.25,6597.25,6594.75,6595.25
1775021220,6595,6595.5,6593.5,6594
1775021280,6594.5,6594.75,6593,6594.25
1775021340,6594.25,6594.75,6593.5,6594.25
1775021400,6594.5,6595.5,6594,6594
1775021460,6594,6595.5,6594,6595.5
1775021520,6595.5,6596.75,6594.75,6594.75
1775021580,6594.75,6597,6594.75,6596
1775021640,6595.5,6596,6595,6595
1775021700,6594.75,6595.5,6594.25,6595.25
1775021760,6594.75,6594.75,6590.25,6591.25
1775021820,6591.5,6593.25,6591.5,6592
1775021880,6592.25,6593,6592,6592.25
1775021940,6592.25,6594,6592,6594
1775022000,6594,6594.75,6593.25,6593.5
1775022060,6593.75,6594.5,6593.25,6594.25
1775022120,6593.75,6594.25,6593,6593
1775022180,6593.25,6594.75,6593.25,6594
1775022240,6593.75,6595.25,6593.75,6595.25
1775022300,6595.25,6596.75,6595.25,6595.25
1775022360,6595.5,6595.5,6593.75,6594
1775022420,6593.75,6594,6593,6593.5
1775022480,6593.5,6594.25,6592.25,6592.75
1775022540,6593.25,6595.75,6593,6595.25
1775022600,6595.25,6596.5,6595.25,6596
1775022660,6595.25,6597.25,6595.25,6597
1775022720,6596.5,6596.5,6595,6596
1775022780,6596,6596.75,6595.25,6595.75
1775022840,6595.5,6595.75,6594,6594.5
1775022900,6594.5,6595,6593.75,6594.5
1775022960,6594.75,6594.75,6592.75,6593.5
1775023020,6593.25,6593.25,6592,6592.5
1775023080,6592.5,6593.25,6591.75,6592.25
1775023140,6592.25,6593.75,6592,6592.75
1775023200,6593,6594.75,6592.5,6594.5
1775023260,6594.25,6597.25,6593.75,6597
1775023320,6597,6597,6595.25,6597
1775023380,6596.75,6597,6594.75,6595.75
1775023440,6596,6596,6593,6593
1775023500,6593,6595.5,6592.5,6595.5
1775023560,6595.5,6597.25,6595,6597
1775023620,6597,6598.75,6595.75,6597.75
1775023680,6597.5,6599,6597,6598.25
1775023740,6598.5,6598.75,6596.25,6596.75
1775023800,6596.75,6597.25,6596,6597
1775023860,6597.25,6598.25,6597.25,6597.5
1775023920,6597.75,6602.25,6597.5,6602.25
1775023980,6602.25,6602.75,6600,6601
1775024040,6601.25,6602.75,6600.75,6602.75
1775024100,6602.25,6606.25,6601,6605.5
1775024160,6605,6607,6604,6605.25
1775024220,6605.25,6606.75,6604.5,6606.25
1775024280,6606,6606.75,6602.5,6602.75
1775024340,6602.75,6605.5,6602,6605
1775024400,6605,6607,6604.5,6606.75
1775024460,6606.5,6608.75,6605.25,6607.75
1775024520,6607.5,6607.5,6605.75,6605.75
1775024580,6606,6607.25,6605.5,6606.75
1775024640,6606.75,6608,6606,6607.5
1775024700,6607.5,6608.5,6606.75,6607.75
1775024760,6607.5,6609.25,6607.5,6608.5
1775024820,6608.25,6608.75,6606.75,6607.25
1775024880,6607,6609.75,6607,6609
1775024940,6609.25,6612.5,6609.25,6610.5
1775025000,6610.25,6613.25,6609.25,6613
1775025060,6613,6616.75,6613,6615
1775025120,6615,6616,6613.75,6615
1775025180,6615.25,6617.75,6615,6616.5
1775025240,6616.5,6618,6616.5,6617
1775025300,6617,6617.25,6615.25,6616
1775025360,6616,6618.75,6615.25,6618.25
1775025420,6618,6619.25,6617.5,6619
1775025480,6618.75,6619.75,6617.25,6617.75
1775025540,6617.5,6618.25,6616,6617.75
1775025600,6617.5,6619,6615.25,6616.25
1775025660,6615.75,6618.25,6615.5,6618.25
1775025720,6618,6621.25,6618,6619.25
1775025780,6619.25,6619.25,6618,6618.5
1775025840,6618.5,6620.75,6618.25,6620.25
1775025900,6620.5,6620.75,6618.5,6620
1775025960,6619.75,6620,6617.25,6618.5
1775026020,6618.5,6620.25,6618,6619.75
1775026080,6619.75,6622,6619.5,6621.25
1775026140,6621.25,6621.25,6617.25,6617.5
1775026200,6617.25,6618.75,6616.25,6618.25
1775026260,6618,6619,6616.5,6617.25
1775026320,6617,6619.5,6616.5,6618.5
1775026380,6619,6619.75,6618,6619.75
1775026440,6619.75,6621,6619,6620
1775026500,6620.25,6622,6619.75,6621.5
1775026560,6621.75,6621.75,6620.5,6620.75
1775026620,6620.75,6621,6619.75,6620.25
1775026680,6620.5,6621.75,6620,6620.25
1775026740,6620.25,6621,6620,6620.5
1775026800,6620.5,6621.75,6618.5,6621.5
1775026860,6621.5,6623.5,6620,6620.25
1775026920,6620.25,6620.5,6618.5,6618.5
1775026980,6619,6619.5,6616.75,6618.25
1775027040,6618.5,6618.5,6617,6617.5
1775027100,6618,6618.25,6616.25,6617.25
1775027160,6617.5,6618,6616.25,6617.5
1775027220,6617.5,6619,6616.75,6618
1775027280,6618,6620.75,6617.25,6618
1775027340,6618.5,6619.25,6616.75,6619.25
1775027400,6619.25,6619.75,6616.25,6617.25
1775027460,6617.25,6618,6614.5,6615.5
1775027520,6615.5,6617.25,6615.5,6615.5
1775027580,6615.5,6616.5,6614.5,6615.25
1775027640,6615,6616.75,6614.75,6616.75
1775027700,6616.25,6616.25,6614.5,6615
1775027760,6615.25,6616,6614.5,6615.25
1775027820,6615,6616.25,6614,6616.25
1775027880,6616.25,6616.25,6614.25,6615.25
1775027940,6615.25,6615.5,6614.25,6614.5
1775028000,6614.5,6615,6613.5,6614
1775028060,6614.25,6615,6613.25,6613.5
1775028120,6613.5,6613.75,6612,6613
1775028180,6613.25,6613.5,6612,6612.5
1775028240,6612.5,6613.75,6612.25,6613.75
1775028300,6613.75,6614.5,6612.5,6613.75
1775028360,6614,6614.25,6613,6613.25
1775028420,6613.25,6615.75,6613,6615.25
1775028480,6615.5,6615.5,6613.75,6615
1775028540,6615,6616.5,6615,6615
1775028600,6615.25,6619,6615.25,6618.75
1775028660,6618.75,6619.25,6616,6616.5
1775028720,6616.5,6618.25,6615,6615.25
1775028780,6615.25,6617.75,6614,6617.25
1775028840,6617.5,6619.25,6616.75,6617.5
1775028900,6617.5,6619.25,6617.5,6618.75
1775028960,6618.75,6619.5,6617.5,6618.75
1775029020,6619,6621,6619,6620.5
1775029080,6620,6622,6619.75,6620.25
1775029140,6620.25,6620.25,6617.75,6618.25
1775029200,6618.25,6619.25,6616.75,6618
1775029260,6617.75,6617.75,6614.25,6614.5
1775029320,6615,6618,6614,6617.25
1775029380,6617.25,6619.25,6616,6616
1775029440,6616.25,6618,6616,6618
1775029500,6617.75,6618.25,6615.75,6616.25
1775029560,6616,6619,6616,6618.25
1775029620,6617.75,6619,6616.5,6618.25
1775029680,6618,6618.75,6613.25,6613.75
1775029740,6613.75,6613.75,6608.25,6608.5
1775029800,6608.5,6609.5,6603.25,6604.25
1775029860,6604.25,6605.25,6600,6602.5
1775029920,6602.25,6604.25,6601,6601.25
1775029980,6601.5,6603.75,6600,6603.5
1775030040,6603.5,6605.5,6602.5,6604
1775030100,6603.75,6604.75,6600.25,6602.25
1775030160,6602.25,6605,6602.25,6603.75
1775030220,6603.5,6604.75,6601.75,6602.5
1775030280,6602.25,6602.25,6600,6600.75
1775030340,6601,6602.75,6598.25,6600.5
1775030400,6600.5,6603,6598.75,6601.5
1775030460,6601.25,6601.25,6596.75,6597.5
1775030520,6597.5,6600,6595.75,6597.75
1775030580,6597.5,6603,6597.5,6602.25
1775030640,6602.5,6604.75,6601.25,6602.25
1775030700,6602.25,6602.25,6599.5,6599.5
1775030760,6600,6601.75,6595,6595.75
1775030820,6595.5,6597.25,6595.25,6596.75
1775030880,6596.5,6597,6595.25,6596.5
1775030940,6597,6597,6594,6595
1775031000,6594.75,6595.25,6593,6593.25
1775031060,6593.75,6594.25,6590,6592.25
1775031120,6592,6594.5,6591,6593.25
1775031180,6593.5,6595.75,6593.5,6594.5
1775031240,6594.75,6595,6592.5,6592.5
1775031300,6592.75,6597.25,6592.5,6596.25
1775031360,6596.25,6596.25,6591.75,6592
1775031420,6592,6596.75,6591.75,6596.5
1775031480,6596.5,6598.75,6596,6598.5
1775031540,6598.5,6599.75,6598,6598.5
1775031600,6598.75,6600.5,6598.5,6600.25
1775031660,6600,6601.75,6599.5,6600.75
1775031720,6600.75,6603,6600.75,6602.25
1775031780,6602.25,6604,6600,6601
1775031840,6600.75,6603.75,6600.5,6603.75
1775031900,6603.5,6607.75,6603.5,6607
1775031960,6607,6608,6606.25,6606.75
1775032020,6606.75,6608.25,6605,6605
1775032080,6605,6605.25,6601.5,6602
1775032140,6602,6603.25,6600.5,6602.25
1775032200,6602.5,6604,6601.75,6603
1775032260,6603,6604.5,6602.5,6603.75
1775032320,6603.5,6606.75,6603,6606.25
1775032380,6606.5,6606.75,6604.5,6604.5
1775032440,6604.75,6606,6604.25,6605.5
1775032500,6605.5,6606,6602.75,6602.75
1775032560,6602.5,6604,6601.25,6604
1775032620,6604.25,6604.25,6601.75,6602.5
1775032680,6602.75,6605,6602,6604.25
1775032740,6604,6606.75,6603.25,6605.25
1775032800,6605.25,6606,6603.25,6605.75
1775032860,6605.75,6607.75,6604.75,6605.25
1775032920,6605.25,6605.5,6603,6603.25
1775032980,6603.25,6604.75,6602.25,6604.75
1775033040,6604.5,6606.5,6604,6606
1775033100,6606,6606.75,6604.5,6605.75
1775033160,6605.75,6605.75,6602.75,6603
1775033220,6602.75,6603.75,6602,6602.75
1775033280,6602.5,6604.75,6602.25,6604
1775033340,6604.25,6606,6604,6605.5
1775033400,6605,6606.75,6605,6606
1775033460,6606.5,6607,6604,6604
1775033520,6604,6605.75,6602.75,6605
1775033580,6605,6608.5,6605,6607.75
1775033640,6607.25,6607.75,6590.25,6601.5
1775033700,6601.75,6603,6596.75,6601.5
1775033760,6601.75,6605.5,6600.75,6602.75
1775033820,6602.5,6604.5,6602.25,6604.5
1775033880,6604.75,6605.5,6601.75,6602
1775033940,6602.5,6603.5,6600.25,6601.5
1775034000,6601.5,6602.5,6599.25,6600
1775034060,6600,6605.25,6599,6602.75
1775034120,6602.75,6603.75,6601.75,6603.25
1775034180,6603,6603,6599,6600.5
1775034240,6600.5,6600.75,6599,6599.25
1775034300,6599.75,6600.5,6599.25,6599.75
1775034360,6600,6601.25,6598.5,6599
1775034420,6599.25,6599.5,6596.5,6598
1775034480,6598,6598,6594,6595.25
1775034540,6595.5,6596.5,6594.25,6595
1775034600,6595,6596,6592.25,6592.75
1775034660,6592.75,6594,6592,6592.75
1775034720,6592.5,6595.5,6591.5,6595.5
1775034780,6595.5,6596,6592.25,6595
1775034840,6595.25,6595.75,6593.25,6594.25
1775034900,6594.25,6595.5,6593.25,6593.75
1775034960,6593.5,6594.25,6592.75,6593.25
1775035020,6593.5,6594.5,6593,6593.25
1775035080,6593,6593.25,6590.75,6591
1775035140,6591.25,6592.25,6590.25,6591.75
1775035200,6591.75,6592.75,6588.25,6588.75
1775035260,6589,6590.75,6587.25,6587.25
1775035320,6587.5,6588.5,6587,6588.25
1775035380,6588.25,6589,6586.25,6588.75
1775035440,6588.5,6589.5,6587.75,6589.5
1775035500,6589,6593.25,6589,6592.75
1775035560,6592.25,6592.5,6590.25,6590.5
1775035620,6590.75,6593,6590.5,6592.5
1775035680,6592.5,6592.75,6590.75,6591
1775035740,6591.25,6592.75,6591,6592.5
1775035800,6592.25,6595,6592.25,6595
1775035860,6595,6597,6594.25,6594.75
1775035920,6595,6596,6594.25,6594.25
1775035980,6594.25,6596.25,6592.75,6594.75
1775036040,6595,6596.5,6594.25,6595.75
1775036100,6595.5,6596.75,6595.5,6596.25
1775036160,6596.5,6599.75,6596.25,6598.25
1775036220,6598.25,6599,6597.75,6598.25
1775036280,6598.25,6599.75,6597.75,6599.75
1775036340,6599.5,6599.75,6596.5,6597.25
1775036400,6597.75,6598.25,6596.5,6597.25
1775036460,6597.5,6598,6596.5,6597.5
1775036520,6597,6598,6596.75,6597.5
1775036580,6597.5,6599,6597,6598.5
1775036640,6598.25,6599.25,6597,6597.75
1775036700,6597.75,6600.75,6597.5,6599
1775036760,6599,6601.5,6598,6601.5
1775036820,6601.25,6602.25,6600,6602
1775036880,6601.75,6604,6601.75,6602.5
1775036940,6602.5,6604.5,6602.25,6604.5
1775037000,6604,6606.75,6604,6605.75
1775037060,6605.75,6605.75,6603.5,6605
1775037120,6605,6606.25,6604.25,6604.5
1775037180,6604.5,6605.5,6603.75,6605
1775037240,6604.75,6605,6602.5,6603.75
1775037300,6604,6604.5,6600.25,6600.5
1775037360,6600.5,6602.75,6598.75,6602
1775037420,6602,6608,6601.75,6605.75
1775037480,6605.75,6605.75,6601.25,6602.5
1775037540,6602.75,6603.5,6602,6602.5
1775037600,6603,6607,6601.5,6606.75
1775037660,6607,6607,6603,6604.25
1775037720,6604.25,6604.25,6602,6604
1775037780,6603.75,6605.5,6603.75,6604.5
1775037840,6604.25,6604.25,6599.75,6600.25
1775037900,6600.25,6603.25,6599,6601.5
1775037960,6601.5,6602,6600.5,6601.75
1775038020,6601.75,6602,6600.25,6600.75
1775038080,6600.75,6602,6600.25,6601.75
1775038140,6601.25,6602.5,6599.25,6599.5
1775038200,6599.5,6600.5,6598.5,6599.75
1775038260,6599.75,6601.5,6599.25,6601
1775038320,6601,6603.75,6600.75,6603.25
1775038380,6603.5,6605.75,6603,6605
1775038440,6605,6605.5,6603.5,6603.5
1775038500,6603.5,6604.75,6602,6603.5
1775038560,6603.5,6604.5,6603,6604.25
1775038620,6604,6606,6604,6604
1775038680,6604,6605,6603.75,6604.75
1775038740,6604.5,6605,6603,6603.75
1775038800,6604,6607,6603.25,6603.5
1775038860,6603.5,6606.25,6603.5,6606.25
1775038920,6606.25,6606.75,6603.75,6604.25
1775038980,6604,6605.5,6603.75,6605.25
1775039040,6605.25,6605.75,6603.75,6603.75
1775039100,6604,6604,6600.5,6602.25
1775039160,6602.25,6602.75,6599.5,6602.75
1775039220,6602.75,6603.25,6601.25,6601.75
1775039280,6601.5,6602.25,6600.5,6602.25
1775039340,6601.75,6603.5,6601.5,6602
1775039400,6602.25,6606,6602.25,6604.75
1775039460,6604.5,6605.25,6603.75,6604.25
1775039520,6604.75,6605.75,6602.25,6603
1775039580,6602.75,6603.25,6600.5,6602
1775039640,6601.75,6602,6600.75,6600.75
1775039700,6600.75,6602.5,6600.25,6601.75
1775039760,6602,6602.5,6600.75,6601.5
1775039820,6602,6603,6601,6602.75
1775039880,6602.75,6602.75,6601.5,6602.75
1775039940,6602.75,6605.5,6602.25,6604.5
1775040000,6604.5,6606,6604.5,6605.25
1775040060,6605.25,6607.5,6604.75,6607.5
1775040120,6607.5,6608,6606.25,6606.5
1775040180,6606.5,6606.75,6604.5,6605.5
1775040240,6605.5,6607.75,6605.5,6606.75
1775040300,6606.5,6611.25,6606.25,6610.25
1775040360,6610.25,6614.5,6610.25,6613.5
1775040420,6613.25,6614.5,6612,6613.75
1775040480,6613.75,6616,6613.5,6613.75
1775040540,6613.25,6616,6613,6616
1775040600,6615.75,6617.5,6615,6616.75
1775040660,6616.75,6618,6616,6617
1775040720,6616.75,6617.5,6615.25,6615.75
1775040780,6616,6616.75,6614.25,6614.75
1775040840,6614.5,6615.5,6613.5,6615
1775040900,6615,6615,6610.75,6611.25
1775040960,6611,6613.25,6610.75,6612.25
1775041020,6612.5,6615,6612.5,6614.5
1775041080,6614.5,6614.75,6613.25,6614
1775041140,6614,6618.5,6614,6616
1775041200,6616,6617,6614.5,6615.5
1775041260,6615.5,6616.25,6614.5,6615.5
1775041320,6615.75,6617.5,6615.25,6616.5
1775041380,6616.75,6619,6616.25,6617.75
1775041440,6617.75,6619.5,6617.25,6619
1775041500,6618.75,6619.5,6618.25,6618.5
1775041560,6618.75,6619.5,6618.25,6618.5
1775041620,6619,6619,6617,6618
1775041680,6618,6620,6617.75,6619.25
1775041740,6619.25,6620,6618.25,6618.5
1775041800,6618.5,6619.25,6617.25,6617.5
1775041860,6617.25,6619,6617,6618.5
1775041920,6619,6619.75,6618,6619.25
1775041980,6619.25,6619.75,6618.75,6619
1775042040,6619,6621,6619,6621
1775042100,6620.75,6623,6620.5,6621.25
1775042160,6621.5,6621.5,6619.25,6620.25
1775042220,6620.25,6620.75,6619.25,6620
1775042280,6620.25,6620.5,6618.5,6619.5
1775042340,6619.25,6623,6619.25,6623
1775042400,6622.5,6623.25,6620.75,6621.25
1775042460,6621.25,6622.75,6620.5,6621.25
1775042520,6621.5,6621.75,6618.75,6620
1775042580,6619.75,6621.25,6619.5,6620.5
1775042640,6620.25,6622,6619.25,6621
1775042700,6621,6623.5,6620,6623.25
1775042760,6623,6624.5,6621.75,6623.5
1775042820,6623.5,6623.5,6621,6622
1775042880,6622.25,6623,6620,6620.5
1775042940,6620,6621.5,6620,6620.75
1775043000,6620.75,6623.5,6619.75,6622
1775043060,6622,6623.5,6621.25,6622.25
1775043120,6622.25,6623.75,6621.75,6622.25
1775043180,6622.25,6623.25,6621,6621.75
1775043240,6621.5,6623.5,6620.75,6623.5
1775043300,6623.5,6625.75,6623,6624
1775043360,6624,6626.25,6623.75,6624.25
1775043420,6624.5,6626,6622.75,6625.75
1775043480,6625.75,6627.75,6625.5,6627.5
1775043540,6627.5,6628.25,6626.25,6627
1775043600,6627,6627.5,6626,6626.75
1775043660,6626.75,6627.75,6626.25,6626.75
1775043720,6626.5,6627.5,6622.5,6623
1775043780,6622.75,6624.5,6622.5,6624.5
1775043840,6624,6626.25,6623.75,6625.25
1775043900,6625,6625.25,6623,6624.5
1775043960,6624.5,6625.75,6624,6624.25
1775044020,6624.5,6624.75,6622,6622.75
1775044080,6622.75,6624.75,6622.25,6624.25
1775044140,6624,6625.75,6622.5,6624.75
1775044200,6624.75,6626.25,6624.75,6625.5
1775044260,6625.75,6626.25,6624.75,6626
1775044320,6625.75,6628.25,6625.75,6628.25
1775044380,6628.25,6629.5,6626.75,6627.25
1775044440,6627.25,6627.75,6626,6627.5
1775044500,6627.75,6629.75,6627.25,6629
1775044560,6629,6630,6627.75,6628
1775044620,6628,6629.75,6626.75,6629.5
1775044680,6629.5,6630.75,6628.5,6628.75
1775044740,6628.75,6629,6627.25,6627.75
1775044800,6627.5,6628.25,6625.5,6628.25
1775044860,6628,6628.5,6626,6628
1775044920,6628,6628,6625.25,6626.25
1775044980,6626.5,6626.5,6623.75,6624
1775045040,6623.75,6626,6623.5,6624.5
1775045100,6624.75,6628,6624.5,6626.75
1775045160,6626.75,6628.5,6625.25,6627.5
1775045220,6627.5,6627.5,6625,6625
1775045280,6625,6626,6622.75,6623.25
1775045340,6623,6624,6622.25,6623.75
1775045400,6623.75,6624.25,6622.5,6623
1775045460,6623,6623.5,6621,6621.75
1775045520,6621.75,6622.25,6620.75,6621
1775045580,6621.25,6621.5,6620,6620.25
1775045640,6620.25,6621,6619.75,6621
1775045700,6620.5,6622.75,6619.75,6622
1775045760,6621.5,6623,6620.25,6621.5
1775045820,6621.25,6621.5,6619.25,6620
1775045880,6620.25,6621.25,6620.25,6620.75
1775045940,6621,6621.5,6620,6621
1775046000,6621,6621,6618,6619.25
1775046060,6619.25,6619.75,6616,6617.25
1775046120,6616.75,6617.5,6614,6615.25
1775046180,6615.5,6617.75,6614.5,6616.5
1775046240,6616.25,6616.5,6615.25,6615.5
1775046300,6615.75,6616.25,6615,6615.5
1775046360,6615.25,6615.5,6612,6613.25
1775046420,6613.25,6614.25,6610.25,6611.25
1775046480,6611,6615,6609.5,6615
1775046540,6615.25,6616.25,6614.75,6615.25
1775046600,6615.25,6620,6613.25,6614.5
1775046660,6614.75,6615.25,6612.25,6613.75
1775046720,6613.5,6614.75,6612.5,6612.75
1775046780,6613,6614.5,6611.75,6612
1775046840,6611.75,6613.75,6611.25,6613.25
1775046900,6613.5,6615.25,6612.25,6614.25
1775046960,6614.25,6614.75,6610,6610.75
1775047020,6610.75,6611,6605.5,6605.75
1775047080,6605.5,6607.5,6604.25,6606.75
1775047140,6606.75,6609.25,6606.25,6607
1775047200,6607.25,6611.75,6606.25,6611.25
1775047260,6611.25,6611.5,6608.5,6609
1775047320,6609,6610.5,6608,6609
1775047380,6608.75,6609,6607,6607.75
1775047440,6608,6642,6606.5,6625.5
1775047500,6625.75,6638.5,6605,6618.75
1775047560,6619,6621.25,6609.5,6613.5
1775047620,6613.25,6614.5,6608.5,6611.75
1775047680,6612,6613,6601.5,6602.5
1775047740,6602.25,6604,6597.75,6602.25
1775047800,6602.25,6607.25,6599.75,6602.25
1775047860,6602,6605.25,6596.75,6597.5
1775047920,6597.5,6602,6597.5,6600.75
1775047980,6600.25,6601.5,6597,6598.75
1775048040,6598.5,6598.5,6594.25,6596
1775048100,6596.25,6599.25,6593.25,6597.75
1775048160,6598,6600,6595.75,6597.25
1775048220,6597,6599.75,6595.5,6597
1775048280,6596.75,6598,6594.5,6594.75
1775048340,6594.75,6597.25,6593.5,6596.25
1775048400,6596.5,6597.75,6594.25,6595.25
1775048460,6595.25,6595.5,6591.5,6595.25
1775048520,6595.25,6597,6593,6594.75
1775048580,6595,6597,6594.25,6595.75
1775048640,6595.5,6596,6592,6593.5
1775048700,6593.75,6594.5,6590.75,6592
1775048760,6592.25,6592.5,6590,6590.25
1775048820,6590.25,6594,6590,6592.75
1775048880,6592.5,6593.5,6591,6592.75
1775048940,6592.5,6594.5,6591.5,6594.5
1775049000,6594.25,6598.5,6593.25,6596.5
1775049060,6596.25,6600.5,6594.75,6599.5
1775049120,6599.5,6600.5,6596.5,6599.5
1775049180,6599.5,6602.5,6599.25,6599.5
1775049240,6599.5,6600.25,6596,6596.5
1775049300,6596.5,6598.75,6595.75,6597.75
1775049360,6597.75,6602.75,6597.25,6602
1775049420,6602,6602.5,6600.75,6601.25
1775049480,6601.25,6604.5,6600.5,6600.75
1775049540,6601,6603.25,6600,6603
1775049600,6602.75,6603.75,6600.5,6602.5
1775049660,6602.5,6603,6596.25,6597.25
1775049720,6597.25,6601.25,6595,6600.5
1775049780,6601,6601.75,6599.75,6600.75
1775049840,6600.75,6602,6600.5,6601
1775049900,6601.5,6603.5,6598,6600.75
1775049960,6600.75,6603.25,6599.75,6602.5
1775050020,6602.5,6606,6602.25,6605.5
1775050080,6605.5,6606,6603.5,6605.75
1775050140,6605.75,6606.75,6604,6606.25
1775050200,6606.25,6611.5,6605,6609.5
1775050260,6609.75,6611,6602.75,6607
1775050320,6607,6617.75,6606.5,6617.5
1775050380,6617.25,6619.25,6614.5,6618.5
1775050440,6618.5,6622.25,6616.5,6617.5
1775050500,6617.5,6619.5,6613.25,6618.75
1775050560,6618.75,6624,6617.75,6620.75
1775050620,6620.75,6622.75,6618.25,6622.5
1775050680,6622.25,6626.75,6622.25,6626
1775050740,6626,6628.5,6624.25,6626.25
1775050800,6626.25,6626.5,6619.75,6620.25
1775050860,6620.25,6621.75,6617.5,6618.25
1775050920,6618.5,6622.5,6606.75,6608.25
1775050980,6608.25,6609.25,6601.25,6602
1775051040,6601.5,6608,6601.5,6607.5
1775051100,6607.5,6613,6604.5,6605.5
1775051160,6605,6607,6603.25,6604.25
1775051220,6604.25,6605,6599,6599.25
1775051280,6599.5,6604.5,6598,6600.25
1775051340,6600.5,6602,6597.5,6600.25
1775051400,6600.25,6605.75,6597.75,6605.25
1775051460,6605,6610.75,6604.5,6608.5
1775051520,6608.5,6611.75,6604.75,6610.5
1775051580,6610.5,6616.75,6609.75,6612.25
1775051640,6612.25,6613,6607,6607.25
1775051700,6607.5,6611.25,6604.25,6610
1775051760,6609.75,6611.5,6605.25,6607.25
1775051820,6607.25,6613.75,6606,6609
1775051880,6609,6611.25,6607.75,6610.75
1775051940,6610,6611.5,6606.5,6611.5
1775052000,6611.5,6615.75,6606.75,6610
1775052060,6609.75,6618.25,6609.5,6615
1775052120,6615.25,6617.25,6613.5,6616.5
1775052180,6616.25,6620,6614.25,6615.75
1775052240,6615.5,6617.75,6612,6614.5
1775052300,6614.75,6618.5,6613.75,6615
1775052360,6615.25,6615.5,6607.5,6611.25
1775052420,6611,6619.25,6610.75,6616.5
1775052480,6616.25,6621.25,6615.25,6619
1775052540,6618.75,6620,6613.75,6616
1775052600,6616,6617.25,6610.75,6613.75
1775052660,6613.5,6613.75,6608,6608.5
1775052720,6608.25,6615.25,6608,6613.5
1775052780,6613.5,6613.75,6609.5,6611.25
1775052840,6611.25,6615,6610.5,6614
1775052900,6614,6618.5,6613.25,6617
1775052960,6617,6617.5,6612.75,6614.5
1775053020,6614.5,6616.25,6610.5,6612
1775053080,6612,6615.25,6611.5,6613.75
1775053140,6613.5,6616,6610.5,6615.5
1775053200,6615.5,6617.25,6611,6612
1775053260,6612.25,6619.25,6612,6617.75
1775053320,6617.75,6623.5,6616.75,6620.5
1775053380,6620.25,6620.5,6616,6618.75
1775053440,6619,6619.5,6610.75,6614.25
1775053500,6614.25,6618,6612.5,6617.25
1775053560,6617.5,6617.75,6611.5,6612.25
1775053620,6612.25,6615.75,6611.75,6614
1775053680,6613.75,6618,6613.5,6616.75
1775053740,6616.75,6619.25,6616.5,6618.25
1775053800,6618.25,6622,6617.5,6621.75
1775053860,6621.5,6624.5,6620.75,6623
1775053920,6622.75,6624,6618.75,6619
1775053980,6618.75,6620,6612.5,6615.25
1775054040,6615.5,6616.75,6612.25,6613.75
1775054100,6613.75,6613.75,6608.5,6610.25
1775054160,6610.25,6610.75,6604.75,6608.75
1775054220,6609,6611.5,6606.25,6611.25
1775054280,6611,6618.75,6610.5,6616
1775054340,6615.75,6631.25,6615.5,6623
1775054400,6623.25,6623.25,6613.25,6617.75
1775054460,6617.5,6620.75,6616,6620.5
1775054520,6620.25,6627.75,6620,6625.5
1775054580,6625.5,6628.75,6622.25,6624.25
1775054640,6624.25,6625.75,6622.25,6625
1775054700,6625,6626.5,6622.25,6624.75
1775054760,6624.75,6625,6618.5,6621.5
1775054820,6621.75,6625.5,6620,6624.75
1775054880,6624.75,6627.25,6624.5,6627
1775054940,6627,6632.5,6626.25,6630.25
1775055000,6630.25,6631.25,6628.75,6629.5
1775055060,6629.5,6632,6625.75,6630
1775055120,6630,6633.25,6630,6632
1775055180,6632,6637,6631.75,6635.75
1775055240,6635.25,6636.5,6633,6634
1775055300,6633.75,6634.5,6630.75,6631.5
1775055360,6631,6635,6630,6634.5
1775055420,6634.75,6636.5,6633,6634.25
1775055480,6634,6636.25,6633,6635
1775055540,6635,6635.75,6631.75,6633.5
1775055600,6633.75,6634.5,6631.5,6634.5
1775055660,6634.5,6636,6633.25,6634.75
1775055720,6634.75,6638.25,6634.75,6636.5
1775055780,6636.5,6638,6634.75,6635.75
1775055840,6635.75,6637.25,6633.75,6634.5
1775055900,6634.25,6636.25,6632,6635.5
1775055960,6635.75,6638.5,6632.25,6634.25
1775056020,6634,6639,6633.5,6638.25
1775056080,6638.25,6638.75,6636.5,6638.25
1775056140,6638.25,6639.5,6637.75,6638.5
1775056200,6638.5,6638.75,6634.25,6634.75
1775056260,6634.25,6637.75,6633.75,6636.5
1775056320,6636.5,6637.75,6634.5,6637
1775056380,6637.25,6638,6635,6635.25
1775056440,6635.5,6636.5,6633.75,6634.5
1775056500,6634.75,6636.25,6633,6634
1775056560,6634,6636.5,6633.75,6635.5
1775056620,6635.75,6636.5,6633.5,6634
1775056680,6634,6637.25,6634,6637
1775056740,6637,6638.25,6636.5,6638.25
1775056800,6638,6638.5,6636.75,6637.25
1775056860,6637.25,6639,6634.5,6635.25
1775056920,6635,6638.25,6635,6637.5
1775056980,6637.75,6639.25,6637.5,6637.5
1775057040,6637.75,6637.75,6633.5,6635
1775057100,6635.25,6636,6634,6635.75
1775057160,6635.5,6638.25,6634.25,6637
1775057220,6637,6637,6633,6634.25
1775057280,6634.25,6637,6632.25,6635.25
1775057340,6635.5,6635.75,6631.75,6632
1775057400,6631.75,6632.5,6627.5,6628.5
1775057460,6628.75,6635,6628.75,6634
1775057520,6634,6635,6631.5,6633.25
1775057580,6633.5,6633.75,6631.25,6632
1775057640,6632.5,6633.75,6630.25,6633
1775057700,6633,6638.25,6633,6636.5
1775057760,6636.5,6640,6635.5,6639.5
1775057820,6639.25,6642,6637.25,6638
1775057880,6638,6638.25,6636,6637.75
1775057940,6637.5,6639.5,6637,6639.25
1775058000,6639.25,6639.5,6635,6635.5
1775058060,6635.5,6638,6635.5,6636
1775058120,6636,6638.75,6636,6638
1775058180,6638,6640,6637.5,6640
1775058240,6639.75,6641.25,6639,6640.5
1775058300,6640.5,6643.25,6640.25,6640.75
1775058360,6641,6641.75,6639,6639
1775058420,6639.25,6642,6638.25,6641.75
1775058480,6641.5,6641.75,6639.75,6640.5
1775058540,6640.25,6641.5,6639.75,6640.5
1775058600,6640.5,6642.25,6639.25,6639.75
1775058660,6640,6642.25,6638.75,6641.25
1775058720,6641,6642.75,6641,6641.5
1775058780,6641.5,6644.75,6641.25,6643.75
1775058840,6643.75,6644.5,6642.75,6643.25
1775058900,6643,6645.5,6643,6645
1775058960,6645,6649,6644.75,6647
1775059020,6646.75,6649.25,6646.75,6647.75
1775059080,6647.75,6649.75,6647.75,6649
1775059140,6648.75,6648.75,6646.75,6647
1775059200,6647,6647.75,6646,6646.5
1775059260,6646.5,6648,6646,6647.75
1775059320,6648,6648.75,6647,6647.25
1775059380,6647,6647.25,6645,6645.25
1775059440,6645.25,6648,6644.5,6647.75
1775059500,6647.75,6648.75,6647.5,6648.25
1775059560,6648.5,6649.5,6647.5,6647.75
1775059620,6647.75,6649.25,6645.25,6645.75
1775059680,6645.75,6647,6645.25,6646.25
1775059740,6646.5,6648.75,6646.25,6648.25
1775059800,6648.5,6648.75,6647,6647.75
1775059860,6648,6648.25,6643.75,6645.25
1775059920,6645,6645.25,6642.75,6644.25
1775059980,6644.5,6646.75,6644,6645.5
1775060040,6645.75,6645.75,6643,6643.75
1775060100,6643.75,6646.25,6642.75,6645.25
1775060160,6645.25,6645.5,6642.5,6643.25
1775060220,6643,6643.5,6642,6642.75
1775060280,6642.75,6645.75,6642.25,6645.5
1775060340,6645.5,6647.5,6645.25,6646.5
1775060400,6646.5,6646.5,6643.75,6644
1775060460,6644,6644.5,6643.25,6644
1775060520,6643.75,6644.5,6642.75,6643.5
1775060580,6643.5,6644.75,6643,6644
1775060640,6644.25,6644.75,6642.25,6642.25
1775060700,6642.5,6643,6641,6642
1775060760,6642,6642.75,6641.25,6641.5
1775060820,6641.5,6643.5,6640.5,6643
1775060880,6642.75,6644,6640.5,6641
1775060940,6640.75,6641.25,6639,6640
1775061000,6640,6640.5,6638.75,6640.25
1775061060,6640.25,6640.5,6636.75,6637
1775061120,6637,6640,6636.25,6638.5
1775061180,6638.5,6640.5,6637.75,6639.5
1775061240,6640,6642.5,6640,6642.5
1775061300,6642.25,6644.75,6642.25,6643.75
1775061360,6644.25,6645.5,6643.75,6645.5
1775061420,6645.5,6645.5,6643.75,6644.5
1775061480,6644.75,6645.5,6643.75,6644.75
1775061540,6644.75,6645.25,6643.5,6643.75
1775061600,6643.75,6645,6643.5,6644.5
1775061660,6644.25,6645.25,6643.5,6644
1775061720,6644.25,6645.75,6643.25,6645.75
1775061780,6645.75,6647.25,6644.75,6645.75
1775061840,6645.75,6647.5,6645.5,6647
1775061900,6647,6647.5,6645.75,6646
1775061960,6645.75,6645.75,6643.75,6645.5
1775062020,6645.5,6647.25,6645.25,6646.75
1775062080,6646.75,6646.75,6645,6645
1775062140,6645.25,6646,6644.5,6645.25
1775062200,6645.5,6646.75,6645.25,6646
1775062260,6646,6646.75,6645,6645.75
1775062320,6645.75,6646.5,6645.25,6645.75
1775062380,6645.75,6647.25,6645.5,6646.25
1775062440,6646,6647.25,6646,6646.5
1775062500,6646,6646.25,6644.25,6645
1775062560,6644.75,6647.25,6644.5,6647
1775062620,6647,6648,6646.75,6647.25
1775062680,6647.5,6647.75,6646.25,6646.75
1775062740,6647,6647,6646,6646.25
1775062800,6646.25,6646.75,6645,6646
1775062860,6645.75,6647,6645.75,6646.5
1775062920,6646.5,6647.5,6646.25,6646.75
1775062980,6646.75,6652,6646.5,6650.5
1775063040,6650.75,6652.25,6649.25,6651.5
1775063100,6651.25,6652.25,6650.5,6652
1775063160,6652,6653.25,6650.5,6651
1775063220,6650.75,6652,6650.25,6651.75
1775063280,6651.5,6652.75,6650.75,6652.25
1775063340,6652,6652.5,6650.75,6651.25
1775063400,6651.5,6653.25,6651.25,6652.25
1775063460,6652.5,6652.5,6651,6651.75
1775063520,6651.75,6652,6650.75,6651.25
1775063580,6651,6652.5,6650.25,6651.5
1775063640,6651.25,6652.5,6651.25,6652
1775063700,6652,6652.75,6651.75,6652
1775063760,6652,6652.25,6650.5,6650.5
1775063820,6650.75,6651.75,6650.5,6651.25
1775063880,6651.25,6651.25,6649.75,6650.5
1775063940,6650.75,6651.75,6650,6651.5
1775064000,6651.75,6654.75,6651.75,6652
1775064060,6652.25,6653,6651.5,6652.25
1775064120,6652.25,6653,6650.75,6651.25
1775064180,6651.5,6652,6650.5,6652
1775064240,6651.75,6653.5,6651.25,6652.5
1775064300,6652.75,6652.75,6651.75,6652.25
1775064360,6652.25,6653,6651.75,6651.75
1775064420,6651.75,6652.25,6650.5,6652.25
1775064480,6652.25,6652.5,6651.25,6651.5
1775064540,6651.5,6652,6651,6651.25
1775064600,6651.25,6653,6649.5,6650.75
1775064660,6650.5,6652,6650.5,6651.75
1775064720,6652,6652,6648.75,6649.25
1775064780,6649.25,6649.75,6648.25,6649
1775064840,6648.75,6650,6647,6647.25
1775064900,6647.5,6648.25,6646.25,6647.5
1775064960,6647.5,6649.25,6647.25,6647.25
1775065020,6647.5,6647.5,6646,6647
1775065080,6647,6648.75,6646.5,6648.25
1775065140,6648.25,6650.5,6648,6649
1775065200,6649,6650.75,6648.5,6649.5
1775065260,6649.5,6650.25,6648.5,6648.75
1775065320,6648.75,6650.5,6648.75,6648.75
1775065380,6649,6649.5,6646.25,6646.75
1775065440,6646.75,6647.25,6645.25,6647
1775065500,6647,6648.5,6646.75,6647.25
1775065560,6647.5,6648.25,6646,6646.25
1775065620,6646.5,6647.75,6645.75,6646.75
1775065680,6646.75,6647.5,6645.5,6645.75
1775065740,6645.5,6645.75,6643.25,6644.25
1775065800,6644.5,6646,6643.25,6644.25
1775065860,6644.25,6646,6643.25,6643.75
1775065920,6643.75,6644.25,6642.25,6643.75
1775065980,6643.75,6645.25,6643.5,6643.75
1775066040,6643.75,6645.5,6643.25,6643.5
1775066100,6643.5,6644.5,6643.5,6644
1775066160,6643.75,6644,6641,6642.5
1775066220,6642.5,6642.5,6639,6639.25
1775066280,6639.25,6640,6635.75,6636.5
1775066340,6636.75,6638,6635.5,6635.5
1775066400,6635.75,6637.25,6633,6633.75
1775066460,6633.75,6635.25,6632.25,6632.5
1775066520,6632.25,6632.75,6626.25,6629
1775066580,6629.25,6630,6626,6626.25
1775066640,6626.5,6628.75,6624.25,6627.5
1775066700,6627.25,6632,6626.75,6630
1775066760,6630,6630.75,6628,6628.75
1775066820,6628.25,6630,6626.25,6627
1775066880,6627.25,6629,6626.75,6627
1775066940,6627,6629.75,6626.25,6628.75
1775067000,6628.75,6631.5,6628.5,6629.5
1775067060,6629.25,6631.75,6628.75,6629.75
1775067120,6629.75,6630.25,6628.5,6629.5
1775067180,6629.25,6629.25,6626.75,6626.75
1775067240,6626.75,6628.25,6626.25,6626.5
1775067300,6626.75,6626.75,6624.25,6625.25
1775067360,6625.5,6625.75,6621.25,6622.5
1775067420,6622.5,6623.5,6618.75,6619.5
1775067480,6619.75,6619.75,6615.5,6616.25
1775067540,6616.5,6617.75,6613,6617.5
1775067600,6617.5,6620,6614.25,6614.75
1775067660,6615,6615.75,6612.75,6613.25
1775067720,6613,6615.5,6612.75,6613.5
1775067780,6613.5,6615.25,6611.5,6612.5
1775067840,6612.25,6612.75,6606.5,6608.5
1775067900,6608.75,6611,6605.75,6610.25
1775067960,6610.5,6614.25,6610.25,6612
1775068020,6612,6615.5,6612,6612.5
1775068080,6612.5,6614.5,6610.75,6611
1775068140,6611.25,6611.25,6608.75,6609.5
1775068200,6609.75,6612.5,6608.75,6611.5
1775068260,6611.5,6612.5,6609.75,6611.25
1775068320,6611.25,6613,6608.5,6609.5
1775068380,6609.5,6609.75,6607.25,6608.75
1775068440,6608.5,6608.5,6606.25,6607.5
1775068500,6607.5,6607.75,6604,6605.25
1775068560,6605.25,6608.5,6604,6607.75
1775068620,6608,6609.5,6604.25,6604.5
1775068680,6604.5,6607.25,6604,6606.25
1775068740,6606.25,6615.25,6606.25,6612.25
1775068800,6612,6619.25,6611.75,6617.5
1775068860,6617.5,6622,6616.75,6618.75
1775068920,6618.5,6620.25,6617.5,6618.25
1775068980,6618.5,6618.5,6614.75,6617.5
1775069040,6617.5,6617.5,6614.25,6616
1775069100,6616,6617.5,6613,6613.5
1775069160,6613.5,6614,6610.5,6611
1775069220,6611.25,6615.75,6611.25,6615.5
1775069280,6615.25,6617.5,6613.75,6614
1775069340,6614,6615,6613,6614.25
1775069400,6614,6615.5,6611.5,6612.5
1775069460,6612.25,6612.25,6609,6611.25
1775069520,6611.75,6612.5,6610.5,6611.75
1775069580,6611.75,6615.75,6611.25,6612.75
1775069640,6613,6614.75,6612.75,6613.25
1775069700,6613.25,6613.5,6610,6611.25
1775069760,6611.25,6613,6609.5,6611.25
1775069820,6611.25,6612.75,6609.5,6612
1775069880,6612,6612,6608.75,6611
1775069940,6611,6612,6610,6611.5
1775070000,6611.5,6615,6610,6614.25
1775070060,6614,6618,6614,6615.75
1775070120,6616,6618.5,6615.25,6615.5
1775070180,6615.5,6616,6613.75,6615.75
1775070240,6615.75,6617,6615,6615.75
1775070300,6616,6620,6615.75,6619
1775070360,6619.25,6621.5,6618,6619.25
1775070420,6619.25,6620.75,6618.5,6619.75
1775070480,6619.5,6621.5,6617.5,6618.25
1775070540,6618.25,6620.25,6618.25,6619.25
1775070600,6619.25,6619.25,6616.5,6618.75
1775070660,6618.5,6619.5,6615.5,6615.75
1775070720,6616.25,6619,6616,6616.75
1775070780,6616.5,6619.75,6616.5,6619.5
1775070840,6619.25,6620.5,6618.5,6619.25
1775070900,6619.25,6621.25,6619,6619.75
1775070960,6619.75,6621.25,6618.5,6619.25
1775071020,6619.25,6620.25,6617,6619
1775071080,6618.75,6622,6618,6620.25
1775071140,6620.5,6623.75,6620.25,6623
1775071200,6623,6625,6622.5,6623.25
1775071260,6623.25,6624.5,6620,6620.5
1775071320,6620.75,6623.25,6620.5,6622.75
1775071380,6622.5,6624,6622.25,6623.75
1775071440,6623.5,6625,6623.25,6624.5
1775071500,6624.25,6628.25,6624,6627
1775071560,6627,6629.5,6627,6629.25
1775071620,6629.5,6631,6628.75,6629.75
1775071680,6629.75,6630,6628.25,6628.5
1775071740,6628.5,6629,6627.5,6628.25
1775071800,6628.25,6630.75,6627.25,6629.25
1775071860,6629.5,6630.25,6628,6628.5
1775071920,6628.25,6629,6625,6625.25
1775071980,6625.25,6625.75,6623.75,6625
1775072040,6625,6627.75,6624.75,6627.5
1775072100,6627.75,6628.5,6624.75,6625.25
1775072160,6625,6629.75,6624.75,6629
1775072220,6629.25,6630.5,6627.75,6629.75
1775072280,6629.75,6630,6626.25,6628
1775072340,6628.25,6631,6628,6629.5
1775072400,6629.5,6632,6629,6631.5
1775072460,6631.5,6634.75,6630.5,6632
1775072520,6631.75,6633,6630.25,6630.25
1775072580,6630.5,6631.75,6630,6631.25
1775072640,6631.25,6631.75,6628.25,6628.75
1775072700,6628.75,6630.5,6627.25,6629
1775072760,6629,6630.75,6625.75,6627
1775072820,6626.75,6629,6626.5,6627
1775072880,6626.75,6630,6626.25,6629.25
1775072940,6629,6629.5,6626.25,6627
1775073000,6627,6628.25,6618.75,6620.25
1775073060,6620.25,6622.75,6618.75,6621.5
1775073120,6621.25,6623.25,6618.5,6619.5
1775073180,6619.5,6620.5,6617,6619.75
1775073240,6619.5,6622.5,6618.25,6619.75
1775073300,6619.5,6619.75,6615.75,6617.5
1775073360,6617.5,6621.25,6616.5,6618
1775073420,6618,6620,6617,6619.5
1775073480,6619.5,6622,6619.5,6621
1775073540,6621,6622.5,6614.5,6619.25
1775073600,6619.25,6623.75,6618.75,6620.5
1775073660,6620.5,6620.75,6616,6618
1775073720,6617.75,6619.5,6617.5,6618.75
1775073780,6618.75,6620.5,6618.25,6618.5
1775073840,6618.25,6619.25,6617.75,6618.75
1775073900,6618.25,6619.75,6617.5,6619
1775073960,6618.75,6620.25,6618.5,6619.5
1775074020,6619,6620,6619,6619.75
1775074080,6619.75,6620.5,6619.25,6620
1775074140,6620,6620.25,6618,6619.25
1775074200,6619.25,6623,6619,6622.25
1775074260,6622.25,6623,6620,6621
1775074320,6621,6623.25,6620.75,6623
1775074380,6623,6623.25,6621.75,6622.5
1775074440,6622.5,6622.75,6621.5,6622.25
1775074500,6622.25,6622.5,6620,6620
1775074560,6619.75,6621,6619.5,6621
1775074620,6621,6622.75,6620.75,6622.25
1775074680,6622.25,6622.5,6621.25,6622.5
1775074740,6622.25,6622.75,6622,6622.25
1775074800,6622.25,6622.75,6620.75,6621.25
1775074860,6621.25,6621.25,6620.25,6620.75
1775074920,6620.75,6621.75,6620.75,6621.5
1775074980,6621.25,6621.5,6620.75,6620.75
1775075040,6621,6621,6618.75,6619.5
1775075100,6619.5,6619.5,6617.5,6618
1775075160,6618.25,6618.75,6617.5,6618.5
1775075220,6618.5,6619,6617.75,6618.25
1775075280,6618.25,6618.5,6617,6617.25
1775075340,6617.25,6617.5,6616.5,6617.25
1775075400,6617.5,6618.75,6617.5,6618.25
1775075460,6618.25,6618.75,6617.5,6617.5
1775075520,6618,6618.75,6617.5,6618.75
1775075580,6618.5,6620.25,6618.5,6619.25
1775075640,6619.25,6620.75,6619.25,6620
1775075700,6620.25,6620.75,6619.5,6620.75
1775075760,6620.75,6621.25,6620.5,6620.75
1775075820,6620.75,6620.75,6620,6620.5
1775075880,6620.5,6620.5,6620,6620.5
1775075940,6620.5,6621.5,6620.25,6621
1775076000,6621,6621.25,6620.5,6621.25
1775076060,6621.25,6621.25,6620.25,6620.5
1775076120,6620.25,6620.75,6619.75,6620.25
1775076180,6620,6620.5,6619.5,6620.25
1775076240,6620,6620,6619.25,6619.75
1775076300,6619.5,6620.25,6619,6620
1775076360,6620,6620.75,6619.25,6619.75
1775076420,6619.75,6620.75,6619.75,6620.75
1775076480,6620.5,6621.25,6620.25,6620.75
1775076540,6620.5,6620.75,6619.75,6619.75
1775076600,6620,6620.75,6619.5,6619.75
1775076660,6619.5,6619.75,6618.5,6619
1775076720,6619.25,6619.75,6619.25,6619.5
1775076780,6619.75,6620,6618.75,6619.5
1775076840,6619.75,6621,6619.5,6619.75
1775076900,6620,6621.25,6619.75,6620.25
1775076960,6620,6620.5,6619.25,6619.5
1775077020,6619.5,6619.75,6618.75,6619.25
1775077080,6619,6619.5,6618,6618.25
1775077140,6618.25,6618.5,6617,6617.25
1775080800,6616.75,6618.25,6614.25,6615
1775080860,6615.25,6617.75,6615,6616.75
1775080920,6616.75,6618.75,6616.5,6618
1775080980,6618,6619.25,6616.5,6618.75
1775081040,6618.5,6622,6618,6619.75
1775081100,6620.25,6620.25,6618.25,6618.5
1775081160,6618.5,6618.5,6616.5,6616.5
1775081220,6616.75,6617.5,6616.5,6617
1775081280,6616.75,6619.25,6616.75,6618.75
1775081340,6618.5,6619.25,6617.75,6619.25
1775081400,6619.5,6619.5,6617.5,6617.5
1775081460,6617.75,6618,6616,6616.5
1775081520,6616.5,6616.75,6615.5,6616
1775081580,6616,6616.25,6613.75,6615
1775081640,6615.25,6618,6614.5,6617.25
1775081700,6617.25,6617.25,6614.5,6615
1775081760,6614.75,6617,6614.5,6616.75
1775081820,6616.75,6617.25,6616.25,6617
1775081880,6617,6617,6615.75,6616
1775081940,6615.5,6616,6614.75,6615.25
1775082000,6614.75,6615,6613,6614.75
1775082060,6614.75,6615.5,6614.5,6615.25
1775082120,6615,6617,6615,6617
1775082180,6616.75,6618.5,6616.75,6617.25
1775082240,6617.25,6617.25,6615.75,6615.75
1775082300,6615.75,6617,6615.5,6616.5
1775082360,6616.5,6617,6616,6616
1775082420,6616.25,6617.5,6616.25,6617.5
1775082480,6617.5,6617.5,6615.75,6616.5
1775082540,6616.5,6617.75,6616.5,6617.75
1775082600,6617.5,6617.5,6615.5,6615.75
1775082660,6616,6616.75,6615.25,6615.75
1775082720,6615.5,6616.5,6615.5,6615.75
1775082780,6615.75,6616.5,6615.5,6616
1775082840,6616,6617.5,6616,6616.75
1775082900,6616.75,6617.5,6616,6617
1775082960,6617,6617.25,6616,6617.25
1775083020,6617,6617,6616.25,6616.75
1775083080,6616.75,6617.25,6616.5,6617.25
1775083140,6617.25,6617.5,6617,6617
1775083200,6617.5,6618.75,6617.25,6618
1775083260,6617.75,6618.5,6617,6618.25
1775083320,6618.5,6619,6617.25,6617.25
1775083380,6617.75,6618.25,6617.5,6618.25
1775083440,6618.25,6618.5,6617.75,6618
1775083500,6618.25,6618.25,6616.5,6616.5
1775083560,6616.75,6617.75,6616.5,6617
1775083620,6617,6618,6615.75,6617.25
1775083680,6617.5,6618.5,6617.5,6618.5
1775083740,6618.5,6618.75,6615.5,6615.75
1775083800,6615.5,6616.5,6615.5,6616
1775083860,6616,6616,6612.25,6612.5
1775083920,6613,6615,6610.5,6612.5
1775083980,6612.75,6613.25,6611,6611.75
1775084040,6612,6612,6610.75,6612
1775084100,6611.75,6612.5,6611.25,6611.75
1775084160,6611.5,6612,6610.75,6611.75
1775084220,6611.5,6612.75,6611.5,6612.5
1775084280,6612.5,6614.5,6611.25,6614.25
1775084340,6614.5,6614.75,6612.5,6612.75
1775084400,6612.75,6613.5,6611.5,6612.5
1775084460,6612.5,6613,6612,6612.5
1775084520,6613.25,6613.75,6612.25,6613
1775084580,6612.75,6613.25,6612.75,6613
1775084640,6613,6613.5,6613,6613.25
1775084700,6613.5,6615,6613.25,6614.5
1775084760,6614.25,6614.5,6613.25,6614
1775084820,6614,6614.5,6613.5,6613.75
1775084880,6613.75,6616.75,6613.75,6616.75
1775084940,6616.5,6616.75,6615.25,6616.25
1775085000,6616.25,6617.5,6616,6616
1775085060,6616,6616.5,6615,6615.75
1775085120,6615.75,6616,6614.5,6616
1775085180,6616,6616.25,6615.75,6615.75
1775085240,6616.25,6619.25,6616,6618.75
1775085300,6618.5,6619,6617.25,6618.75
1775085360,6618.75,6618.75,6617.5,6618.75
1775085420,6618.5,6618.5,6617.5,6618
1775085480,6618,6618.25,6617.5,6618.25
1775085540,6618.25,6618.5,6616.5,6617
1775085600,6617,6617.25,6616,6616.75
1775085660,6616.5,6618,6615.5,6616.75
1775085720,6617,6618.25,6616.75,6617.75
1775085780,6617.75,6618.5,6617.25,6618
1775085840,6618,6618.25,6617.5,6618
1775085900,6618,6618,6616.75,6617.5
1775085960,6617.5,6618.25,6617.5,6618.25
1775086020,6618.25,6618.25,6617.25,6617.5
1775086080,6617.5,6617.5,6616.75,6617.5
1775086140,6617,6619,6616.75,6618.5
1775086200,6618.5,6618.75,6617.75,6618.25
1775086260,6618.25,6618.25,6617.25,6618
1775086320,6618,6618,6616.5,6617.25
1775086380,6617.5,6617.75,6616.75,6616.75
1775086440,6617.25,6617.5,6616.75,6617.5
1775086500,6617.25,6617.25,6615.5,6615.5
1775086560,6615.75,6617.25,6615,6617
1775086620,6616.75,6617.25,6616.25,6616.25
1775086680,6616.25,6616.25,6615,6616
1775086740,6616,6616.75,6615.75,6616
1775086800,6616.25,6616.5,6615.5,6616.5
1775086860,6616.5,6617.5,6616,6617.25
1775086920,6617.5,6617.5,6615.5,6615.75
1775086980,6615.75,6616.5,6615.25,6616
1775087040,6616,6616.75,6615.5,6616.75
1775087100,6616.5,6617.5,6616,6616.75
1775087160,6617,6617.75,6616.5,6617.25
1775087220,6617.25,6618.25,6617,6617.75
1775087280,6617.75,6617.75,6616.75,6617.25
1775087340,6617.25,6617.5,6616.25,6616.75
1775087400,6617,6617.5,6612.25,6612.5
1775087460,6612.75,6616,6609.75,6616
1775087520,6615.5,6617.75,6614,6614.75
1775087580,6614.5,6617.25,6614.5,6616.75
1775087640,6616.75,6616.75,6616,6616.25
1775087700,6616.25,6616.5,6614.5,6614.5
1775087760,6614.75,6615.75,6613.5,6615.25
1775087820,6615.25,6615.75,6613.75,6614.25
1775087880,6614.5,6615.5,6614.5,6615.5
1775087940,6615.25,6615.5,6613.75,6614.75
1775088000,6614.5,6614.75,6611,6612.5
1775088060,6612.5,6614.25,6610.75,6612.75
1775088120,6612.75,6613.5,6609.75,6611.25
1775088180,6611,6611.5,6609,6610.5
1775088240,6610.75,6614.25,6610.25,6611.5
1775088300,6611,6613.5,6611,6613.25
1775088360,6613.5,6613.5,6611.25,6612
1775088420,6612.25,6612.25,6609.75,6610.75
1775088480,6611,6611.5,6609.75,6610.5
1775088540,6610.75,6612,6610,6611.75
1775088600,6611.75,6613.75,6611.5,6611.75
1775088660,6612,6612.75,6609.25,6610
1775088720,6610.25,6611,6608.5,6609.5
1775088780,6610,6611.75,6609.25,6610.5
1775088840,6610.75,6612,6609.75,6612
1775088900,6611.5,6612.25,6609.75,6610.75
1775088960,6610.75,6614.5,6610.5,6614
1775089020,6614.25,6614.25,6611.25,6611.25
1775089080,6611,6613,6611,6612
1775089140,6611.5,6612.25,6610.25,6611.5
1775089200,6611.75,6613.5,6611.25,6612.5
1775089260,6612.5,6613,6610,6610.25
1775089320,6610,6611,6608.75,6610.5
1775089380,6610.25,6611.75,6610,6610.75
1775089440,6610.5,6611.5,6609.25,6609.25
1775089500,6609.5,6611.75,6609.25,6610.5
1775089560,6610.75,6611.5,6608,6608.75
1775089620,6608.75,6610,6607.5,6609.75
1775089680,6609.5,6611.25,6609.5,6609.75
1775089740,6609.75,6610.5,6609.25,6609.5
1775089800,6609.5,6610.5,6608.75,6610
1775089860,6610,6610,6607.25,6608
1775089920,6608.25,6610,6607.75,6609
1775089980,6609,6613.25,6609,6612.75
1775090040,6613.25,6613.5,6609.5,6611.75
1775090100,6611.75,6612.5,6610.75,6612.5
1775090160,6612.75,6614.25,6611.75,6612
1775090220,6612,6614.5,6611.75,6613.75
1775090280,6613.75,6613.75,6609.5,6610.75
1775090340,6611,6614.25,6611,6614
1775090400,6614,6617,6613,6616.25
1775090460,6616.5,6621.5,6615.5,6619.25
1775090520,6619.25,6622.75,6617.25,6622.25
1775090580,6622.25,6624,6620.25,6623.5
1775090640,6623.5,6626,6623.5,6625.5
1775090700,6625,6625.75,6621.5,6622.5
1775090760,6622.5,6625.5,6622.25,6624
1775090820,6624,6625.5,6623.5,6623.75
1775090880,6623.5,6624.75,6622.75,6623.75
1775090940,6623.75,6625.5,6623.25,6624.5
1775091000,6624,6625.25,6623.5,6624
1775091060,6623.75,6624.5,6621.75,6622.5
1775091120,6622.5,6623.5,6622,6622.5
1775091180,6622.5,6627,6622,6626.75
1775091240,6626.75,6626.75,6623.25,6625.25
1775091300,6625.25,6626.5,6623,6623
1775091360,6623.5,6626.25,6623.25,6625.25
1775091420,6625.5,6627.75,6625.5,6627.5
1775091480,6627.5,6631.75,6627.25,6630.75
1775091540,6630.5,6632.5,6628,6630.75
1775091600,6630.5,6631.25,6618,6620.75
1775091660,6620.75,6623.75,6620.25,6622.5
1775091720,6622.5,6624.25,6616.75,6619.5
1775091780,6619.5,6621.25,6601.25,6605
1775091840,6605.25,6615.75,6605.25,6611
1775091900,6610.75,6611.25,6594.75,6600.75
1775091960,6600.75,6603.25,6596.75,6597.75
1775092020,6597.75,6605.25,6596,6598.5
1775092080,6598.75,6609,6598,6606.75
1775092140,6606.25,6611.5,6605.25,6609.5
1775092200,6609.5,6622.25,6607.75,6621.25
1775092260,6620.5,6631.75,6610.25,6615.5
1775092320,6615.5,6616.5,6603,6605.25
1775092380,6605.25,6612,6604.75,6608.25
1775092440,6608.25,6611.25,6605.25,6607.5
1775092500,6607.25,6607.75,6598.25,6598.25
1775092560,6598.25,6609.5,6589.25,6594.75
1775092620,6594.75,6598.25,6581.25,6582.5
1775092680,6582,6586,6574.5,6576.25
1775092740,6576,6580.75,6572,6574
1775092800,6574.5,6584.5,6572.25,6584
1775092860,6584,6589,6573.75,6574.5
1775092920,6574.75,6578.25,6570.5,6574
1775092980,6574.25,6580.5,6571,6575.75
1775093040,6576,6578.25,6573,6575.25
1775093100,6575.25,6577.75,6566.5,6570.5
1775093160,6570.25,6573,6567.5,6570.75
1775093220,6571,6575,6568.5,6574.25
1775093280,6574.5,6575.75,6571.5,6575
1775093340,6575,6576.75,6570.25,6570.25
1775093400,6570.5,6572,6560.25,6562.25
1775093460,6561.75,6563.25,6555.5,6557.5
1775093520,6557.5,6560,6556.5,6558.75
1775093580,6558.5,6562.75,6555.25,6555.75
1775093640,6555.75,6563.5,6555.25,6563
1775093700,6562.5,6566.25,6561.75,6565.75
1775093760,6566,6568,6564,6564.25
1775093820,6564.5,6568,6564,6564.25
1775093880,6564.25,6567.5,6562.25,6562.75
1775093940,6562.75,6567,6559,6566.75
1775094000,6566.75,6568.5,6563.25,6565.5
1775094060,6565.75,6569,6564.25,6565
1775094120,6564.75,6568.5,6562.5,6563.25
1775094180,6563.25,6566,6561.5,6563.75
1775094240,6563.75,6566,6561.25,6562.25
1775094300,6561.75,6562.75,6557.25,6558
1775094360,6557.5,6560.5,6557.25,6558.5
1775094420,6558.5,6558.5,6553.5,6554.75
1775094480,6555,6560.5,6553.5,6559
1775094540,6559,6562.5,6557.5,6560
1775094600,6560,6562.25,6558.25,6562
1775094660,6561.75,6565,6561.75,6563.75
1775094720,6563.75,6565,6562.25,6562.75
1775094780,6563,6565,6560.5,6561.75
1775094840,6562,6562.75,6557.25,6561.5
1775094900,6561.5,6564.75,6559.75,6564.5
1775094960,6564.25,6565.25,6559.25,6559.25
1775095020,6559.25,6562.25,6557.75,6560.5
1775095080,6560.25,6562.25,6559.5,6559.75
1775095140,6560,6562,6559.25,6559.5
1775095200,6559.75,6562.5,6558.5,6561
1775095260,6560.75,6560.75,6557.75,6558.25
1775095320,6558.5,6561.5,6557.25,6560.5
1775095380,6560.25,6560.75,6558.5,6558.5
1775095440,6558.25,6560.75,6558,6559.75
1775095500,6560,6561.75,6557.5,6558.25
1775095560,6558.5,6562.5,6558.25,6562.25
1775095620,6562.25,6565.75,6561.75,6563.75
1775095680,6563.75,6564,6554.5,6554.75
1775095740,6554.5,6555.75,6551,6554.75
1775095800,6554.75,6555.25,6552,6554.5
1775095860,6554.25,6554.75,6548.75,6549
1775095920,6549.5,6551.25,6546.5,6548.75
1775095980,6548.75,6548.75,6546.5,6547.5
1775096040,6547.5,6547.75,6542.25,6545
1775096100,6545,6552,6544.5,6551
1775096160,6550.75,6552,6549.5,6550
1775096220,6550,6550.5,6547.25,6549.75
1775096280,6550,6551.75,6548.5,6550.25
1775096340,6550.25,6550.75,6547.75,6549.25
1775096400,6549.25,6550,6547.25,6547.75
1775096460,6548,6549,6546,6548.25
1775096520,6548.25,6549.5,6547,6547.5
1775096580,6547.75,6548.25,6546.25,6546.5
1775096640,6546.25,6550.5,6546.25,6549.25
1775096700,6549.5,6550.25,6548.25,6548.25
1775096760,6548.5,6548.75,6544.5,6545
1775096820,6545.25,6546.75,6544.75,6546.25
1775096880,6546.5,6547.75,6545,6545.5
1775096940,6545.75,6545.75,6543,6543.25
1775097000,6543.75,6546.75,6542.75,6545
1775097060,6545,6545.25,6542.5,6544
1775097120,6544.25,6544.25,6541.75,6543.75
1775097180,6543.25,6546.25,6542.75,6546
1775097240,6545.5,6547.25,6544.5,6546.5
1775097300,6546.75,6548,6545.75,6547.5
1775097360,6547.75,6547.75,6545.25,6546.5
1775097420,6546,6546.5,6542.75,6542.75
1775097480,6543.25,6547.5,6542.5,6546
1775097540,6546.25,6546.25,6543.75,6544.25
1775097600,6544.5,6546.25,6543,6546
1775097660,6546.25,6546.75,6544.5,6545.5
1775097720,6545.5,6547.25,6545,6546.25
1775097780,6546.5,6547.25,6543.5,6545.5
1775097840,6545.75,6548.25,6545.5,6547.5
1775097900,6547.75,6550.5,6547,6549.25
1775097960,6549,6551,6548,6550.5
1775098020,6550.5,6550.5,6547.5,6547.75
1775098080,6548,6548.25,6545.75,6546.75
1775098140,6547,6547.5,6546,6547.25
1775098200,6547,6549.25,6547,6548.5
1775098260,6549,6549.75,6547.5,6548.75
1775098320,6548.5,6551,6548.5,6550.5
1775098380,6550.25,6550.5,6547.75,6548
1775098440,6548.5,6549,6548,6548.5
1775098500,6548.5,6550.5,6548.25,6550
1775098560,6550,6550.75,6548,6549
1775098620,6549,6550.75,6548.75,6550.75
1775098680,6550.75,6551.75,6549.75,6550
1775098740,6550,6551,6549.75,6550
1775098800,6550.25,6550.25,6547.5,6548
1775098860,6548,6548.25,6545.5,6545.5
1775098920,6546,6546.25,6543.5,6544
1775098980,6544.25,6545.25,6542.75,6543.5
1775099040,6543.75,6545.5,6543,6544
1775099100,6544,6546,6543.5,6545
1775099160,6545.25,6547.25,6544.75,6546.5
1775099220,6546.5,6547.75,6545.75,6546
1775099280,6546,6548,6546,6548
1775099340,6547.5,6548,6546,6546.75
1775099400,6547,6547.25,6545,6546.25
1775099460,6546.5,6547.25,6545.75,6546.5
1775099520,6547,6547.5,6545.75,6547.5
1775099580,6547.75,6548.5,6547.25,6547.75
1775099640,6547.75,6548,6546.75,6546.75
1775099700,6547,6549.75,6547,6548.75
1775099760,6549,6549,6547.25,6548.75
1775099820,6548.5,6548.75,6546.75,6547.75
1775099880,6548,6549.75,6547.25,6547.75
1775099940,6547.75,6548.75,6547.75,6548.5
1775100000,6548.75,6548.75,6546.25,6548
1775100060,6547.5,6549.75,6547.25,6549.5
1775100120,6549.25,6549.75,6548.25,6549.25
1775100180,6549.25,6551,6549,6549.75
1775100240,6549.5,6551.5,6549.5,6551.5
1775100300,6551.25,6551.75,6550.5,6551
1775100360,6550.75,6551.25,6550.75,6551
1775100420,6550.75,6550.75,6547.75,6548
1775100480,6548,6548.5,6547.25,6548.25
1775100540,6548,6548.25,6547,6548.25
1775100600,6548.25,6548.25,6546.75,6547.75
1775100660,6547.5,6549,6546,6547
1775100720,6546.5,6547.5,6544.5,6546.5
1775100780,6546.25,6546.5,6544.25,6544.5
1775100840,6544.75,6547.25,6544.5,6545.75
1775100900,6545.5,6546.25,6545,6545.25
1775100960,6545.75,6546.25,6544.75,6545.5
1775101020,6545.25,6545.5,6542.5,6543
1775101080,6542.5,6543.25,6540,6541
1775101140,6540.5,6542.25,6540.5,6541.5
1775101200,6541.5,6541.75,6538.75,6539.75
1775101260,6539.75,6540,6538.5,6539.25
1775101320,6539.5,6540.25,6537.25,6539.5
1775101380,6539.25,6544.5,6539.25,6543.75
1775101440,6543.75,6544,6540.75,6541.75
1775101500,6542,6542.75,6539.75,6540
1775101560,6540,6541,6539,6540.5
1775101620,6540.5,6541.25,6539.5,6540.5
1775101680,6540.25,6541,6539,6539.25
1775101740,6539.25,6539.25,6536.75,6537
1775101800,6537,6538.5,6535.75,6538
1775101860,6537.75,6539,6536,6537.25
1775101920,6537.25,6538,6536.5,6538
1775101980,6538,6538.75,6537.75,6538.5
1775102040,6538.5,6538.75,6536.5,6537.25
1775102100,6537,6538.75,6536.75,6538.5
1775102160,6538,6538.5,6535.75,6535.75
1775102220,6536.5,6537.5,6535.75,6537.25
1775102280,6537.25,6537.5,6536,6537.25
1775102340,6537,6538,6537,6537.5
1775102400,6537.25,6539.75,6537,6539.25
1775102460,6539,6540.5,6538.75,6539.75
1775102520,6539.5,6541.25,6538.5,6538.5
1775102580,6538.5,6539.25,6537.5,6537.75
1775102640,6538.25,6538.75,6537.5,6538.5
1775102700,6538,6538.5,6533.5,6535.25
1775102760,6535.25,6535.5,6533.5,6534.25
1775102820,6534.25,6536,6534,6535
1775102880,6534.5,6534.75,6533.75,6534.75
1775102940,6535,6535.75,6534.25,6535
1775103000,6535,6535.25,6533.75,6534.25
1775103060,6534.5,6536,6533.75,6534.75
1775103120,6534.75,6535.25,6533.5,6533.75
1775103180,6534,6537.5,6534,6534.5
1775103240,6534.5,6535.25,6534.25,6535
1775103300,6535,6538.75,6535,6537.5
1775103360,6537.25,6539.5,6537,6539
1775103420,6539,6539.5,6538.5,6539.5
1775103480,6539.5,6540.75,6538.5,6538.5
1775103540,6538.25,6539,6538,6539
1775103600,6538.5,6539,6537,6538.25
1775103660,6538,6538.25,6536.5,6536.75
1775103720,6537,6537.25,6535.25,6535.75
1775103780,6535.5,6537,6535.25,6536
1775103840,6536,6536.75,6535.75,6536.75
1775103900,6536.75,6537,6536,6537
1775103960,6536.75,6537,6535.5,6536.5
1775104020,6536.75,6537.25,6535.25,6535.5
1775104080,6535.5,6535.75,6534.25,6535
1775104140,6535.25,6535.5,6534.5,6535.25
1775104200,6535.25,6536.5,6534,6536
1775104260,6535.75,6537.5,6535,6536
1775104320,6535.75,6537,6535.5,6537
1775104380,6537,6537.5,6535.75,6536
1775104440,6536,6536.25,6535,6535.5
1775104500,6535.75,6536,6535.25,6535.25
1775104560,6535.25,6535.25,6533,6533.25
1775104620,6533,6534.25,6533,6533.5
1775104680,6533.5,6533.75,6532,6533.75
1775104740,6533.75,6533.75,6532.75,6533
1775104800,6532.75,6533.75,6532.25,6532.5
1775104860,6532.5,6533,6531.75,6532
1775104920,6532,6533,6531.75,6532.75
1775104980,6532.75,6535,6532.5,6533.5
1775105040,6533.75,6534.75,6533.5,6534.75
1775105100,6535,6536,6534,6535.75
1775105160,6535.75,6536,6534.75,6535
1775105220,6534.75,6535.5,6532.5,6534
1775105280,6534,6534,6533,6533.75
1775105340,6533.75,6535.5,6533.25,6534.5
1775105400,6534.5,6535.25,6534.25,6534.75
1775105460,6534.75,6535.25,6533,6533.75
1775105520,6533.75,6533.75,6532,6533.5
1775105580,6533.5,6533.5,6532,6532
1775105640,6532.25,6532.75,6531,6531.25
1775105700,6531.5,6532,6531,6531.75
1775105760,6531.5,6534,6531.5,6532.25
1775105820,6532.5,6534.5,6532.25,6534
1775105880,6534.25,6534.25,6533.25,6533.75
1775105940,6533.75,6534,6532.75,6533
1775106000,6533.5,6536,6533.5,6535.75
1775106060,6535.5,6537.75,6535,6537.75
1775106120,6538,6538.75,6535.5,6536.25
1775106180,6536.25,6536.75,6535.75,6535.75
1775106240,6536,6536.5,6535,6535.75
1775106300,6535.75,6536.75,6535,6536
1775106360,6536,6537.25,6535.5,6535.75
1775106420,6535.75,6537,6534.75,6536.75
1775106480,6536.75,6536.75,6535,6535.5
1775106540,6535.25,6535.5,6534,6535.25
1775106600,6535,6535.75,6534.5,6534.75
1775106660,6535.25,6535.5,6534,6534.5
1775106720,6534.25,6537,6534,6536.75
1775106780,6536.5,6536.75,6534.5,6534.75
1775106840,6534.5,6535,6532.5,6534
1775106900,6534.25,6536,6534.25,6535.25
1775106960,6535,6536,6534,6534.25
1775107020,6534.75,6534.75,6533,6534
1775107080,6534,6534,6532.25,6532.5
1775107140,6532.75,6533.25,6532.5,6532.75
1775107200,6532.75,6535.25,6532.75,6533.25
1775107260,6533.75,6533.75,6531.5,6532.5
1775107320,6532.5,6533.25,6532.25,6532.25
1775107380,6532.5,6534.75,6532.5,6534.25
1775107440,6534.25,6534.5,6534,6534
1775107500,6534,6534.5,6532.25,6533.25
1775107560,6533.25,6535.25,6533.25,6535.25
1775107620,6534.75,6536.5,6534.75,6535.25
1775107680,6535.25,6536.25,6535.25,6536.25
1775107740,6536.25,6537,6535.75,6537
1775107800,6537,6540.25,6537,6539
1775107860,6538.75,6539,6533.5,6533.75
1775107920,6533.5,6537,6532.25,6535.5
1775107980,6535.75,6535.75,6531.75,6531.75
1775108040,6531.75,6533.5,6531.75,6532
1775108100,6532,6533.25,6531.5,6533.25
1775108160,6532.75,6532.75,6529.25,6529.75
1775108220,6530.25,6531,6528.75,6529.75
1775108280,6530,6531,6529,6529.5
1775108340,6530,6532,6529.75,6530.5
1775108400,6531,6531.5,6529.25,6531.25
1775108460,6531,6531.75,6529.25,6529.5
1775108520,6529.75,6530.5,6529,6529.25
1775108580,6529.5,6529.75,6526.5,6528.75
1775108640,6528.75,6529,6527.75,6528.5
1775108700,6529,6529.75,6526.75,6527
1775108760,6527.25,6527.25,6524.5,6525
1775108820,6525,6525.25,6523.25,6524.75
1775108880,6524.5,6524.75,6523.5,6523.5
1775108940,6524,6525,6522.75,6523.5
1775109000,6523.75,6524.25,6523,6523.75
1775109060,6523.5,6525.25,6522.5,6524.75
1775109120,6524.75,6525.5,6524.25,6525.25
1775109180,6525,6526.5,6525,6525.5
1775109240,6525.25,6525.25,6523,6524.25
1775109300,6524.25,6524.5,6522.75,6523
1775109360,6523.25,6525,6523,6523.25
1775109420,6523.25,6524,6522.75,6523.5
1775109480,6523.5,6524,6522.75,6523.25
1775109540,6523.25,6523.75,6522.5,6522.5
1775109600,6522.75,6526,6522.75,6524.75
1775109660,6524.25,6525.25,6523.5,6524.25
1775109720,6524.5,6526,6524.25,6525.5
1775109780,6525.25,6527,6525.25,6526
1775109840,6526,6527.5,6524.75,6527
1775109900,6527,6527.75,6526.25,6527.25
1775109960,6527.5,6529.25,6527,6528.25
1775110020,6528.25,6531.25,6528,6530.25
1775110080,6530.25,6531,6528.25,6529
1775110140,6529.25,6529.75,6527,6527.25
1775110200,6527,6527.25,6524.75,6525.75
1775110260,6526,6526.25,6523,6524.5
1775110320,6524,6524.25,6521.5,6521.75
1775110380,6521.75,6522.5,6520.75,6521.5
1775110440,6521.5,6522.5,6520.5,6522
1775110500,6521.75,6523.75,6521,6523.75
1775110560,6523.75,6524,6522,6522.5
1775110620,6522.5,6522.75,6520,6521.25
1775110680,6521.25,6525,6520.75,6524.25
1775110740,6524,6524.75,6523,6523.5
1775110800,6523.75,6526.5,6523.25,6525.5
1775110860,6525.75,6525.75,6524,6525.25
1775110920,6525,6526.75,6523.75,6525
1775110980,6524.75,6527.75,6524.25,6527.25
1775111040,6527.25,6527.75,6525.75,6526.25
1775111100,6526.25,6527.5,6525.75,6526.25
1775111160,6526.5,6527.5,6525.25,6526.75
1775111220,6526.75,6528.75,6526.5,6527.5
1775111280,6527.75,6529.25,6527.25,6528.75
1775111340,6528.25,6529.25,6526.75,6527.75
1775111400,6527.5,6528.25,6526,6526.5
1775111460,6527,6530,6527,6529.5
1775111520,6529.25,6529.25,6526.25,6527.25
1775111580,6527.5,6529.25,6527.5,6528.75
1775111640,6528.75,6529,6527.25,6527.25
1775111700,6527.25,6527.75,6525.5,6527
1775111760,6527,6528.25,6526.75,6528
1775111820,6528,6528,6525.5,6526.5
1775111880,6526.5,6530,6526.5,6528.75
1775111940,6528.75,6529.25,6528,6529.25
1775112000,6528.75,6529.75,6528.25,6529.25
1775112060,6529.25,6531.5,6527.75,6528.25
1775112120,6528.25,6529.75,6527.75,6529.25
1775112180,6529.5,6529.75,6526.5,6526.5
1775112240,6526.5,6529,6526.5,6528.25
1775112300,6528.25,6528.25,6525.75,6526.25
1775112360,6526.25,6528.75,6524,6527.25
1775112420,6527.25,6527.25,6526.25,6527
1775112480,6527.25,6527.5,6525,6527
1775112540,6526.5,6528.25,6526.5,6527
1775112600,6527.25,6528.75,6526.25,6527.5
1775112660,6527.25,6527.75,6526.25,6527
1775112720,6526.75,6530.25,6526.5,6530
1775112780,6530,6530.75,6529.25,6530
1775112840,6529.75,6531.5,6529,6529.25
1775112900,6529.25,6530.25,6528.25,6529
1775112960,6529,6530.5,6528.75,6529.5
1775113020,6529.5,6531.25,6529.25,6529.75
1775113080,6529.75,6531,6529.25,6530.75
1775113140,6530.75,6533.5,6530.75,6532.75
1775113200,6532.75,6535.25,6531.75,6532
1775113260,6532,6533.5,6530.5,6530.75
1775113320,6531.5,6531.5,6529.25,6530.75
1775113380,6530.75,6532.25,6529.75,6531
1775113440,6531.25,6532.5,6530,6531.75
1775113500,6532.25,6532.5,6530.25,6532
1775113560,6532.25,6535.5,6531.25,6534
1775113620,6534.25,6535.25,6533,6533.5
1775113680,6533.5,6533.75,6531,6531.5
1775113740,6531.5,6532.25,6530,6531
1775113800,6531,6533,6531,6533
1775113860,6532.5,6532.75,6530.75,6531
1775113920,6530.75,6530.75,6528,6529.75
1775113980,6529.5,6531.5,6529.5,6530.25
1775114040,6530.5,6533,6529.75,6531.75
1775114100,6531.75,6536.5,6531,6535.75
1775114160,6536,6536.5,6534.5,6535.25
1775114220,6535,6537,6534,6536.25
1775114280,6536,6536.75,6535,6535.5
1775114340,6535.5,6536.5,6534.25,6534.75
1775114400,6534.5,6535.75,6534,6534.5
1775114460,6534.5,6534.75,6531.75,6532.25
1775114520,6532,6532.25,6528.5,6529
1775114580,6528.75,6533.5,6528.75,6530.5
1775114640,6530.25,6531.5,6529,6529.5
1775114700,6529.5,6532.75,6529.5,6531.75
1775114760,6531.5,6532,6530.5,6531
1775114820,6531,6535.25,6530,6535
1775114880,6534.75,6537.5,6533.75,6535.75
1775114940,6536,6536.5,6533,6535.75
1775115000,6535.75,6537.25,6534.75,6537
1775115060,6536.75,6537,6534.75,6535
1775115120,6534.75,6538,6534.75,6536.25
1775115180,6536.25,6537.75,6535.75,6537
1775115240,6536.75,6537,6536,6536.75
1775115300,6536.5,6537.25,6535.75,6536.5
1775115360,6536.5,6539.25,6536.5,6537.75
1775115420,6537.75,6539.75,6536.75,6539
1775115480,6539,6540.75,6539,6539
1775115540,6539.5,6542.25,6538.75,6540
1775115600,6540,6541.75,6538.75,6541
1775115660,6541,6542.5,6540.25,6541.75
1775115720,6541.75,6542.25,6539,6540
1775115780,6540,6540.5,6539,6539.25
1775115840,6539.25,6540.5,6538.75,6540
1775115900,6540.25,6542.25,6540,6541.5
1775115960,6541.75,6543,6541.25,6542.5
1775116020,6542,6543.25,6541,6543
1775116080,6542.75,6544.75,6542.25,6544.75
1775116140,6544.5,6544.75,6543.5,6544.25
1775116200,6544.25,6544.75,6542.5,6543.75
1775116260,6543.75,6544.25,6542.75,6543.25
1775116320,6543,6544.75,6541.5,6544
1775116380,6544.25,6545.75,6543,6543.25
1775116440,6543.75,6545,6543.25,6544.75
1775116500,6544.75,6545,6543.25,6544.25
1775116560,6544.5,6546.75,6544.25,6546.5
1775116620,6546.25,6547.25,6546.25,6546.75
1775116680,6546.5,6548.5,6546,6548
1775116740,6548.5,6549.75,6548,6548.75
1775116800,6548.75,6550,6547.5,6548.25
1775116860,6548.25,6548.5,6545.75,6546
1775116920,6546,6546,6544.25,6544.5
1775116980,6545,6546.5,6544.5,6544.75
1775117040,6544.5,6545,6543.5,6544.75
1775117100,6544.75,6544.75,6542,6542
1775117160,6542.25,6545,6541.5,6543.75
1775117220,6544.25,6544.75,6543.25,6544
1775117280,6544.25,6544.5,6541.5,6543
1775117340,6543.5,6544,6542.25,6543.25
1775117400,6543.25,6544.75,6542.5,6543
1775117460,6543.25,6543.75,6542.25,6542.5
1775117520,6542.25,6543.5,6541.5,6543
1775117580,6543,6544.25,6542.75,6543.75
1775117640,6544,6544,6542.25,6542.75
1775117700,6542.75,6543,6540.25,6541.5
1775117760,6541.75,6545,6541.5,6544
1775117820,6544,6544.5,6541.25,6542.25
1775117880,6542.5,6542.5,6541.25,6541.5
1775117940,6541,6541.25,6539.25,6540.25
1775118000,6540,6541.25,6539.25,6539.75
1775118060,6539.5,6540.25,6538,6538.75
1775118120,6538.75,6541.5,6537,6540.75
1775118180,6540.75,6542.25,6540.25,6540.75
1775118240,6541,6542,6540,6540.25
1775118300,6540.25,6541.5,6540.25,6541
1775118360,6541,6541.25,6540,6540.75
1775118420,6540,6541,6539,6539
1775118480,6539,6541.5,6538.5,6541
1775118540,6540.75,6543.25,6540.5,6542.5
1775118600,6542.25,6546,6542.25,6545
1775118660,6545.25,6548,6545,6547
1775118720,6547,6548,6546.25,6547.75
1775118780,6547.75,6547.75,6545,6546.25
1775118840,6546.25,6546.5,6545,6546
1775118900,6546,6546.25,6544.25,6545.5
1775118960,6545.25,6546,6543,6543.75
1775119020,6543.25,6545,6543.25,6544.75
1775119080,6544.25,6545.5,6544,6545.25
1775119140,6545.5,6548,6544.75,6546.75
1775119200,6546.5,6547.25,6544.25,6545.5
1775119260,6545.25,6546.75,6545.25,6546
1775119320,6546,6549,6545.25,6548.75
1775119380,6548.75,6550,6548,6548.75
1775119440,6548.75,6551,6544.75,6545
1775119500,6545.25,6547.5,6545.25,6546.75
1775119560,6547,6547.25,6545.25,6545.25
1775119620,6545.25,6545.75,6543,6545.25
1775119680,6545,6545.75,6544,6544.75
1775119740,6544.75,6545.75,6544.25,6544.5
1775119800,6544.25,6545.25,6543.25,6544.25
1775119860,6544.25,6545.5,6544.25,6544.5
1775119920,6544.25,6544.25,6542.75,6543.25
1775119980,6543.25,6543.5,6541.5,6542.25
1775120040,6542.5,6544.75,6542.5,6544.25
1775120100,6544.25,6545.5,6543,6545.25
1775120160,6545.25,6545.25,6542.5,6543.25
1775120220,6543,6543.75,6541.25,6542
1775120280,6542,6543.25,6540.75,6543
1775120340,6543,6544,6542,6542
1775120400,6542.25,6544.25,6542,6543.75
1775120460,6544,6545,6543.5,6544.25
1775120520,6544,6544.5,6541.75,6542.25
1775120580,6542.25,6543.5,6541.25,6542.5
1775120640,6542.75,6543.5,6540.75,6543
1775120700,6542.75,6542.75,6540.5,6542
1775120760,6541.75,6543,6540,6542.75
1775120820,6543,6543.5,6541.25,6541.5
1775120880,6541.5,6543,6541.25,6542
1775120940,6542,6542,6540.5,6540.5
1775121000,6540.75,6541,6539.5,6539.75
1775121060,6540,6541,6539.5,6540.25
1775121120,6540.25,6540.25,6538.75,6539.25
1775121180,6539.75,6540.75,6539,6539.5
1775121240,6539.5,6540,6539,6539.25
1775121300,6539.25,6541,6539,6540.25
1775121360,6540.25,6541.25,6539.75,6540.25
1775121420,6540.5,6541.5,6539.25,6540.5
1775121480,6540.25,6542.75,6540,6542.25
1775121540,6542.25,6542.75,6539.75,6540.5
1775121600,6540.25,6542.5,6539.5,6542
1775121660,6542.25,6544.75,6542.25,6544
1775121720,6543.75,6544.5,6542.75,6542.75
1775121780,6542.5,6543.25,6542,6543
1775121840,6542.75,6544.5,6542.25,6543.75
1775121900,6543.75,6547,6543.75,6546.5
1775121960,6546.5,6547.75,6546,6546.25
1775122020,6546.25,6547.25,6545.5,6546
1775122080,6545.75,6545.75,6543.75,6545.25
1775122140,6545.25,6545.5,6543.75,6545
1775122200,6545,6545,6543.25,6543.5
1775122260,6543.75,6545.25,6542.25,6542.25
1775122320,6542.75,6543.75,6540.75,6541
1775122380,6541.25,6542,6540,6541.25
1775122440,6541.25,6541.5,6540.25,6540.5
1775122500,6540.5,6541.5,6538.25,6538.75
1775122560,6539.25,6540,6538.5,6539.25
1775122620,6539.25,6539.5,6538.5,6539
1775122680,6539,6539.75,6538.75,6539.25
1775122740,6539.5,6540.75,6539,6539.75
1775122800,6539.75,6539.75,6539,6539
1775122860,6539.5,6539.5,6538.25,6539.5
1775122920,6539.25,6540.25,6538.75,6540
1775122980,6540,6540.5,6539.25,6540.25
1775123040,6540.25,6540.25,6538.75,6539.25
1775123100,6539.25,6539.75,6537.75,6538.75
1775123160,6538.5,6539.75,6538.25,6539.25
1775123220,6539.25,6540.5,6537.75,6538.25
1775123280,6538.5,6539.75,6537,6539
1775123340,6539.25,6539.5,6538.5,6539
1775123400,6538.75,6540.75,6538.75,6540.5
1775123460,6540.25,6542.25,6539.5,6540.75
1775123520,6540.75,6541.25,6540.5,6540.5
1775123580,6540.75,6541.5,6539.75,6541.25
1775123640,6541.25,6542.25,6541,6541.5
1775123700,6541.5,6543.5,6541.5,6542
1775123760,6542.25,6542.75,6540.25,6540.5
1775123820,6540.25,6540.75,6538.75,6539.25
1775123880,6539.5,6540.25,6537.75,6538.25
1775123940,6538.5,6541.5,6538.5,6541
1775124000,6541,6541.5,6534.75,6537.25
1775124060,6537.25,6539.5,6537,6538.5
1775124120,6538.5,6540,6537.75,6539
1775124180,6538.75,6541.75,6538.5,6541
1775124240,6541,6541,6539.75,6540.25
1775124300,6540.5,6543.25,6539.75,6541.75
1775124360,6541.75,6541.75,6536.75,6536.75
1775124420,6536.5,6539.25,6536.25,6538.75
1775124480,6538.75,6539,6537.25,6537.5
1775124540,6537.75,6539,6537.75,6538.25
1775124600,6538,6538.75,6536,6536
1775124660,6536,6536.5,6535,6535.5
1775124720,6535.25,6537.5,6535.25,6536.75
1775124780,6536.5,6537,6534.75,6534.75
1775124840,6535,6535,6531,6531.5
1775124900,6531.5,6532.25,6529.5,6530.25
1775124960,6530.25,6530.75,6528,6529.5
1775125020,6529.5,6529.75,6528,6528.75
1775125080,6529,6531,6528.5,6531
1775125140,6531,6532.25,6529.25,6529.75
1775125200,6530,6531.25,6529,6529.25
1775125260,6530,6530.25,6528,6528.25
1775125320,6528.25,6529.75,6528,6529.5
1775125380,6529.5,6530.25,6529,6529
1775125440,6529.25,6530,6528.5,6529.5
1775125500,6529.5,6531.75,6529.25,6530.5
1775125560,6530.75,6531.25,6530.25,6530.75
1775125620,6531,6531.25,6529,6530
1775125680,6530.25,6530.25,6529,6530
1775125740,6530,6530,6528.5,6528.75
1775125800,6528.75,6529.5,6528,6529
1775125860,6529,6529,6526.5,6528
1775125920,6528.25,6531.5,6527.75,6531.5
1775125980,6531.5,6532.25,6530.75,6531.25
1775126040,6531.25,6532.5,6531,6532
1775126100,6531.75,6535.25,6531.75,6534
1775126160,6534.25,6534.75,6533.5,6533.75
1775126220,6533.75,6534.25,6532.5,6533.75
1775126280,6533.75,6534.5,6532.75,6533
1775126340,6533,6533.25,6530.75,6531.25
1775126400,6531.25,6532.25,6531,6532
1775126460,6532,6532.5,6531.25,6531.25
1775126520,6531.25,6536.75,6531.25,6535.75
1775126580,6536,6538.25,6535.25,6536.75
1775126640,6536.75,6537.25,6535,6535.25
1775126700,6535.5,6537.5,6535,6537.5
1775126760,6537.5,6537.75,6535.75,6536.5
1775126820,6536.5,6536.75,6534.75,6535.5
1775126880,6535.25,6537.75,6534.5,6536.25
1775126940,6536,6537.25,6535.75,6536.5
1775127000,6536.25,6536.75,6534,6534.25
1775127060,6534.5,6534.5,6533,6534
1775127120,6533.75,6536,6533.5,6535.75
1775127180,6535.75,6536.75,6535,6535.25
1775127240,6535.25,6535.5,6532.5,6533.5
1775127300,6533.25,6537.25,6532.75,6536.75
1775127360,6536.75,6537,6534.75,6535.25
1775127420,6535.5,6537.75,6535.25,6537.5
1775127480,6537.5,6539,6537,6537.75
1775127540,6537.75,6538.25,6535.75,6536.5
1775127600,6536.5,6538.25,6536.25,6536.75
1775127660,6536.75,6538.25,6534.25,6535.75
1775127720,6535.5,6537.75,6534.75,6537.5
1775127780,6537.5,6538,6536,6536.5
1775127840,6536.5,6536.5,6535,6535.75
1775127900,6535.75,6535.75,6531.25,6531.25
1775127960,6531.5,6532.25,6529.5,6529.75
1775128020,6530,6530,6528,6529.5
1775128080,6529.5,6530.75,6528.5,6529.5
1775128140,6529.75,6529.75,6528.25,6528.5
1775128200,6529,6529.25,6527,6527.25
1775128260,6527.5,6528,6525.75,6527.25
1775128320,6527,6529,6526.5,6528.75
1775128380,6528.75,6529.5,6525.75,6526.25
1775128440,6526.5,6527.25,6525,6525.25
1775128500,6525.25,6526.25,6521,6524
1775128560,6523.75,6523.75,6519.75,6521
1775128620,6520.75,6523.25,6520.25,6522
1775128680,6522,6522,6520.25,6521.25
1775128740,6521.25,6523,6521.25,6523
1775128800,6523,6523.5,6522,6523.25
1775128860,6523.25,6525,6523,6523.5
1775128920,6523.5,6524,6522.25,6523.75
1775128980,6523.75,6524,6521.75,6523.25
1775129040,6523,6524,6521.75,6522.75
1775129100,6522.5,6523.25,6521,6521.25
1775129160,6521.25,6521.5,6520,6520.75
1775129220,6521,6521.75,6520.25,6521.25
1775129280,6521,6521.25,6518,6520
1775129340,6520.25,6520.5,6516.75,6517.75
1775129400,6517.5,6519.5,6515.75,6519
1775129460,6519,6522.25,6518.5,6522.25
1775129520,6522.25,6523.5,6521.25,6523.25
1775129580,6522.75,6524,6521.25,6522
1775129640,6522.25,6522.25,6518.75,6519.5
1775129700,6519.5,6520.5,6519,6519.75
1775129760,6519.75,6520,6516.5,6517.5
1775129820,6517.75,6517.75,6514.5,6514.5
1775129880,6514.75,6516.5,6513.25,6515.5
1775129940,6515.75,6515.75,6513.5,6513.75
1775130000,6513.5,6514.25,6512.5,6512.75
1775130060,6513,6513.5,6512.25,6513
1775130120,6513,6513.25,6511.25,6511.75
1775130180,6511.75,6514.5,6511.25,6514
1775130240,6514.25,6515.75,6513.5,6514
1775130300,6514,6515.25,6514,6514
1775130360,6514,6515,6513,6513.25
1775130420,6513.25,6514.5,6512.25,6514
1775130480,6514,6516,6513.75,6514
1775130540,6514,6516.25,6513.75,6515.5
1775130600,6515.5,6516,6514.25,6515.75
1775130660,6516,6518.75,6515.5,6517.75
1775130720,6517.75,6519,6516.75,6518.25
1775130780,6517.75,6519,6516.5,6518
1775130840,6517.75,6520.5,6517.5,6520.5
1775130900,6520.25,6520.25,6517.75,6518
1775130960,6517.75,6518.75,6516,6517
1775131020,6517,6517.5,6513.75,6514
1775131080,6514,6514.25,6510.75,6512.25
1775131140,6512,6512.25,6508,6508.25
1775131200,6508.5,6510.25,6506.5,6508
1775131260,6508,6509.25,6506.75,6508
1775131320,6507.75,6508.25,6504.25,6506
1775131380,6506,6510.5,6505.75,6509.25
1775131440,6509.25,6510.25,6508,6510
1775131500,6509.5,6511,6508.25,6510.5
1775131560,6510.5,6511.75,6509.25,6510.75
1775131620,6510.75,6511.75,6510,6511.25
1775131680,6511,6511.5,6507.75,6508.25
1775131740,6508.25,6508.75,6504.75,6506.5
1775131800,6506.25,6507.25,6503.5,6505.5
1775131860,6505.5,6506.5,6504.75,6505.25
1775131920,6505,6507.5,6503.75,6506.75
1775131980,6506.75,6508.5,6506.25,6507.25
1775132040,6507.25,6508.75,6507,6508.25
1775132100,6508.25,6509.25,6507,6507.75
1775132160,6507.5,6508.75,6506.5,6507.25
1775132220,6507.25,6508.25,6506.75,6508
1775132280,6508,6512.25,6507.75,6511.25
1775132340,6511.25,6512.25,6509.75,6511.75
1775132400,6511.5,6512.75,6510.75,6511.5
1775132460,6511.5,6516,6511.5,6515.75
1775132520,6515.5,6516.75,6514.25,6515.75
1775132580,6516,6517.75,6515.75,6517
1775132640,6517.25,6519.5,6517,6519.25
1775132700,6519.25,6519.75,6516.25,6516.5
1775132760,6516.5,6517.25,6513.5,6515.5
1775132820,6515.5,6517,6514.75,6516
1775132880,6516.25,6518.25,6515,6517
1775132940,6517.25,6517.75,6515.25,6517.25
1775133000,6517,6518,6515.5,6516.25
1775133060,6516,6518,6514.75,6517.25
1775133120,6517.5,6518.25,6516.5,6517
1775133180,6517,6520.25,6516.75,6517.5
1775133240,6517.25,6519,6517,6518.75
1775133300,6518.75,6520,6517,6519.25
1775133360,6519.25,6520,6516.5,6518.5
1775133420,6518.5,6519,6516,6516.5
1775133480,6516.75,6519.5,6516.5,6519.25
1775133540,6519,6520.25,6517.5,6520
1775133600,6519.75,6521.25,6518,6519.75
1775133660,6520,6520.25,6518.75,6519
1775133720,6519.25,6520,6517.25,6518.5
1775133780,6518.25,6521,6518.25,6518.75
1775133840,6518.5,6520.75,6517.75,6520
1775133900,6520,6520.25,6518.5,6519.25
1775133960,6519.5,6523.5,6519.5,6520
1775134020,6520.25,6520.75,6517.25,6519.75
1775134080,6519.5,6523,6519.5,6522.5
1775134140,6522,6524,6521.5,6523
1775134200,6523.25,6525.25,6522.5,6523
1775134260,6523,6524.25,6521.5,6521.75
1775134320,6522,6523.75,6521.5,6523
1775134380,6523.25,6523.75,6521.75,6522.25
1775134440,6522,6523.25,6520.25,6521.5
1775134500,6521.75,6522.75,6520.75,6521
1775134560,6521,6522,6520.5,6521
1775134620,6520.75,6521.5,6518.75,6519.5
1775134680,6519.5,6519.5,6517.5,6518.25
1775134740,6518.5,6519.75,6516,6516.75
1775134800,6517,6519.5,6515.25,6518.75
1775134860,6519,6521.5,6518,6520.5
1775134920,6520.25,6521.5,6516.25,6516.5
1775134980,6516.5,6519,6515,6518.75
1775135040,6519,6520.5,6517.75,6519
1775135100,6518.75,6521.75,6518,6520.25
1775135160,6520,6524.5,6519.5,6520.5
1775135220,6520.5,6523.25,6520.5,6521.75
1775135280,6522.25,6522.75,6519.5,6519.5
1775135340,6519.5,6521.25,6519.5,6519.75
1775135400,6519.75,6521,6517,6518.75
1775135460,6518.75,6519.75,6517.75,6518.5
1775135520,6518.5,6519,6516.25,6517
1775135580,6517,6518,6514.75,6517.75
1775135640,6517.75,6519,6517,6518.25
1775135700,6518.5,6522,6518,6521
1775135760,6521.25,6522,6518.75,6519.5
1775135820,6519.25,6521.75,6518.5,6521.25
1775135880,6521.5,6522.25,6519.5,6520.5
1775135940,6520.5,6520.5,6518.25,6520.25
1775136000,6520,6522.25,6519,6521.25
1775136060,6521.25,6524,6521,6522.5
1775136120,6522.5,6525.75,6522.25,6524
1775136180,6523.5,6524.5,6520.75,6521.5
1775136240,6521.5,6522.5,6520.25,6521.5
1775136300,6521.5,6523.25,6520,6522.25
1775136360,6522.5,6524.75,6522.5,6524
1775136420,6524.5,6527.25,6523.5,6525.5
1775136480,6525.75,6530,6525.75,6528
1775136540,6528,6530,6527,6527.75
1775136600,6527.75,6538.5,6527.25,6532
1775136660,6532.25,6538,6530.25,6537.25
1775136720,6537,6537.25,6529.25,6529.75
1775136780,6529.75,6534.5,6526.25,6533.25
1775136840,6533.25,6535.25,6531.75,6535
1775136900,6534.75,6535,6525,6525.25
1775136960,6525.5,6529.5,6523.5,6525
1775137020,6525,6528,6524,6527.25
1775137080,6527,6529.75,6522.25,6522.25
1775137140,6522.5,6522.75,6516.5,6516.75
1775137200,6517,6521.25,6514.25,6517.5
1775137260,6517.25,6528,6516.25,6527.5
1775137320,6527.5,6528,6518.25,6519
1775137380,6519,6521.25,6516.5,6518
1775137440,6517.75,6521.25,6517.75,6520.25
1775137500,6520.5,6529.25,6517.5,6527
1775137560,6527.25,6533.75,6527,6533
1775137620,6533,6537,6531.25,6534
1775137680,6534.25,6536,6531.25,6534.75
1775137740,6534.5,6537.75,6532.75,6533.75
1775137800,6533.75,6537.5,6532,6537
1775137860,6536.75,6542.5,6536,6540
1775137920,6540.25,6542.25,6538,6540.75
1775137980,6540.5,6549.75,6540.5,6547.25
1775138040,6547,6553,6545.5,6549.5
1775138100,6549.75,6551.75,6548.5,6551
1775138160,6551.25,6551.75,6548.75,6550
1775138220,6549.75,6556,6546.75,6554.25
1775138280,6554.25,6559.25,6553.25,6558.5
1775138340,6558.25,6562.75,6557.75,6560.5
1775138400,6560.25,6565,6558.5,6560.25
1775138460,6560.5,6561,6556.25,6557.75
1775138520,6557.75,6559.25,6553.5,6554.5
1775138580,6554.5,6556.5,6551.75,6555.75
1775138640,6555.25,6557.5,6553.25,6554.5
1775138700,6554.25,6555.75,6549.25,6554.5
1775138760,6554.25,6566.75,6553.25,6566.25
1775138820,6566.25,6567,6560.25,6562
1775138880,6561.75,6565.5,6559,6564.5
1775138940,6564.25,6565.75,6561.25,6562.25
1775139000,6562.25,6562.5,6557.75,6561
1775139060,6560.75,6568.75,6560.5,6565.25
1775139120,6565,6565.25,6561.75,6562.5
1775139180,6562.25,6564.25,6559.75,6561.5
1775139240,6561.5,6562.25,6558.5,6560.25
1775139300,6560.25,6565,6559.25,6564.75
1775139360,6564.75,6572,6561.75,6562
1775139420,6562,6566.5,6560.75,6566
1775139480,6565.5,6570.5,6564,6568.75
1775139540,6568.75,6569.5,6566.25,6567.25
1775139600,6567,6570,6566,6567.25
1775139660,6567.25,6575,6567,6574.25
1775139720,6574,6574,6570,6572
1775139780,6571.75,6573.5,6570,6570.25
1775139840,6570.5,6572.25,6568.25,6571.25
1775139900,6571.25,6572,6564,6566.75
1775139960,6566.5,6570.75,6565.75,6567
1775140020,6566.75,6570.5,6565,6567
1775140080,6567,6571.5,6566.5,6570.25
1775140140,6570.25,6570.75,6566.5,6568
1775140200,6567.75,6570.75,6565.25,6570.5
1775140260,6570.5,6574.5,6570.5,6572.25
1775140320,6572.25,6579,6570,6576.5
1775140380,6576.5,6588.5,6575.5,6587.25
1775140440,6587.25,6587.75,6584.5,6586.75
1775140500,6586.75,6603.75,6586,6601.5
1775140560,6601,6634.25,6597,6626.75
1775140620,6626.5,6644.5,6622,6637
1775140680,6637,6637.25,6613.25,6616
1775140740,6615.75,6633.75,6611.75,6629.5
1775140800,6629.25,6631,6614.25,6617
1775140860,6617,6619.25,6608,6610.5
1775140920,6611,6619.5,6610.75,6614.75
1775140980,6614.5,6624.75,6612.25,6620.25
1775141040,6620.5,6626.75,6617.5,6625.25
1775141100,6625.5,6627.75,6622.25,6624
1775141160,6624.25,6624.25,6613.5,6615
1775141220,6615,6617.75,6611.25,6614.75
1775141280,6614.75,6616.25,6609.5,6611.25
1775141340,6611.25,6613.25,6605.25,6606
1775141400,6606,6607.5,6598,6602.75
1775141460,6603,6605,6598.5,6600.75
1775141520,6600.5,6610.25,6598.75,6610
1775141580,6610,6613.75,6604.5,6605.75
1775141640,6606.25,6614.25,6606.25,6611.5
1775141700,6611.25,6619.75,6610.5,6618
1775141760,6618.25,6622,6616.25,6618.5
1775141820,6618.5,6624.25,6615.75,6622.75
1775141880,6622.75,6625,6620.75,6623
1775141940,6622.75,6623,6616.5,6618.75
1775142000,6618.75,6619.5,6607.5,6608.75
1775142060,6608.75,6612,6606.25,6607.5
1775142120,6607.75,6609,6603.25,6603.75
1775142180,6604,6612.25,6602.75,6610.75
1775142240,6610.75,6617.25,6609,6614.75
1775142300,6615,6616.5,6608.25,6610.25
1775142360,6610,6613.25,6609.5,6609.75
1775142420,6609.75,6610.25,6605.75,6606.5
1775142480,6606.75,6612.75,6606.5,6610.75
1775142540,6611,6614.25,6608.25,6613.75
1775142600,6613.25,6619.75,6610.75,6618.25
1775142660,6618.25,6622,6616,6618.5
1775142720,6618.25,6624.25,6618,6622
1775142780,6622,6623,6618.5,6619
1775142840,6619,6619.25,6614,6617.5
1775142900,6617.75,6619,6615.5,6617.5
1775142960,6617.25,6621,6616.5,6620.5
1775143020,6620.5,6622.75,6615,6615.5
1775143080,6615.25,6618,6611.5,6617.5
1775143140,6617.75,6619.5,6616.5,6616.75
1775143200,6616.75,6617.25,6606.75,6609.5
1775143260,6609.75,6611.25,6604,6608.5
1775143320,6608.25,6611.75,6604,6604.5
1775143380,6604.75,6608.75,6604.75,6607.25
1775143440,6607.25,6614,6606.75,6611.75
1775143500,6611.75,6612,6604.75,6607.5
1775143560,6607.75,6615.75,6607.25,6615
1775143620,6615,6618.5,6612.25,6618.5
1775143680,6618.5,6622.25,6618.5,6620.75
1775143740,6621,6621.25,6616,6617.75
1775143800,6617.5,6619,6613,6616
1775143860,6616,6616,6610.75,6614.25
1775143920,6614.25,6615,6612.25,6613.75
1775143980,6613.5,6613.75,6608,6609.75
1775144040,6609.75,6615,6607.75,6614.5
1775144100,6614.75,6617,6612.75,6616
1775144160,6616,6620.25,6615.5,6620.25
1775144220,6620.25,6624,6618.75,6620.25
1775144280,6620,6620,6616.5,6619
1775144340,6619.25,6620.75,6614.5,6617
1775144400,6617,6619,6614.25,6615.75
1775144460,6615.5,6617,6609.5,6611.75
1775144520,6611.75,6613.25,6607.25,6609
1775144580,6608.75,6613.25,6608.25,6612
1775144640,6612.25,6618.25,6611.75,6617
1775144700,6617.25,6617.25,6609,6610
1775144760,6610,6615.25,6609,6612.75
1775144820,6612.5,6613.5,6609.5,6612.5
1775144880,6612.75,6614.25,6606.5,6609
1775144940,6608.75,6609.75,6605.5,6606.5
1775145000,6606.25,6606.75,6598.75,6599.5
1775145060,6599.25,6601.75,6595,6597.75
1775145120,6597.75,6606,6597.25,6605.25
1775145180,6605.25,6605.5,6601,6601.75
1775145240,6602,6611.25,6601.25,6609.75
1775145300,6609.5,6612.5,6607,6612.5
1775145360,6612.5,6612.5,6606.25,6607
1775145420,6606.75,6608,6602.5,6604.5
1775145480,6604.75,6606.75,6603,6604
1775145540,6603.75,6607.5,6603.5,6605
1775145600,6605,6607,6602.75,6604
1775145660,6604.25,6611.75,6604.25,6611
1775145720,6610.75,6611.25,6605.25,6607
1775145780,6607,6607.75,6604.5,6606.75
1775145840,6606.75,6607.25,6600.5,6602.5
1775145900,6602.5,6606,6602.25,6604.75
1775145960,6604.5,6604.75,6601.25,6602
1775146020,6602,6602,6597.75,6598.5
1775146080,6598.75,6600.25,6592.5,6592.75
1775146140,6593,6601.75,6593,6600.75
1775146200,6600.5,6602,6597,6597.5
1775146260,6597.5,6599,6595,6597.5
1775146320,6597.5,6600.75,6597,6598.25
1775146380,6598,6602.5,6596.75,6600.75
1775146440,6600.5,6601.25,6598,6598.5
1775146500,6598.5,6599.25,6595.75,6598.25
1775146560,6598.5,6601.75,6597,6597.5
1775146620,6597.5,6599.5,6594.5,6596.5
1775146680,6597,6598.75,6593.5,6595.5
1775146740,6595.5,6596.5,6589.5,6589.75
1775146800,6589.75,6591.75,6586.5,6590.5
1775146860,6590.5,6594.25,6590,6592.5
1775146920,6593,6595.75,6592,6594.25
1775146980,6594,6596,6590.25,6592
1775147040,6592,6593,6590.25,6590.25
1775147100,6590.5,6591.75,6587.75,6588.75
1775147160,6588.5,6592.5,6588.5,6591.75
1775147220,6591.75,6594.25,6591,6594
1775147280,6594,6597.25,6593,6594.5
1775147340,6594.25,6594.5,6591.5,6592
1775147400,6591.75,6593.5,6590.25,6590.75
1775147460,6590.75,6596.75,6590,6595.75
1775147520,6596,6603.25,6595.5,6602.75
1775147580,6602.5,6605.25,6599.75,6602.75
1775147640,6602.75,6603,6600,6600.5
1775147700,6600.25,6603.25,6598.5,6602
1775147760,6602,6602.25,6593,6598.75
1775147820,6598.5,6600.25,6595.25,6598.25
1775147880,6598,6599.25,6590.25,6595.5
1775147940,6595.5,6599.5,6595.5,6597.25
1775148000,6597,6614.5,6596.5,6605.25
1775148060,6605.5,6605.5,6600.25,6602.25
1775148120,6602.25,6605.5,6601.5,6604.25
1775148180,6604.25,6606.25,6602.5,6605.75
1775148240,6605.5,6610,6605.5,6607
1775148300,6607,6610.25,6606,6609.5
1775148360,6609.25,6610.5,6608,6608.75
1775148420,6608.75,6609,6606.5,6608.25
1775148480,6608.25,6608.25,6604.25,6604.5
1775148540,6604.25,6607.75,6604.25,6607.5
1775148600,6607.5,6609.25,6607,6608
1775148660,6607.75,6608,6603.5,6606.25
1775148720,6606.25,6608.5,6605.75,6608
1775148780,6607.75,6609.75,6607.5,6609.25
1775148840,6609.25,6611,6607.5,6608
1775148900,6608,6608,6605.5,6606.25
1775148960,6606.25,6606.25,6604,6605
1775149020,6604.75,6606.25,6603.25,6603.75
1775149080,6603.5,6605,6601.5,6603.25
1775149140,6603.5,6604.75,6600,6600.5
1775149200,6600.25,6601.25,6595.25,6595.75
1775149260,6595.5,6598.25,6594.5,6595
1775149320,6595,6597.5,6595,6596.75
1775149380,6596.5,6603.75,6596.5,6602.5
1775149440,6602.75,6604,6601.25,6602.5
1775149500,6602.75,6603.25,6600.25,6603.25
1775149560,6603.25,6603.75,6600.5,6602.75
1775149620,6602.5,6604.75,6602.25,6603.75
1775149680,6603.5,6603.75,6599.5,6600.25
1775149740,6600.25,6603.25,6599.75,6602.25
1775149800,6602.25,6603,6599.75,6600.5
1775149860,6600.25,6602.25,6598.5,6599.5
1775149920,6599.75,6602.75,6598.75,6602.25
1775149980,6602.25,6607.75,6601.75,6607
1775150040,6607,6611,6606.75,6608.25
1775150100,6608.25,6610.75,6607.25,6609.75
1775150160,6609.5,6614.5,6609,6610.5
1775150220,6610.5,6611.5,6608.75,6610.75
1775150280,6610.75,6611.75,6608.75,6609
1775150340,6609,6611.25,6608.5,6611
1775150400,6610.5,6612.5,6610,6611.75
1775150460,6611.75,6612,6609.75,6610.75
1775150520,6611,6612.25,6608.75,6611.75
1775150580,6611.5,6614.25,6611,6613.75
1775150640,6614,6615,6612.75,6613.25
1775150700,6613.5,6615,6612,6612.75
1775150760,6612.75,6613.25,6611,6611.5
1775150820,6611.25,6612,6610.25,6612
1775150880,6612,6613,6610.75,6612.25
1775150940,6612.25,6612.25,6610.25,6610.75
1775151000,6611,6612.25,6609.5,6610.5
1775151060,6610.5,6612,6608.5,6609
1775151120,6608.75,6610,6608,6609
1775151180,6609,6610,6606.5,6608.25
1775151240,6608,6610.5,6607.75,6607.75
1775151300,6607.75,6608,6604.75,6605.75
1775151360,6605.5,6607.5,6605.25,6605.75
1775151420,6605.75,6606,6604,6605
1775151480,6605,6607.25,6604.5,6605.75
1775151540,6605.75,6608.5,6605.25,6607.5
1775151600,6607.75,6609.25,6606.75,6607
1775151660,6607,6608.25,6604.25,6605
1775151720,6605,6605.5,6602.75,6605.25
1775151780,6605.25,6606.5,6604,6604.75
1775151840,6604.75,6607.75,6604.5,6607
1775151900,6607,6608,6602.75,6603
1775151960,6603,6603.75,6599.5,6600.75
1775152020,6601,6601.25,6595.5,6596.5
1775152080,6596.75,6597,6592.5,6593
1775152140,6593,6594.25,6591.5,6592.25
1775152200,6592,6597,6591.75,6595.75
1775152260,6596,6597,6593,6593.25
1775152320,6593.25,6594.25,6590.25,6593
1775152380,6593,6596.75,6592.75,6594.5
1775152440,6594.5,6597.5,6594,6597
1775152500,6597.25,6599.5,6594.75,6596
1775152560,6596,6596.75,6594,6595.75
1775152620,6595.75,6596.75,6594.25,6594.5
1775152680,6594.5,6596,6593.25,6595.5
1775152740,6595.75,6598.5,6595.5,6597.25
1775152800,6597,6602,6596.75,6600
1775152860,6600,6602.75,6599.75,6601.75
1775152920,6601.5,6601.75,6599.75,6600.75
1775152980,6600.75,6602.25,6598.75,6601
1775153040,6601,6604,6600,6603.75
1775153100,6603.75,6609.25,6602.75,6607.5
1775153160,6607.25,6607.25,6603.5,6606.25
1775153220,6606.5,6606.5,6602.25,6603.25
1775153280,6603.25,6604.5,6601.75,6603.25
1775153340,6603.5,6605.25,6603,6604.75
1775153400,6604.5,6608.25,6604.25,6607
1775153460,6607,6607.5,6606.25,6606.5
1775153520,6606.25,6606.25,6603.25,6605.5
1775153580,6605.25,6605.75,6603.75,6604.5
1775153640,6604.5,6605.25,6602.75,6604
1775153700,6604,6604.5,6600.5,6603
1775153760,6602.5,6605.5,6602,6605
1775153820,6605,6607,6604.5,6606.75
1775153880,6606.5,6607.5,6605.5,6606
1775153940,6606,6606.25,6603.25,6604.75
1775154000,6604.75,6605.25,6603.5,6604.25
1775154060,6604,6605.5,6602.75,6604.25
1775154120,6604.25,6604.5,6603,6604.5
1775154180,6604.75,6605,6602.5,6603.25
1775154240,6603.25,6604.5,6601,6601.5
1775154300,6601.25,6601.25,6598.5,6599.25
1775154360,6599.25,6600.5,6598.25,6599.25
1775154420,6599.25,6600.5,6599,6599.5
1775154480,6599.75,6602.25,6599.25,6600.75
1775154540,6600.5,6602,6599,6599.75
1775154600,6600,6602.75,6599.75,6602.5
1775154660,6602.5,6603.5,6600.5,6601.25
1775154720,6601.25,6601.75,6598.75,6599.75
1775154780,6599.5,6601,6598.5,6600.25
1775154840,6600.5,6602.75,6600.5,6602.25
1775154900,6602.25,6603,6600.75,6602.5
1775154960,6602.5,6602.75,6600.75,6601.25
1775155020,6601.25,6602.5,6600.75,6602.25
1775155080,6602.25,6602.25,6599.5,6600.5
1775155140,6600.25,6601.5,6598.75,6600.5
1775155200,6600.25,6607,6600,6606.75
1775155260,6607,6610.25,6605.25,6607.5
1775155320,6607.5,6607.75,6605,6606.25
1775155380,6606.25,6606.25,6603.5,6604.25
1775155440,6604.5,6608.25,6604.25,6608.25
1775155500,6608.25,6610.5,6607,6609.5
1775155560,6609.5,6611.5,6608.25,6610.25
1775155620,6610.5,6611.25,6608.75,6609.75
1775155680,6609.5,6611.25,6607.5,6608.25
1775155740,6608.25,6610.5,6607.75,6610
1775155800,6609.75,6611,6608.25,6608.5
1775155860,6608.25,6610.25,6608,6610
1775155920,6610.25,6613.25,6610.25,6613
1775155980,6612.75,6615.5,6612.25,6612.75
1775156040,6612.75,6613.25,6611.25,6611.75
1775156100,6612,6612.25,6609,6609.5
1775156160,6609.75,6611.75,6609.5,6610
1775156220,6610,6610.75,6609.25,6609.5
1775156280,6609.75,6611.25,6609.5,6610.25
1775156340,6610.25,6610.5,6608.25,6609
1775156400,6609.25,6611.5,6609,6611
1775156460,6611,6613,6610.75,6612
1775156520,6612,6613.5,6612,6612.5
1775156580,6612.25,6612.5,6610.5,6610.75
1775156640,6610.75,6610.75,6608.75,6610
1775156700,6610,6614.25,6609.75,6612.25
1775156760,6612.25,6612.5,6610.5,6611.5
1775156820,6611.75,6613.25,6610.75,6612.75
1775156880,6612.75,6613.5,6610.75,6613.25
1775156940,6613,6613.5,6611.5,6613
1775157000,6613.25,6616.75,6613.25,6616
1775157060,6615.75,6617.5,6615,6616.25
1775157120,6616,6616.5,6614,6615.5
1775157180,6615.25,6615.25,6612.75,6613
1775157240,6613,6613.5,6611.25,6612
1775157300,6611.75,6613.5,6610.25,6610.5
1775157360,6610.5,6611.25,6608.75,6610.25
1775157420,6610,6610.25,6608.5,6609
1775157480,6609,6609.5,6607.25,6607.5
1775157540,6607.5,6610.5,6607,6610
1775157600,6610,6610.5,6608.75,6608.75
1775157660,6608.75,6609,6606.5,6607
1775157720,6607.25,6610.5,6606,6610.5
1775157780,6610.5,6613.25,6608,6612
1775157840,6611.75,6612.25,6608.5,6609.25
1775157900,6609,6609.5,6607.5,6607.75
1775157960,6608,6608,6606,6607.25
1775158020,6607,6609,6606.75,6607.5
1775158080,6607.5,6607.75,6605.5,6606.5
1775158140,6606.75,6608.75,6606,6608
1775158200,6608,6609.75,6607.5,6609
1775158260,6609,6610.5,6607.75,6609.25
1775158320,6609.25,6610.25,6606.75,6607.5
1775158380,6607.5,6608,6604.75,6605.5
1775158440,6605.5,6607.25,6604.75,6607
1775158500,6607,6611,6606.75,6609
1775158560,6608.75,6610.5,6608,6609.5
1775158620,6609.25,6610.5,6608.25,6608.75
1775158680,6608.25,6609.75,6608.25,6609.25
1775158740,6609.25,6612,6608.75,6611.5
1775158800,6611.75,6614.25,6611,6614
1775158860,6614,6614.25,6610.75,6611.25
1775158920,6611.5,6612.5,6609.75,6609.75
1775158980,6609.75,6611.25,6609.5,6609.5
1775159040,6609.5,6609.5,6607.5,6607.75
1775159100,6608,6610,6605.75,6607.25
1775159160,6607.25,6608.5,6606.75,6608.25
1775159220,6608.5,6610.5,6607.5,6610
1775159280,6610,6610.75,6608,6609.75
1775159340,6609.5,6610.25,6609,6610.25
1775159400,6610,6620.75,6610,6617
1775159460,6616.75,6617.75,6614.5,6617.25
1775159520,6617.25,6619,6616,6617.75
1775159580,6617.5,6619.5,6617,6618
1775159640,6617.75,6620,6617.25,6618.5
1775159700,6618.75,6625.5,6617.25,6622.5
1775159760,6622.25,6622.5,6620,6620.75
1775159820,6621,6623,6619.5,6622.5
1775159880,6622.5,6623.75,6621,6621.25
1775159940,6621,6624,6620.5,6623.25
1775160000,6623.25,6625,6619.25,6622.25
1775160060,6622,6624.5,6621.5,6623.75
1775160120,6623.5,6623.75,6620.5,6621.25
1775160180,6621.25,6623,6621,6622.5
1775160240,6622.75,6622.75,6621,6621.25
1775160300,6621.25,6621.75,6620.5,6620.5
1775160360,6620.5,6621,6619.5,6620.25
1775160420,6620.5,6621.5,6620,6621.25
1775160480,6621.5,6621.5,6618.75,6619.5
1775160540,6619.25,6620.25,6619.25,6619.5
1775160600,6619.75,6621,6619.5,6620.5
1775160660,6620.25,6622.25,6620,6622
1775160720,6622.25,6623,6621.75,6621.75
1775160780,6621.5,6622.75,6621,6622.75
1775160840,6622.5,6624,6621.25,6623.5
1775160900,6623.5,6624.5,6622.75,6624
1775160960,6624,6624.25,6622.25,6622.5
1775161020,6622.25,6623.5,6622.25,6622.75
1775161080,6622.75,6623,6622.25,6622.75
1775161140,6623,6623.25,6622.25,6623
1775161200,6623,6623.5,6621.75,6622.25
1775161260,6622.25,6622.75,6622.25,6622.75
1775161320,6622.75,6623,6622,6622.5
1775161380,6622.5,6623.25,6622.25,6623
1775161440,6623.25,6623.75,6623,6623.5
1775161500,6623.5,6624,6623.25,6623.25
1775161560,6623.5,6624,6623,6623.25
1775161620,6623.5,6625,6623,6625
1775161680,6625,6625.25,6623.75,6625
1775161740,6625,6628.75,6625,6627.75
1775161800,6627.5,6628.5,6626.75,6627
1775161860,6627,6627,6625.75,6625.75
1775161920,6625.75,6626,6624.25,6624.75
1775161980,6624.5,6625.25,6624.5,6624.75
1775162040,6624.75,6624.75,6623,6623.25
1775162100,6623.25,6624,6622.75,6623
1775162160,6623.25,6623.5,6622.25,6623.25
1775162220,6623.5,6623.75,6623,6623.5
1775162280,6623.5,6623.75,6622.75,6623.25
1775162340,6623.25,6624.75,6623.25,6624.25
1775162400,6624.25,6624.5,6622.75,6623
1775162460,6622.75,6623.75,6622.5,6623
1775162520,6622.75,6624,6622.75,6623.5
1775162580,6623.5,6624.75,6623.5,6623.75
1775162640,6623.75,6623.75,6623,6623.25
1775162700,6623.5,6624,6623.25,6623.5
1775162760,6623.75,6625,6623.75,6624.75
1775162820,6624.75,6625.75,6624.25,6625
1775162880,6625,6625.25,6624.25,6625.25
1775162940,6625,6625.75,6624.25,6624.25
1775163000,6624.5,6624.5,6623,6623.75
1775163060,6623.75,6624,6623.25,6623.25
1775163120,6623.5,6623.75,6623,6623.5
1775163180,6623.5,6623.5,6622.5,6622.75
1775163240,6622.75,6623.5,6622.5,6623.25
1775163300,6623.25,6623.5,6622.5,6622.5
1775163360,6622.5,6623,6622,6623
1775163420,6622.75,6623,6621.5,6622.5
1775163480,6622.75,6623.25,6622.5,6622.75
1775163540,6623.25,6624.5,6622.75,6624.5
1775167200,6623.75,6623.75,6619.25,6621
1775167260,6620.25,6621,6619,6620
1775167320,6620,6621.25,6619.5,6620.75
1775167380,6620.75,6622,6620.25,6620.5
1775167440,6620.5,6621,6620.25,6620.25
1775167500,6620.25,6621.5,6620,6620.5
1775167560,6621,6621.25,6620.5,6621
1775167620,6621.5,6621.75,6620.75,6620.75
1775167680,6621,6621,6619.75,6620.5
1775167740,6620.5,6622.75,6620,6621.5
1775167800,6621.25,6621.75,6620.75,6621.25
1775167860,6621,6621.25,6619.75,6620.5
1775167920,6620.5,6620.75,6619.5,6620
1775167980,6620,6620.25,6619.5,6620
1775168040,6620,6620.75,6619.75,6620.5
1775168100,6620.5,6621.5,6620,6620.75
1775168160,6621,6622.5,6621,6622
1775168220,6622,6622,6620,6621.25
1775168280,6621,6623.75,6620.75,6623.5
1775168340,6623.5,6625.75,6620.25,6620.75
1775168400,6620.75,6622.25,6619,6620.25
1775168460,6620.5,6621.75,6619.5,6621.5
1775168520,6621.5,6623.25,6621,6622
1775168580,6622.5,6622.75,6621,6621.75
1775168640,6622,6622,6620.75,6620.75
1775168700,6621.25,6622,6620.5,6622
1775168760,6622,6624,6621.75,6623
1775168820,6623.25,6624.5,6622.75,6623.75
1775168880,6624,6624.25,6622.5,6622.75
1775168940,6622.5,6623.5,6622.25,6623
1775169000,6623.25,6624,6622.5,6624
1775169060,6623.75,6624.5,6623.5,6624.25
1775169120,6624,6625,6624,6624.75
1775169180,6624.75,6625.75,6624.5,6624.75
1775169240,6624.75,6624.75,6624,6624.25
1775169300,6624,6625,6623.25,6624.75
1775169360,6624.75,6624.75,6623.75,6624
1775169420,6623.75,6624.25,6623.25,6623.5
1775169480,6623.25,6624,6623.25,6623.5
1775169540,6623.5,6624.25,6622.25,6623.75
1775169600,6623.5,6624.75,6623.5,6624.5
1775169660,6624.5,6625.25,6624.25,6624.5
1775169720,6624.5,6624.75,6623.5,6624
1775169780,6624,6624.75,6624,6624.25
1775169840,6624.25,6624.75,6623.5,6623.75
1775169900,6623.5,6623.75,6623,6623.25
1775169960,6623.5,6623.75,6623,6623
1775170020,6623.25,6623.5,6622.5,6623.5
1775170080,6623.5,6624.25,6623,6623.5
1775170140,6623.25,6623.75,6623,6623.25
1775170200,6624,6624.25,6623.75,6623.75
1775170260,6623.75,6623.75,6623,6623
1775170320,6623.25,6623.5,6623,6623.25
1775170380,6623.5,6624.5,6623.5,6624.25
1775170440,6624.25,6624.75,6624,6624.5
1775170500,6624.25,6624.5,6623.5,6623.75
1775170560,6624,6624,6623,6623.5
1775170620,6623.25,6623.5,6623,6623.25
1775170680,6623.25,6623.75,6623.25,6623.5
1775170740,6623.5,6623.75,6623.25,6623.25
1775170800,6623.5,6623.5,6621,6621.25
1775170860,6621.5,6623,6621.25,6622.75
1775170920,6622.75,6622.75,6621.75,6622
1775170980,6622.25,6622.5,6622,6622.25
1775171040,6622.5,6622.75,6622.25,6622.75
1775171100,6622.75,6622.75,6622,6622.5
1775171160,6622.5,6622.5,6622,6622.25
1775171220,6622.5,6622.5,6621.75,6622
1775171280,6622.25,6622.5,6621.5,6621.75
1775171340,6621.5,6622,6621.25,6622
1775171400,6621.5,6622,6621,6621.75
1775171460,6622,6622,6621.5,6621.5
1775171520,6621.5,6622,6621.25,6621.75
1775171580,6621.5,6621.5,6620.5,6621
1775171640,6621,6621.5,6621,6621.25
1775171700,6621,6622.25,6621,6621.5
1775171760,6621.75,6622,6621.5,6621.5
1775171820,6621.5,6622,6621,6621.75
1775171880,6621.75,6622.25,6621.5,6622
1775171940,6621.75,6622,6621.5,6621.75
1775172000,6621.75,6622,6621.5,6621.75
1775172060,6621.5,6622.5,6621.5,6621.75
1775172120,6622,6623,6622,6622.75
1775172180,6622.75,6623,6622.5,6622.75
1775172240,6622.75,6622.75,6622,6622.25
1775172300,6622.5,6622.75,6622.25,6622.5
1775172360,6622.75,6623.25,6622.75,6623
1775172420,6622.75,6624.25,6622.75,6623.75
1775172480,6623.75,6624.5,6623.25,6623.75
1775172540,6623.75,6624,6623.5,6623.75
1775172600,6623.75,6624.75,6623,6623.5
1775172660,6623.75,6625.75,6623.5,6625
1775172720,6625,6625.25,6624.25,6624.25
1775172780,6624.5,6625,6624.25,6624.5
1775172840,6624.25,6624.75,6623.75,6624.5
1775172900,6624.75,6625.5,6624.75,6624.75
1775172960,6624.5,6624.75,6624,6624.25
1775173020,6624.5,6624.5,6623.75,6623.75
1775173080,6624,6624.5,6623.75,6624.25
1775173140,6624.25,6624.5,6624,6624.5
1775173200,6624.5,6625.25,6624.5,6624.5
1775173260,6624.75,6625,6624.5,6625
1775173320,6625,6625,6624,6624.25
1775173380,6624,6624.75,6623.75,6624.75
1775173440,6624.5,6624.5,6624,6624
1775173500,6624.25,6624.25,6623.25,6623.25
1775173560,6623.25,6623.75,6623,6623.25
1775173620,6623.25,6623.5,6622.75,6623.25
1775173680,6623.25,6624.25,6623.25,6624
1775173740,6623.5,6624.5,6623.5,6624
1775173800,6624,6624,6622.25,6622.25
1775173860,6622.25,6623,6622.25,6622.75
1775173920,6622.75,6623.5,6622,6622.5
1775173980,6622.5,6623,6622.5,6622.75
1775174040,6622.75,6623,6622.5,6623
1775174100,6623,6623,6622.5,6623
1775174160,6623,6624.5,6623,6624.5
1775174220,6624.5,6624.5,6623.5,6623.5
1775174280,6623.5,6623.75,6623.25,6623.5
1775174340,6623.5,6624,6623.5,6623.75
1775174400,6624,6627.75,6624,6626.5
1775174460,6626.25,6632.25,6626,6630.5
1775174520,6630.75,6631,6628.25,6628.5
1775174580,6628.5,6629.25,6627.75,6628.5
1775174640,6628.25,6631,6628.25,6630
1775174700,6629.75,6630,6628.25,6629.25
1775174760,6629.25,6629.75,6628.25,6629.75
1775174820,6629.5,6630.5,6628.75,6628.75
1775174880,6629,6629.25,6627.5,6627.75
1775174940,6627.75,6628,6626.5,6627
1775175000,6627,6627.5,6626.25,6627.5
1775175060,6627.25,6627.75,6626.75,6627.5
1775175120,6627.5,6628.5,6627.5,6628.25
1775175180,6627.75,6628.75,6627.25,6628.5
1775175240,6628,6628.75,6628,6628.25
1775175300,6628.25,6628.25,6625,6625.5
1775175360,6625.5,6626.5,6624.75,6626
1775175420,6626.5,6626.75,6625.75,6625.75
1775175480,6625.5,6625.75,6624.5,6624.75
1775175540,6625,6625.5,6624.5,6625
1775175600,6624.75,6625.25,6623.75,6624.5
1775175660,6624.75,6625.75,6624,6625.75
1775175720,6625.5,6626.75,6625,6625.25
1775175780,6625.25,6626.25,6625,6625.5
1775175840,6625.75,6626.25,6625.5,6625.5
1775175900,6626,6626.75,6625.75,6626.5
1775175960,6626.25,6626.25,6624.75,6626
1775176020,6625.5,6627.5,6625.5,6627
1775176080,6626.75,6627.5,6626.5,6627.5
1775176140,6627.25,6627.5,6626.5,6627
1775176200,6627,6627.25,6625.25,6625.75
1775176260,6625.75,6626,6625,6625.75
1775176320,6626.25,6627.25,6626,6626.25
1775176380,6626.25,6626.5,6625.75,6626
1775176440,6625.75,6627,6625.75,6626.5
1775176500,6626.5,6627,6625.25,6625.5
1775176560,6625.75,6626,6625.5,6625.75
1775176620,6625.5,6625.75,6623.25,6624.25
1775176680,6624,6624.25,6622.5,6623.5
1775176740,6623.5,6624,6623,6623
1775176800,6622.75,6624,6622.25,6622.5
1775176860,6622.25,6623.5,6622,6623.5
1775176920,6623.5,6625,6623.5,6625
1775176980,6624.75,6624.75,6622.75,6623.5
1775177040,6623.5,6624.5,6623.25,6623.5
1775177100,6623.5,6624.25,6622.75,6623.5
1775177160,6623.5,6624,6623,6623.5
1775177220,6623.5,6623.75,6623,6623.5
1775177280,6623.75,6623.75,6623.25,6623.5
1775177340,6624,6624.25,6623.25,6623.5
1775177400,6623.5,6624,6623.25,6623.5
1775177460,6623.5,6624.5,6623.25,6624.5
1775177520,6624,6624.5,6623.75,6624.5
1775177580,6624.25,6624.75,6623,6623.25
1775177640,6623.25,6623.5,6622.5,6622.5
1775177700,6623,6623.75,6622.75,6623
1775177760,6623.25,6624.25,6623,6624.25
1775177820,6624,6624.25,6623.75,6624.25
1775177880,6624,6624.75,6623.75,6624.5
1775177940,6623.75,6624.25,6623.5,6624
1775178000,6624.25,6624.25,6623.25,6623.5
1775178060,6623.75,6624.5,6623.5,6624
1775178120,6624.5,6624.5,6623.25,6623.75
1775178180,6623.5,6624,6623,6623.75
1775178240,6623.75,6624,6623.75,6624
1775178300,6624,6624,6623.75,6624
1775178360,6623.5,6624.5,6623.5,6624.5
1775178420,6624.5,6625,6624,6624.25
1775178480,6624,6624.25,6623.75,6624
1775178540,6624,6624.25,6623.25,6624
1775178600,6624.25,6624.25,6623.5,6623.75
1775178660,6623.25,6623.75,6622.75,6623.75
1775178720,6623.5,6623.5,6622.5,6623
1775178780,6622.75,6622.75,6620.25,6621
1775178840,6621,6621.5,6620.25,6621
1775178900,6621.25,6622,6620.75,6621.75
1775178960,6621.5,6621.75,6620.25,6621.25
1775179020,6621.5,6622.5,6621,6622.5
1775179080,6622.5,6623.5,6622.25,6622.75
1775179140,6622.75,6622.75,6622.5,6622.75
1775179200,6622.75,6622.75,6621.75,6622
1775179260,6622,6622.75,6621.5,6622.75
1775179320,6622.75,6623.25,6622.5,6623.25
1775179380,6623.25,6623.5,6622,6622.25
1775179440,6622.5,6622.5,6622,6622
1775179500,6622,6622.75,6621.75,6622
1775179560,6622.5,6623,6622.25,6623
1775179620,6623.25,6623.25,6622.5,6622.5
1775179680,6622.5,6622.75,6622,6622.75
1775179740,6622.5,6623.5,6622.25,6623.25
1775179800,6623,6623.25,6622.25,6622.5
1775179860,6622.75,6623.5,6622.75,6623.25
1775179920,6623,6623.25,6622.75,6622.75
1775179980,6622.75,6622.75,6621.25,6621.25
1775180040,6621.5,6622,6620.25,6620.25
1775180100,6620.5,6622,6620.25,6621.5
1775180160,6621.5,6622,6621.25,6621.75
1775180220,6621.75,6622.5,6621.25,6621.75
1775180280,6621.75,6622.5,6621.75,6622.5
1775180340,6622.5,6622.75,6621.75,6621.75
1775180400,6621.75,6622,6620.75,6621
1775180460,6620.75,6621.25,6620.75,6621
1775180520,6621.25,6621.25,6620.5,6621
1775180580,6621,6621,6620.5,6620.75
1775180640,6620.75,6621.25,6620.25,6620.75
1775180700,6620.75,6621.25,6619.5,6619.75
1775180760,6620,6620,6619.5,6619.75
1775180820,6619.75,6620.25,6619.5,6620
1775180880,6619.75,6620.25,6619.5,6620
1775180940,6620,6620.75,6619.75,6619.75
1775181000,6620.25,6620.5,6620,6620
1775181060,6620,6620.75,6620,6620.25
1775181120,6620.5,6620.5,6619.5,6619.75
1775181180,6619.75,6620.5,6619.75,6620.5
1775181240,6620.5,6620.5,6620,6620.5
1775181300,6620.5,6621,6620,6620
1775181360,6620,6620.5,6619.75,6620.5
1775181420,6620.5,6620.5,6618.5,6619.25
1775181480,6619.25,6619.75,6618.25,6618.5
1775181540,6618.75,6619,6618.5,6618.5
1775181600,6618.5,6619.25,6618.25,6618.75
1775181660,6618.75,6619,6618.5,6619
1775181720,6619,6619.25,6618.5,6619.25
1775181780,6619,6619.5,6618.75,6619.25
1775181840,6619,6619.5,6618.75,6619
1775181900,6619.5,6619.5,6618.5,6618.5
1775181960,6618.75,6618.75,6618,6618.25
1775182020,6618.5,6618.75,6618.25,6618.25
1775182080,6618.25,6618.75,6618,6618.75
1775182140,6618.5,6618.75,6617.75,6618.25
1775182200,6618.25,6619.5,6618.25,6619
1775182260,6619.25,6619.25,6618.75,6619.25
1775182320,6619.5,6619.75,6619.25,6619.5
1775182380,6619.5,6619.75,6619.25,6619.5
1775182440,6619.75,6620,6619.25,6619.5
1775182500,6619.5,6619.5,6619,6619.5
1775182560,6619.75,6619.75,6618.5,6619
1775182620,6619.25,6620.5,6619.25,6620
1775182680,6620,6620.25,6619.5,6619.75
1775182740,6620,6620.5,6620,6620.5
1775182800,6620.5,6620.5,6620,6620
1775182860,6620.25,6620.25,6619,6619.25
1775182920,6619.5,6619.75,6618.25,6618.25
1775182980,6618.5,6618.75,6617.75,6617.75
1775183040,6618,6618,6616.5,6617.25
1775183100,6617.25,6617.25,6615.75,6616
1775183160,6616.25,6616.25,6613,6613.5
1775183220,6613.5,6614,6612.25,6612.5
1775183280,6612.75,6613.75,6612.75,6613.25
1775183340,6613.25,6613.5,6613,6613
1775183400,6613,6613.5,6612.25,6613
1775183460,6613,6613,6611.5,6612.25
1775183520,6612.5,6613.75,6611.5,6612.5
1775183580,6612.25,6612.75,6610.75,6611.25
1775183640,6611.25,6611.75,6610,6611.5
1775183700,6611.75,6612.75,6610.75,6612.75
1775183760,6612.5,6613.25,6612.25,6612.5
1775183820,6612.5,6613.25,6612.25,6613
1775183880,6612.75,6612.75,6611.5,6611.75
1775183940,6612.25,6612.25,6611.25,6611.25
1775184000,6611.75,6612.25,6611.25,6611.5
1775184060,6611.75,6612,6609.25,6610.5
1775184120,6610.5,6612.25,6609.25,6611.25
1775184180,6611.25,6612,6611,6611.25
1775184240,6611.5,6612.5,6610.75,6612.5
1775184300,6612.5,6612.75,6611.75,6612
1775184360,6611.75,6611.75,6611,6611
1775184420,6611,6611.5,6610.5,6611.25
1775184480,6611,6611,6609.75,6610
1775184540,6610.25,6611,6609.5,6610.5
1775184600,6610.5,6610.75,6609.25,6609.5
1775184660,6609.5,6610.25,6608.5,6610.25
1775184720,6610.25,6610.75,6610,6610.25
1775184780,6610.75,6617,6610.75,6615.75
1775184840,6615.5,6615.5,6613.75,6613.75
1775184900,6613.75,6614,6612.5,6613.5
1775184960,6613.75,6614.75,6612.75,6614.75
1775185020,6614.25,6614.25,6613,6613.75
1775185080,6614.25,6614.5,6613.5,6613.5
1775185140,6613.5,6613.75,6613.25,6613.25
1775185200,6613.5,6614,6613.25,6613.75
1775185260,6613.75,6614.5,6613.75,6614
1775185320,6614.25,6614.75,6614,6614.75
1775185380,6614.75,6615.25,6614.75,6615
1775185440,6615,6615.5,6614.75,6615.25
1775185500,6615,6616,6614.75,6615.5
1775185560,6615.5,6615.5,6614.75,6615.25
1775185620,6615,6617,6615,6616
1775185680,6616,6616.75,6615.75,6616.75
1775185740,6616.5,6616.5,6615.25,6615.75
1775185800,6615.5,6615.75,6615.25,6615.5
1775185860,6615.75,6615.75,6614.75,6614.75
1775185920,6614.75,6615.25,6614.75,6615
1775185980,6614.75,6614.75,6613.75,6614.25
1775186040,6614,6614.25,6613.5,6613.75
1775186100,6614,6614.75,6613.25,6613.5
1775186160,6613.5,6615,6613.25,6614.5
1775186220,6614.25,6614.5,6613.75,6614
1775186280,6614,6614.25,6613.75,6614.25
1775186340,6614.25,6614.75,6614,6614.25
1775186400,6614.5,6615.5,6614.25,6614.75
1775186460,6614.75,6615.25,6614.5,6615
1775186520,6615,6615.75,6614.75,6615.75
1775186580,6615.75,6616,6614.5,6614.5
1775186640,6614.25,6615,6613.75,6614.25
1775186700,6614,6614.5,6613.75,6614
1775186760,6614,6614.25,6613.75,6614
1775186820,6614.25,6614.5,6614,6614.25
1775186880,6614,6614.25,6613,6613.25
1775186940,6613.25,6613.25,6612.5,6612.75
1775187000,6612.75,6613.75,6612.75,6613.5
1775187060,6613.5,6614.5,6613.5,6614.5
1775187120,6614.5,6614.75,6613.75,6613.75
1775187180,6613.5,6614.75,6613.5,6614
1775187240,6614,6614,6612.75,6612.75
1775187300,6613,6613.75,6613,6613
1775187360,6612.75,6613.75,6612.5,6613.25
1775187420,6613,6613,6612,6612.25
1775187480,6612.5,6613,6612.25,6612.25
1775187540,6612.25,6613,6611.5,6612.75
1775187600,6612.5,6612.5,6611,6611.25
1775187660,6611.5,6612,6611,6611.75
1775187720,6611.75,6612.5,6611.75,6612.5
1775187780,6612.25,6612.75,6612.25,6612.25
1775187840,6612,6612,6611.25,6611.75
1775187900,6611.75,6612.5,6611.5,6612.25
1775187960,6612.25,6612.5,6612.25,6612.5
1775188020,6612.25,6612.75,6612,6612.75
1775188080,6612.5,6612.75,6612,6612.5
1775188140,6612,6612.75,6612,6612.5
1775188200,6612.5,6612.75,6612.25,6612.75
1775188260,6612.75,6613,6612.75,6612.75
1775188320,6612.5,6612.75,6612.5,6612.5
1775188380,6612.5,6613.75,6612.25,6613.25
1775188440,6613.25,6614.25,6613.25,6613.25
1775188500,6613.5,6613.75,6613.25,6613.25
1775188560,6613,6613,6612.25,6612.75
1775188620,6612.75,6613.75,6612.75,6613.25
1775188680,6613.25,6613.25,6613,6613
1775188740,6613,6613,6612.5,6612.5
1775188800,6612.75,6613,6612.5,6613
1775188860,6613,6613,6612.25,6612.5
1775188920,6612.75,6613,6612.25,6612.25
1775188980,6612.5,6613,6612.25,6613
1775189040,6613.25,6614.25,6613.25,6613.75
1775189100,6613.75,6613.75,6612.75,6612.75
1775189160,6613.25,6614.5,6613.25,6614.25
1775189220,6614.25,6614.25,6613.25,6614
1775189280,6614,6614,6613.5,6614
1775189340,6614,6614.25,6613.5,6614
1775189400,6614,6614.25,6613.75,6613.75
1775189460,6613.75,6614,6613.5,6614
1775189520,6613.5,6613.75,6613.5,6613.75
1775189580,6613.5,6613.75,6613.5,6613.75
1775189640,6613.5,6614,6613.5,6614
1775189700,6613.75,6615.25,6613.75,6615.25
1775189760,6615,6615,6614.5,6615
1775189820,6615,6615,6614.5,6614.5
1775189880,6614.5,6614.75,6614.25,6614.5
1775189940,6614.5,6614.5,6614,6614.25
1775190000,6614.25,6614.75,6614.25,6614.75
1775190060,6614.5,6615,6614.25,6614.75
1775190120,6615.25,6615.25,6614,6614.25
1775190180,6614,6614,6613,6613.5
1775190240,6613.5,6614.25,6613.5,6614.25
1775190300,6614.25,6614.25,6614,6614.25
1775190360,6614.25,6614.5,6614,6614
1775190420,6614.25,6614.75,6614.25,6614.75
1775190480,6614.5,6614.5,6614,6614.25
1775190540,6614.25,6614.25,6613.75,6613.75
1775190600,6614,6614,6613.5,6613.75
1775190660,6614,6614.5,6613.25,6614
1775190720,6614,6614.5,6613.75,6614
1775190780,6614.25,6614.25,6614,6614.25
1775190840,6614.5,6614.5,6614,6614.25
1775190900,6613.75,6614.25,6613.5,6613.5
1775190960,6613.25,6614.25,6613.25,6614
1775191020,6614,6614,6613.5,6613.5
1775191080,6613.25,6613.25,6612.5,6613
1775191140,6613,6613,6612.5,6612.5
1775191200,6612.5,6612.75,6611.5,6611.5
1775191260,6611.75,6612,6611.5,6611.5
1775191320,6611.25,6611.5,6610.25,6610.75
1775191380,6610.5,6610.5,6609.25,6610
1775191440,6609.75,6610,6609.5,6610
1775191500,6610,6610.25,6609.5,6610.25
1775191560,6610.25,6611.75,6610.25,6611.5
1775191620,6611.5,6613.25,6611.5,6612.5
1775191680,6612.5,6612.75,6612,6612.5
1775191740,6613,6613,6612,6612.25
1775191800,6612.25,6612.5,6611.5,6612
1775191860,6611.5,6612.75,6611.5,6612.5
1775191920,6613,6613,6612.5,6612.5
1775191980,6612.25,6612.25,6612,6612
1775192040,6612,6612.25,6611.5,6611.5
1775192100,6612,6612.25,6611.75,6612
1775192160,6612,6612,6611.5,6612
1775192220,6612,6612,6611.5,6611.75
1775192280,6611.75,6612,6611.25,6611.5
1775192340,6611.25,6611.5,6610.75,6611
1775192400,6611.25,6611.5,6610.25,6610.5
1775192460,6610.75,6612,6610.75,6612
1775192520,6612,6612.5,6612,6612.25
1775192580,6612.25,6612.75,6612,6612.5
1775192640,6612.25,6613.25,6612.25,6612.25
1775192700,6612.25,6614.75,6612.25,6614
1775192760,6614.25,6614.5,6613.5,6613.75
1775192820,6613.75,6614.25,6613.5,6614.25
1775192880,6614.25,6614.25,6613.25,6613.5
1775192940,6613.75,6614.25,6613.5,6613.75
1775193000,6614,6614.5,6613.5,6613.75
1775193060,6613.75,6614,6613.5,6613.75
1775193120,6613.75,6613.75,6613.25,6613.25
1775193180,6613,6613.25,6612.5,6612.5
1775193240,6612.75,6613,6612,6613
1775193300,6613.25,6613.25,6612.5,6612.5
1775193360,6613,6613,6612,6612.25
1775193420,6612.25,6612.25,6611.25,6611.25
1775193480,6611,6611,6610,6611
1775193540,6611,6611.25,6610.75,6611.25
1775193600,6611.25,6611.75,6610.75,6611.25
1775193660,6611.25,6611.5,6611.25,6611.25
1775193720,6611,6611,6609.5,6609.5
1775193780,6609.5,6610,6608.75,6609.5
1775193840,6609.75,6610,6609.5,6609.75
1775193900,6610.25,6611.5,6610,6611.5
1775193960,6611.25,6612.25,6611,6611.25
1775194020,6611.5,6612,6611.25,6611.25
1775194080,6611.25,6611.5,6610.75,6611.25
1775194140,6611,6611.25,6610.75,6611.25
1775194200,6611.25,6613,6611.25,6612.5
1775194260,6612.75,6613.75,6612.75,6613.5
1775194320,6613.5,6614,6613.25,6613.75
1775194380,6613.25,6613.5,6612.5,6613
1775194440,6613,6613.75,6612.75,6613.75
1775194500,6613.5,6613.75,6613,6613.5
1775194560,6613.75,6614,6613.25,6613.75
1775194620,6613.5,6614,6613.25,6614
1775194680,6613.75,6614,6613,6613.75
1775194740,6613.25,6614.5,6613.25,6614.5
1775194800,6614.25,6615,6614.25,6614.25
1775194860,6614.25,6614.75,6614.25,6614.5
1775194920,6614.5,6615,6614.25,6615
1775194980,6615,6616,6614,6614.25
1775195040,6614.5,6615.5,6614.25,6615.25
1775195100,6615.75,6615.75,6615,6615.75
1775195160,6615.75,6616.25,6615.75,6616
1775195220,6616,6616,6614.75,6615
1775195280,6615.25,6615.5,6614.75,6615
1775195340,6615.5,6615.5,6615.5,6615.5
1775195400,6615.5,6615.75,6614.5,6614.75
1775195460,6614.5,6614.75,6614,6614.75
1775195520,6614.75,6615.25,6614.5,6615
1775195580,6615.25,6615.25,6613.5,6614
1775195640,6614.25,6614.25,6613.5,6614
1775195700,6613.75,6614,6612.75,6613
1775195760,6613,6613.5,6613,6613.25
1775195820,6613,6614,6613,6613.75
1775195880,6613.5,6613.75,6613.25,6613.75
1775195940,6613.5,6613.5,6613,6613.5
1775196000,6613.25,6613.75,6612.25,6612.75
1775196060,6612.75,6613,6612.5,6612.75
1775196120,6613,6613.25,6612.75,6613
1775196180,6613,6613.75,6613,6613
1775196240,6613,6613.75,6613,6613.25
1775196300,6613.5,6613.75,6613.5,6613.5
1775196360,6613.75,6613.75,6612,6612.25
1775196420,6612.5,6612.75,6611.75,6611.75
1775196480,6612.25,6612.75,6612.25,6612.5
1775196540,6612.5,6612.75,6612.25,6612.5
1775196600,6612.25,6613,6612.25,6613
1775196660,6613,6613,6612.5,6612.5
1775196720,6612.75,6613,6612.5,6612.75
1775196780,6612.5,6612.75,6612.25,6612.25
1775196840,6612.75,6613,6612.5,6613
1775196900,6612.25,6612.5,6612.25,6612.25
1775196960,6612.5,6613,6612.5,6612.5
1775197020,6612.75,6613.5,6612.75,6612.75
1775197080,6612.75,6612.75,6612,6612.25
1775197140,6612,6612.75,6612,6612.75
1775197200,6612.75,6612.75,6612.25,6612.25
1775197260,6612.25,6613,6612.25,6612.75
1775197320,6612.75,6613.5,6612.5,6613.5
1775197380,6613.5,6613.5,6612.5,6613
1775197440,6613.25,6613.25,6612.75,6612.75
1775197500,6612.75,6613,6612.5,6612.75
1775197560,6612.5,6612.5,6611.75,6612
1775197620,6612,6612,6611,6611.25
1775197680,6611,6611.5,6610.75,6611.5
1775197740,6611.25,6611.75,6611.25,6611.75
1775197800,6611.75,6611.75,6610.75,6611
1775197860,6610.75,6610.75,6605.25,6606.75
1775197920,6606.75,6608.75,6606.75,6607.5
1775197980,6607.25,6607.25,6605.75,6606.25
1775198040,6606.25,6607.25,6606.25,6606.75
1775198100,6606.5,6607.75,6606.5,6607.75
1775198160,6607.75,6608,6607.5,6608
1775198220,6607.75,6608,6606.5,6607.5
1775198280,6607.25,6607.25,6606.5,6606.5
1775198340,6606.75,6607.25,6606.25,6606.25
1775198400,6606.75,6607.25,6606.5,6607.25
1775198460,6607,6607,6606.25,6606.25
1775198520,6606.5,6607.25,6606.5,6607
1775198580,6607.25,6607.75,6607.25,6607.25
1775198640,6607,6607.5,6606.25,6606.25
1775198700,6606,6607.5,6605.75,6607.25
1775198760,6607.5,6608.75,6607.5,6608
1775198820,6608,6608.25,6607.5,6607.5
1775198880,6607.25,6607.5,6606.25,6606.5
1775198940,6606.75,6607.5,6606.75,6607.5
1775199000,6607.5,6607.5,6607,6607
1775199060,6606.75,6607.25,6605.75,6605.75
1775199120,6606,6606,6604.25,6604.75
1775199180,6604.75,6605,6603.75,6604.5
1775199240,6604.25,6604.25,6603,6603.5
1775199300,6603.75,6603.75,6602.5,6602.5
1775199360,6602.5,6605,6602.5,6604.75
1775199420,6604.75,6605,6604.25,6604.75
1775199480,6605,6605.75,6604.75,6605.75
1775199540,6605.25,6606.5,6604.5,6606.25
1775199600,6606.25,6606.75,6605.5,6606.25
1775199660,6606.5,6607,6605.5,6605.75
1775199720,6606.25,6606.25,6605.5,6605.75
1775199780,6605.5,6606,6604,6604.25
1775199840,6604,6604.25,6603,6603
1775199900,6603,6603.25,6601.75,6602
1775199960,6602,6602.5,6601.75,6601.75
1775200020,6602,6602.25,6600.5,6600.75
1775200080,6600.5,6601,6600.25,6600.75
1775200140,6600.5,6600.75,6599.5,6599.75
1775200200,6599.75,6601,6598.5,6601
1775200260,6601,6601.75,6600.5,6601.75
1775200320,6601.5,6602.25,6601.25,6602
1775200380,6602.25,6602.25,6600,6600
1775200440,6600.5,6601,6600,6600.75
1775200500,6601,6601.75,6600.75,6601.5
1775200560,6601.75,6602,6601.25,6601.75
1775200620,6601.75,6603.25,6601.75,6602
1775200680,6602,6603.25,6602,6603.25
1775200740,6603.5,6603.75,6602.75,6603.25
1775200800,6603.25,6603.75,6602.75,6603.5
1775200860,6603.25,6603.75,6603.25,6603.5
1775200920,6603.5,6603.75,6601.75,6602
1775200980,6602.25,6602.75,6602.25,6602.5
1775201040,6602.75,6604.75,6602.5,6604.5
1775201100,6604.5,6606,6604.5,6605.25
1775201160,6605.25,6606.75,6605.25,6606.5
1775201220,6606.5,6606.75,6606,6606.5
1775201280,6606.25,6606.5,6606,6606.5
1775201340,6606,6606.75,6606,6606.5
1775201400,6606.75,6608,6606.75,6608
1775201460,6607.5,6608.5,6607.25,6608
1775201520,6607.75,6609,6607,6608.75
1775201580,6609,6609.5,6608.75,6608.75
1775201640,6608.5,6609,6608.25,6608.5
1775201700,6608.75,6610,6608.75,6609
1775201760,6609,6609,6608.5,6609
1775201820,6609.25,6610.5,6609,6610.25
1775201880,6610.5,6611,6609.5,6609.75
1775201940,6609.5,6610,6609,6609.25
1775202000,6609.25,6609.75,6608.75,6609.5
1775202060,6609.5,6610.5,6609.5,6610.5
1775202120,6610,6610.5,6610,6610
1775202180,6610,6610.25,6609.5,6610.25
1775202240,6610.25,6610.75,6609.75,6609.75
1775202300,6609.75,6610,6609.5,6610
1775202360,6610,6610,6609,6609.75
1775202420,6609.75,6610,6608.5,6608.75
1775202480,6609,6609,6608,6608.5
1775202540,6608.5,6608.5,6607.25,6607.75
1775202600,6607.75,6607.75,6606.75,6607.75
1775202660,6607.75,6608.5,6607,6608.5
1775202720,6608.25,6608.75,6608.25,6608.5
1775202780,6609,6609.5,6608.5,6609
1775202840,6609,6609,6608.5,6608.5
1775202900,6608.75,6608.75,6608.25,6608.5
1775202960,6608.5,6608.5,6607.5,6607.75
1775203020,6607.75,6608,6607.5,6607.75
1775203080,6607.75,6607.75,6606.75,6606.75
1775203140,6607,6607.25,6606.75,6607
1775203200,6607,6608,6607,6607.25
1775203260,6607.25,6609.75,6606.75,6609.5
1775203320,6609.5,6610,6608.75,6608.75
1775203380,6608.75,6608.75,6608.25,6608.75
1775203440,6608.5,6609.25,6607.75,6609.25
1775203500,6609,6609.25,6608.5,6608.75
1775203560,6608.75,6609.25,6608.25,6608.25
1775203620,6608.5,6608.75,6607.75,6607.75
1775203680,6607.75,6608,6606.75,6607.5
1775203740,6607.25,6608.75,6607.25,6608.5
1775203800,6608.25,6608.25,6607.5,6607.75
1775203860,6608,6608.75,6608,6608.5
1775203920,6608.5,6608.75,6608.25,6608.75
1775203980,6608.5,6608.75,6607.75,6607.75
1775204040,6608,6608,6607.5,6607.75
1775204100,6607.75,6608,6607.75,6608
1775204160,6608,6608.25,6607.25,6607.5
1775204220,6607.5,6607.5,6607,6607.25
1775204280,6607,6607.25,6606.75,6607
1775204340,6607,6607.5,6606.75,6607.25
1775204400,6607,6607,6606.75,6607
1775204460,6606.75,6607.25,6605.25,6605.5
1775204520,6605.5,6606.25,6604.5,6604.75
1775204580,6605,6605,6604,6604.5
1775204640,6604.5,6605.25,6604.5,6605.25
1775204700,6605.5,6606,6605,6605.5
1775204760,6605.5,6606,6605,6605.5
1775204820,6605.5,6605.75,6605,6605
1775204880,6605,6605.5,6605,6605.25
1775204940,6605.5,6605.75,6604.75,6604.75
1775205000,6604.75,6605.25,6604.25,6604.5
1775205060,6604.75,6606.5,6604.5,6606
1775205120,6606,6606.25,6605.5,6606
1775205180,6606,6606.25,6605.75,6606.25
1775205240,6606,6607.25,6606,6606.75
1775205300,6606.5,6606.75,6606,6606
1775205360,6606,6606.5,6606,6606.25
1775205420,6606.5,6606.5,6606,6606.25
1775205480,6606.75,6606.75,6605.5,6605.75
1775205540,6605.5,6606,6605.5,6605.5
1775205600,6606,6606,6605,6605
1775205660,6605.25,6605.5,6605,6605
1775205720,6605.25,6606,6605.25,6605.75
1775205780,6605.5,6605.5,6605.5,6605.5
1775205840,6605.5,6606,6605.25,6605.75
1775205900,6605.75,6606.25,6605.5,6606.25
1775205960,6606.25,6607,6606.25,6606.25
1775206020,6606.25,6606.5,6606.25,6606.25
1775206080,6606.5,6606.75,6606,6606.75
1775206140,6606.5,6606.75,6606.25,6606.75
1775206200,6606.75,6607.75,6606.75,6607.5
1775206260,6607.25,6607.5,6607,6607
1775206320,6607.25,6607.25,6606.25,6606.25
1775206380,6606.25,6606.5,6606,6606.5
1775206440,6606.5,6606.5,6606.25,6606.5
1775206500,6606.75,6606.75,6606.25,6606.25
1775206560,6606.25,6606.25,6605.75,6606
1775206620,6606,6606.25,6605.75,6606.25
1775206680,6606.5,6606.75,6606.25,6606.75
1775206740,6606.75,6606.75,6605.75,6606
1775206800,6606.25,6606.25,6605,6605.25
1775206860,6605.5,6606.25,6605,6606.25
1775206920,6606.25,6607,6605.25,6606.75
1775206980,6606.5,6606.5,6605.25,6606
1775207040,6606.25,6606.25,6605.5,6605.5
1775207100,6605.75,6605.75,6604.75,6605.25
1775207160,6605.5,6606,6605.5,6605.75
1775207220,6606.5,6606.5,6605.5,6605.5
1775207280,6605.5,6606,6605,6605
1775207340,6605.25,6605.75,6605.25,6605.5
1775207400,6605.5,6605.75,6605.25,6605.25
1775207460,6605,6605.25,6604.5,6604.5
1775207520,6604.25,6604.5,6604.25,6604.5
1775207580,6604.5,6604.5,6603.75,6604
1775207640,6604,6604.25,6603.5,6603.75
1775207700,6604,6604,6603.25,6603.25
1775207760,6603.25,6603.75,6602.75,6603.75
1775207820,6603.75,6603.75,6602.75,6603.5
1775207880,6603.75,6604,6603.5,6604
1775207940,6604,6606.25,6604,6605.75
1775208000,6605.75,6606.75,6605.75,6606.25
1775208060,6606.5,6606.5,6605.5,6606
1775208120,6605.25,6605.75,6604.75,6604.75
1775208180,6604.75,6605.5,6604.25,6604.25
1775208240,6604.25,6604.5,6604.25,6604.5
1775208300,6604.75,6605.25,6604.5,6605.25
1775208360,6605.25,6606,6605.25,6605.5
1775208420,6605.5,6605.5,6605,6605
1775208480,6605,6605.5,6605,6605.25
1775208540,6605.25,6605.5,6605,6605.5
1775208600,6605.25,6606,6605.25,6605.75
1775208660,6606,6606.25,6605.75,6605.75
1775208720,6606,6606,6605.5,6605.75
1775208780,6605.25,6605.75,6605.25,6605.75
1775208840,6605.5,6606,6605.5,6606
1775208900,6605.5,6605.75,6605.5,6605.75
1775208960,6606,6606.25,6604.75,6605.25
1775209020,6605.25,6605.5,6605,6605
1775209080,6605,6605.5,6604.75,6605.25
1775209140,6605.25,6605.25,6605,6605
1775209200,6605.25,6605.75,6605.25,6605.5
1775209260,6605.5,6605.5,6605.5,6605.5
1775209320,6605.5,6605.75,6605.5,6605.5
1775209380,6605.75,6605.75,6605.25,6605.5
1775209440,6605.5,6605.5,6604.5,6604.5
1775209500,6604.5,6604.75,6604.25,6604.5
1775209560,6604.75,6605,6604.75,6605
1775209620,6604.75,6604.75,6603.75,6604
1775209680,6604,6604.25,6604,6604.25
1775209740,6604.5,6604.75,6604.5,6604.75
1775209800,6604.75,6605.25,6604.5,6604.75
1775209860,6604.75,6604.75,6604.5,6604.5
1775209920,6604.75,6604.75,6604.25,6604.25
1775209980,6604.25,6604.75,6604.25,6604.75
1775210040,6604.75,6605,6604.75,6605
1775210100,6605,6605.25,6604.75,6605
1775210160,6605.25,6605.25,6604.75,6604.75
1775210220,6604.5,6604.75,6604.5,6604.75
1775210280,6604.5,6604.5,6604.25,6604.5
1775210340,6605,6605,6604.25,6604.25
1775210400,6604,6604.25,6603,6603.75
1775210460,6603.5,6604.5,6603,6604.25
1775210520,6604.25,6604.5,6603.75,6604.5
1775210580,6604.25,6604.75,6604.25,6604.5
1775210640,6604.5,6604.5,6604.25,6604.5
1775210700,6604.75,6604.75,6604.25,6604.5
1775210760,6604.5,6605,6604.5,6604.75
1775210820,6604.75,6604.75,6604,6604
1775210880,6604,6604.25,6604,6604.25
1775210940,6604.25,6604.5,6604.25,6604.25
1775211000,6604.25,6604.5,6603.75,6604
1775211060,6604,6604,6603.75,6604
1775211120,6603.75,6604.25,6603,6603.5
1775211180,6603.5,6603.5,6601.5,6602.75
1775211240,6602.75,6603.25,6602.5,6602.5
1775211300,6603,6603.25,6602.25,6602.5
1775211360,6602.25,6602.75,6602,6602.5
1775211420,6602.75,6604,6602.5,6604
1775211480,6604,6604.75,6603.75,6604
1775211540,6604.25,6604.25,6603.25,6603.25
1775211600,6603.5,6603.5,6603.25,6603.5
1775211660,6603.75,6604.75,6603.75,6604.75
1775211720,6604.75,6605,6603.75,6604
1775211780,6604.25,6605,6604.25,6604.5
1775211840,6604.75,6604.75,6603.75,6604.25
1775211900,6604,6604,6603,6603.5
1775211960,6604,6604.5,6603.75,6603.75
1775212020,6604,6604,6603.75,6603.75
1775212080,6603.75,6603.75,6602,6602.25
1775212140,6602,6602.5,6601.5,6602
1775212200,6602,6602.5,6602,6602.5
1775212260,6602.5,6602.5,6600.75,6601
1775212320,6601.25,6601.5,6600.75,6601.5
1775212380,6601.25,6601.25,6600.5,6601
1775212440,6601.25,6601.75,6600.5,6601.75
1775212500,6601.75,6602.5,6601.5,6602
1775212560,6602,6602,6601.25,6601.5
1775212620,6601.5,6601.75,6601.5,6601.5
1775212680,6602,6602,6601,6601.25
1775212740,6601,6602,6601,6602
1775212800,6602,6602.25,6601.75,6602.25
1775212860,6602.5,6603.25,6602,6602.5
1775212920,6602.5,6603.75,6602.5,6603.5
1775212980,6603.5,6603.5,6602.5,6602.75
1775213040,6602.75,6603,6602.25,6603
1775213100,6602.5,6604,6602.5,6603.75
1775213160,6604,6604,6603.5,6603.75
1775213220,6604,6604.75,6603.5,6603.75
1775213280,6603.75,6603.75,6603,6603.25
1775213340,6603.5,6604.5,6603,6604
1775213400,6604,6604.5,6604,6604.25
1775213460,6604.25,6604.5,6604.25,6604.25
1775213520,6604.5,6604.5,6603.5,6604
1775213580,6604,6604.5,6604,6604.5
1775213640,6604.5,6604.5,6604.25,6604.5
1775213700,6604.75,6605,6604.5,6604.5
1775213760,6604.5,6604.5,6604.25,6604.5
1775213820,6604.25,6604.75,6604,6604.25
1775213880,6604.25,6604.5,6603.75,6604.5
1775213940,6604.5,6604.5,6604,6604.25
1775214000,6603.75,6604.25,6602.75,6603.25
1775214060,6603,6603.25,6602.75,6603
1775214120,6603,6603.5,6602.75,6602.75
1775214180,6603,6603.25,6602.75,6603
1775214240,6603,6603,6602.75,6602.75
1775214300,6602.5,6602.5,6601.25,6602
1775214360,6602,6602.25,6601.25,6601.5
1775214420,6601.25,6601.5,6598.25,6598.5
1775214480,6598.25,6599.75,6598.25,6599.25
1775214540,6599.5,6600.5,6599.5,6600.5
1775214600,6600.5,6602.25,6600.25,6601
1775214660,6601.25,6602.25,6600.75,6602
1775214720,6602.25,6603.25,6601.5,6603
1775214780,6602.75,6604,6602.25,6603
1775214840,6603,6603,6602.25,6602.75
1775214900,6602.5,6602.5,6601.75,6602.25
1775214960,6602.5,6604.75,6602.25,6603.75
1775215020,6604,6604,6602.75,6603
1775215080,6603,6604.5,6602.75,6604
1775215140,6604,6605.75,6604,6605.75
1775215200,6605.5,6607,6605.25,6606.5
1775215260,6606.25,6607.25,6606.25,6606.5
1775215320,6606.25,6607,6606,6606.5
1775215380,6606.5,6606.75,6605.25,6605.25
1775215440,6605.25,6606,6605.25,6605.5
1775215500,6605.5,6605.75,6604.5,6605
1775215560,6605,6605,6603.75,6604.75
1775215620,6604.75,6605.75,6604.75,6605.5
1775215680,6605.25,6607,6605,6607
1775215740,6606.5,6608.75,6606.5,6608.25
1775215800,6608.75,6608.75,6608,6608.25
1775215860,6608.25,6609,6607.75,6608.25
1775215920,6608.5,6609.75,6608.25,6609.25
1775215980,6609.25,6609.75,6609,6609.25
1775216040,6609.25,6609.75,6608.5,6609
1775216100,6608.5,6609.25,6608.5,6608.75
1775216160,6608.75,6609,6608.25,6608.5
1775216220,6608.5,6609.25,6608.5,6608.75
1775216280,6609.25,6610,6609,6610
1775216340,6610,6611.25,6609.75,6610.5
1775216400,6610.25,6610.5,6609,6609.5
1775216460,6609,6609.25,6608.25,6608.5
1775216520,6608.5,6608.5,6607.75,6608.5
1775216580,6608.5,6609.25,6608.25,6608.75
1775216640,6608.75,6608.75,6607.5,6607.75
1775216700,6607.75,6608.5,6607.75,6608
1775216760,6607.75,6608.25,6607.5,6607.5
1775216820,6607.5,6608.5,6607.5,6608
1775216880,6608.25,6608.75,6608,6608
1775216940,6608,6608.25,6607.75,6608.25
1775217000,6608.5,6609,6608.25,6608.25
1775217060,6608.5,6608.5,6607.25,6607.5
1775217120,6607.5,6608.75,6607.5,6608.5
1775217180,6608.75,6610,6608.75,6610
1775217240,6609.75,6610,6609.25,6609.5
1775217300,6609.5,6609.5,6607.75,6608.25
1775217360,6607.75,6608.5,6607.75,6608
1775217420,6608,6608,6607.25,6608
1775217480,6608.25,6608.5,6608,6608.5
1775217540,6608.25,6608.5,6607.75,6607.75
1775217600,6607.5,6608.75,6607.5,6608.5
1775217660,6608.25,6609,6607.75,6609
1775217720,6609,6611,6609,6611
1775217780,6611,6614.75,6610.5,6614.25
1775217840,6614.25,6614.75,6613.25,6614.25
1775217900,6614,6614.5,6613,6613.5
1775217960,6613.25,6614,6613,6613.5
1775218020,6613.25,6613.25,6611,6611.25
1775218080,6611.25,6612.25,6611,6611.5
1775218140,6611.25,6612.25,6610.75,6611
1775218200,6611,6611.25,6610,6610.5
1775218260,6610,6610.25,6609,6609.25
1775218320,6609.25,6610.75,6609.25,6610.5
1775218380,6610.25,6611.75,6609.75,6611.5
1775218440,6611.5,6611.75,6611,6611.5
1775218500,6611.75,6612,6609.5,6610
1775218560,6610,6610,6605,6605
1775218620,6605,6605.75,6603.5,6604.5
1775218680,6604.25,6604.5,6603.25,6604
1775218740,6604.25,6607.25,6604,6607
1775218800,6606.75,6608.25,6606.75,6607.75
1775218860,6608,6609,6607.75,6608.25
1775218920,6607.75,6609,6607.5,6607.75
1775218980,6608.25,6609,6606.75,6608.25
1775219040,6608,6609.75,6606.5,6609.25
1775219100,6609.25,6613.5,6609,6612.5
1775219160,6612.5,6612.75,6610.75,6610.75
1775219220,6610.75,6613,6609.25,6609.75
1775219280,6610,6611.75,6609.75,6610.75
1775219340,6611,6612.75,6608,6610.75
1775219400,6612,6638,6611.5,6622.25
1775219460,6622,6622.75,6614.25,6615
1775219520,6615,6617.5,6613.75,6615.5
1775219580,6615.25,6616.75,6612.25,6615.5
1775219640,6615,6615.25,6609.25,6610.25
1775219700,6609.75,6610.5,6605,6605.25
1775219760,6605,6608,6605,6607.5
1775219820,6607,6607.5,6602.75,6603.25
1775219880,6602.75,6604.75,6600.25,6604.75
1775219940,6604.25,6606,6602.75,6605.5
1775220000,6605,6606.75,6604.25,6606.25
1775220060,6605.75,6608.5,6605.5,6608.5
1775220120,6608,6609.25,6606.5,6609
1775220180,6609,6611.75,6608.5,6609.5
1775220240,6609.5,6611.25,6609.25,6610.25
1775220300,6610,6612.5,6609.75,6611.5
1775220360,6611.25,6612,6610.25,6611
1775220420,6611,6611,6608.5,6610.5
1775220480,6610.5,6611.5,6608.75,6608.75
1775220540,6608.5,6608.75,6605,6605
1775220600,6605,6605,6602,6602.75
1775220660,6602.75,6603.75,6601.25,6602.75
1775220720,6603,6603.75,6601.5,6603.25
1775220780,6603.25,6603.5,6601,6602.5
1775220840,6602.25,6603,6601.25,6602.5
1775220900,6602.25,6603.75,6600.5,6602.75
1775220960,6602.5,6604.75,6602,6604
1775221020,6603.5,6604.75,6602,6602
1775221080,6602,6603.25,6598.75,6599.25
1775221140,6599,6600.75,6599,6600.5
1775221200,6600.25,6601.25,6598.75,6600.5
1775221260,6600.5,6602.5,6598.5,6602.5
1775221320,6602.5,6603.25,6599.5,6601.5
1775221380,6601.75,6604.25,6601.25,6603
1775221440,6602.75,6603.25,6601,6602
1775221500,6602.25,6604.75,6602.25,6604.75
1775221560,6604.5,6606.5,6604,6605
1775221620,6605,6605,6602.25,6602.5
1775221680,6602.5,6603.25,6600.5,6601.5
1775221740,6601.5,6602,6600.5,6601.5
1775221800,6601.5,6601.5,6599,6599.5
1775221860,6599.75,6601,6599,6599.75
1775221920,6599.5,6602.5,6599.25,6602.5
1775221980,6602.5,6603,6601,6602.25
1775222040,6602.25,6604.75,6601,6603.75
1775426400,6590.25,6591.25,6575,6577.5
1775426460,6577.5,6585.5,6576.75,6583.5
1775426520,6583.75,6587.5,6581,6583.25
1775426580,6582.75,6583,6575.5,6578.25
1775426640,6578.25,6583.5,6577.75,6579.5
1775426700,6579,6579.75,6576,6578.25
1775426760,6578.25,6578.5,6572.5,6575.75
1775426820,6575.5,6579.75,6574.5,6577
1775426880,6576.5,6578.25,6572,6573.25
1775426940,6572.75,6573.75,6571,6572.75
1775427000,6572.75,6573.25,6567.75,6568.5
1775427060,6568.75,6570.75,6566.75,6568
1775427120,6568,6573,6567.75,6569.75
1775427180,6570,6573.25,6569.75,6573.25
1775427240,6572.75,6578.75,6572.75,6577
1775427300,6577,6578.25,6574.5,6575.75
1775427360,6576,6579.5,6575,6577.5
1775427420,6577.5,6579.25,6577,6578.5
1775427480,6578.5,6579.75,6575.75,6578.25
1775427540,6578.25,6579.5,6576.75,6578.5
1775427600,6579,6580.75,6577.25,6579.25
1775427660,6579.25,6582,6578.75,6580.25
1775427720,6580.5,6582.75,6580.5,6581.5
1775427780,6581.75,6585,6580.25,6582.25
1775427840,6582.25,6584.25,6581.5,6582.75
1775427900,6582.75,6583.25,6580,6581.25
1775427960,6581.25,6582.5,6580,6580.25
1775428020,6580.5,6582.25,6580.25,6582
1775428080,6582,6585,6582,6584.5
1775428140,6584.25,6584.75,6582.75,6583.75
1775428200,6583.75,6584.25,6581.25,6582
1775428260,6582.75,6586.25,6582.75,6584.25
1775428320,6584.5,6584.75,6583,6583.25
1775428380,6583.25,6583.75,6581.5,6581.75
1775428440,6581.75,6582.25,6580.5,6580.75
1775428500,6581.25,6582.75,6579.5,6580.25
1775428560,6580.5,6582.25,6580.5,6581.5
1775428620,6581.75,6582.25,6580.75,6580.75
1775428680,6580.75,6587.5,6580.75,6586.25
1775428740,6586.25,6588,6585.25,6587
1775428800,6587,6588.25,6586,6586.5
1775428860,6586.25,6586.75,6585.25,6586.75
1775428920,6586.75,6587,6584.5,6584.75
1775428980,6585,6585.75,6584,6584.75
1775429040,6584.75,6586,6583.5,6584.25
1775429100,6584,6584.5,6581.75,6584
1775429160,6584,6587.25,6584,6584.5
1775429220,6584,6584,6582.5,6582.5
1775429280,6582.5,6583.25,6580.75,6581.5
1775429340,6581.5,6584.25,6581.5,6583.75
1775429400,6584,6587,6583.75,6585.75
1775429460,6586,6587.75,6586,6586
1775429520,6586,6588.25,6585.75,6588
1775429580,6587.75,6588.25,6586.5,6586.5
1775429640,6586.5,6587,6586,6586
1775429700,6586.25,6588.25,6586,6588
1775429760,6588,6588,6585.75,6587
1775429820,6587,6588,6586.75,6587.5
1775429880,6588,6589.75,6587.5,6588.5
1775429940,6588.75,6589,6587,6587.25
1775430000,6587.5,6589.25,6587,6588
1775430060,6588.25,6588.5,6585.25,6586
1775430120,6586.25,6586.5,6583.75,6585.25
1775430180,6585.25,6586.25,6582.5,6584.25
1775430240,6584.25,6584.75,6582,6583.25
1775430300,6583.25,6585.75,6582.5,6585.25
1775430360,6585.5,6589,6585.25,6587.25
1775430420,6587.25,6588,6585.25,6585.75
1775430480,6586,6586,6583.25,6583.75
1775430540,6584,6584.25,6581.25,6582.75
1775430600,6583,6583.75,6580.5,6581.5
1775430660,6581.25,6583.25,6580.25,6581
1775430720,6581,6582.25,6579,6580
1775430780,6580,6581.25,6579.25,6580.5
1775430840,6580.5,6583.25,6580.25,6582.5
1775430900,6582.75,6583.5,6580.75,6582.75
1775430960,6583,6585,6582.5,6584
1775431020,6584,6584.5,6582.5,6584.5
1775431080,6584.5,6585.25,6583.5,6585
1775431140,6584.5,6585,6581.5,6583.75
1775431200,6584,6586.25,6583.75,6585
1775431260,6584.75,6585,6582.25,6583
1775431320,6583,6583.5,6582.5,6582.75
1775431380,6582.75,6583.5,6582,6582.25
1775431440,6582.25,6582.75,6581.75,6582.5
1775431500,6582.25,6584,6582.25,6583.5
1775431560,6583.5,6583.5,6582.75,6583.25
1775431620,6583,6583,6582.25,6582.75
1775431680,6582.75,6584.25,6582.5,6583
1775431740,6583,6583.5,6581.75,6582.25
1775431800,6582.25,6584,6582.25,6584
1775431860,6584,6584.5,6582.5,6583.75
1775431920,6584,6585.5,6584,6584.5
1775431980,6584.25,6584.75,6583.5,6583.75
1775432040,6584,6584,6582.25,6583.5
1775432100,6583.5,6584,6583.25,6583.5
1775432160,6583.25,6583.75,6582.75,6583.75
1775432220,6584,6584.25,6583,6583
1775432280,6583,6583.5,6582.25,6583.25
1775432340,6583,6583.25,6582.75,6583
1775432400,6583.5,6584,6582.75,6583
1775432460,6583.25,6583.5,6582.5,6582.75
1775432520,6582.75,6582.75,6582.25,6582.5
1775432580,6582.5,6582.5,6581.75,6582.25
1775432640,6582.25,6582.5,6581.75,6582.25
1775432700,6582,6583.75,6582,6583
1775432760,6582.5,6583.5,6582.25,6583.25
1775432820,6583.5,6583.5,6582.75,6582.75
1775432880,6583.25,6583.5,6582.5,6583
1775432940,6582.75,6582.75,6582,6582
1775433000,6582.25,6584.25,6582.25,6583.75
1775433060,6583.75,6584,6583,6583.25
1775433120,6583,6584,6582.75,6583
1775433180,6582.75,6584,6582.75,6583.75
1775433240,6583.5,6586.25,6583.5,6584.75
1775433300,6584.75,6585.5,6584.75,6585
1775433360,6584.75,6587,6584.5,6586.5
1775433420,6587,6587.25,6586.25,6587
1775433480,6586.75,6587.5,6586,6586.75
1775433540,6586.75,6587.75,6586.25,6587.25
1775433600,6587.5,6596.25,6586.25,6594.75
1775433660,6594.75,6601,6594,6599.75
1775433720,6599.5,6600.25,6596.75,6599
1775433780,6598.75,6600.25,6598.25,6599
1775433840,6599.25,6601.5,6598.75,6601.5
1775433900,6601.5,6603.75,6600.25,6602
1775433960,6601.5,6603.5,6600.5,6602.5
1775434020,6602.75,6603.25,6601.25,6602.25
1775434080,6602.75,6603.5,6602,6602.5
1775434140,6602.5,6603.75,6601.5,6603.25
1775434200,6603,6603,6599.75,6599.75
1775434260,6599.75,6601.5,6599.5,6600.5
1775434320,6600.5,6604.25,6600.25,6602.75
1775434380,6602.75,6604.75,6602,6602.25
1775434440,6602,6603.25,6601.25,6602.5
1775434500,6602.5,6603.25,6601.25,6602
1775434560,6602.25,6602.5,6599.5,6600.5
1775434620,6600.25,6601,6598.5,6599.5
1775434680,6599.5,6600.5,6598.5,6599.5
1775434740,6599.25,6600.75,6598.5,6600.25
1775434800,6600,6601.5,6599.75,6600.5
1775434860,6600.75,6600.75,6599,6600
1775434920,6599.75,6601.75,6599.5,6601.75
1775434980,6601.75,6609,6601,6606.75
1775435040,6606.5,6606.5,6604,6604.75
1775435100,6605,6605.5,6603,6603.75
1775435160,6603.5,6605.5,6603.5,6604.5
1775435220,6604.25,6606.5,6603.75,6604.5
1775435280,6604.5,6604.5,6603.25,6603.25
1775435340,6603.5,6604,6601.5,6601.75
1775435400,6602,6603.25,6601.5,6602.75
1775435460,6603,6603.75,6602.5,6603.5
1775435520,6603.25,6605.25,6603.25,6604
1775435580,6603.75,6604.75,6603.25,6603.5
1775435640,6603.25,6604.75,6602.75,6604.25
1775435700,6604.5,6605.25,6604,6605.25
1775435760,6605.25,6606.5,6604.5,6606.25
1775435820,6606,6607.25,6604.5,6605.25
1775435880,6605.25,6605.75,6603.25,6603.75
1775435940,6604,6604.5,6603.5,6603.75
1775436000,6603.5,6605.5,6603,6605
1775436060,6605.5,6608,6604.75,6607.5
1775436120,6607,6607,6606,6607
1775436180,6607,6607.75,6606.5,6607.5
1775436240,6607.5,6607.75,6606.75,6607
1775436300,6607,6607.25,6605.5,6606.5
1775436360,6606.75,6607.75,6606.5,6607.75
1775436420,6607.75,6609,6607.25,6608.5
1775436480,6608.25,6609.5,6606.25,6606.5
1775436540,6606.5,6607.5,6606.25,6606.5
1775436600,6607,6608,6605.5,6607.5
1775436660,6607.75,6607.75,6605.5,6606.25
1775436720,6606.25,6607.25,6606.25,6607
1775436780,6607,6607,6606.5,6606.5
1775436840,6606.75,6608.25,6606.5,6607
1775436900,6607.25,6608.75,6607,6608.5
1775436960,6608.5,6609,6607.5,6608.25
1775437020,6608,6610.75,6608,6610.25
1775437080,6610,6610.75,6609.25,6610.25
1775437140,6610.25,6610.25,6608.5,6609.5
1775437200,6609.25,6611.5,6609.25,6611
1775437260,6610.75,6613,6610.25,6611.75
1775437320,6611.75,6613,6611.75,6612.5
1775437380,6612,6612.75,6611,6612
1775437440,6612.25,6613.75,6612,6612
1775437500,6612,6612.5,6611.25,6612.25
1775437560,6612.5,6612.75,6611.25,6611.5
1775437620,6611.5,6612.25,6610.5,6612
1775437680,6612,6613.25,6610.75,6611.25
1775437740,6611,6611.25,6609.25,6611.25
1775437800,6611.25,6612,6611,6611.75
1775437860,6611.75,6612.75,6611.5,6612.25
1775437920,6612.25,6613.25,6612,6613
1775437980,6612.75,6613,6611.75,6612.75
1775438040,6613,6613,6612.25,6612.25
1775438100,6612.5,6612.5,6610.75,6612
1775438160,6612,6613.25,6612,6612
1775438220,6612,6612.75,6612,6612.5
1775438280,6612,6612.25,6609.25,6609.5
1775438340,6610,6610.25,6608.25,6608.5
1775438400,6608.5,6611,6608.25,6610.75
1775438460,6610.5,6613.25,6610.25,6612
1775438520,6612,6615,6612,6614
1775438580,6614,6614.75,6612.75,6613
1775438640,6612.75,6613,6611.75,6612.5
1775438700,6612.75,6615.5,6612.75,6615
1775438760,6614.75,6616.5,6614,6615
1775438820,6615,6615,6613.75,6614
1775438880,6614,6618,6614,6616.5
1775438940,6616.5,6617.5,6615.25,6616.25
1775439000,6616,6616.25,6614,6614.5
1775439060,6614.5,6615.5,6614.5,6614.75
1775439120,6614.75,6614.75,6613.5,6613.5
1775439180,6613.5,6614,6612,6612.75
1775439240,6612.75,6612.75,6611.5,6612
1775439300,6612,6613.5,6611.75,6613.5
1775439360,6613.25,6614,6612.75,6613
1775439420,6613.25,6613.75,6612.75,6613
1775439480,6613,6614,6612.75,6613.75
1775439540,6613.75,6614.5,6613.75,6614.25
1775439600,6614.25,6615.25,6613.5,6614.75
1775439660,6615,6615.25,6614,6614.5
1775439720,6614.5,6615.5,6614.5,6615.25
1775439780,6615.25,6615.5,6614.5,6614.75
1775439840,6614.75,6615.5,6614.5,6615.25
1775439900,6615.25,6615.75,6614.5,6614.75
1775439960,6614.75,6615.25,6614.5,6614.75
1775440020,6615,6615.25,6614.5,6614.5
1775440080,6614.5,6615,6612.75,6612.75
1775440140,6613.25,6613.5,6611,6611.5
1775440200,6611.5,6612,6611,6611
1775440260,6611,6611.75,6610.5,6611
1775440320,6611,6611.5,6610.5,6610.75
1775440380,6611.25,6611.25,6609.25,6610
1775440440,6610.25,6610.75,6609.75,6610
1775440500,6609.75,6610.25,6606.75,6608.25
1775440560,6608,6609,6606.75,6607
1775440620,6607,6608.5,6607,6608
1775440680,6608,6608.75,6607.75,6608
1775440740,6608.5,6610.25,6607.75,6610
1775440800,6609.75,6616.5,6608.75,6614.5
1775440860,6614.75,6614.75,6611.5,6613.25
1775440920,6613,6613.5,6611,6611.25
1775440980,6611,6612,6609.75,6611.5
1775441040,6611.75,6612.5,6611.25,6612
1775441100,6612.25,6612.75,6611,6611.25
1775441160,6611.25,6612.75,6611,6612
1775441220,6612.25,6614,6612.25,6613.75
1775441280,6613.75,6614.25,6612.25,6613
1775441340,6613,6621.25,6612.5,6618.5
1775441400,6618.5,6622,6616.5,6620.75
1775441460,6620.75,6626.25,6620,6622.25
1775441520,6621.75,6623.5,6621,6622.75
1775441580,6622.5,6624,6622,6623.25
1775441640,6623.25,6623.75,6621.5,6622
1775441700,6622,6623,6620.75,6621.25
1775441760,6621.25,6626,6621.25,6625.5
1775441820,6625.5,6626.25,6624.25,6624.5
1775441880,6624.75,6627,6624.5,6626
1775441940,6625.75,6630.25,6625.5,6629.25
1775442000,6629.25,6630.5,6627.5,6630.25
1775442060,6629.75,6635,6629.75,6633.75
1775442120,6633.5,6634.75,6631.75,6634.25
1775442180,6634.25,6636,6633,6634.75
1775442240,6634.5,6635.75,6633.75,6635
1775442300,6635.25,6635.25,6632,6632.75
1775442360,6633,6633.75,6631.75,6633.5
1775442420,6633.25,6633.75,6632.25,6633.75
1775442480,6634,6634,6632.5,6633.25
1775442540,6633.25,6633.75,6632.25,6633.5
1775442600,6633.75,6634.25,6632.75,6634
1775442660,6633.75,6635,6633.5,6633.5
1775442720,6633.5,6633.5,6630.75,6631.75
1775442780,6631.75,6632.75,6630,6631.5
1775442840,6631.75,6633.5,6631.25,6632
1775442900,6632,6632.5,6631.5,6631.75
1775442960,6631.75,6632.5,6630.75,6631.5
1775443020,6631.25,6631.5,6628.5,6629.25
1775443080,6629,6629.25,6628,6629.25
1775443140,6628.75,6629,6627.25,6627.25
1775443200,6627.25,6627.5,6623,6624
1775443260,6623.5,6625.25,6622.25,6622.5
1775443320,6622.75,6624,6621.75,6623.5
1775443380,6623.5,6624.25,6622.75,6623
1775443440,6622.75,6623.25,6621.25,6622.75
1775443500,6623,6624.5,6621,6621.75
1775443560,6621.5,6622.75,6620.5,6620.75
1775443620,6620.75,6622.5,6620.75,6621.5
1775443680,6621.5,6623,6621.5,6622
1775443740,6622,6622.5,6619.5,6620
1775443800,6620.25,6621.25,6620,6620.25
1775443860,6620.25,6622,6620.25,6621
1775443920,6621,6621.5,6620.5,6620.75
1775443980,6620.75,6620.75,6616.75,6617.75
1775444040,6617.25,6619,6617,6618.5
1775444100,6618.5,6618.75,6617.5,6618.25
1775444160,6618.25,6618.75,6617.5,6617.75
1775444220,6617.5,6618,6616,6617.5
1775444280,6617.25,6618.25,6617.25,6617.75
1775444340,6617.75,6618,6615.75,6616
1775444400,6615.5,6616.5,6615,6615.75
1775444460,6616,6616.75,6615.5,6615.75
1775444520,6615.5,6616.25,6612.5,6612.75
1775444580,6612.5,6614.25,6612.25,6613
1775444640,6613,6614.75,6612.75,6613
1775444700,6613,6613.75,6612.25,6613.5
1775444760,6613.25,6614.75,6612,6612.25
1775444820,6612,6613.5,6612,6613.25
1775444880,6612.75,6613.25,6610.5,6611.25
1775444940,6611.25,6611.5,6610.25,6611.5
1775445000,6611.5,6612.25,6611,6611.75
1775445060,6611.75,6612.75,6611.5,6612
1775445120,6612.25,6612.25,6609.5,6611
1775445180,6610.75,6611.5,6609.5,6610.25
1775445240,6610,6610.25,6608.75,6609.5
1775445300,6609.5,6610.75,6609.5,6610
1775445360,6610.25,6611,6609.5,6610.75
1775445420,6610.5,6611.75,6610.5,6611.5
1775445480,6611.5,6612.25,6606.75,6608.5
1775445540,6608.5,6609.5,6595.25,6599.25
1775445600,6599,6602.25,6596.25,6601.75
1775445660,6602,6603,6600.75,6601.5
1775445720,6601.25,6602.75,6601,6601.75
1775445780,6601.5,6603.75,6601,6603
1775445840,6602.75,6607.5,6602.75,6606.75
1775445900,6606.75,6607.75,6606.25,6607
1775445960,6606.75,6608,6605.5,6606.5
1775446020,6606.75,6608,6606,6607.75
1775446080,6607.75,6608.75,6607,6608
1775446140,6608,6608.25,6606.5,6606.75
1775446200,6607,6607,6605,6606
1775446260,6605.75,6607.5,6605.75,6607.5
1775446320,6607.25,6608,6604.5,6606.5
1775446380,6606.75,6607.25,6606,6607
1775446440,6606.75,6608.25,6606.5,6608
1775446500,6608,6609.25,6607.75,6608.75
1775446560,6608.75,6610.25,6608,6609.5
1775446620,6609.5,6610.25,6608.5,6609
1775446680,6609,6609.5,6608,6609
1775446740,6609,6609.25,6607.5,6608.25
1775446800,6608.25,6608.25,6605.75,6607
1775446860,6607,6607.25,6606.5,6606.75
1775446920,6606.75,6609,6606.75,6608
1775446980,6608.25,6609,6608,6608.75
1775447040,6609,6610,6608.75,6609.5
1775447100,6609.5,6610,6608.5,6609
1775447160,6608.75,6612,6608.75,6612
1775447220,6611.75,6612.25,6610.5,6611.25
1775447280,6611.25,6611.5,6610,6611
1775447340,6610.25,6611,6610,6610.75
1775447400,6610.75,6613.25,6610.75,6612.75
1775447460,6612.75,6612.75,6611,6611
1775447520,6610.75,6612,6610.25,6611.75
1775447580,6612,6613,6611.75,6612.25
1775447640,6612,6612,6611,6611.75
1775447700,6612,6612,6611.5,6611.5
1775447760,6611.5,6612,6611.25,6612
1775447820,6612,6612.25,6611.5,6612
1775447880,6612,6612.25,6612,6612.25
1775447940,6612.25,6612.5,6611.5,6612.25
1775448000,6612.25,6614,6611.25,6614
1775448060,6614,6616,6613.5,6616
1775448120,6615.75,6616,6614.5,6615.5
1775448180,6615.5,6616.25,6615.25,6615.75
1775448240,6616,6618,6615.75,6617.75
1775448300,6617.75,6617.75,6615.75,6616
1775448360,6616.25,6616.5,6615.25,6616
1775448420,6616,6616.5,6614.5,6614.75
1775448480,6614.5,6615.5,6614.25,6615.5
1775448540,6615.5,6615.75,6614.75,6615.5
1775448600,6615.75,6615.75,6613.5,6614.25
1775448660,6614,6615.75,6614,6615.75
1775448720,6616,6617.75,6616,6616.75
1775448780,6617,6617.25,6616.25,6616.25
1775448840,6616.5,6617.25,6615.5,6616.75
1775448900,6616.75,6617.5,6616.5,6616.75
1775448960,6616.75,6617,6616,6616.5
1775449020,6616.25,6617.5,6616.25,6617.5
1775449080,6617.75,6618.25,6617,6618
1775449140,6618,6618,6615,6615.5
1775449200,6615.5,6616.5,6615.25,6616.25
1775449260,6616.25,6617,6616,6616.75
1775449320,6617,6617,6616.25,6616.25
1775449380,6616.25,6617.25,6616,6616.5
1775449440,6616.75,6617.25,6616,6617
1775449500,6616.75,6617.5,6616.75,6617.25
1775449560,6617.5,6617.5,6616.25,6616.75
1775449620,6616.75,6617,6614.25,6615
1775449680,6615.25,6615.5,6614.75,6615.5
1775449740,6615.25,6615.75,6614.75,6615.75
1775449800,6615.5,6615.75,6614.5,6614.75
1775449860,6614.75,6616.5,6614.5,6616.25
1775449920,6616,6616.75,6615.5,6615.75
1775449980,6616,6616,6615.25,6615.75
1775450040,6616,6620.25,6616,6619
1775450100,6618.75,6620,6618.25,6619.25
1775450160,6619.25,6620,6619.25,6619.75
1775450220,6620,6620,6619.25,6619.75
1775450280,6619.5,6621,6619.5,6620.25
1775450340,6620.25,6620.75,6619.75,6620
1775450400,6620,6620.75,6618.5,6618.75
1775450460,6619,6620.5,6618.5,6620.5
1775450520,6620.75,6621.75,6620,6620.5
1775450580,6620.25,6621,6620.25,6620.75
1775450640,6620.75,6621,6620,6620.5
1775450700,6620.5,6621.25,6619.75,6619.75
1775450760,6619.75,6620,6619,6619.5
1775450820,6619.5,6620,6619.25,6620
1775450880,6619.75,6621,6619.75,6620.25
1775450940,6620.5,6621.5,6620.5,6621.25
1775451000,6621,6621.25,6620.25,6620.25
1775451060,6620.25,6621.75,6620,6621.75
1775451120,6622,6622.5,6621.25,6622
1775451180,6621.75,6622,6621,6621.75
1775451240,6621.75,6622,6621.25,6621.25
1775451300,6621.5,6622.25,6621.5,6621.75
1775451360,6621.5,6621.5,6620,6620.25
1775451420,6620.25,6621.5,6620,6621.25
1775451480,6621.25,6621.5,6620.5,6621
1775451540,6621,6621.25,6620.25,6621.25
1775451600,6620.75,6622.25,6620.75,6621.25
1775451660,6621,6622,6620.5,6621.25
1775451720,6621.25,6621.75,6620.5,6620.75
1775451780,6620.75,6621.75,6620.75,6621.5
1775451840,6621.75,6622.25,6621.5,6621.5
1775451900,6621.5,6622.5,6621.25,6621.75
1775451960,6621.75,6621.75,6620.5,6621
1775452020,6621,6621.75,6620.75,6621.75
1775452080,6621.75,6621.75,6620.75,6621.75
1775452140,6621.75,6624,6621.5,6623.25
1775452200,6623.5,6623.75,6622.25,6623
1775452260,6622.75,6623,6622.25,6622.25
1775452320,6622.25,6622.75,6621.75,6622
1775452380,6622,6623.25,6621.5,6621.75
1775452440,6621.5,6622.25,6621.5,6622.25
1775452500,6622.5,6622.75,6622,6622
1775452560,6622.25,6623.5,6622,6623.5
1775452620,6623.5,6623.5,6622.75,6622.75
1775452680,6622.75,6624,6622.5,6623.5
1775452740,6623.5,6623.75,6622.75,6623.5
1775452800,6623.75,6624.25,6623,6623.25
1775452860,6623.25,6623.25,6620.75,6621.75
1775452920,6621.5,6622.5,6621.25,6622
1775452980,6622,6623.25,6621.25,6622.75
1775453040,6622.75,6623.75,6622.75,6623.5
1775453100,6623.25,6623.25,6622.25,6622.5
1775453160,6622.25,6623,6621.75,6622.5
1775453220,6622.75,6623.25,6622,6622.25
1775453280,6622.25,6622.25,6621.25,6621.5
1775453340,6621.25,6622,6620.25,6620.5
1775453400,6620.75,6621.25,6618.75,6619
1775453460,6619.25,6620.75,6618.75,6620.25
1775453520,6620.25,6620.5,6617.5,6618.25
1775453580,6618.25,6619.5,6618.25,6619
1775453640,6619.25,6619.75,6618,6619.25
1775453700,6619.5,6619.5,6618.25,6618.5
1775453760,6618.75,6619,6618.25,6618.5
1775453820,6618.75,6619,6618.25,6618.25
1775453880,6618.25,6619.5,6617.75,6618.75
1775453940,6618.5,6618.75,6617.75,6618.25
1775454000,6618,6618.5,6616.5,6616.5
1775454060,6616.75,6617,6615,6616
1775454120,6616,6616.5,6615.25,6615.75
1775454180,6615.75,6617,6615.75,6617
1775454240,6616.75,6616.75,6615.75,6616.25
1775454300,6616.5,6617,6616,6616.25
1775454360,6616.5,6617.75,6615.5,6615.75
1775454420,6616,6617,6615,6616.5
1775454480,6616,6616,6613,6613.5
1775454540,6613.5,6614.75,6613.5,6614.5
1775454600,6614.25,6616,6614,6615.5
1775454660,6615.25,6616.5,6615,6616
1775454720,6616,6616,6615,6615.5
1775454780,6615.5,6617.5,6615.5,6617.5
1775454840,6616.75,6617.5,6616.5,6617.5
1775454900,6617.25,6618.5,6617.25,6617.5
1775454960,6617.5,6618.5,6616.5,6617.5
1775455020,6617.5,6617.75,6616.75,6617
1775455080,6617,6618.25,6616.75,6617.75
1775455140,6617.5,6617.5,6616.5,6616.75
1775455200,6617.25,6617.25,6614.75,6615.25
1775455260,6615.25,6616.25,6614.75,6615
1775455320,6615,6616,6615,6615.75
1775455380,6616,6617,6614.75,6615.25
1775455440,6615,6616.25,6614.75,6616
1775455500,6616,6617,6615.25,6616.75
1775455560,6617,6619.75,6616.75,6619
1775455620,6619.5,6621.5,6618.75,6621
1775455680,6620.75,6621.5,6620.25,6620.5
1775455740,6620.75,6621,6620.25,6620.25
1775455800,6620.5,6621.5,6620,6621.25
1775455860,6621.25,6623.25,6621.25,6623.25
1775455920,6623,6627.5,6622.75,6626.25
1775455980,6626.25,6627.5,6625.5,6627
1775456040,6627,6628,6626.5,6627.5
1775456100,6627.25,6627.5,6625.75,6626.25
1775456160,6626.25,6626.75,6624.5,6624.5
1775456220,6624.25,6625.5,6624,6624.25
1775456280,6624,6624,6621.75,6623
1775456340,6623,6623.25,6621.25,6622.25
1775456400,6622,6622.75,6621.5,6621.5
1775456460,6621.5,6622.75,6621.25,6622.25
1775456520,6622.25,6622.5,6619.5,6620.5
1775456580,6620.25,6620.75,6619.5,6620.25
1775456640,6620.75,6622,6620.75,6621.75
1775456700,6621.5,6621.5,6619.75,6620.5
1775456760,6620.5,6621,6620,6620.25
1775456820,6620,6620.75,6619.5,6620.5
1775456880,6620,6620.5,6617.5,6617.75
1775456940,6618,6618.25,6615.75,6616.5
1775457000,6616.5,6616.75,6614.75,6616.5
1775457060,6616.5,6618.5,6615.75,6618
1775457120,6618.5,6619.75,6618.5,6619.5
1775457180,6619.5,6619.5,6617.75,6618
1775457240,6618.25,6618.75,6617,6617.5
1775457300,6618,6618.25,6617,6617.5
1775457360,6617,6618,6617,6618
1775457420,6618,6618,6616.25,6616.5
1775457480,6616.25,6617.25,6616,6617
1775457540,6617,6618.25,6617,6618
1775457600,6617.75,6618,6616.75,6616.75
1775457660,6617,6617.75,6616.75,6617.5
1775457720,6617.5,6618.25,6617.25,6618
1775457780,6618,6619.5,6618,6619.25
1775457840,6619.5,6619.5,6618.25,6618.5
1775457900,6618.25,6618.25,6616.25,6616.5
1775457960,6616.25,6617.25,6615.75,6616.25
1775458020,6616.25,6617.5,6616.25,6617
1775458080,6617,6618,6616.75,6618
1775458140,6618.25,6619.25,6618,6619
1775458200,6618.75,6632.25,6618.5,6623.75
1775458260,6624,6631,6623,6629.25
1775458320,6629.25,6632.25,6627.5,6629
1775458380,6628.75,6629.25,6623.5,6625
1775458440,6625,6625.75,6622,6623.5
1775458500,6623.25,6624,6621.75,6622.5
1775458560,6622.5,6624.75,6622.25,6624
1775458620,6624,6624.75,6623,6624.75
1775458680,6624.5,6625.75,6623.25,6624
1775458740,6624,6625.5,6623.5,6624.25
1775458800,6624.25,6625.75,6623,6624.5
1775458860,6624.25,6624.5,6621.5,6622
1775458920,6622,6622.25,6621,6622
1775458980,6622,6622,6620.5,6621.25
1775459040,6621,6621.25,6618.5,6619
1775459100,6619,6620.25,6618.5,6619.5
1775459160,6619.75,6620.25,6618,6618.75
1775459220,6619,6619.75,6619,6619.25
1775459280,6619.25,6619.75,6617.75,6617.75
1775459340,6617.75,6618.75,6615.75,6616.5
1775459400,6616.25,6617.75,6614.25,6617.5
1775459460,6617.5,6618,6614.25,6614.75
1775459520,6614.5,6616.25,6614.5,6616
1775459580,6615.75,6617.25,6615.75,6617.25
1775459640,6617,6618.25,6616,6618.25
1775459700,6618.5,6623.75,6618.5,6623.25
1775459760,6623.25,6625,6621.25,6621.75
1775459820,6622,6623.25,6621.5,6622.75
1775459880,6622.75,6622.75,6621.5,6622
1775459940,6621.75,6621.75,6620.5,6620.75
1775460000,6620.75,6621.75,6620.75,6621.25
1775460060,6621.25,6623,6621,6623
1775460120,6623,6623,6621,6621.75
1775460180,6621.5,6621.5,6617.5,6619
1775460240,6619.25,6619.5,6618,6619.25
1775460300,6619.5,6621.75,6619.25,6621
1775460360,6621.25,6622,6621,6621.75
1775460420,6621.75,6621.75,6620,6620
1775460480,6620,6621,6619.25,6620.5
1775460540,6620.75,6621.75,6619.75,6620
1775460600,6620,6622.25,6619.5,6621.5
1775460660,6621.75,6624,6621.25,6622.75
1775460720,6622.5,6624.25,6622.25,6623
1775460780,6623.25,6623.25,6621.5,6621.5
1775460840,6621.75,6624,6621.25,6623.75
1775460900,6623.75,6625.25,6623.5,6624.75
1775460960,6624.5,6627,6624,6626.5
1775461020,6626.75,6627,6625.25,6625.25
1775461080,6625.75,6627,6625,6627
1775461140,6626.75,6627,6625.25,6625.25
1775461200,6625,6625.25,6624.25,6624.25
1775461260,6624.5,6626.75,6622.75,6626
1775461320,6626,6630,6626,6629
1775461380,6629,6630,6626.75,6627.25
1775461440,6627.5,6628,6627,6627.75
1775461500,6628,6629,6627,6628.5
1775461560,6628.75,6629.75,6628,6628
1775461620,6628,6630,6627.75,6629.25
1775461680,6629.25,6633,6628.75,6631.75
1775461740,6631.75,6632.25,6629.25,6632
1775461800,6632.25,6633.25,6631.25,6633
1775461860,6632.5,6635,6632.5,6634.5
1775461920,6634.5,6639.5,6634,6638.5
1775461980,6638.5,6638.75,6635.25,6635.25
1775462040,6635.5,6636,6633.75,6634.5
1775462100,6635,6637.25,6634.5,6636.75
1775462160,6636.75,6638.25,6636.25,6638
1775462220,6637.75,6638,6636.75,6637.75
1775462280,6637.5,6638.75,6636,6636
1775462340,6636.25,6636.25,6633.75,6634.5
1775462400,6634.75,6639.25,6634.75,6637.5
1775462460,6637.75,6638.5,6636.25,6637.5
1775462520,6637.75,6639,6637.75,6639
1775462580,6639,6641.25,6638.25,6640.25
1775462640,6640.25,6641,6639.25,6640.75
1775462700,6640.75,6641.5,6638,6639.75
1775462760,6639.75,6640.5,6636.75,6636.75
1775462820,6636.75,6637.5,6636,6637.25
1775462880,6637,6638.5,6636.5,6638
1775462940,6638,6639,6638,6638
1775463000,6638.5,6638.5,6636.75,6636.75
1775463060,6636.75,6639.5,6636.75,6639.25
1775463120,6638.75,6639,6637.25,6638
1775463180,6638,6638.75,6637.75,6637.75
1775463240,6637.75,6638.25,6637.25,6638.25
1775463300,6638.25,6639.75,6638,6639
1775463360,6638.5,6639.25,6636.75,6639
1775463420,6639,6640,6638,6638.5
1775463480,6638.25,6638.5,6635.5,6636
1775463540,6636,6637,6635.25,6636.5
1775463600,6636.5,6639,6636.25,6638.75
1775463660,6638.75,6639.75,6637.25,6639
1775463720,6638.75,6640,6638.25,6639.25
1775463780,6639,6640,6638,6638.25
1775463840,6638,6640.5,6637.25,6640
1775463900,6639.75,6643,6639,6642.75
1775463960,6642.5,6643,6641.75,6642.75
1775464020,6642.75,6643.25,6641.75,6642
1775464080,6642,6642.25,6639.75,6640.5
1775464140,6640.75,6642.25,6640.75,6642.25
1775464200,6642,6642.75,6641.25,6641.25
1775464260,6641.25,6642.75,6641,6642.5
1775464320,6642.5,6644.25,6642.25,6643.25
1775464380,6643,6643.5,6642,6643
1775464440,6643.25,6645.5,6643,6644.25
1775464500,6644,6646.5,6643.75,6646.25
1775464560,6646.25,6648.75,6645.25,6648.25
1775464620,6648.25,6648.5,6645.75,6646
1775464680,6646.5,6648.5,6646.5,6647.5
1775464740,6647.5,6647.75,6646.5,6647.5
1775464800,6647.25,6648,6646.25,6648
1775464860,6647.5,6649,6647.25,6648.5
1775464920,6648.5,6650,6647.25,6648
1775464980,6648,6648.75,6647.25,6648.75
1775465040,6648.75,6649.75,6648.25,6648.75
1775465100,6649,6649,6647.25,6647.25
1775465160,6647.25,6648.5,6647,6648.5
1775465220,6648.5,6649,6647,6647.5
1775465280,6647.25,6648.25,6646.75,6648
1775465340,6647.75,6649.5,6647.5,6648.5
1775465400,6648.25,6648.25,6646.25,6646.5
1775465460,6646.75,6647,6645.5,6645.75
1775465520,6645.75,6645.75,6644,6644.75
1775465580,6644.75,6644.75,6643.5,6643.75
1775465640,6643.75,6645.75,6643.5,6645.5
1775465700,6645.25,6645.5,6644.75,6645
1775465760,6644.75,6646,6644.5,6645.5
1775465820,6645.75,6647.5,6645.75,6647
1775465880,6646.5,6646.5,6644.5,6645
1775465940,6644.75,6645.25,6644.25,6644.75
1775466000,6644.75,6646.5,6644.5,6646.25
1775466060,6646.5,6647.75,6646,6647.5
1775466120,6647.25,6649.25,6647,6648
1775466180,6648,6649.75,6647.75,6649.25
1775466240,6649.25,6649.75,6648,6649
1775466300,6649,6651.25,6647.5,6648
1775466360,6647.75,6649.5,6647.25,6648.75
1775466420,6649,6649,6646.5,6647.25
1775466480,6647.25,6648.75,6647.25,6648.25
1775466540,6648.25,6648.5,6646.75,6647.5
1775466600,6647.5,6648.75,6646.75,6646.75
1775466660,6646.5,6647.25,6646.5,6647
1775466720,6647,6647,6646,6646
1775466780,6646.25,6646.75,6646,6646.25
1775466840,6646.5,6646.5,6646,6646.5
1775466900,6646.25,6647,6645,6645.25
1775466960,6645.5,6646.5,6645,6645
1775467020,6645.25,6645.5,6644.25,6644.75
1775467080,6644.75,6647.75,6644.75,6647.5
1775467140,6647.5,6649.25,6646.75,6649
1775467200,6648.75,6649.5,6648.5,6648.75
1775467260,6648.5,6650,6648.25,6649.25
1775467320,6649.25,6651,6649.25,6650.75
1775467380,6650.75,6651,6649,6649.25
1775467440,6649.25,6649.75,6645.75,6646.25
1775467500,6646.5,6647.25,6645.25,6646
1775467560,6645.75,6647.25,6645.25,6646.5
1775467620,6646.5,6647.5,6646.25,6646.75
1775467680,6646.5,6647,6646.25,6646.25
1775467740,6646.25,6647.25,6645.75,6646.5
1775467800,6646.75,6647.5,6646.25,6647.5
1775467860,6647.75,6648.25,6646,6648
1775467920,6648.25,6648.25,6647.25,6647.75
1775467980,6648,6648.25,6647.25,6648
1775468040,6647.75,6648.25,6647.25,6647.5
1775468100,6647.5,6647.75,6646.75,6647
1775468160,6647,6647,6645.75,6646.25
1775468220,6646.25,6646.5,6645.75,6646.25
1775468280,6646,6646.5,6645.75,6646
1775468340,6646,6646.25,6645.5,6645.75
1775468400,6646,6646.25,6645,6646
1775468460,6645.25,6645.75,6644.75,6645.5
1775468520,6645.5,6646,6645,6645.5
1775468580,6645.75,6645.75,6644.75,6645.25
1775468640,6645.25,6645.25,6643.75,6644.25
1775468700,6644.25,6645,6643.75,6644
1775468760,6644,6645,6643.75,6644.75
1775468820,6644.75,6645.25,6644.5,6644.5
1775468880,6644.5,6645,6643,6644
1775468940,6644,6645,6643.75,6644.5
1775469000,6644.5,6644.5,6641.5,6642.75
1775469060,6642.75,6644.25,6641.5,6643.75
1775469120,6643.5,6644,6642.5,6642.75
1775469180,6643,6643.25,6640.25,6640.75
1775469240,6640.5,6641.5,6635.5,6639.5
1775469300,6639.5,6642,6639.25,6640.25
1775469360,6640.25,6640.25,6638,6638.5
1775469420,6639,6639.25,6636.75,6638
1775469480,6637.75,6637.75,6636.25,6637
1775469540,6637,6637.75,6636.5,6637
1775469600,6637.5,6637.75,6635.25,6636
1775469660,6636,6636.75,6635.5,6636.25
1775469720,6636.25,6638.75,6636,6636.25
1775469780,6636.75,6637.25,6635.5,6636.25
1775469840,6637,6638.75,6637,6638
1775469900,6638,6638.75,6637.5,6638.25
1775469960,6638.25,6641,6638.25,6641
1775470020,6640.75,6641.25,6640,6640.5
1775470080,6640.5,6641.5,6640.5,6641.5
1775470140,6641.25,6642,6640.75,6641.75
1775470200,6641.5,6642.75,6641.25,6642
1775470260,6642,6642,6640.5,6640.75
1775470320,6640.75,6641.75,6639.5,6641.75
1775470380,6641.5,6641.5,6640.25,6640.25
1775470440,6640.25,6641,6639.5,6640
1775470500,6640.25,6640.25,6638.5,6638.75
1775470560,6638.75,6640,6638,6639.5
1775470620,6639.75,6640.25,6639.25,6639.5
1775470680,6639.75,6639.75,6638.5,6639.75
1775470740,6639.75,6640.25,6638.75,6639.25
1775470800,6639.25,6639.25,6638,6638
1775470860,6638.5,6639,6638.5,6638.75
1775470920,6638.75,6639.75,6638.25,6639
1775470980,6639.25,6640,6639,6639.5
1775471040,6639.5,6639.75,6638,6638.5
1775471100,6638,6638.25,6636.75,6637.25
1775471160,6637.5,6637.5,6633.75,6634.75
1775471220,6635,6635.5,6633.5,6635.5
1775471280,6635.25,6637.25,6635,6637
1775471340,6637,6637.25,6636.25,6637
1775471400,6636.5,6637,6635.25,6636.5
1775471460,6636.5,6638.5,6636.25,6638
1775471520,6637.75,6638.25,6636.5,6637.5
1775471580,6637.75,6638.5,6637.5,6638.5
1775471640,6638.5,6638.5,6637.5,6638
1775471700,6638,6638.75,6637.5,6638.25
1775471760,6638,6640,6637.75,6640
1775471820,6640,6640.25,6638.75,6639.5
1775471880,6639.5,6640.5,6639,6639.25
1775471940,6639.25,6639.25,6638.25,6638.5
1775472000,6638.5,6639.25,6638.25,6639.25
1775472060,6639,6639.5,6638.75,6638.75
1775472120,6638.5,6639,6637.5,6638.5
1775472180,6638.5,6638.75,6637,6638.25
1775472240,6638.25,6638.25,6637.5,6638
1775472300,6638.25,6638.75,6637,6637.5
1775472360,6637.5,6637.75,6618.25,6624.75
1775472420,6625,6630,6625,6627.5
1775472480,6627.75,6633.5,6627.5,6632.75
1775472540,6633,6634.75,6631.25,6633.25
1775472600,6633.25,6634.75,6631.75,6633.75
1775472660,6634,6634,6629.25,6630.75
1775472720,6630.5,6634,6630.5,6633.75
1775472780,6633.5,6634.75,6632.25,6634
1775472840,6633.75,6633.75,6629.5,6630.75
1775472900,6630.75,6632.5,6630.25,6631.25
1775472960,6631.75,6632.5,6631.5,6631.5
1775473020,6631.5,6632.25,6629.25,6630.75
1775473080,6630.75,6630.75,6629.25,6630
1775473140,6630.25,6631.25,6629.5,6631.25
1775473200,6631.25,6631.25,6628.75,6629
1775473260,6628.75,6630.25,6628.25,6629
1775473320,6629,6631.25,6628,6628.5
1775473380,6628.75,6629.5,6625.25,6626.5
1775473440,6626.75,6628.5,6625.25,6628.25
1775473500,6628,6628.75,6627,6628.5
1775473560,6628,6629.75,6627.5,6628.25
1775473620,6628.5,6628.5,6626.75,6628
1775473680,6627.75,6629.25,6627.75,6628.25
1775473740,6628.5,6629.5,6628,6629
1775473800,6629,6629.5,6625.75,6627.25
1775473860,6627,6627.75,6624.25,6625
1775473920,6625,6626.75,6624.5,6625.5
1775473980,6625.5,6627.25,6625.5,6627.25
1775474040,6627,6628.5,6625.5,6626.5
1775474100,6626,6627.5,6624.75,6626.75
1775474160,6626.5,6629,6626.25,6627.75
1775474220,6628,6629.5,6627.5,6629.5
1775474280,6629.25,6630.75,6628.75,6629.75
1775474340,6629.5,6630.75,6629.5,6629.75
1775474400,6629.75,6630.25,6628.25,6628.25
1775474460,6628.25,6629.5,6627,6627
1775474520,6627.5,6627.5,6624,6624.5
1775474580,6624.5,6626.5,6624.5,6625.75
1775474640,6625.75,6627,6625.75,6627
1775474700,6626.75,6628.25,6626,6626.25
1775474760,6626,6627.75,6626,6626.25
1775474820,6626,6627.75,6625.75,6627.5
1775474880,6627.5,6628.25,6626.75,6627.5
1775474940,6627.5,6628,6626.75,6627.25
1775475000,6627.5,6627.5,6626,6626.5
1775475060,6626.5,6628,6626.25,6627.25
1775475120,6627,6628.75,6626.25,6628
1775475180,6627.75,6629.5,6627.75,6628.75
1775475240,6629.25,6629.75,6628.5,6629.75
1775475300,6629.75,6630.75,6626.75,6629.75
1775475360,6629.75,6630,6628.5,6629
1775475420,6628.75,6630,6628.75,6629.5
1775475480,6629.5,6629.5,6628,6628.5
1775475540,6628.5,6628.75,6627.5,6628.5
1775475600,6628.75,6629.5,6627.75,6628
1775475660,6628,6628.25,6627,6627
1775475720,6627.25,6628.5,6626.75,6628.5
1775475780,6628.25,6628.5,6627,6627.25
1775475840,6627.25,6627.25,6625.75,6625.75
1775475900,6626,6627.75,6626,6627.75
1775475960,6627.5,6627.75,6626.75,6627.25
1775476020,6627.5,6627.75,6625.5,6626.25
1775476080,6626.25,6627.5,6626.25,6626.5
1775476140,6626.25,6627.25,6626.25,6627.25
1775476200,6627.25,6629.25,6627.25,6629.25
1775476260,6629.25,6629.75,6628.25,6629.5
1775476320,6630,6630.25,6628.75,6629
1775476380,6628.75,6628.75,6627.75,6628.25
1775476440,6628,6628.75,6627.75,6628.25
1775476500,6628.5,6628.75,6626.5,6627
1775476560,6627,6627.75,6626.25,6627.75
1775476620,6627.75,6628,6627,6627.5
1775476680,6627.5,6627.75,6627,6627.5
1775476740,6627.5,6627.75,6626.25,6626.75
1775476800,6627.25,6627.75,6626.75,6627.25
1775476860,6627.25,6627.75,6626.5,6627.5
1775476920,6627.5,6627.75,6625.5,6626.25
1775476980,6626,6628,6626,6627.25
1775477040,6627,6627.5,6626.75,6627.25
1775477100,6627.25,6627.5,6626.75,6627.25
1775477160,6627.25,6627.75,6626.75,6627.5
1775477220,6627.5,6628,6627,6627.25
1775477280,6627.5,6627.75,6627,6627.75
1775477340,6627.75,6627.75,6626.25,6626.5
1775477400,6627,6627.5,6627,6627
1775477460,6627.25,6627.5,6625.5,6625.75
1775477520,6626,6627.25,6625.5,6626.25
1775477580,6626.25,6626.5,6624,6625.5
1775477640,6625.5,6626.25,6624.5,6626.25
1775477700,6626.25,6627.25,6625.25,6626
1775477760,6626.5,6627,6625.5,6626.25
1775477820,6626.25,6626.25,6625.25,6625.75
1775477880,6626.25,6626.5,6626,6626.5
1775477940,6626.5,6626.5,6625.5,6625.5
1775478000,6625.25,6625.5,6622.75,6623
1775478060,6623,6625.25,6622.5,6624.25
1775478120,6624,6625,6623.75,6624.25
1775478180,6624.25,6627.25,6624.25,6627.25
1775478240,6627.25,6627.5,6626,6626
1775478300,6626.5,6627,6626,6626.25
1775478360,6626.25,6626.5,6625.75,6626
1775478420,6626.25,6627,6625.75,6626.75
1775478480,6626.5,6628.5,6626,6627.25
1775478540,6627.5,6628.25,6626.25,6626.75
1775478600,6627,6627,6626,6626.5
1775478660,6626.25,6626.5,6624.75,6626.5
1775478720,6626.5,6626.5,6625.25,6626
1775478780,6625.75,6629.75,6625.75,6629.75
1775478840,6629.5,6631.75,6629.5,6631.5
1775478900,6631.25,6632,6630.5,6631.5
1775478960,6631.5,6631.75,6629.25,6630.75
1775479020,6630.5,6631.25,6630.25,6630.75
1775479080,6631,6631.5,6629.75,6630.25
1775479140,6630,6630.75,6630,6630.25
1775479200,6630.25,6630.5,6628.75,6629
1775479260,6629,6629.5,6628.75,6629
1775479320,6629.5,6630.5,6628.75,6629.25
1775479380,6628.75,6630,6628.75,6629.75
1775479440,6630,6630.25,6629,6630
1775479500,6629.75,6634.25,6629.75,6631.75
1775479560,6631.75,6635.25,6631.5,6634.5
1775479620,6634.5,6635.25,6633.25,6634.25
1775479680,6634,6634.5,6632,6633
1775479740,6633,6633.25,6630.5,6630.75
1775479800,6630.5,6632.25,6630,6632.25
1775479860,6632.25,6633.5,6632.25,6632.75
1775479920,6632.75,6633,6629.25,6630.75
1775479980,6630.75,6631.25,6629.75,6630.5
1775480040,6630.5,6631.5,6630.5,6630.75
1775480100,6630.75,6631.25,6629.5,6630
1775480160,6630,6630.5,6628,6629
1775480220,6629,6629.25,6628.25,6628.75
1775480280,6628.75,6629.75,6628.5,6629
1775480340,6629.25,6629.5,6628.25,6629.5
1775480400,6629.25,6630.75,6627,6627
1775480460,6627.25,6627.25,6624.75,6625
1775480520,6625.25,6625.25,6624,6624.25
1775480580,6624,6626,6623.25,6625.5
1775480640,6625.5,6626,6623.5,6623.75
1775480700,6623.75,6624.5,6623,6623
1775480760,6623,6623,6621,6622
1775480820,6621.5,6623.25,6620.25,6622.75
1775480880,6622.75,6624.25,6622.5,6623.75
1775480940,6624,6627.5,6624,6627
1775481000,6627,6627,6625.25,6626.75
1775481060,6626.5,6629.25,6626.5,6628.5
1775481120,6628.5,6630.75,6628.5,6630.25
1775481180,6630.5,6630.5,6628,6628.25
1775481240,6628.25,6628.5,6627.25,6628
1775481300,6628,6628.25,6627,6627.5
1775481360,6627.5,6628.25,6626.75,6627.5
1775481420,6627.75,6629.5,6627.25,6628.75
1775481480,6628.75,6629,6627.5,6627.75
1775481540,6627.5,6627.5,6624.75,6625.25
1775481600,6625,6625.5,6622,6622.25
1775481660,6622.25,6624.25,6621.5,6622.75
1775481720,6623,6623.5,6619.5,6621.5
1775481780,6621.5,6623,6621.25,6622
1775481840,6621.75,6623,6621.75,6622.5
1775481900,6622.5,6626.75,6621.25,6625
1775481960,6625.25,6625.5,6624.5,6625
1775482020,6625.25,6627,6624.25,6625.75
1775482080,6625.75,6625.75,6623.75,6624
1775482140,6624,6624,6619.75,6621.5
1775482200,6621.75,6631.75,6621.5,6630.75
1775482260,6631,6635.25,6629,6630.5
1775482320,6630.25,6632.75,6622,6623.75
1775482380,6623.75,6636.75,6622.75,6635.75
1775482440,6635.5,6637.25,6631.25,6636.75
1775482500,6636.5,6642.25,6633.75,6634.25
1775482560,6634.25,6634.25,6620.75,6621.25
1775482620,6621,6624,6617.75,6622.25
1775482680,6622.25,6626.5,6620.5,6625.75
1775482740,6625.75,6630.75,6625.75,6629
1775482800,6629,6630.5,6622.25,6629
1775482860,6628.75,6633.25,6628,6631.5
1775482920,6631.5,6633.75,6629.75,6632.75
1775482980,6633,6636.25,6631.5,6632.75
1775483040,6633,6633.75,6629.25,6630.75
1775483100,6631,6639.25,6630.5,6638
1775483160,6637.75,6641.75,6636,6637.5
1775483220,6637.75,6638,6632.25,6636.25
1775483280,6636.5,6637,6633,6635.75
1775483340,6636,6639,6633.75,6634.25
1775483400,6634.25,6637.25,6631.5,6637
1775483460,6637.25,6643.75,6637,6640
1775483520,6639.75,6643.25,6638,6639
1775483580,6638.75,6641.75,6635.5,6641.25
1775483640,6641,6642.75,6639,6639.5
1775483700,6639.25,6641.75,6636,6636.5
1775483760,6636.75,6641.75,6636,6641.5
1775483820,6641.5,6645,6641.25,6643
1775483880,6643,6644.25,6639.75,6642
1775483940,6642.5,6649.25,6642.25,6649.25
1775484000,6648.75,6662.5,6638,6648
1775484060,6648,6649.25,6641.5,6643.25
1775484120,6643,6647.25,6640.75,6641.75
1775484180,6641.75,6643.5,6635.75,6635.75
1775484240,6636,6638,6627,6627.75
1775484300,6627.75,6631.75,6624.25,6624.5
1775484360,6624.75,6630.5,6623.75,6629.75
1775484420,6630,6631.75,6628,6628.75
1775484480,6628.75,6632.25,6628,6631
1775484540,6630.75,6635.75,6630.75,6635.5
1775484600,6635.25,6637.25,6627.75,6629.25
1775484660,6629.25,6639.5,6628.75,6637.5
1775484720,6637.5,6640.5,6636,6637.25
1775484780,6637,6642.5,6636.5,6641
1775484840,6640.75,6645.25,6639.75,6644.5
1775484900,6644.75,6648.75,6643.5,6648.5
1775484960,6648.25,6649.5,6644.25,6646.5
1775485020,6646.25,6646.75,6642.75,6643.25
1775485080,6643,6643.5,6639.5,6643
1775485140,6642.75,6648.5,6642,6646.75
1775485200,6646.75,6650.25,6646.5,6648.75
1775485260,6648.5,6654,6646.75,6652.75
1775485320,6652.75,6653,6649,6650
1775485380,6649.5,6652.75,6648,6652.75
1775485440,6652.5,6652.75,6649,6651
1775485500,6650.75,6651.5,6645.5,6647.25
1775485560,6647,6650.25,6645.5,6650
1775485620,6649.5,6652,6648.5,6649.5
1775485680,6649.25,6652,6647,6650.75
1775485740,6650.5,6650.75,6647.25,6648
1775485800,6648.25,6653.75,6647.5,6652.25
1775485860,6652.5,6654,6651.5,6653.25
1775485920,6653.25,6654.75,6646,6650.25
1775485980,6650.25,6651,6647.25,6647.5
1775486040,6647.75,6650,6647.5,6648.5
1775486100,6648.75,6652.75,6647,6647.75
1775486160,6647.75,6649,6644.25,6646
1775486220,6646.25,6648,6643.75,6644.75
1775486280,6644.75,6650,6631.5,6632.5
1775486340,6632.25,6638.75,6631.75,6634.75
1775486400,6634.5,6645.25,6634,6644
1775486460,6644.25,6647.5,6640.25,6642.75
1775486520,6642.75,6645,6639.5,6640.25
1775486580,6640,6642.75,6638.25,6642
1775486640,6642.25,6645,6639.75,6640.75
1775486700,6640.5,6640.5,6635.75,6639
1775486760,6638.75,6641,6636.5,6638
1775486820,6638,6639,6634.25,6636.25
1775486880,6636.25,6637,6632.25,6632.75
1775486940,6632.75,6634,6630,6631.5
1775487000,6632,6635,6631.75,6633.25
1775487060,6633,6636.5,6632,6634.75
1775487120,6634.75,6638,6634,6637.75
1775487180,6637.75,6640,6636.75,6637
1775487240,6636.75,6637.75,6633.5,6637.25
1775487300,6637.25,6639,6633.75,6637.75
1775487360,6637.75,6640.25,6637.75,6639.75
1775487420,6639.5,6643,6639.25,6640.25
1775487480,6640.25,6642.5,6640,6642.25
1775487540,6642,6643,6637.25,6638.25
1775487600,6638.5,6641,6638.5,6640.5
1775487660,6640.5,6643,6640.25,6643
1775487720,6642.75,6644.5,6639.25,6640.25
1775487780,6640,6640.25,6634.5,6636
1775487840,6636,6640,6634.5,6639.25
1775487900,6639,6642,6638.25,6639.5
1775487960,6639.75,6640.5,6636.25,6636.75
1775488020,6637,6641.25,6634.75,6641
1775488080,6641,6642.5,6639.5,6641.5
1775488140,6641.5,6641.75,6639,6641
1775488200,6641.25,6641.25,6634.5,6636.5
1775488260,6636.5,6637.75,6635,6637
1775488320,6637,6637.75,6634.75,6636.75
1775488380,6636.5,6640.5,6635.75,6637.75
1775488440,6637.75,6639.25,6634,6638.75
1775488500,6638.75,6640.25,6636.25,6636.75
1775488560,6637,6638,6634.75,6636.75
1775488620,6636.75,6641,6636,6639.25
1775488680,6639,6640.75,6637.5,6638
1775488740,6637.75,6638,6635.25,6637.25
1775488800,6637,6638.25,6635.25,6636
1775488860,6636,6637.75,6634.25,6637.5
1775488920,6637.75,6639.25,6636.75,6637.5
1775488980,6637.75,6638.5,6633.25,6634.75
1775489040,6634.5,6635,6632.5,6633.75
1775489100,6633.75,6633.75,6630,6632.25
1775489160,6632.25,6634.75,6632,6633
1775489220,6632.75,6635.5,6632.5,6634.75
1775489280,6634.75,6635,6631.25,6633.75
1775489340,6633.75,6635.75,6632.5,6632.75
1775489400,6633,6633.75,6631.75,6631.75
1775489460,6631.75,6634.25,6631.5,6632
1775489520,6632,6633.25,6629,6630
1775489580,6630,6632.25,6627.25,6631.25
1775489640,6631.5,6633.25,6631.25,6632.25
1775489700,6632.25,6635,6630.75,6633.25
1775489760,6633.25,6634,6629,6629.25
1775489820,6629.5,6630.25,6626.75,6630
1775489880,6630,6631.75,6629.25,6630.25
1775489940,6630.5,6634.5,6630.25,6633.5
1775490000,6633.25,6635,6632.25,6634
1775490060,6633.75,6634.75,6630.5,6632.5
1775490120,6632.5,6635.75,6631.75,6634.5
1775490180,6634.5,6635.25,6633.25,6633.75
1775490240,6633.5,6635.75,6632.75,6634.5
1775490300,6634.5,6635.25,6632.75,6634
1775490360,6634,6637.25,6634,6637
1775490420,6636.5,6639.75,6636.25,6638.5
1775490480,6638.5,6639,6636.75,6637.5
1775490540,6637.5,6638.25,6636,6638
1775490600,6638,6641,6636.25,6640.75
1775490660,6641,6641.75,6640,6641.25
1775490720,6641.25,6643,6640,6642.5
1775490780,6642.25,6643.5,6641.5,6642.25
1775490840,6642.25,6642.75,6640.5,6642.5
1775490900,6642.5,6642.75,6641,6641.25
1775490960,6641.25,6642,6638.25,6640.25
1775491020,6640.25,6641.5,6639.25,6641
1775491080,6641.25,6642,6640.5,6641.5
1775491140,6641.5,6642.75,6641.25,6642.5
1775491200,6642.5,6644,6641.5,6642.25
1775491260,6642.5,6643.25,6641.75,6642.75
1775491320,6642.75,6643,6637.5,6639.75
1775491380,6639.75,6641.75,6639.5,6641.25
1775491440,6641,6641.25,6638,6638.25
1775491500,6638.25,6640.75,6638.25,6640.75
1775491560,6640.75,6641.5,6639.25,6639.5
1775491620,6639.25,6640.25,6638.5,6639.5
1775491680,6639.5,6640.5,6636.75,6637.25
1775491740,6637.25,6639,6636.25,6636.25
1775491800,6636.5,6638,6635.75,6637.5
1775491860,6637.5,6639.5,6636.5,6638.75
1775491920,6638.5,6640.25,6637.75,6639
1775491980,6638.75,6640,6638.25,6638.5
1775492040,6638.75,6640.75,6637.75,6640
1775492100,6640,6642,6638.25,6638.5
1775492160,6638.5,6640.75,6637.75,6640.25
1775492220,6640.5,6640.75,6639.5,6639.75
1775492280,6639.75,6640,6638.5,6639.75
1775492340,6639.5,6641,6638.25,6639.25
1775492400,6639.25,6641.5,6638.25,6641
1775492460,6641,6642.75,6641,6641
1775492520,6641,6641.25,6638.25,6638.25
1775492580,6638.25,6639.5,6637.5,6639
1775492640,6639,6641.5,6639,6641
1775492700,6640.75,6642.5,6640.75,6642.5
1775492760,6642.25,6643,6641,6641
1775492820,6641.25,6641.5,6640,6641
1775492880,6641.25,6643,6640.5,6642.75
1775492940,6642.75,6644,6641.5,6641.75
1775493000,6641.5,6642.25,6640,6640.25
1775493060,6640,6642,6639.5,6641.75
1775493120,6642,6644.25,6641.75,6644
1775493180,6644,6645,6641.75,6642.5
1775493240,6642.5,6644,6642,6643.75
1775493300,6643.75,6644.75,6643.25,6644.5
1775493360,6644.5,6645,6642.75,6644
1775493420,6644,6647.5,6643.75,6646.75
1775493480,6646.5,6649,6646,6646.25
1775493540,6646.25,6646.25,6644.5,6644.75
1775493600,6644.75,6645.75,6642.75,6645.75
1775493660,6645.5,6647,6644,6646.25
1775493720,6646.25,6647.25,6645,6645.5
1775493780,6645.5,6645.75,6644.5,6645.5
1775493840,6645.25,6647,6645,6646.5
1775493900,6646.5,6647.25,6645.75,6646
1775493960,6645.75,6647.25,6645,6647
1775494020,6647.25,6648.25,6646.5,6647
1775494080,6647.25,6648.5,6646.75,6647.25
1775494140,6647.25,6647.75,6646.5,6647.5
1775494200,6647.5,6648.5,6646.5,6647
1775494260,6647,6647,6645,6645.5
1775494320,6645.5,6645.5,6644,6644.75
1775494380,6644.75,6645.5,6644.25,6645
1775494440,6645,6646,6641,6643.75
1775494500,6643.75,6644.75,6641.25,6642.75
1775494560,6643.25,6643.25,6640.25,6641
1775494620,6641.25,6643.25,6640.5,6641.25
1775494680,6641.5,6643.25,6640.75,6642.5
1775494740,6642.25,6644,6641.75,6643
1775494800,6643,6643.5,6639,6639.5
1775494860,6640,6641,6636.75,6637
1775494920,6637.25,6637.25,6632,6632.75
1775494980,6633,6636,6631.5,6635.5
1775495040,6635.75,6638.75,6635.25,6637
1775495100,6637,6637.25,6634.5,6635.25
1775495160,6635.25,6635.75,6633,6633.5
1775495220,6633.25,6635.75,6632.5,6635
1775495280,6634.75,6638,6634.75,6636.5
1775495340,6636.75,6638.5,6635,6636
1775495400,6636,6636.75,6630.25,6633
1775495460,6633,6633.75,6631,6632.5
1775495520,6632.5,6633.25,6623.75,6624.25
1775495580,6624.25,6627,6619.25,6620.25
1775495640,6620.25,6625.5,6618.5,6624.25
1775495700,6624,6627,6622,6622.75
1775495760,6623,6626.5,6622.75,6625.75
1775495820,6625.5,6630.75,6625.5,6626.75
1775495880,6626.75,6627.25,6623.5,6626.25
1775495940,6626.25,6629.25,6625.75,6628
1775496000,6628,6628.25,6624.25,6624.75
1775496060,6624.5,6628.5,6623.5,6628
1775496120,6627.75,6632.25,6626.5,6631
1775496180,6631.25,6634.75,6630.25,6633.25
1775496240,6633.25,6636.5,6633,6636
1775496300,6636,6637.5,6633.75,6636.25
1775496360,6636.25,6636.5,6633.25,6634.25
1775496420,6634.25,6638.5,6634.25,6636.5
1775496480,6636.5,6638.25,6635.5,6638
1775496540,6637.75,6639.5,6637.25,6637.5
1775496600,6637.75,6638,6635.25,6636.25
1775496660,6636.5,6640.75,6636,6640
1775496720,6640,6641.25,6638.5,6638.5
1775496780,6638.5,6638.75,6636.75,6638.25
1775496840,6638.25,6644.5,6636,6637.75
1775496900,6637.5,6639.5,6637.25,6638.25
1775496960,6638.5,6640.75,6638,6640.25
1775497020,6640.5,6640.75,6636.25,6636.5
1775497080,6636.75,6636.75,6634.5,6636
1775497140,6636.25,6637.25,6634,6635.5
1775497200,6635.5,6635.75,6633.75,6635
1775497260,6635,6635,6632.25,6633.25
1775497320,6633.25,6634,6632.5,6632.75
1775497380,6632.75,6633.75,6631.5,6633.5
1775497440,6633.25,6635.5,6632.5,6635
1775497500,6635,6635,6632.5,6632.75
1775497560,6632.5,6633.5,6630.5,6631.5
1775497620,6631.5,6631.75,6629.5,6630.5
1775497680,6630,6631,6629.5,6630
1775497740,6630.25,6632.5,6630.25,6631.75
1775497800,6632,6632.75,6629.75,6630.75
1775497860,6630.75,6632.25,6629.5,6631.75
1775497920,6631.5,6633.5,6631.25,6631.75
1775497980,6631.5,6631.75,6629,6629.75
1775498040,6629.75,6630.25,6627.75,6629.25
1775498100,6629.5,6632.75,6629.25,6631.25
1775498160,6631,6631.5,6629.5,6630.25
1775498220,6630.5,6631,6628,6628.5
1775498280,6628.25,6629,6627.5,6628.25
1775498340,6628.25,6629.75,6628,6628.25
1775498400,6628.5,6629.5,6627.5,6628.5
1775498460,6628.75,6630,6627.75,6628.25
1775498520,6628.25,6629,6627.25,6628
1775498580,6628.25,6629.5,6627.5,6628
1775498640,6627.75,6629.75,6625.75,6626.75
1775498700,6626.75,6629.5,6626.5,6628.5
1775498760,6628.5,6629,6627.25,6627.5
1775498820,6627.75,6630.25,6627.5,6629
1775498880,6629,6629.75,6627.25,6629
1775498940,6628.75,6632.5,6628.75,6631
1775499000,6631,6638.5,6630.5,6637.25
1775499060,6637,6642.75,6635.5,6638
1775499120,6638.25,6639,6636,6638
1775499180,6638,6639.25,6636,6637.75
1775499240,6637.75,6638.5,6634.25,6637
1775499300,6637.5,6639.75,6636.75,6638.75
1775499360,6639,6641.25,6637.5,6639.75
1775499420,6639.5,6641.5,6638.75,6641
1775499480,6641,6643.75,6641,6643
1775499540,6643,6645.25,6642,6643.75
1775499600,6643.25,6644,6642.25,6642.75
1775499660,6642.75,6645.25,6641.75,6644.75
1775499720,6644.75,6645,6643.25,6644.5
1775499780,6644.5,6646.5,6643.5,6645.5
1775499840,6645.75,6650.25,6645,6647.75
1775499900,6647.75,6648,6644.5,6646
1775499960,6646,6646.25,6643.25,6643.25
1775500020,6643.25,6649.25,6642.5,6648.25
1775500080,6648.25,6650.25,6646.5,6646.75
1775500140,6646.75,6647.5,6645.25,6646.25
1775500200,6646.25,6649.5,6646.25,6647.75
1775500260,6647.5,6648.5,6646.5,6647.75
1775500320,6648,6648.25,6644.25,6646.5
1775500380,6646.5,6646.5,6644,6644
1775500440,6644.25,6644.75,6641,6643.25
1775500500,6643.25,6646,6643,6645.75
1775500560,6646,6646.5,6644.25,6644.75
1775500620,6644.75,6644.75,6643.25,6644.5
1775500680,6644.25,6645.25,6644,6644.75
1775500740,6644.5,6645.5,6642.5,6642.75
1775500800,6643,6644,6641.25,6641.75
1775500860,6641.75,6642.75,6641.25,6642.75
1775500920,6642.5,6644,6642.25,6642.25
1775500980,6642.25,6642.75,6641,6642.25
1775501040,6642.5,6643.5,6641.25,6642.75
1775501100,6642.5,6646.75,6642.5,6644
1775501160,6643.75,6645,6642.25,6643.25
1775501220,6643.25,6644.75,6643,6644
1775501280,6644,6645,6642.25,6644.75
1775501340,6644.75,6645.25,6644,6645
1775501400,6645,6646.75,6645,6646
1775501460,6646,6646.75,6644.75,6645
1775501520,6644.75,6646,6644.75,6646
1775501580,6645.75,6646.75,6645.5,6646.25
1775501640,6646.5,6648,6646,6646.75
1775501700,6646.5,6648.25,6646.5,6647
1775501760,6647,6647.75,6646,6647.25
1775501820,6647.25,6647.5,6646.25,6646.5
1775501880,6646.75,6647.75,6646.25,6647.25
1775501940,6647.25,6648,6646.75,6646.75
1775502000,6647.25,6647.5,6645,6646.75
1775502060,6647,6648,6646.75,6647
1775502120,6647,6647.25,6645,6646.75
1775502180,6646.75,6647.25,6645,6647
1775502240,6647,6647.75,6646,6647.75
1775502300,6647.75,6648.25,6646.25,6647
1775502360,6646.75,6647,6645.5,6645.75
1775502420,6646,6646,6644.5,6645.25
1775502480,6645.25,6646,6642.75,6643.75
1775502540,6643.75,6644.75,6643,6643.75
1775502600,6643.5,6644,6643,6643
1775502660,6642.75,6644.25,6642.25,6644
1775502720,6644,6644.25,6642.5,6643.25
1775502780,6643.5,6646.25,6643.25,6645
1775502840,6645,6645.5,6644.25,6645.25
1775502900,6645.25,6646,6644.25,6645.25
1775502960,6645.5,6645.75,6643.5,6644.25
1775503020,6644.25,6644.75,6643.5,6644.25
1775503080,6644,6644.5,6642.5,6644.5
1775503140,6644.5,6645,6643.75,6644.25
1775503200,6644.5,6645.25,6644.25,6645.25
1775503260,6645.25,6646.75,6645,6645.75
1775503320,6645.75,6646,6643.75,6643.75
1775503380,6644,6645,6643,6643.75
1775503440,6644,6644.25,6642.75,6643.5
1775503500,6643.75,6644.75,6643,6644.5
1775503560,6644.5,6645.5,6643.5,6643.75
1775503620,6643.75,6644.25,6642.5,6642.5
1775503680,6642.75,6643.25,6642.25,6643
1775503740,6642.75,6643.75,6642.5,6642.75
1775503800,6642.5,6643.75,6641.75,6643
1775503860,6643,6643.5,6642.25,6642.75
1775503920,6642.75,6644.25,6642.5,6644
1775503980,6644.25,6645.75,6644,6645.5
1775504040,6645.25,6645.75,6644.5,6644.5
1775504100,6644.75,6645.75,6644.75,6645.5
1775504160,6645.5,6646.5,6644.25,6645.25
1775504220,6645.5,6645.75,6644.75,6645.75
1775504280,6645.5,6645.5,6644.25,6645
1775504340,6645,6645.75,6644.75,6644.75
1775504400,6644.75,6646,6644.5,6644.5
1775504460,6644.5,6644.5,6642,6642.5
1775504520,6642.5,6643.5,6642,6643.25
1775504580,6643.5,6644.75,6643.25,6644.25
1775504640,6644,6646.75,6644,6646.5
1775504700,6646.25,6649.25,6645.75,6648.75
1775504760,6648.5,6648.75,6646.75,6647.5
1775504820,6647.75,6648.5,6646.25,6646.5
1775504880,6646.75,6648.75,6646.5,6648.5
1775504940,6648.5,6651.5,6648,6650.75
1775505000,6651,6653,6648.5,6650
1775505060,6650,6650.25,6649,6650
1775505120,6649.75,6650.25,6647,6647.25
1775505180,6647.5,6649.5,6646.5,6649.25
1775505240,6649,6649,6646.25,6646.75
1775505300,6646.75,6647.5,6644,6646
1775505360,6646,6648,6645.75,6646
1775505420,6646,6649,6645.5,6648.25
1775505480,6648.25,6650.5,6648.25,6650.25
1775505540,6650,6653.25,6648,6652.75
1775505600,6653,6655,6650,6652
1775505660,6652,6653,6651,6652.5
1775505720,6652.25,6652.75,6651.75,6651.75
1775505780,6652,6653,6652,6652.5
1775505840,6652.5,6652.5,6650.5,6650.75
1775505900,6650.75,6650.75,6648.25,6648.5
1775505960,6648.5,6649.75,6648.25,6649.5
1775506020,6649.25,6649.75,6648.5,6648.5
1775506080,6648.75,6649.25,6647.5,6648
1775506140,6648,6648.5,6647.5,6648.25
1775506200,6648,6649.5,6647.75,6648
1775506260,6648,6648.75,6647.25,6648.25
1775506320,6648.5,6649.5,6647.25,6649.5
1775506380,6649.25,6650.5,6647.75,6648.5
1775506440,6648.5,6649.25,6647.75,6648.5
1775506500,6648.25,6648.25,6646.75,6647.25
1775506560,6647.5,6648.25,6647.25,6647.25
1775506620,6647.5,6648,6646.75,6646.75
1775506680,6646.75,6647.75,6646.25,6647.5
1775506740,6647.5,6649.25,6647.5,6649
1775506800,6649.25,6650,6649.25,6650
1775506860,6649.75,6650.25,6649.5,6650
1775506920,6649.75,6650.25,6649.5,6649.75
1775506980,6650,6651,6649.75,6650.5
1775507040,6650.5,6650.75,6649.75,6650.25
1775507100,6650.5,6651.5,6650.25,6651.5
1775507160,6651.25,6652.25,6651,6651.75
1775507220,6651.75,6652,6650.75,6651
1775507280,6651.25,6651.75,6651,6651.5
1775507340,6651.5,6651.75,6650.5,6650.5
1775507400,6650.75,6652.25,6650.75,6652.25
1775507460,6652.25,6652.25,6651,6651.25
1775507520,6651.5,6651.75,6650.75,6651.25
1775507580,6651.5,6651.75,6650.75,6651
1775507640,6651,6651.5,6650,6651.5
1775507700,6651.25,6652.5,6651.25,6652.5
1775507760,6652.5,6653.25,6652.25,6653.25
1775507820,6653.25,6653.5,6652.5,6652.75
1775507880,6652.75,6653,6651.75,6652
1775507940,6651.75,6652,6650.75,6651
1775508000,6651,6651.75,6650.75,6650.75
1775508060,6650.75,6651,6650.25,6651
1775508120,6650.75,6651,6650.25,6650.5
1775508180,6650.5,6650.75,6650,6650.75
1775508240,6650.75,6651.25,6650.5,6651
1775508300,6650.75,6651.5,6650.5,6650.5
1775508360,6650.75,6650.75,6649.75,6650.25
1775508420,6650.25,6650.25,6649,6649.25
1775508480,6649.5,6649.5,6648.5,6649.25
1775508540,6649,6649.25,6648.75,6649
1775508600,6648.75,6649.25,6648.5,6648.75
1775508660,6649,6649.25,6648.75,6649
1775508720,6649,6649.5,6648.5,6648.75
1775508780,6648.5,6649.25,6648.5,6648.75
1775508840,6648.75,6649.25,6648.5,6649
1775508900,6649,6650.25,6648.75,6649.5
1775508960,6649.5,6650.25,6649.25,6650
1775509020,6650,6650,6649.25,6650
1775509080,6649.75,6650.75,6649.75,6650.5
1775509140,6650.75,6650.75,6650,6650.75
1775512800,6650.75,6653.75,6647.75,6652.75
1775512860,6653,6654.25,6651,6653.75
1775512920,6653.5,6654,6651.75,6653.5
1775512980,6653.75,6655.25,6653.25,6654
1775513040,6654.25,6657.5,6654.25,6657.25
1775513100,6657,6659.25,6656.25,6658.75
1775513160,6658.75,6659.5,6657.75,6658.75
1775513220,6658.75,6658.75,6656.5,6657.75
1775513280,6657.5,6657.5,6656,6656.75
1775513340,6657,6657,6655.25,6656.25
1775513400,6656.25,6657,6655.75,6656.75
1775513460,6656.5,6656.75,6656.25,6656.25
1775513520,6656.25,6657.25,6656.25,6656.75
1775513580,6656.5,6656.75,6655,6655
1775513640,6655.5,6657,6654.75,6657
1775513700,6657,6657.25,6655.75,6656
1775513760,6656,6657,6655.75,6657
1775513820,6657,6657.5,6656.5,6657.5
1775513880,6657.5,6658.25,6656.5,6656.5
1775513940,6656.5,6656.75,6656,6656.25
1775514000,6656,6656.25,6654.5,6654.75
1775514060,6655,6655,6653,6653
1775514120,6653.25,6654,6652.25,6652.75
1775514180,6652.75,6652.75,6643,6644.75
1775514240,6645.25,6647.75,6642.75,6645
1775514300,6645,6647.5,6644.5,6647.5
1775514360,6647.25,6647.5,6645.75,6646.25
1775514420,6646.5,6646.75,6645.25,6645.5
1775514480,6645.75,6646.5,6645,6645.75
1775514540,6645.75,6647,6645.25,6646.75
1775514600,6646.75,6648,6646.75,6647.25
1775514660,6647,6647.75,6645.5,6646.25
1775514720,6646,6646.25,6644.5,6645.5
1775514780,6645,6645.25,6643,6643.75
1775514840,6644,6644.25,6642.25,6643
1775514900,6643,6646,6642.75,6645
1775514960,6645,6645.25,6644.25,6644.75
1775515020,6645,6646.25,6644.5,6646
1775515080,6646,6646.5,6644.75,6645.25
1775515140,6645.25,6647,6645,6645.75
1775515200,6646,6647,6646,6646.5
1775515260,6646.75,6647.5,6646.25,6647.25
1775515320,6647.5,6647.5,6646.5,6646.5
1775515380,6646.5,6647.25,6646.25,6646.75
1775515440,6646.75,6647,6646,6646
1775515500,6646,6646.25,6645.25,6646
1775515560,6646.25,6646.5,6645.75,6646.25
1775515620,6646.25,6646.5,6646,6646.5
1775515680,6646.25,6646.5,6646,6646.25
1775515740,6646.25,6646.5,6645.75,6646.5
1775515800,6646.5,6647.75,6646.5,6647.5
1775515860,6647.75,6648,6646.25,6646.5
1775515920,6646.25,6646.5,6645.25,6646
1775515980,6645.5,6646,6644,6644.5
1775516040,6644.25,6645.25,6644.25,6644.5
1775516100,6644.5,6645.25,6644.25,6644.5
1775516160,6644.75,6644.75,6642.5,6643.25
1775516220,6643.25,6643.5,6642.75,6643.5
1775516280,6643.75,6644,6643.25,6643.75
1775516340,6643.5,6644,6643,6643
1775516400,6643.25,6644.25,6643,6644.25
1775516460,6644,6645.75,6643.75,6645.75
1775516520,6645.5,6645.5,6643.75,6644
1775516580,6644.25,6644.75,6643.5,6644
1775516640,6644,6645.25,6644,6645
1775516700,6645.5,6646.25,6645.5,6646
1775516760,6646,6646.5,6645.25,6646.25
1775516820,6646.25,6646.5,6645.75,6645.75
1775516880,6645.75,6646,6645.25,6645.5
1775516940,6645.75,6646.5,6645.75,6646.5
1775517000,6646.25,6649.5,6645.75,6649
1775517060,6649,6649,6648.25,6648.5
1775517120,6648.75,6649,6648,6649
1775517180,6648.75,6649,6648,6648
1775517240,6648,6649.25,6648,6648.75
1775517300,6649,6649.75,6648,6648.25
1775517360,6648.25,6648.5,6647,6647.5
1775517420,6647.25,6647.75,6647.25,6647.25
1775517480,6647,6647.5,6646.5,6647
1775517540,6647,6647.5,6646.25,6647.25
1775517600,6647.25,6647.75,6646.5,6646.75
1775517660,6646.5,6646.75,6645.5,6645.75
1775517720,6646,6646.25,6645.25,6645.25
1775517780,6645.75,6646.75,6645.5,6646.75
1775517840,6646.5,6646.75,6645.25,6645.75
1775517900,6646,6646.5,6645.75,6646
1775517960,6646,6646.25,6645.25,6645.75
1775518020,6645.75,6647.25,6645.75,6647
1775518080,6646.75,6646.75,6645.75,6645.75
1775518140,6646,6646.5,6644.75,6644.75
1775518200,6644.75,6645.25,6644,6644.25
1775518260,6644,6645.25,6644,6645.25
1775518320,6645.25,6646.25,6645,6645.5
1775518380,6645.5,6647,6645.5,6646.5
1775518440,6646.75,6646.75,6646,6646
1775518500,6646,6646.25,6645.75,6645.75
1775518560,6645.5,6646,6645.25,6645.25
1775518620,6645,6645.25,6644.75,6645.25
1775518680,6645,6645.75,6644.75,6645
1775518740,6644.75,6645.25,6644.75,6644.75
1775518800,6645,6645.75,6645,6645.5
1775518860,6645.5,6645.75,6645,6645
1775518920,6645,6645.25,6645,6645
1775518980,6645,6645.5,6645,6645.5
1775519040,6645.25,6645.5,6644.75,6644.75
1775519100,6645,6647.5,6645,6647.5
1775519160,6647.25,6647.5,6645.25,6645.75
1775519220,6645.5,6646,6644.25,6645
1775519280,6645,6646.25,6645,6646
1775519340,6645.75,6646,6644.75,6645
1775519400,6644.75,6645,6644.25,6644.5
1775519460,6644.75,6645.5,6644.25,6645.25
1775519520,6645.5,6646.25,6645.25,6645.5
1775519580,6645.5,6645.75,6644.5,6645.25
1775519640,6645,6645.75,6645,6645.5
1775519700,6645.25,6645.75,6644.75,6645.25
1775519760,6645,6645,6644.25,6644.5
1775519820,6644.75,6645,6643.5,6643.5
1775519880,6643.5,6643.75,6642.25,6642.75
1775519940,6643.25,6643.75,6641.5,6641.75
1775520000,6641.75,6641.75,6638.75,6640.25
1775520060,6640.25,6641,6639.5,6640
1775520120,6640,6641.5,6638.5,6640.75
1775520180,6640.75,6642.5,6640.5,6641.25
1775520240,6641.5,6642,6640.5,6641.25
1775520300,6641,6641.5,6640,6641.5
1775520360,6641.25,6642.5,6637.5,6639
1775520420,6639,6639.75,6638.5,6638.75
1775520480,6639,6641.25,6638.75,6640.75
1775520540,6640.5,6642,6639.75,6641.75
1775520600,6642,6645,6641,6644.5
1775520660,6644.75,6644.75,6641.5,6641.5
1775520720,6642.25,6644.5,6641.25,6644
1775520780,6644.5,6646.75,6644,6646.75
1775520840,6646.75,6647.75,6645.25,6645.75
1775520900,6646.25,6651,6646,6650.5
1775520960,6650.25,6654.5,6649,6653.75
1775521020,6653.75,6654.75,6651.75,6653
1775521080,6652.75,6653.5,6651.5,6652.75
1775521140,6652.75,6653.5,6651.5,6651.75
1775521200,6652,6652.25,6648,6648.75
1775521260,6648.75,6650.75,6647.5,6647.75
1775521320,6647.75,6648.25,6646.75,6647.75
1775521380,6647.75,6649,6646.5,6646.75
1775521440,6647.25,6648.5,6646.75,6647.5
1775521500,6647.25,6648.75,6647,6647.25
1775521560,6647,6649,6647,6648.5
1775521620,6648.5,6648.5,6646,6646.75
1775521680,6646.25,6647.25,6646,6646.75
1775521740,6646.5,6648,6646.5,6647.5
1775521800,6647.25,6648.25,6646.75,6647
1775521860,6647.25,6647.25,6646,6646.75
1775521920,6646.5,6646.75,6643.25,6644.25
1775521980,6644.25,6645,6642.75,6643.75
1775522040,6643.75,6644.75,6643.5,6644.25
1775522100,6644.5,6645,6642,6642.75
1775522160,6643,6643,6640.5,6641.5
1775522220,6641.25,6642.75,6640.5,6640.75
1775522280,6641,6641.5,6639.5,6640.5
1775522340,6640.5,6641.75,6639.25,6639.75
1775522400,6640,6641,6639.5,6640
1775522460,6640.25,6642,6640.25,6641.25
1775522520,6641.25,6642.25,6640.5,6641.25
1775522580,6641.25,6641.5,6639.75,6640.5
1775522640,6640.5,6641.5,6640.5,6641
1775522700,6641.25,6643.75,6641,6642.5
1775522760,6643,6643.5,6642.25,6642.75
1775522820,6642.75,6643.75,6642.25,6643.25
1775522880,6643,6643.75,6642.5,6643.5
1775522940,6643.5,6644.5,6642.75,6644.5
1775523000,6644.5,6645.25,6643.5,6644.75
1775523060,6644.5,6644.75,6643.25,6643.5
1775523120,6643.75,6644,6643,6643.75
1775523180,6643.5,6643.75,6642.25,6642.5
1775523240,6642.5,6642.75,6641.75,6642
1775523300,6642.25,6642.5,6641,6641.25
1775523360,6641.5,6641.75,6640.5,6641
1775523420,6641,6641.5,6640,6640.75
1775523480,6640.5,6642,6640.5,6641.25
1775523540,6641.25,6641.5,6640.75,6640.75
1775523600,6641,6641.25,6636.5,6637.5
1775523660,6637.5,6639.5,6636.25,6638.75
1775523720,6638.75,6641.25,6638.25,6640.25
1775523780,6640.75,6642.25,6639.75,6642.25
1775523840,6642,6644,6641.5,6643
1775523900,6643,6643.5,6640.25,6641
1775523960,6641.25,6642,6639.5,6639.5
1775524020,6639.5,6640.5,6638.75,6640.25
1775524080,6640.5,6641,6637.25,6637.5
1775524140,6637.5,6638.25,6635,6636.25
1775524200,6636.25,6636.5,6631,6632.5
1775524260,6633,6635.25,6632.25,6634.75
1775524320,6634.5,6636.25,6634,6634.25
1775524380,6634.5,6635.75,6633.75,6634.5
1775524440,6634.5,6634.5,6630.25,6631.75
1775524500,6632,6632.75,6631.5,6632.5
1775524560,6632.75,6634.25,6632,6633.25
1775524620,6633.5,6635,6633.25,6634.75
1775524680,6634.75,6635.75,6634,6634.5
1775524740,6634.5,6636,6633.5,6635.5
1775524800,6635.75,6635.75,6634.25,6635.5
1775524860,6635.5,6636.25,6635.25,6636
1775524920,6635.5,6636,6635,6636
1775524980,6635.5,6635.5,6634,6634.25
1775525040,6634.5,6635.25,6634,6634.25
1775525100,6634.5,6635.25,6633.75,6634
1775525160,6634,6636,6633.25,6635.5
1775525220,6635.5,6636.75,6634.75,6636.5
1775525280,6636.5,6637.5,6635.75,6635.75
1775525340,6636.25,6636.5,6635.5,6635.75
1775525400,6636,6636,6634.5,6635.25
1775525460,6635.25,6636,6635,6635.75
1775525520,6636,6636.75,6635.75,6636.5
1775525580,6636.25,6636.25,6634.5,6635.25
1775525640,6635.5,6636.25,6634.5,6635
1775525700,6634.75,6635.25,6633.75,6634.25
1775525760,6634.25,6635,6633.5,6633.5
1775525820,6633.25,6633.25,6627.25,6629
1775525880,6628.75,6629.5,6625.5,6626
1775525940,6626.25,6627.25,6624.75,6626.5
1775526000,6626.75,6628,6626,6626.25
1775526060,6626.25,6627.25,6625.5,6626.25
1775526120,6626.5,6627.75,6624.5,6625
1775526180,6624.75,6626.5,6624.75,6626
1775526240,6626,6626.75,6624.5,6625
1775526300,6625.25,6627.75,6625,6626.25
1775526360,6626.25,6628,6625.75,6627.75
1775526420,6627.75,6628,6626.75,6627
1775526480,6627,6627.5,6626,6626
1775526540,6626,6626,6623.75,6624
1775526600,6624.25,6624.5,6621,6623.25
1775526660,6623.5,6623.75,6620.25,6621
1775526720,6621,6621.5,6616.75,6617.5
1775526780,6617.5,6619.5,6617.5,6618.5
1775526840,6618.5,6619.75,6618.25,6618.75
1775526900,6619.25,6620,6617.75,6618.5
1775526960,6618.5,6618.5,6612,6613
1775527020,6613,6614.5,6611.75,6613.25
1775527080,6613.25,6614.25,6612.25,6614
1775527140,6614,6614.75,6612.75,6613.75
1775527200,6614,6615,6611.75,6614.5
1775527260,6614.5,6614.75,6612,6612.75
1775527320,6612.5,6615,6612.5,6613.25
1775527380,6613.5,6616,6613.5,6614.75
1775527440,6614.5,6615.25,6613,6613.5
1775527500,6613.25,6615,6613,6615
1775527560,6615,6615.5,6614.5,6614.5
1775527620,6614.5,6614.75,6609.25,6610.5
1775527680,6610.25,6612.75,6609.75,6612
1775527740,6611.75,6614.25,6611.5,6614.25
1775527800,6614.25,6616.25,6613.75,6615.5
1775527860,6616,6616.5,6615.25,6615.75
1775527920,6616,6616,6612.25,6613.25
1775527980,6613.5,6613.75,6612.5,6612.75
1775528040,6612.75,6613,6611.25,6612.5
1775528100,6612.25,6612.75,6611.25,6612
1775528160,6612,6613.5,6611,6611.75
1775528220,6611.75,6612.5,6611,6611.75
1775528280,6611.75,6613,6611.75,6612.25
1775528340,6612.25,6615,6612.25,6614
1775528400,6614,6614.5,6612.5,6614
1775528460,6613.75,6614,6611.25,6611.75
1775528520,6611.5,6611.5,6610,6611
1775528580,6610.75,6612,6610.5,6611.5
1775528640,6611.75,6613.25,6611,6613.25
1775528700,6613.5,6615.75,6612.75,6615
1775528760,6614.75,6616,6613.75,6615
1775528820,6615,6616,6614.25,6615.5
1775528880,6616,6618.75,6616,6618
1775528940,6617.75,6618,6616.5,6617
1775529000,6617,6619.75,6617,6618.5
1775529060,6618.5,6618.75,6617.5,6618.5
1775529120,6618.5,6619.5,6618,6618.5
1775529180,6618.5,6620.25,6618.5,6619.75
1775529240,6619.5,6619.75,6618,6618.25
1775529300,6618,6618.5,6617.5,6618
1775529360,6617.75,6619.25,6616.75,6619.25
1775529420,6619.5,6620,6618,6618.75
1775529480,6618.75,6620,6618.75,6619.75
1775529540,6619.75,6620,6619,6620
1775529600,6620,6620.5,6619.25,6619.5
1775529660,6619.75,6620.5,6619.5,6619.75
1775529720,6620.25,6620.25,6619,6619.25
1775529780,6619.25,6619.25,6618.5,6618.75
1775529840,6619,6620.25,6619,6620
1775529900,6619.75,6620.25,6619.25,6620.25
1775529960,6620.25,6621,6619.5,6621
1775530020,6621,6621.5,6620.25,6621.5
1775530080,6621.5,6623,6621.5,6622.75
1775530140,6622.75,6623,6621.75,6622.25
1775530200,6622,6622.5,6621,6621
1775530260,6621,6621.25,6619.5,6619.5
1775530320,6619.75,6620.5,6619.25,6619.5
1775530380,6619.75,6620,6618.75,6619
1775530440,6619.25,6619.75,6618.75,6619.25
1775530500,6619.5,6620,6618.25,6619.25
1775530560,6619.25,6619.5,6618.5,6619.25
1775530620,6619.25,6621,6619,6620.5
1775530680,6620.25,6621.25,6619.75,6620.75
1775530740,6620.75,6621.25,6620.25,6621
1775530800,6621.25,6621.75,6620.5,6621
1775530860,6621.25,6622,6620.5,6620.75
1775530920,6620.75,6623,6620.25,6622.75
1775530980,6622.75,6622.75,6621.25,6621.25
1775531040,6621.25,6622,6620.75,6621.5
1775531100,6621.25,6621.25,6619,6619.25
1775531160,6619.25,6620,6618.75,6619.5
1775531220,6619,6619.75,6618.75,6619.5
1775531280,6619.75,6620.25,6619,6619.75
1775531340,6619.75,6620.5,6619.5,6620.5
1775531400,6620.5,6621.5,6620.25,6620.75
1775531460,6620.5,6620.75,6619.5,6619.5
1775531520,6620,6620.5,6619.5,6620.5
1775531580,6620.75,6621,6620,6620.25
1775531640,6620.25,6621.5,6620.25,6621
1775531700,6621.5,6621.75,6620.25,6621.75
1775531760,6621.5,6621.5,6620.25,6620.75
1775531820,6621,6621,6619,6619.5
1775531880,6619.25,6620.25,6618.75,6619.25
1775531940,6619.5,6619.75,6616.5,6617.25
1775532000,6617.5,6618.5,6616.25,6618.25
1775532060,6618.25,6619.25,6618,6618.5
1775532120,6618.25,6621,6618,6620
1775532180,6620.25,6621.5,6619.25,6621
1775532240,6621,6621.75,6620.25,6620.75
1775532300,6620.5,6621.5,6619.5,6620.25
1775532360,6620,6621,6620,6620
1775532420,6620.25,6621,6620,6620.75
1775532480,6621.25,6621.5,6620.5,6621
1775532540,6621.25,6621.5,6620.5,6620.75
1775532600,6621.25,6621.75,6620.25,6621.5
1775532660,6621.25,6624.75,6621.25,6623.5
1775532720,6623.5,6624.25,6622.75,6623.25
1775532780,6623.5,6623.75,6622.5,6622.75
1775532840,6622.5,6622.75,6621.5,6622.25
1775532900,6622,6622.25,6621,6622.25
1775532960,6622.25,6622.25,6621.25,6621.75
1775533020,6621.75,6622.25,6621.25,6622
1775533080,6622,6622.5,6621.25,6621.5
1775533140,6621.5,6622.25,6621.25,6621.25
1775533200,6621.5,6623.25,6621.25,6622
1775533260,6621.75,6622.5,6621.5,6622.25
1775533320,6622.25,6622.25,6621.5,6622
1775533380,6622.25,6622.75,6621.75,6622.25
1775533440,6622.5,6623.75,6622.5,6623.75
1775533500,6623.5,6623.5,6622.5,6623
1775533560,6623.25,6623.75,6622.25,6622.25
1775533620,6622.5,6622.75,6622,6622.75
1775533680,6622.75,6623,6622,6622.25
1775533740,6622.25,6622.25,6621.75,6622
1775533800,6622,6623,6621.75,6622.75
1775533860,6623,6623,6622.25,6622.5
1775533920,6622.25,6622.5,6621.25,6622
1775533980,6622.25,6622.5,6621.5,6621.5
1775534040,6621.75,6622.5,6621.75,6622.5
1775534100,6622.25,6623,6622.25,6622.5
1775534160,6622.5,6624,6622.5,6624
1775534220,6624,6624,6623.25,6623.25
1775534280,6623.25,6624,6622.5,6622.75
1775534340,6622.75,6623,6622.25,6622.25
1775534400,6622.25,6623,6622,6622.25
1775534460,6622.75,6623.75,6622.25,6623.25
1775534520,6623.25,6623.75,6623.25,6623.25
1775534580,6623.25,6624,6623,6623
1775534640,6623,6623.25,6621.25,6621.5
1775534700,6621.5,6621.75,6618.75,6620.5
1775534760,6620.75,6621.5,6620,6621
1775534820,6621.25,6622,6620.75,6620.75
1775534880,6620.75,6621.25,6620,6620.5
1775534940,6620.75,6620.75,6620,6620.5
1775535000,6620.5,6621.25,6620.5,6620.5
1775535060,6620.5,6620.5,6619.25,6620
1775535120,6620,6620,6618,6619
1775535180,6618.75,6618.75,6617.75,6617.75
1775535240,6617.75,6618.25,6617.25,6617.75
1775535300,6617.75,6619.5,6617.75,6619
1775535360,6619,6620.25,6618.75,6619
1775535420,6619.25,6619.25,6618.25,6618.25
1775535480,6618.25,6618.5,6616.75,6617.25
1775535540,6617.5,6618,6616.25,6617
1775535600,6617.25,6618,6616.5,6617
1775535660,6616.75,6617.5,6616.75,6617.5
1775535720,6617.25,6618.25,6616.5,6617.5
1775535780,6617.25,6621.25,6617.25,6620.75
1775535840,6620.75,6622,6620.25,6622
1775535900,6622,6625.5,6621.5,6623
1775535960,6622.75,6623.5,6622.25,6622.5
1775536020,6622.5,6622.5,6621,6621.5
1775536080,6621.75,6622.5,6621.25,6622.5
1775536140,6622.25,6623.25,6621.5,6621.75
1775536200,6621.75,6625.5,6621.5,6625
1775536260,6624.75,6624.75,6623.25,6624
1775536320,6624,6624.25,6623.25,6623.75
1775536380,6623.5,6625.75,6623,6625.25
1775536440,6625.25,6627,6624.25,6626
1775536500,6626.25,6627.25,6625.5,6625.5
1775536560,6625.25,6625.75,6624.75,6625.5
1775536620,6625.25,6626.25,6625,6625.75
1775536680,6625.75,6626.25,6624.5,6625.25
1775536740,6625,6625.75,6624.75,6625.5
1775536800,6625.5,6625.75,6624,6625
1775536860,6624.75,6625,6624,6624.25
1775536920,6624.25,6624.75,6623.75,6624
1775536980,6623.75,6625,6623.75,6624.25
1775537040,6624.25,6624.5,6623.5,6624.5
1775537100,6624.5,6625.25,6624,6625.25
1775537160,6625.25,6626,6625,6625.5
1775537220,6625.5,6627.25,6625.25,6627
1775537280,6627.25,6628.5,6626.5,6628
1775537340,6628,6628.25,6627.5,6628
1775537400,6628,6629,6627.25,6628.25
1775537460,6628,6628,6626.75,6627
1775537520,6626.75,6627,6625.5,6626.5
1775537580,6626.5,6627,6625.5,6626.5
1775537640,6626.5,6627.25,6626.5,6627.25
1775537700,6627.25,6628.25,6627,6627.75
1775537760,6627.75,6627.75,6626.5,6627
1775537820,6626.75,6627,6626.5,6626.5
1775537880,6626.5,6626.75,6625.75,6625.75
1775537940,6626,6626.25,6625.75,6625.75
1775538000,6626.25,6627.5,6626,6626.5
1775538060,6626,6628.75,6625.75,6628.25
1775538120,6628.5,6628.75,6627.25,6627.25
1775538180,6627.75,6627.75,6626.5,6626.5
1775538240,6626.5,6626.75,6625.75,6626.25
1775538300,6625.75,6627.25,6625.75,6627.25
1775538360,6627.25,6627.25,6625.5,6625.75
1775538420,6625.75,6626.5,6625.5,6626.5
1775538480,6626.75,6626.75,6625.75,6626
1775538540,6625.75,6626,6625.25,6625.75
1775538600,6626,6627.25,6625.25,6626.5
1775538660,6626.5,6627,6626.25,6626.5
1775538720,6626.75,6627.75,6626.75,6627.25
1775538780,6627.25,6627.5,6627.25,6627.25
1775538840,6627.25,6627.5,6626.75,6627
1775538900,6626.75,6627.25,6626.5,6626.5
1775538960,6626.5,6627,6626,6627
1775539020,6627.25,6627.5,6626.25,6626.25
1775539080,6626.5,6627,6626.25,6626.75
1775539140,6627,6627.5,6626.5,6627
1775539200,6626.75,6628,6626.75,6627.75
1775539260,6627.5,6628.5,6627.25,6628.25
1775539320,6628.5,6628.75,6627.5,6627.5
1775539380,6627.5,6627.75,6625.25,6625.5
1775539440,6625.75,6626,6622.5,6624.5
1775539500,6624.5,6625.5,6623.75,6624.5
1775539560,6624,6624.5,6622.25,6623.5
1775539620,6623.5,6624.25,6623.5,6623.5
1775539680,6623.25,6623.5,6621.25,6621.25
1775539740,6621.5,6622,6620.75,6621.25
1775539800,6621.5,6622.5,6618.75,6619.75
1775539860,6620,6620.75,6619.25,6620.5
1775539920,6620.5,6622.25,6620.5,6621.25
1775539980,6621.25,6621.25,6619.75,6619.75
1775540040,6619.75,6620.75,6619.25,6619.5
1775540100,6619.75,6620.75,6619,6620.25
1775540160,6620,6620,6618,6618.25
1775540220,6618.25,6620,6618,6619.75
1775540280,6619.75,6620.75,6619.25,6620.75
1775540340,6620.5,6621.25,6620,6620.25
1775540400,6620.25,6620.5,6619.25,6619.5
1775540460,6619.5,6619.5,6618.25,6618.5
1775540520,6618.5,6619,6617.25,6618.75
1775540580,6618.5,6619,6618,6618.5
1775540640,6618.5,6619,6618,6618.25
1775540700,6618.25,6619,6617.5,6618.75
1775540760,6619,6620.5,6619,6619.5
1775540820,6619.5,6619.75,6618,6618.5
1775540880,6619,6619.75,6618.5,6618.75
1775540940,6619,6619.25,6618.25,6619
1775541000,6619.25,6620.5,6618.5,6620.5
1775541060,6620.5,6622.75,6620.25,6622.5
1775541120,6622.5,6622.5,6621,6621.75
1775541180,6621.5,6621.75,6620.75,6621.25
1775541240,6622,6622,6620.5,6621.5
1775541300,6621.5,6623.25,6621.5,6622.75
1775541360,6623,6623.75,6622,6623.75
1775541420,6623.75,6623.75,6623,6623.25
1775541480,6623,6623.25,6622,6622.25
1775541540,6622.5,6623,6622.25,6622.75
1775541600,6622.75,6623.75,6622,6623
1775541660,6623.25,6623.25,6621.25,6621.75
1775541720,6622.25,6623.5,6621.5,6622.5
1775541780,6622.25,6624.5,6622,6623.25
1775541840,6623,6623.25,6622.5,6622.75
1775541900,6622.5,6622.5,6621.25,6621.25
1775541960,6621.25,6622.5,6621.25,6621.5
1775542020,6622.25,6623,6621.5,6623
1775542080,6623.25,6625,6622.75,6624.75
1775542140,6624.25,6625,6622.75,6623
1775542200,6623,6623,6621.5,6622.25
1775542260,6622,6622,6620.5,6621.25
1775542320,6621.5,6622.25,6621,6621.75
1775542380,6622,6622.75,6620.5,6621.25
1775542440,6620.75,6621.25,6620.25,6620.75
1775542500,6620.75,6621.25,6619.5,6621.25
1775542560,6621,6622.25,6620.25,6620.25
1775542620,6620.5,6622.75,6620.25,6622
1775542680,6622,6622,6620.25,6621.25
1775542740,6621.25,6622.25,6620.75,6621
1775542800,6621,6622,6620.75,6621.25
1775542860,6621.25,6621.25,6620.25,6620.75
1775542920,6620.5,6621,6618.5,6619.25
1775542980,6619.25,6620.75,6619,6619.75
1775543040,6619.5,6624,6619.25,6624
1775543100,6623.75,6626,6623.5,6623.5
1775543160,6623.5,6625.25,6623.25,6624.25
1775543220,6624.5,6625.75,6624.5,6625.75
1775543280,6625.5,6625.5,6623.25,6624.5
1775543340,6624.5,6626.75,6624.25,6626.75
1775543400,6626.75,6628,6626,6627.25
1775543460,6627.25,6627.25,6625.5,6626.5
1775543520,6626.25,6626.25,6624.5,6625.25
1775543580,6625.25,6625.75,6623.5,6624.25
1775543640,6623.75,6624,6622.25,6622.5
1775543700,6622.25,6624.5,6622.25,6624.25
1775543760,6624.25,6625,6623.75,6624.25
1775543820,6624.5,6625.5,6624.25,6625
1775543880,6625,6626.75,6624.75,6626.5
1775543940,6626.5,6626.5,6625.5,6625.75
1775544000,6625.5,6625.75,6624.5,6624.5
1775544060,6624.5,6625.25,6624,6624.75
1775544120,6624.5,6625.5,6623,6624.75
1775544180,6625,6626.25,6625,6625.75
1775544240,6625.75,6626,6624.75,6625
1775544300,6625,6625.75,6623.75,6624
1775544360,6624,6624.25,6621.5,6623.25
1775544420,6623.25,6624,6622.5,6622.5
1775544480,6622.75,6623,6622,6622.75
1775544540,6622.75,6623.75,6622.5,6623.75
1775544600,6623.75,6624.75,6623.25,6624
1775544660,6624,6625.5,6624,6624.75
1775544720,6624.5,6626,6623.5,6625.5
1775544780,6625.5,6626,6625,6625.75
1775544840,6626,6626.25,6624.75,6624.75
1775544900,6624.75,6626,6624.5,6626
1775544960,6625.75,6626.25,6624,6624.5
1775545020,6624.5,6626.25,6624.5,6625.5
1775545080,6625.25,6626.25,6625.25,6625.25
1775545140,6625.25,6627,6624.5,6627
1775545200,6627,6629,6625,6625.25
1775545260,6625.5,6628.75,6624.25,6628.5
1775545320,6628.5,6630.5,6627.25,6628
1775545380,6628.25,6628.5,6627.25,6628
1775545440,6627.75,6628,6624.75,6626.25
1775545500,6626.25,6626.5,6624,6624.25
1775545560,6624,6625.25,6623.5,6624.75
1775545620,6624.75,6625.75,6623.75,6625.5
1775545680,6625.5,6626.5,6624.25,6625
1775545740,6625,6627,6624.5,6626.25
1775545800,6626.25,6626.5,6625,6626
1775545860,6626,6628.75,6622.5,6623.5
1775545920,6623.75,6625.75,6623.5,6625.75
1775545980,6625.75,6627.75,6624,6627.75
1775546040,6627.5,6627.75,6626.5,6627
1775546100,6627,6627,6625,6626
1775546160,6625.5,6627.75,6625.25,6625.25
1775546220,6625.5,6627.25,6625.5,6627.25
1775546280,6627.5,6627.5,6625.75,6626.75
1775546340,6626.75,6626.75,6624.5,6625.5
1775546400,6625.5,6627.75,6625,6625.5
1775546460,6625.25,6626,6623.75,6624
1775546520,6623.5,6623.5,6621.25,6622.5
1775546580,6623,6623.5,6621.25,6623.25
1775546640,6623.25,6624.75,6622.25,6624.5
1775546700,6624.5,6626.75,6624,6625.5
1775546760,6625.5,6626,6623,6624.75
1775546820,6624.75,6624.75,6621.5,6622.5
1775546880,6622.75,6624.5,6622.75,6624
1775546940,6624,6624.75,6622.75,6622.75
1775547000,6622.75,6624.25,6622.5,6624
1775547060,6624.25,6625.25,6623.25,6623.25
1775547120,6623.5,6626.75,6623.25,6626
1775547180,6626,6626.75,6625.5,6625.5
1775547240,6625.5,6626,6623.75,6624
1775547300,6624.25,6625.25,6623.75,6624.75
1775547360,6625,6626.25,6625,6625.5
1775547420,6625.5,6625.5,6624,6624.5
1775547480,6624.25,6625,6623.25,6624.25
1775547540,6624,6625.5,6623.75,6625.5
1775547600,6625,6626.25,6625,6626
1775547660,6625.5,6625.75,6624.5,6625.75
1775547720,6625.75,6626.5,6625.25,6626.5
1775547780,6626.25,6628,6626.25,6627.75
1775547840,6628,6630,6627.75,6628.25
1775547900,6628,6628.75,6627.5,6628
1775547960,6628,6629,6627.5,6628.25
1775548020,6628.25,6628.5,6626.5,6627
1775548080,6626.75,6627.25,6626,6626.75
1775548140,6626.5,6627.25,6625.75,6626
1775548200,6626.25,6626.5,6624.75,6625.75
1775548260,6626,6627,6624.75,6625.25
1775548320,6625,6625.25,6623.25,6623.75
1775548380,6623.75,6624.75,6623,6624
1775548440,6624,6624.25,6623,6623
1775548500,6623.25,6624,6622.25,6623.25
1775548560,6623.25,6624.5,6622.75,6624.25
1775548620,6624.25,6626.5,6624.25,6625.25
1775548680,6625.25,6627.5,6625.25,6627.25
1775548740,6627,6628.5,6626.75,6628
1775548800,6628,6632.5,6627.75,6632.5
1775548860,6632.5,6636,6630.75,6635.75
1775548920,6635.75,6651.25,6635.25,6646.25
1775548980,6645.75,6646,6636.75,6637.5
1775549040,6637.5,6637.75,6631.75,6632.75
1775549100,6632.5,6635.5,6631.75,6634.25
1775549160,6633.75,6634.5,6630.5,6632.75
1775549220,6633,6634.75,6632,6634
1775549280,6633.5,6636,6633.25,6634.75
1775549340,6634.5,6637.75,6634.5,6637
1775549400,6636.75,6638.25,6635.5,6638
1775549460,6637.75,6643.25,6637.75,6642.75
1775549520,6642.75,6645,6641.75,6641.75
1775549580,6641.75,6643.5,6640.5,6643.25
1775549640,6643.25,6645,6641.75,6643.5
1775549700,6643.5,6646.25,6641.25,6646
1775549760,6646.25,6647.25,6644.25,6646
1775549820,6645.75,6646,6642.5,6643
1775549880,6642.75,6643.75,6640.25,6643.25
1775549940,6643.5,6647,6643.25,6646.5
1775550000,6646.5,6649.5,6645.25,6649.25
1775550060,6649.5,6651.75,6647.75,6650.25
1775550120,6650.25,6651.5,6649,6650
1775550180,6650.25,6651.25,6648.5,6650.5
1775550240,6650.5,6654.5,6650,6651.5
1775550300,6651.5,6651.75,6648.25,6650.75
1775550360,6650.5,6650.75,6647,6649
1775550420,6649.25,6649.5,6646.5,6647.25
1775550480,6647.5,6648.5,6645.75,6647.25
1775550540,6647.25,6648,6644,6648
1775550600,6647.75,6649.75,6646.5,6649.25
1775550660,6649.5,6653,6649.25,6652
1775550720,6652,6658.5,6652,6656.25
1775550780,6656,6657.25,6655,6656
1775550840,6655.5,6657,6654,6656.75
1775550900,6656.25,6659.25,6654.5,6656.25
1775550960,6656.5,6657,6654.75,6655
1775551020,6654.75,6655,6653,6654.5
1775551080,6654.25,6656.25,6653.75,6655
1775551140,6654.75,6655.25,6654,6654.75
1775551200,6654.25,6654.75,6652.75,6653.25
1775551260,6653.25,6653.5,6651.25,6651.75
1775551320,6652,6653.5,6651.5,6652.75
1775551380,6652.75,6653.75,6651.75,6653.75
1775551440,6653.5,6655.75,6653,6654.75
1775551500,6654.75,6657,6654.25,6656
1775551560,6656,6656.25,6652.75,6653.5
1775551620,6653.75,6654.25,6652.5,6653.25
1775551680,6653.5,6654,6651.5,6653.25
1775551740,6653.25,6655.25,6653,6653.25
1775551800,6653.25,6653.25,6651.25,6653
1775551860,6653,6653,6651,6651.5
1775551920,6651.5,6652.5,6651,6652
1775551980,6652,6653.25,6651,6651.25
1775552040,6651,6653.75,6651,6652.25
1775552100,6652.25,6653.25,6651.75,6652.25
1775552160,6652,6652.75,6651.5,6652.75
1775552220,6653,6655.5,6652.5,6655.25
1775552280,6655.25,6657.25,6654.75,6655.5
1775552340,6655.75,6656.75,6654,6654.75
1775552400,6654.75,6655.75,6653.75,6655
1775552460,6655,6656.5,6654,6656.5
1775552520,6656.5,6657.5,6655.5,6657
1775552580,6657,6658.25,6656.25,6656.5
1775552640,6656.5,6657.25,6655.5,6656.5
1775552700,6656.25,6656.5,6654.75,6655.25
1775552760,6655.25,6655.5,6653,6654
1775552820,6654.25,6655.75,6653.25,6654.25
1775552880,6654.5,6657.5,6653.75,6656.5
1775552940,6656.5,6659.25,6656.5,6658.25
1775553000,6658,6661,6658,6659.5
1775553060,6659.25,6659.75,6657.25,6659.25
1775553120,6659.75,6661.5,6659.75,6659.75
1775553180,6659.25,6660.5,6658.5,6659.25
1775553240,6659.25,6659.5,6656.75,6657.25
1775553300,6657.5,6657.75,6655.5,6656.5
1775553360,6656.5,6659.5,6656.25,6658.25
1775553420,6658.25,6663.75,6658,6661.75
1775553480,6661.25,6661.75,6659.5,6660.75
1775553540,6660.75,6661.25,6660,6660.75
1775553600,6660.75,6662.75,6659.75,6662
1775553660,6662.25,6663.25,6661.25,6662.25
1775553720,6662,6663.25,6661.5,6662.5
1775553780,6662.5,6663.25,6660.75,6661.5
1775553840,6661.5,6663.5,6661.25,6662.75
1775553900,6663.25,6663.75,6661.5,6662.75
1775553960,6662.5,6666.25,6662.5,6665
1775554020,6664.75,6666.5,6664.5,6665
1775554080,6665.25,6666,6657.75,6663
1775554140,6663.75,6666.5,6662.75,6664.5
1775554200,6664.25,6665.75,6663.75,6664.75
1775554260,6665,6665.25,6663.25,6664.75
1775554320,6664.75,6666.25,6664,6664.5
1775554380,6664.25,6666,6663.5,6665.25
1775554440,6665.25,6667.25,6665,6666.75
1775554500,6666.5,6666.5,6665.25,6666.5
1775554560,6666.5,6666.75,6664.75,6666
1775554620,6665.75,6665.75,6663.5,6664.25
1775554680,6663.75,6664.75,6663.25,6664.5
1775554740,6664.25,6664.25,6662.25,6663.75
1775554800,6663.25,6663.75,6662.5,6662.75
1775554860,6662.5,6663.5,6662,6662.5
1775554920,6662.5,6662.5,6660.5,6661.75
1775554980,6661.75,6662.25,6660.75,6661.25
1775555040,6661.25,6661.5,6659.75,6660
1775555100,6660,6660.25,6658.75,6659
1775555160,6659,6659,6656.75,6657.25
1775555220,6657.5,6659.25,6657,6658.75
1775555280,6658.75,6661.5,6658.75,6660.5
1775555340,6660.25,6661.25,6659.5,6659.5
1775555400,6659.5,6661.25,6659,6661
1775555460,6661,6663.25,6661,6663.25
1775555520,6663,6663.25,6660.75,6660.75
1775555580,6661,6662.5,6661,6662.25
1775555640,6662,6662,6661,6661.75
1775555700,6662,6662.5,6660,6660.75
1775555760,6660.75,6662,6660.5,6661.25
1775555820,6661,6662.5,6661,6661.75
1775555880,6662.25,6663,6661.75,6662
1775555940,6662.25,6662.5,6660.75,6660.75
1775556000,6661,6661.75,6660,6661
1775556060,6660.75,6664,6660.75,6662.25
1775556120,6662,6662.5,6661,6661.5
1775556180,6661.5,6661.75,6658,6658.5
1775556240,6658.5,6659.5,6657,6658.5
1775556300,6658.5,6661.25,6657.5,6660.75
1775556360,6660.75,6660.75,6657.75,6657.75
1775556420,6658,6659.75,6658,6659.5
1775556480,6659.75,6660.25,6658.5,6659.25
1775556540,6659.5,6659.5,6639.75,6654.5
1775556600,6654.5,6657.75,6648,6650.75
1775556660,6651.25,6656.75,6649.5,6654.75
1775556720,6654.75,6659.25,6654,6657.25
1775556780,6657,6658.25,6656.25,6657.5
1775556840,6657.25,6660.25,6655,6656.75
1775556900,6656.5,6662.25,6656,6661.75
1775556960,6661.25,6662.25,6658.25,6658.75
1775557020,6658.75,6659.5,6657.75,6658.5
1775557080,6658.75,6659,6656.75,6657.75
1775557140,6657.5,6657.75,6655.5,6657.5
1775557200,6657.5,6661.25,6656.5,6659
1775557260,6659,6659.5,6655.75,6657.5
1775557320,6657.75,6658.25,6656.5,6657
1775557380,6657.25,6658,6656,6657
1775557440,6657.25,6659,6656.75,6658.75
1775557500,6658.75,6658.75,6646.25,6646.5
1775557560,6646.75,6647.75,6642.25,6645.25
1775557620,6645.5,6649.75,6644.5,6649
1775557680,6649,6655.5,6648.25,6651.5
1775557740,6651.5,6654,6650,6652
1775557800,6652,6653,6650,6650.25
1775557860,6650.75,6652.25,6647.75,6648.75
1775557920,6648.5,6650.5,6645.75,6646.75
1775557980,6646.75,6647.25,6645.25,6646
1775558040,6646.25,6646.25,6644.5,6645.25
1775558100,6645.5,6646.25,6643.75,6645
1775558160,6644.5,6646,6644,6644.5
1775558220,6644.75,6644.75,6640,6642.5
1775558280,6642.5,6643.75,6641.25,6641.75
1775558340,6642,6644,6638.75,6640
1775558400,6640.25,6642.25,6639.5,6640.5
1775558460,6640.5,6641,6637,6639.75
1775558520,6639.75,6644.25,6639,6642.5
1775558580,6642.5,6643.25,6634,6636.25
1775558640,6636.25,6640.5,6635,6639
1775558700,6639.25,6639.75,6632.5,6633
1775558760,6633.25,6634,6629.5,6632
1775558820,6632.25,6632.5,6630,6630.75
1775558880,6631,6631.25,6626,6629
1775558940,6629,6630.25,6628.25,6628.75
1775559000,6629,6629.5,6627,6628.5
1775559060,6628.5,6629.75,6627.75,6628.5
1775559120,6628.75,6628.75,6618.5,6619.25
1775559180,6619,6624.5,6616.25,6623
1775559240,6623,6625.25,6622.25,6623
1775559300,6623.25,6624.75,6620.5,6622
1775559360,6622,6622.25,6614,6615.5
1775559420,6615.25,6619.25,6614.5,6618.25
1775559480,6618,6621,6617.75,6618.5
1775559540,6618.25,6620.25,6616.5,6618.25
1775559600,6618.25,6621.75,6618,6620.25
1775559660,6620,6621.25,6618.75,6620
1775559720,6619.5,6620,6616.75,6619.25
1775559780,6619.25,6622.25,6619.25,6621
1775559840,6621,6623,6620.5,6621.5
1775559900,6622,6623,6620.5,6622.75
1775559960,6623,6624.75,6621,6621.25
1775560020,6621.5,6622.25,6618,6621.5
1775560080,6621.5,6626,6621.5,6625
1775560140,6625.25,6628,6624.25,6627.75
1775560200,6627.75,6628,6621.25,6622.5
1775560260,6622.25,6625.5,6622.25,6624
1775560320,6624.25,6625.5,6623.75,6625
1775560380,6625.25,6625.25,6623.25,6625
1775560440,6624.75,6625.75,6623.25,6624
1775560500,6624.25,6631.5,6624.25,6626.5
1775560560,6626.25,6627.25,6625.5,6627.25
1775560620,6627,6628.75,6626.5,6628.25
1775560680,6628.5,6629.75,6627,6628.75
1775560740,6629,6630.25,6628.5,6629.5
1775560800,6629.75,6630.25,6628,6628.5
1775560860,6628.5,6628.5,6626.25,6626.5
1775560920,6627,6630,6626.75,6629
1775560980,6628.5,6629.25,6625.75,6628.25
1775561040,6628,6628.25,6625,6626.5
1775561100,6626.25,6628.75,6626,6628.25
1775561160,6628.5,6631.5,6628.25,6630.75
1775561220,6631,6631,6626,6627
1775561280,6626.75,6627,6624.5,6625.5
1775561340,6625.5,6626.25,6623,6623.5
1775561400,6623.25,6623.75,6621.5,6623.75
1775561460,6623.75,6624.25,6621.25,6621.25
1775561520,6621.5,6622.75,6619.75,6620
1775561580,6619.75,6620.25,6617.5,6618
1775561640,6618.25,6618.75,6617,6617.5
1775561700,6618.25,6618.25,6614.5,6615.25
1775561760,6615.5,6616.25,6612.25,6613.75
1775561820,6613.75,6623,6611.25,6619
1775561880,6618.75,6621,6616.75,6619.75
1775561940,6619.75,6621,6617.5,6619.25
1775562000,6619.25,6620.25,6617,6619.75
1775562060,6620,6622.5,6619.75,6621.5
1775562120,6621.25,6621.25,6616.25,6619.25
1775562180,6619.25,6623,6619,6621.75
1775562240,6621.5,6622.25,6619.75,6621.5
1775562300,6621.5,6622,6619.75,6620.5
1775562360,6620.75,6620.75,6618.5,6619.25
1775562420,6619.75,6621.5,6619.5,6621
1775562480,6621,6621.5,6619.25,6619.75
1775562540,6619.75,6620.75,6619.5,6620
1775562600,6619.75,6620,6618.25,6619.75
1775562660,6620,6620.25,6617.25,6617.5
1775562720,6618,6618.5,6616.25,6617.75
1775562780,6617.75,6620.5,6617.25,6619
1775562840,6619,6619.75,6617.75,6619
1775562900,6619.25,6620,6618.5,6619.5
1775562960,6619.5,6620.5,6618.25,6619.75
1775563020,6619.5,6621.5,6618.75,6620.75
1775563080,6620.5,6621.25,6620.25,6621.25
1775563140,6621,6621.75,6619.5,6619.75
1775563200,6619.5,6620.5,6617,6617.75
1775563260,6618.25,6618.75,6616.25,6617
1775563320,6617.25,6619.25,6617.25,6617.5
1775563380,6617.5,6618,6615.5,6617
1775563440,6617,6617,6615.75,6617
1775563500,6616.75,6618,6614.75,6615.75
1775563560,6615.5,6625.5,6602,6609.75
1775563620,6610,6611.25,6602.75,6609
1775563680,6609,6611.75,6604.75,6611
1775563740,6610.75,6615,6610.75,6613.75
1775563800,6613.75,6615,6610.25,6613
1775563860,6612.75,6615.5,6611.5,6614.25
1775563920,6614.5,6616.5,6612,6613.5
1775563980,6613,6613.5,6609.75,6611.75
1775564040,6611.75,6613.75,6611,6611
1775564100,6611.75,6613.75,6610.25,6611.5
1775564160,6611.5,6612,6607.25,6610.75
1775564220,6611,6617.75,6610.25,6614.5
1775564280,6614.5,6625.5,6614.5,6623
1775564340,6623,6625,6617,6620.5
1775564400,6620.5,6621.75,6619,6619.75
1775564460,6620.25,6626,6619.25,6625
1775564520,6625,6625.5,6623.25,6624.5
1775564580,6624,6624.25,6619.25,6620
1775564640,6620.25,6629,6619.75,6623
1775564700,6623.25,6627.25,6623.25,6625.25
1775564760,6625.5,6627,6623,6623.75
1775564820,6623.5,6628,6623.5,6627.5
1775564880,6627.5,6628.25,6625,6626
1775564940,6626.5,6628.5,6625.25,6627.75
1775565000,6628.25,6629.75,6626.25,6627
1775565060,6627,6629.5,6625,6626
1775565120,6625.25,6625.75,6621.5,6622.25
1775565180,6622.25,6623.25,6621.25,6621.5
1775565240,6621.5,6623.25,6621,6623
1775565300,6623.25,6623.75,6620.75,6623.75
1775565360,6623.5,6624,6622,6623
1775565420,6623,6624.25,6622.25,6624
1775565480,6624.25,6625,6622,6622.5
1775565540,6622.5,6624.5,6622,6623.75
1775565600,6623.5,6624,6622,6622.25
1775565660,6622.5,6623.75,6620,6621.25
1775565720,6621.25,6621.75,6620,6620.75
1775565780,6620.75,6621,6618.5,6619.5
1775565840,6619.75,6622.5,6619.75,6621.75
1775565900,6622,6622.5,6620.75,6621.25
1775565960,6621,6622.5,6619.25,6621
1775566020,6621,6621,6619.5,6620
1775566080,6620,6620.25,6616.75,6617.5
1775566140,6617.5,6618.5,6616.5,6617.25
1775566200,6617.25,6618.25,6616,6617.25
1775566260,6617.25,6620.5,6617.25,6620
1775566320,6620,6622.5,6619.5,6621.75
1775566380,6621.75,6624.75,6621.5,6624.25
1775566440,6624,6625,6623,6624
1775566500,6623.75,6640.75,6620.75,6635.5
1775566560,6635.5,6635.75,6626.75,6627.25
1775566620,6627.5,6627.5,6623.75,6624.5
1775566680,6624.25,6628.75,6623.5,6624
1775566740,6624,6625.25,6623,6624
1775566800,6624,6625.5,6621.5,6622
1775566860,6622,6626.5,6621.25,6625.25
1775566920,6625.5,6627,6625.25,6626
1775566980,6626,6627.75,6625,6627.25
1775567040,6627.25,6628.5,6626.5,6626.75
1775567100,6627,6629.5,6626,6628.25
1775567160,6628.5,6632,6628.25,6630.5
1775567220,6630.5,6631.75,6628.5,6628.75
1775567280,6628.5,6630.25,6628.25,6629.5
1775567340,6629.25,6629.25,6626.75,6627.5
1775567400,6627.75,6628,6623.75,6624
1775567460,6624.25,6625.5,6623.75,6624.75
1775567520,6625,6627,6625,6626
1775567580,6625.75,6628.25,6625.25,6628.25
1775567640,6628.25,6628.25,6620.25,6627.25
1775567700,6627.25,6629.5,6627.25,6628
1775567760,6628,6628.5,6624.5,6627
1775567820,6627,6627.75,6624.75,6626.5
1775567880,6626.5,6626.75,6623.25,6625.25
1775567940,6625.25,6626.25,6623.25,6623.75
1775568000,6623.75,6626,6623,6625.25
1775568060,6625,6626.5,6624.25,6626
1775568120,6626,6630.5,6625.25,6629
1775568180,6629,6629.25,6627.5,6628.25
1775568240,6628.25,6630,6627.5,6628.5
1775568300,6628.5,6629.75,6627.25,6629.25
1775568360,6629.25,6630.5,6626.5,6627
1775568420,6627.25,6628,6624.25,6627.25
1775568480,6627.25,6629.75,6627.25,6629
1775568540,6628.75,6629.75,6627.25,6629
1775568600,6629.5,6639.25,6628.25,6629.5
1775568660,6629.25,6630.25,6620,6622
1775568720,6622,6626.25,6619.25,6621.5
1775568780,6621.5,6623.5,6619.25,6621
1775568840,6621.25,6623.5,6619.5,6619.75
1775568900,6620,6620,6614.5,6618
1775568960,6618,6626.25,6617.75,6621
1775569020,6621,6625.5,6620.5,6621.5
1775569080,6621.75,6624.5,6618.75,6619.25
1775569140,6619,6620.75,6613.75,6614.75
1775569200,6615,6619.5,6612,6612.25
1775569260,6612.5,6615.75,6611,6612.75
1775569320,6612.75,6616.25,6612.75,6614.5
1775569380,6614.5,6618.5,6614.25,6614.5
1775569440,6614.25,6614.75,6611.25,6612.25
1775569500,6612.25,6615,6609,6611.75
1775569560,6611.75,6612.75,6609.25,6611
1775569620,6611,6611.5,6606,6607
1775569680,6607.25,6609.75,6604,6605.75
1775569740,6605.75,6610.5,6605.75,6608
1775569800,6608.25,6609.75,6605,6607.25
1775569860,6607.25,6611.5,6605.25,6608.75
1775569920,6608.5,6614,6608.25,6612.5
1775569980,6612.75,6615.25,6609.25,6615.25
1775570040,6615.25,6620.25,6614.75,6620
1775570100,6619.75,6622.25,6616.5,6618.5
1775570160,6618.5,6618.75,6608.5,6611
1775570220,6611,6612.5,6607,6608.75
1775570280,6608.75,6610.5,6606.25,6607.75
1775570340,6607.75,6609.5,6602.25,6603
1775570400,6603,6604.75,6597.5,6600.5
1775570460,6600.5,6601.5,6596.5,6598.25
1775570520,6598,6600.25,6595.75,6599
1775570580,6598.75,6600.25,6596.75,6597.5
1775570640,6597.5,6598.75,6595.5,6597.25
1775570700,6597.25,6597.75,6593.75,6595.25
1775570760,6595.25,6595.25,6584.5,6584.75
1775570820,6584.5,6591.5,6584.5,6586
1775570880,6585.75,6587.5,6581.25,6582.25
1775570940,6582,6586.25,6582,6586
1775571000,6586,6590,6585.5,6588.75
1775571060,6588.75,6591.25,6585.25,6588.25
1775571120,6588,6590.75,6586,6586.5
1775571180,6586.5,6588.75,6584.75,6587.5
1775571240,6587.25,6591.25,6587,6589.75
1775571300,6589.5,6592.5,6588.25,6591.75
1775571360,6591.5,6597,6591.5,6592.75
1775571420,6592.75,6594,6590,6592
1775571480,6592,6593.75,6590,6592.5
1775571540,6592.25,6595.5,6589.5,6595
1775571600,6595,6601.5,6594.75,6598.5
1775571660,6598.5,6608.75,6597.75,6606.25
1775571720,6606,6608,6602.75,6603.75
1775571780,6603.5,6609.75,6601.75,6608.25
1775571840,6608,6610.5,6606.25,6607.5
1775571900,6607.5,6608.25,6605.25,6607.5
1775571960,6607.25,6607.5,6603.75,6606.5
1775572020,6606.25,6606.25,6600.25,6601.75
1775572080,6601.75,6602.5,6599.25,6600.5
1775572140,6600.5,6608.25,6600.25,6606.75
1775572200,6606.75,6608.5,6603.75,6604
1775572260,6604,6605,6601,6604
1775572320,6604,6606.25,6602,6602.75
1775572380,6602.75,6616.5,6602.25,6614.25
1775572440,6614.25,6614.25,6609,6609
1775572500,6609.25,6610.25,6603.5,6607.5
1775572560,6607.5,6610.75,6604.25,6609
1775572620,6608.75,6611.75,6606.5,6610.25
1775572680,6610.5,6611.5,6607.25,6609.5
1775572740,6609,6609,6603.25,6606.25
1775572800,6606.5,6608.5,6605,6605.5
1775572860,6605.5,6607.75,6604.25,6605.75
1775572920,6606,6606.25,6602,6603.25
1775572980,6603.25,6604.25,6600,6600.5
1775573040,6600.5,6607,6600.5,6603.5
1775573100,6603.5,6605,6600.5,6602.25
1775573160,6602.25,6614.5,6602.25,6606
1775573220,6605.75,6606,6603,6603.75
1775573280,6603.75,6604.5,6601.25,6602
1775573340,6602.25,6605.75,6602,6602.75
1775573400,6602.75,6604.25,6598.75,6599.75
1775573460,6600,6602.25,6596.5,6597.5
1775573520,6597.5,6598.75,6596.25,6598.5
1775573580,6598.25,6604,6598,6601.75
1775573640,6601.5,6601.5,6599.25,6600.5
1775573700,6600.5,6600.5,6596,6596.75
1775573760,6596.5,6598.25,6595,6596.75
1775573820,6597,6598.25,6593.75,6597.25
1775573880,6597.25,6599.5,6591,6592
1775573940,6592,6592.75,6587.75,6588.25
1775574000,6588.5,6589,6583,6586.5
1775574060,6586.5,6587.5,6583.75,6586.25
1775574120,6586.25,6589.5,6579.25,6583.25
1775574180,6583.25,6585,6581.75,6583.75
1775574240,6583.75,6584.75,6580,6581
1775574300,6580.75,6580.75,6573.25,6574.5
1775574360,6574.25,6576.75,6572.75,6575.25
1775574420,6575.25,6578.75,6575.25,6577
1775574480,6576.75,6577.75,6573.5,6574.25
1775574540,6574.5,6576.5,6573.25,6576.5
1775574600,6576.25,6584,6576,6581.5
1775574660,6581.5,6587.25,6580.5,6584.75
1775574720,6584.75,6585.5,6582.75,6583.25
1775574780,6583,6583.25,6580.25,6582
1775574840,6582,6582.75,6580.25,6582.5
1775574900,6582.5,6600,6580,6596.75
1775574960,6596.5,6600.75,6589.25,6590.25
1775575020,6590.5,6591.5,6587.25,6590.75
1775575080,6590.25,6593,6588,6588.5
1775575140,6588.75,6593,6588,6592.25
1775575200,6592.5,6593,6590,6591.25
1775575260,6591.25,6591.25,6586.25,6589
1775575320,6589,6591.5,6587.5,6590
1775575380,6589.75,6590,6586.75,6589.5
1775575440,6589.5,6590.75,6585.75,6586.5
1775575500,6586.25,6592.25,6586.25,6590.5
1775575560,6590.25,6592.25,6588.25,6592
1775575620,6591.75,6592,6589.25,6591.5
1775575680,6591.5,6593.5,6589.5,6591.25
1775575740,6591.5,6595.5,6589.5,6594.5
1775575800,6595,6596.5,6592,6592.5
1775575860,6592.5,6594.5,6589.75,6594.25
1775575920,6594,6595.75,6592.5,6595.75
1775575980,6595.5,6597,6592.5,6595.75
1775576040,6595.75,6597.75,6594.75,6595
1775576100,6594.75,6598.5,6594.25,6596.5
1775576160,6596.5,6600,6596.25,6599.5
1775576220,6599.25,6599.75,6590.25,6595.25
1775576280,6595.5,6596.75,6593.75,6595
1775576340,6594.75,6595.25,6590.25,6592.25
1775576400,6592.25,6593.75,6591,6592
1775576460,6591.75,6592.75,6588,6589.5
1775576520,6589.75,6590.75,6588.25,6590.25
1775576580,6590.25,6593.25,6590.25,6592.25
1775576640,6592.25,6594.25,6588,6589.25
1775576700,6589.25,6590.75,6588.5,6590.5
1775576760,6590.25,6594.75,6590,6593.25
1775576820,6593,6594,6590.5,6590.5
1775576880,6590.5,6591,6588.25,6590.75
1775576940,6590.5,6592.5,6589.5,6592.25
1775577000,6592.25,6594.25,6590.25,6591
1775577060,6591.25,6592.25,6589,6589.75
1775577120,6589.5,6592,6588.25,6591
1775577180,6591,6594,6591,6593.25
1775577240,6593.25,6596.25,6592.75,6595.25
1775577300,6595,6606.25,6594,6599.75
1775577360,6599.75,6600,6595.5,6597.25
1775577420,6597,6598.75,6596,6597.75
1775577480,6597.75,6599.5,6595.75,6599
1775577540,6599,6601.25,6598,6600.5
1775577600,6600.75,6605,6600.25,6603.5
1775577660,6603.75,6605.5,6601.25,6603.75
1775577720,6604,6622.25,6603.5,6621
1775577780,6621,6633,6618.5,6620
1775577840,6620,6622.25,6616.75,6616.75
1775577900,6616.75,6618,6613.5,6616
1775577960,6616,6619.5,6613.5,6617.5
1775578020,6617.25,6619.75,6613.75,6613.75
1775578080,6613.75,6613.75,6609.75,6612
1775578140,6612,6612.75,6610,6610
1775578200,6610,6613.5,6609.25,6611.5
1775578260,6611.25,6615,6610,6614
1775578320,6613.75,6616.25,6612.75,6614.75
1775578380,6615,6616.5,6613.25,6614.75
1775578440,6615,6617.25,6613.75,6614.25
1775578500,6614.5,6617.75,6611.25,6617.75
1775578560,6617.75,6618,6616,6617.25
1775578620,6617.5,6617.5,6613.25,6613.75
1775578680,6613.75,6615.5,6612.5,6614.75
1775578740,6614.75,6615.5,6613,6614.25
1775578800,6614.25,6614.25,6610.75,6613
1775578860,6613,6616.5,6613,6615.5
1775578920,6615.5,6617,6614.75,6616
1775578980,6616,6628.5,6614.5,6617.75
1775579040,6618.25,6621,6615.5,6620.75
1775579100,6620.75,6623,6618.5,6620
1775579160,6620.25,6622.25,6618.25,6621.75
1775579220,6622,6625.25,6621.25,6624
1775579280,6624.25,6627.25,6620.5,6622.5
1775579340,6622.75,6624,6621.5,6622
1775579400,6621.75,6623,6619.25,6622
1775579460,6622,6624.5,6619,6624.25
1775579520,6624,6625,6621.75,6622.25
1775579580,6622.5,6624.75,6621.75,6624.75
1775579640,6624.5,6626,6623.5,6625.25
1775579700,6625.25,6626.25,6623.75,6624.25
1775579760,6624,6624.25,6621,6622.5
1775579820,6622.75,6623.25,6620,6621.5
1775579880,6621.75,6622.25,6618.75,6619
1775579940,6619.25,6619.75,6616,6618.75
1775580000,6618.5,6620.25,6617,6619.5
1775580060,6619.5,6623.75,6619.25,6620.5
1775580120,6620.5,6622.5,6620,6621.5
1775580180,6621.75,6621.75,6619,6619.75
1775580240,6620,6623.75,6619.5,6623.25
1775580300,6623.75,6627.25,6623,6626.75
1775580360,6626.75,6630,6625.75,6629.5
1775580420,6629.75,6629.75,6626.75,6629.25
1775580480,6629.5,6631.75,6628.5,6628.75
1775580540,6629,6629,6627,6627.5
1775580600,6627.5,6630,6625.5,6630
1775580660,6629.75,6630.75,6629.25,6629.75
1775580720,6629.75,6631,6628.25,6630.5
1775580780,6630.5,6631,6629.25,6630.5
1775580840,6630.25,6631.5,6627.25,6628.5
1775580900,6628.25,6628.25,6625.25,6626.25
1775580960,6626,6626.5,6623.5,6623.75
1775581020,6623.75,6626.5,6623,6624.5
1775581080,6624.25,6627,6623.5,6626.75
1775581140,6627,6627,6622.75,6623.5
1775581200,6623.25,6631.25,6620.25,6625.25
1775581260,6625.75,6626.25,6622.5,6624.25
1775581320,6624.25,6627.75,6624.25,6627.25
1775581380,6627.25,6631,6626.5,6630
1775581440,6630.25,6631.75,6628.75,6629.25
1775581500,6629.25,6630.25,6627.25,6628.5
1775581560,6628.25,6631.25,6626.5,6630
1775581620,6630,6630,6626.75,6628
1775581680,6628,6629.25,6627.5,6628
1775581740,6628.5,6628.5,6626,6627.25
1775581800,6627.25,6629.5,6625.75,6628.75
1775581860,6628.5,6628.5,6625.25,6626
1775581920,6626,6629.25,6625.25,6628
1775581980,6628,6629.25,6625.75,6626
1775582040,6625.75,6626,6624,6625
1775582100,6625.25,6626.25,6623,6626.25
1775582160,6626.25,6627.5,6622.25,6622.5
1775582220,6622.5,6624.25,6621.75,6622.75
1775582280,6622.75,6623.5,6621.75,6622.25
1775582340,6622.25,6624.25,6621.5,6623.5
1775582400,6623.5,6623.75,6618.5,6619
1775582460,6619,6619.5,6617.75,6618.5
1775582520,6618.5,6621.5,6618.5,6620
1775582580,6620,6622.5,6619,6621.5
1775582640,6621.25,6623,6620.5,6621
1775582700,6621,6621,6617.25,6619.5
1775582760,6619.75,6623.25,6619.75,6622
1775582820,6621.75,6622,6620.25,6621.25
1775582880,6621.25,6621.25,6618.5,6619.25
1775582940,6619.5,6621.25,6618.75,6620.75
1775583000,6621,6623.25,6620,6620.25
1775583060,6620.25,6622.5,6619.5,6621.75
1775583120,6621.5,6627.5,6621.5,6626.5
1775583180,6626.25,6627.5,6625.25,6626.75
1775583240,6626.75,6631.25,6626,6630.25
1775583300,6630.5,6640.25,6630,6638.75
1775583360,6638.5,6646.5,6636,6642.25
1775583420,6642,6643.25,6640.25,6640.5
1775583480,6640.75,6641.25,6637.25,6638.25
1775583540,6638.5,6640,6636.5,6637.25
1775583600,6637,6637.5,6632.25,6633
1775583660,6633,6635.5,6633,6635
1775583720,6634.75,6636.25,6633,6633.25
1775583780,6633.25,6633.5,6630.5,6632
1775583840,6632,6632.25,6629.5,6630.75
1775583900,6630.5,6631.5,6626.5,6627
1775583960,6626.75,6630.75,6626.75,6629
1775584020,6629,6630.75,6628.75,6630.5
1775584080,6630.5,6630.75,6628,6629.5
1775584140,6629.25,6632,6628.75,6631.25
1775584200,6631.75,6633.25,6630.5,6631.5
1775584260,6631.25,6634.25,6630.75,6634
1775584320,6633.75,6634.75,6633,6633.75
1775584380,6633.75,6636,6633.75,6634.5
1775584440,6634.5,6634.5,6631.5,6632.5
1775584500,6632.75,6633.5,6631,6631.75
1775584560,6632,6632.75,6631,6632.25
1775584620,6632,6632,6627.75,6630.75
1775584680,6630.75,6631.75,6629.5,6630.5
1775584740,6630.25,6630.75,6629,6630.25
1775584800,6630.25,6633.25,6629.75,6632
1775584860,6631.75,6632.75,6630.25,6630.75
1775584920,6630.5,6631.5,6628.5,6631
1775584980,6631,6632.25,6629.5,6631.75
1775585040,6631.75,6632.5,6628.5,6629.25
1775585100,6629.25,6629.5,6627,6628
1775585160,6628,6628.25,6625.5,6627.25
1775585220,6627.25,6628.25,6624,6625.25
1775585280,6625.25,6627,6625,6626.5
1775585340,6626.5,6627.75,6626,6626.25
1775585400,6626.25,6626.5,6623.75,6624.5
1775585460,6624.25,6626,6623.5,6625.25
1775585520,6625.5,6626.75,6625.25,6626
1775585580,6625.75,6628.25,6625.5,6628
1775585640,6627.75,6628.75,6627,6627.5
1775585700,6627.5,6628,6626.5,6627.25
1775585760,6627.25,6628,6626,6627
1775585820,6627,6628.5,6626.5,6627.25
1775585880,6627,6630,6626.75,6630
1775585940,6629.75,6631.75,6628.75,6631.25
1775586000,6631.5,6632.25,6629,6630
1775586060,6630,6630.25,6627.75,6629.25
1775586120,6629.25,6632.5,6628.75,6631
1775586180,6631,6631.25,6627,6627.75
1775586240,6627.75,6627.75,6624,6624.75
1775586300,6625.25,6626.5,6623.25,6624.5
1775586360,6624.5,6626,6623,6625.25
1775586420,6625.25,6626.75,6624.5,6624.75
1775586480,6624.5,6626.5,6624.5,6625.25
1775586540,6625.25,6626,6623.75,6624.5
1775586600,6624.25,6625.75,6623,6624
1775586660,6623.75,6624,6622.25,6623
1775586720,6623,6624.5,6622.25,6623.25
1775586780,6623.25,6624.75,6622,6624.5
1775586840,6624.75,6626.25,6624.5,6624.75
1775586900,6624.75,6626,6623.75,6624.25
1775586960,6624.25,6625.25,6622.75,6625
1775587020,6625.25,6625.25,6622,6622.75
1775587080,6622.75,6623,6621.5,6622
1775587140,6622,6622.75,6620.75,6622.5
1775587200,6622.25,6623.25,6618.25,6619.25
1775587260,6619.5,6620.25,6616.5,6617
1775587320,6616.75,6619,6615.5,6616.5
1775587380,6616.5,6617.25,6614,6616.75
1775587440,6616.75,6619,6616.75,6617.5
1775587500,6617.5,6617.75,6611.75,6615
1775587560,6615,6618,6614.75,6616.75
1775587620,6617.25,6618,6614.75,6615
1775587680,6615,6615.25,6613,6614
1775587740,6614,6614.25,6612.25,6613.25
1775587800,6613,6613,6611.25,6612
1775587860,6612,6612.75,6610.25,6612
1775587920,6612,6612.25,6609.5,6610.25
1775587980,6610.25,6611.25,6607.25,6607.75
1775588040,6607.75,6607.75,6603.75,6605
1775588100,6605,6605,6596.75,6597.25
1775588160,6597.5,6600.75,6596.75,6600
1775588220,6600,6603.75,6600,6602.5
1775588280,6602.5,6605.25,6601.25,6602.5
1775588340,6602.5,6603.5,6600.75,6602.5
1775588400,6602.5,6602.75,6599.5,6600.75
1775588460,6600.5,6601.5,6598.25,6599.75
1775588520,6599.5,6606.25,6599.5,6605.25
1775588580,6605.25,6607.25,6603.5,6603.75
1775588640,6603.75,6604,6602.75,6603.5
1775588700,6603.5,6604,6599.75,6600.5
1775588760,6600.5,6601.25,6597.5,6600
1775588820,6600,6600.25,6596.75,6597.75
1775588880,6598,6608.5,6596.75,6601.5
1775588940,6601.5,6602.5,6600,6600.75
1775589000,6600.5,6606,6600.25,6603.75
1775589060,6604,6608,6603.5,6605.5
1775589120,6605.25,6607.5,6605,6605.75
1775589180,6606,6607.25,6604.5,6607
1775589240,6607,6608.75,6606.5,6607.5
1775589300,6607.5,6610.5,6606,6609.75
1775589360,6609.75,6615.5,6609.5,6611.5
1775589420,6611.5,6615,6611,6613.25
1775589480,6613.5,6628.25,6612.75,6625.25
1775589540,6625.25,6639,6622.5,6634.75
1775589600,6634.25,6645,6631.5,6635.25
1775589660,6635.25,6636.5,6627,6629.25
1775589720,6629.25,6634.5,6627.5,6632.5
1775589780,6632.75,6632.75,6625.5,6626
1775589840,6625.75,6630.25,6623.25,6630
1775589900,6629.5,6631,6625.75,6628.5
1775589960,6628.25,6630.25,6622.5,6625.75
1775590020,6625.5,6629.75,6624.25,6628.75
1775590080,6628.75,6632,6627,6632
1775590140,6632,6632,6628,6629.75
1775590200,6629.75,6630.25,6626.25,6628.5
1775590260,6628.75,6629.5,6626.25,6627.25
1775590320,6627.25,6631.25,6626.75,6629.25
1775590380,6628.75,6630,6627.25,6629
1775590440,6629,6630,6627,6627.5
1775590500,6627.5,6628,6622.5,6624.75
1775590560,6624.5,6626.75,6623.5,6625.5
1775590620,6625.75,6627,6622.25,6624.5
1775590680,6624.75,6626.5,6623,6624.25
1775590740,6624.25,6625.25,6622.5,6623.75
1775590800,6623.5,6628.5,6622,6627.25
1775590860,6627.5,6629.75,6626.25,6627.5
1775590920,6627.5,6627.75,6625.25,6625.5
1775590980,6625.5,6628,6625.5,6625.75
1775591040,6625.5,6636,6624.75,6631.25
1775591100,6631,6655.5,6627.5,6651.75
1775591160,6651.75,6654.75,6638.25,6645.5
1775591220,6645.5,6646,6638.5,6645.25
1775591280,6645.25,6649.25,6643.25,6644
1775591340,6644.5,6647,6637.75,6640.75
1775591400,6640.75,6646.5,6640.5,6645.5
1775591460,6646,6650,6644.5,6648.5
1775591520,6648.5,6651.5,6644.5,6645
1775591580,6645.25,6647.75,6643.75,6646.5
1775591640,6646.25,6648.25,6642.25,6647.25
1775591700,6647.25,6652,6646.5,6649.25
1775591760,6649.25,6652,6648.75,6651.25
1775591820,6651.25,6651.25,6647.25,6648.5
1775591880,6648.75,6649.5,6647.25,6648.5
1775591940,6648.25,6659,6648,6655.75
1775592000,6655.5,6657,6649,6652
1775592060,6651.75,6659,6651.5,6658.25
1775592120,6658,6661,6657.75,6660.5
1775592180,6660.5,6663.5,6660.5,6662.5
1775592240,6662.5,6663.5,6659.25,6659.25
1775592300,6659.5,6660,6656,6656.75
1775592360,6656.75,6656.75,6654,6654.5
1775592420,6654.5,6656,6653.25,6655.75
1775592480,6655.5,6660,6655.5,6659.25
1775592540,6659.25,6661.25,6657,6661
1775592600,6661,6662.75,6660.5,6661.75
1775592660,6661.25,6662,6660,6660.5
1775592720,6660.75,6661.75,6660,6660.25
1775592780,6660,6661.5,6659.25,6661.5
1775592840,6661.25,6664.75,6660.5,6662.75
1775592900,6662.75,6668,6657.5,6658.75
1775592960,6658.75,6659.25,6657,6659.25
1775593020,6659.25,6659.25,6656.5,6657
1775593080,6657.25,6658.5,6655.5,6657.75
1775593140,6658,6659.25,6657,6658.5
1775593200,6658.5,6658.75,6656.75,6657.5
1775593260,6657.25,6657.5,6655.25,6656
1775593320,6655.5,6656.25,6654.75,6654.75
1775593380,6654.75,6656,6653.5,6654
1775593440,6654.5,6655.75,6653.75,6655.25
1775593500,6655.25,6657.75,6654.75,6657
1775593560,6657,6659,6654.75,6657.25
1775593620,6657,6660,6656.75,6659.25
1775593680,6659.25,6660,6658.5,6659.5
1775593740,6659.25,6659.5,6657,6657
1775593800,6657.5,6659.5,6657,6658.75
1775593860,6659,6659.75,6658.25,6658.75
1775593920,6658.75,6659.75,6658,6658
1775593980,6657.75,6666.5,6657.75,6665.75
1775594040,6665.75,6668.5,6662.5,6663
1775594100,6662.75,6665.5,6662.25,6663.25
1775594160,6663.25,6663.25,6657.5,6659.25
1775594220,6659.25,6660.25,6658.25,6659.5
1775594280,6659.75,6660.5,6658.5,6659.5
1775594340,6659.5,6659.75,6658.5,6658.5
1775594400,6658.5,6659,6657.5,6658.5
1775594460,6658.25,6673.25,6657.5,6669
1775594520,6668.75,6673.75,6664.5,6666.5
1775594580,6666.75,6667.75,6663.5,6664.75
1775594640,6664.75,6665.75,6663.25,6664.5
1775594700,6664.25,6666,6662.25,6665
1775594760,6664.75,6665,6662,6662
1775594820,6662.5,6663.5,6662,6662.25
1775594880,6662,6665,6661.5,6664.5
1775594940,6664.25,6665,6663.25,6663.75
1775595000,6663.5,6664.25,6662,6662.25
1775595060,6662.5,6668,6660.5,6667.75
1775595120,6667.5,6669.5,6661.75,6666.25
1775595180,6666.25,6666.5,6663.75,6665
1775595240,6665,6665.5,6663.25,6664.25
1775595300,6665,6668,6664.25,6665
1775595360,6665.25,6667.75,6664.25,6667.5
1775595420,6666.75,6667.25,6660.75,6662.75
1775595480,6663,6664.75,6662.25,6664.75
1775595540,6664.75,6665,6662.25,6663.5
1775599200,6677.25,6734,6677.25,6715.25
1775599260,6714.5,6716,6703.5,6709
1775599320,6709,6717,6706.75,6709
1775599380,6709.25,6711.75,6706.5,6707
1775599440,6707,6710,6705.5,6709.5
1775599500,6708.75,6721.75,6708.5,6720
1775599560,6720,6726,6718.5,6719.75
1775599620,6719.5,6720.5,6715.25,6717.5
1775599680,6717.25,6719.25,6713.25,6718.25
1775599740,6718,6718.25,6713.25,6714.5
1775599800,6714.25,6715.25,6711.75,6712.5
1775599860,6712,6714.25,6711.25,6713
1775599920,6712.5,6716.25,6711.5,6715
1775599980,6715.25,6718,6713.25,6716
1775600040,6715.75,6716.25,6713.25,6713.75
1775600100,6713.5,6713.75,6710,6711.75
1775600160,6711.5,6714,6709.75,6713.5
1775600220,6713.75,6714.5,6712,6712.5
1775600280,6712.5,6715.25,6710.5,6712.75
1775600340,6712.5,6712.75,6709,6710.75
1775600400,6710.5,6710.75,6709.25,6709.5
1775600460,6709.75,6711.25,6709.25,6709.75
1775600520,6710.25,6713.25,6708.25,6712.5
1775600580,6712.75,6715.5,6710.75,6713.5
1775600640,6713.5,6714.5,6712.75,6714.5
1775600700,6714.5,6714.75,6710.5,6712
1775600760,6711.75,6712.75,6710.25,6712
1775600820,6712,6713.5,6711.5,6713.5
1775600880,6713.25,6716.75,6712.25,6713
1775600940,6713.25,6713.25,6711.25,6711.75
1775601000,6712,6712.75,6710.25,6711.75
1775601060,6712,6712,6710.25,6711
1775601120,6711,6750,6676.5,6676.5
1775601180,6675,6739.5,6675,6722.5
1775601240,6723,6734.75,6713.5,6731
1775601300,6731,6744.5,6725.5,6737.25
1775601360,6737.25,6749.75,6736.25,6748
1775601420,6747.75,6763,6734,6761.25
1775601480,6760.75,6767.75,6756.5,6763.75
1775601540,6763.25,6772,6759.5,6766.75
1775601600,6767.25,6771.5,6762.25,6767
1775601660,6767.25,6768,6760,6761
1775601720,6761.25,6761.75,6752.75,6756.5
1775601780,6756.5,6763.75,6755,6761.5
1775601840,6761,6762.25,6756.5,6756.75
1775601900,6757,6762,6752.75,6754.75
1775601960,6755,6756.25,6753,6754.25
1775602020,6754.5,6759.25,6750.75,6757.25
1775602080,6757,6761.25,6754,6759.25
1775602140,6759,6763.25,6756.25,6761.25
1775602200,6761.25,6770.75,6759.25,6763.75
1775602260,6764,6773,6763,6772.5
1775602320,6772.75,6773.5,6765.25,6769
1775602380,6768.75,6775.75,6768.25,6774
1775602440,6774,6778,6769.75,6772
1775602500,6771.75,6775.75,6770,6772
1775602560,6772.25,6778.75,6772,6775.5
1775602620,6775.75,6782,6774.25,6779.25
1775602680,6779.75,6787.5,6779.75,6783.75
1775602740,6783.75,6793.25,6783.75,6791.75
1775602800,6791.25,6796,6790.75,6794.75
1775602860,6794.5,6799,6789,6796.5
1775602920,6796.5,6799.75,6795.5,6798.75
1775602980,6798.5,6800,6794,6799.5
1775603040,6799.25,6801.75,6792,6793.25
1775603100,6792.75,6796,6788,6795
1775603160,6795,6796,6785.5,6789
1775603220,6788.25,6791.5,6784.5,6786.5
1775603280,6786.25,6790.75,6784.75,6788.75
1775603340,6788.75,6794.75,6787.75,6791.5
1775603400,6792,6795,6783,6790
1775603460,6790.25,6792,6787.75,6789.25
1775603520,6789.25,6795,6787.25,6793
1775603580,6793,6797.5,6790.75,6793
1775603640,6792.75,6795.75,6791.5,6795
1775603700,6795.25,6798.25,6794.5,6796
1775603760,6796.5,6800.5,6794,6797.75
1775603820,6797.75,6799,6794.25,6795
1775603880,6795,6798,6794.5,6796.25
1775603940,6796,6797,6794.5,6796.5
1775604000,6796.5,6801.25,6795.75,6800.25
1775604060,6800.25,6807,6800,6805
1775604120,6805.5,6807.75,6804,6806
1775604180,6806,6809.5,6805.5,6807.75
1775604240,6807.25,6813,6807.25,6811.5
1775604300,6811.5,6818.5,6811,6817.5
1775604360,6817.25,6818.75,6812.25,6814.25
1775604420,6814.5,6817,6813.5,6813.75
1775604480,6813.75,6814.5,6809,6810
1775604540,6809.5,6810.75,6807.5,6808.75
1775604600,6808.75,6811.75,6806.75,6810
1775604660,6810.5,6811,6808.25,6809
1775604720,6809,6812.5,6807.75,6811.5
1775604780,6811.25,6811.5,6808.5,6809.5
1775604840,6809.5,6809.5,6805.5,6806
1775604900,6806.5,6806.5,6803.5,6805
1775604960,6805,6805.5,6803.25,6805
1775605020,6805,6807.5,6804.25,6806.25
1775605080,6806,6807.25,6802.5,6802.75
1775605140,6803.25,6805,6802,6804.75
1775605200,6804.25,6806.5,6802.5,6805.25
1775605260,6805.5,6806.5,6801.5,6801.5
1775605320,6802,6803.25,6801,6802.75
1775605380,6802.75,6803.5,6801.25,6801.5
1775605440,6802,6803,6799.25,6799.75
1775605500,6800,6801,6797,6800
1775605560,6799.5,6801,6798,6798
1775605620,6798,6800.75,6797.75,6800.25
1775605680,6800.5,6803.5,6800,6802.75
1775605740,6802.75,6806.25,6802.5,6802.5
1775605800,6803,6804.5,6802,6803.25
1775605860,6803.25,6804.25,6802,6803.5
1775605920,6803.5,6805.5,6802.5,6805.5
1775605980,6805.5,6806,6802.5,6804.75
1775606040,6804.5,6807,6804,6804.5
1775606100,6805,6805.25,6803,6804
1775606160,6804,6804.5,6800.5,6802.75
1775606220,6802.5,6805.5,6802,6805.5
1775606280,6805.5,6807.25,6804.5,6806.25
1775606340,6806.25,6808,6803,6804.5
1775606400,6804.25,6805.5,6800.75,6805.25
1775606460,6805.25,6806,6802,6805.5
1775606520,6805.5,6810,6805.5,6808.25
1775606580,6808.5,6809.25,6801.25,6802.25
1775606640,6802,6803,6798.5,6800.75
1775606700,6801,6802,6798.75,6800.75
1775606760,6800.5,6800.75,6797.25,6798.25
1775606820,6798.25,6799.5,6793.75,6799
1775606880,6798.75,6799.5,6796,6797
1775606940,6797,6798,6794.75,6797.5
1775607000,6797.25,6801,6797,6800.25
1775607060,6800,6801.25,6797.5,6798.5
1775607120,6799,6800.25,6797.5,6799.75
1775607180,6800.5,6802,6798.75,6801.75
1775607240,6801.25,6802.25,6798.25,6799.5
1775607300,6799,6799.25,6795,6797
1775607360,6796.75,6797.75,6796,6796.75
1775607420,6796.75,6797.25,6795,6797
1775607480,6797.25,6798.5,6795,6796.5
1775607540,6796.75,6798,6795.25,6796.75
1775607600,6796.75,6797.25,6794.75,6796.25
1775607660,6796.25,6796.75,6795.25,6796.25
1775607720,6796,6796.75,6794.75,6796.5
1775607780,6796.75,6797.25,6795.25,6796.25
1775607840,6795.75,6799,6793,6797
1775607900,6796.75,6798.5,6796.25,6797.5
1775607960,6797,6800,6796.25,6797.75
1775608020,6797.25,6797.5,6794,6794
1775608080,6794,6794.5,6791.5,6793.25
1775608140,6793.25,6794.5,6792,6793.5
1775608200,6793.75,6794.25,6790.75,6791.75
1775608260,6791.5,6794,6790,6794
1775608320,6794,6795,6792.25,6794.5
1775608380,6794.5,6794.5,6789.25,6791
1775608440,6791,6792.25,6790,6791
1775608500,6791,6792.5,6789,6789.75
1775608560,6790,6791.5,6787.75,6790.25
1775608620,6790.5,6794.75,6790.5,6794.75
1775608680,6794.25,6798.5,6792.75,6797.5
1775608740,6797.5,6800,6797.25,6798.25
1775608800,6798.75,6799.25,6794.25,6794.75
1775608860,6794.75,6796.75,6793.5,6796.25
1775608920,6796,6798.25,6794.75,6798.25
1775608980,6798,6798.5,6796,6796.75
1775609040,6796.75,6797.5,6794.25,6795
1775609100,6795.5,6796.5,6793.75,6796.5
1775609160,6796.5,6800.75,6796.25,6800.5
1775609220,6800.5,6800.5,6795.75,6796.5
1775609280,6796.75,6799.75,6796.25,6799
1775609340,6799,6805,6798.75,6802.25
1775609400,6802.5,6805,6801.75,6804.5
1775609460,6804,6805.75,6803.25,6805
1775609520,6805,6805.5,6804,6804.5
1775609580,6804.75,6807,6803.75,6805.5
1775609640,6805.5,6805.75,6804.25,6805
1775609700,6805.25,6806,6804,6804
1775609760,6804,6806.75,6803.25,6806.25
1775609820,6806,6807,6804.75,6804.75
1775609880,6804.75,6805,6802,6804.25
1775609940,6804.25,6805.5,6803.5,6803.5
1775610000,6803.75,6805.5,6803,6803.25
1775610060,6803.5,6804.75,6802.25,6804.25
1775610120,6804.25,6806,6803.25,6805.25
1775610180,6805.25,6805.25,6802.5,6803
1775610240,6803.5,6803.5,6800.75,6801.75
1775610300,6801.75,6804,6801.75,6802.75
1775610360,6802.75,6805,6802.5,6804.25
1775610420,6804.75,6808.25,6803.75,6807.75
1775610480,6807.75,6811.25,6807.75,6808
1775610540,6808,6808.75,6805.75,6808
1775610600,6808,6809.5,6806.75,6807.5
1775610660,6807.75,6808.5,6806.25,6807.25
1775610720,6807.5,6808.5,6807,6807.5
1775610780,6807.5,6807.75,6805.25,6806.5
1775610840,6806.25,6808.5,6806.25,6806.5
1775610900,6806.75,6808,6806.25,6807.25
1775610960,6807.75,6809.75,6807.5,6807.5
1775611020,6807.5,6808,6805.25,6806
1775611080,6806.25,6806.25,6802.75,6804.25
1775611140,6804.5,6805.25,6802.75,6803
1775611200,6803,6804,6801,6801.75
1775611260,6801.75,6802,6798.75,6800.5
1775611320,6800.5,6803,6800.5,6802.25
1775611380,6802,6802.75,6801.25,6802.25
1775611440,6802.25,6803,6801.5,6801.5
1775611500,6801.75,6802.75,6801.25,6802.75
1775611560,6802.75,6803.5,6801.75,6802
1775611620,6802,6802.25,6800,6800.5
1775611680,6800.75,6801.75,6800.25,6801
1775611740,6800.75,6801.75,6800.25,6801
1775611800,6801.25,6801.5,6800,6801.25
1775611860,6801,6803,6800.5,6801.5
1775611920,6801.75,6801.75,6799.75,6800.75
1775611980,6800.75,6802.5,6800.25,6802
1775612040,6802.5,6805,6802,6805
1775612100,6804.75,6805.75,6802.75,6805
1775612160,6805,6807.5,6804.75,6806.25
1775612220,6806.25,6807.5,6805.25,6807
1775612280,6806.75,6806.75,6806,6806
1775612340,6806,6806.75,6805.25,6805.5
1775612400,6805.25,6805.75,6804.75,6805.25
1775612460,6805.75,6806,6804.75,6804.75
1775612520,6805,6807,6804,6804.25
1775612580,6804.25,6806,6804,6806
1775612640,6806,6806.75,6805,6806.75
1775612700,6806.75,6808.75,6806.75,6808.25
1775612760,6808.25,6810.5,6807.75,6809.5
1775612820,6809.5,6811.5,6808.75,6811
1775612880,6811,6811,6808.75,6809.25
1775612940,6809.75,6810.75,6809.25,6810.25
1775613000,6810.5,6812.5,6810.25,6812
1775613060,6812.25,6812.25,6810.75,6812
1775613120,6812,6813.25,6811.5,6812.25
1775613180,6812.25,6812.5,6809.75,6809.75
1775613240,6809.75,6809.75,6807.5,6809.25
1775613300,6809.5,6809.75,6808.25,6808.75
1775613360,6809,6810.25,6808.75,6809.75
1775613420,6810,6810,6808.5,6808.5
1775613480,6808.5,6810,6808.5,6809.5
1775613540,6809.5,6810.25,6809,6809.25
1775613600,6809,6811.75,6809,6811.5
1775613660,6811.5,6812,6810.5,6811.25
1775613720,6811.25,6812.25,6810,6810.5
1775613780,6810.5,6812.5,6810.25,6811.25
1775613840,6811.5,6812,6810.5,6811.75
1775613900,6811.5,6812.25,6811.25,6811.75
1775613960,6812,6813,6811.75,6812.5
1775614020,6812.75,6813,6812.25,6812.5
1775614080,6812.5,6812.5,6811.25,6812.25
1775614140,6812,6812.25,6810.5,6811.75
1775614200,6811.75,6813.75,6811.5,6812.5
1775614260,6812.5,6813,6811.5,6812
1775614320,6812,6812.75,6811.75,6812.25
1775614380,6812.5,6813.25,6812.25,6812.75
1775614440,6812.5,6813,6811.5,6813
1775614500,6813,6814.25,6813,6814
1775614560,6814.25,6814.25,6812.25,6813
1775614620,6813,6813,6812.25,6813
1775614680,6812.75,6813.5,6812.25,6812.5
1775614740,6812.5,6812.75,6811.75,6812
1775614800,6812,6813,6811.75,6811.75
1775614860,6811.75,6812.25,6811.5,6812
1775614920,6812,6812.5,6811.75,6812.25
1775614980,6812.5,6814.5,6812,6814
1775615040,6813.75,6815,6813.25,6813.5
1775615100,6813.75,6814.25,6811.5,6812
1775615160,6812.25,6813.5,6812,6813.25
1775615220,6813,6813.5,6812.5,6812.5
1775615280,6812.5,6812.5,6811.25,6811.75
1775615340,6812,6812,6811,6811.5
1775615400,6811.75,6812.75,6811.75,6812.5
1775615460,6812.25,6812.5,6810.5,6811.75
1775615520,6811.5,6812.75,6810.75,6812.75
1775615580,6813,6814.75,6812.75,6813.25
1775615640,6813.5,6816,6813,6815.25
1775615700,6815.25,6816.25,6814.5,6814.75
1775615760,6814.5,6815.75,6813.5,6815.25
1775615820,6815.25,6815.75,6814.75,6815.5
1775615880,6815.5,6816.75,6814.75,6815.5
1775615940,6815.75,6817.5,6815.25,6816.75
1775616000,6816.75,6817.25,6815.75,6816
1775616060,6816,6816,6814.75,6815.25
1775616120,6815.25,6815.75,6815,6815.25
1775616180,6815.5,6816.5,6815.25,6816
1775616240,6815.75,6816,6815.25,6815.5
1775616300,6815.5,6816.25,6815.25,6815.5
1775616360,6815.5,6816.25,6815.5,6815.5
1775616420,6815.5,6816.5,6815,6815.25
1775616480,6815.5,6816,6815.25,6815.5
1775616540,6815.5,6817,6815.5,6816.5
1775616600,6817,6817.75,6816.5,6816.75
1775616660,6816.75,6817.25,6816,6816.25
1775616720,6816,6817.25,6816,6817.25
1775616780,6817.25,6817.75,6816.5,6817.75
1775616840,6817.25,6817.5,6817,6817.25
1775616900,6817.25,6817.25,6816.25,6817.25
1775616960,6817.25,6818,6816.25,6816.5
1775617020,6816.75,6817,6816,6816.5
1775617080,6816.5,6817,6816.25,6817
1775617140,6816.75,6818,6816.5,6817.25
1775617200,6817.5,6819,6817.25,6818
1775617260,6818.25,6819,6818,6818.25
1775617320,6818,6818.75,6817.5,6818
1775617380,6818,6818,6817.25,6818
1775617440,6818,6818.25,6817.75,6818
1775617500,6818,6818,6816.5,6816.75
1775617560,6816.75,6817.5,6816.25,6817.25
1775617620,6817.25,6817.5,6816.75,6817.25
1775617680,6817,6819,6816.75,6818.25
1775617740,6818.5,6818.5,6817.75,6817.75
1775617800,6818,6818.25,6817.5,6817.75
1775617860,6817.75,6818,6816.5,6816.75
1775617920,6816.5,6817,6816.25,6817
1775617980,6817,6817,6816.25,6816.75
1775618040,6817,6817,6816.25,6817
1775618100,6816.75,6817.25,6816.25,6816.75
1775618160,6816.75,6817.75,6816.5,6817.25
1775618220,6817,6817.25,6816.5,6817
1775618280,6817,6817.75,6817,6817
1775618340,6816.75,6817.25,6814,6815.25
1775618400,6815,6816,6814.5,6815
1775618460,6815,6815.25,6814,6815
1775618520,6815,6815.75,6813.75,6814.25
1775618580,6814.25,6814.75,6813.5,6814.25
1775618640,6814.25,6814.25,6813,6813
1775618700,6813.25,6815,6813,6815
1775618760,6814.5,6814.5,6812.5,6812.75
1775618820,6813,6813,6811.75,6812.5
1775618880,6812.75,6813.25,6812,6813.25
1775618940,6813.25,6814,6812.75,6813.5
1775619000,6813.5,6814.5,6813.25,6814.25
1775619060,6814.25,6815,6814,6814.5
1775619120,6814.5,6814.75,6813.25,6813.25
1775619180,6813.5,6813.75,6813,6813.5
1775619240,6813.5,6813.75,6813.25,6813.25
1775619300,6813.5,6814.25,6813.25,6814
1775619360,6814,6814.75,6814,6814.5
1775619420,6814.25,6814.75,6813.75,6813.75
1775619480,6814,6814,6813.5,6813.5
1775619540,6813.5,6813.75,6812.75,6813
1775619600,6813,6814,6813,6813.75
1775619660,6813.75,6814.25,6813.5,6814
1775619720,6814,6814.25,6813.75,6814.25
1775619780,6814.25,6814.75,6814,6814.5
1775619840,6814.5,6814.75,6813,6813.25
1775619900,6813,6814,6813,6814
1775619960,6813.5,6814.25,6813.5,6814
1775620020,6814.25,6814.25,6812.5,6812.75
1775620080,6812.5,6813,6812.25,6813
1775620140,6813,6813,6812.75,6813
1775620200,6813.25,6813.25,6812.5,6813
1775620260,6813,6814.5,6813,6814.25
1775620320,6814,6814.75,6814,6814
1775620380,6813.75,6814.25,6813.25,6814.25
1775620440,6814.25,6814.25,6813.5,6814.25
1775620500,6814,6815,6814,6814.75
1775620560,6814.5,6814.75,6814,6814.75
1775620620,6814.5,6815.75,6814.5,6815.25
1775620680,6815.5,6815.5,6815,6815.25
1775620740,6815.25,6815.5,6814.5,6815.25
1775620800,6815.25,6815.75,6815,6815.5
1775620860,6815.75,6817.5,6815.25,6817.5
1775620920,6817.5,6818.5,6817,6818
1775620980,6817.75,6818.5,6816.5,6817.25
1775621040,6817.25,6818,6817,6817.75
1775621100,6817.5,6819,6817.5,6818
1775621160,6818,6818.5,6817.75,6818
1775621220,6818,6818.75,6817.25,6817.75
1775621280,6817.75,6818.75,6817.75,6818.75
1775621340,6818.5,6818.75,6818.25,6818.5
1775621400,6818.5,6818.75,6817.75,6818.75
1775621460,6818.75,6819,6818,6818.25
1775621520,6818,6819,6818,6818.5
1775621580,6818.75,6822.25,6818.5,6819.75
1775621640,6819.75,6820.75,6819,6820.25
1775621700,6820,6821.25,6820,6820.75
1775621760,6820.75,6824.25,6820.5,6823.25
1775621820,6823.25,6823.5,6821,6821
1775621880,6821,6821.25,6819.25,6820
1775621940,6820,6820.25,6819.25,6819.5
1775622000,6819.25,6821.5,6818.5,6821
1775622060,6820.75,6823.75,6820.5,6822.75
1775622120,6822.75,6823,6821.75,6822.75
1775622180,6822.5,6823,6821.75,6822
1775622240,6821.75,6821.75,6820.75,6821
1775622300,6820.75,6821.5,6820,6821.25
1775622360,6821.25,6822,6821.25,6821.75
1775622420,6821.5,6822.25,6820.75,6821.5
1775622480,6822,6822.25,6821.5,6822
1775622540,6821.75,6823,6821.75,6822.25
1775622600,6822.5,6823,6821.75,6823
1775622660,6822.75,6823.75,6822,6823.5
1775622720,6823.25,6824,6823.25,6824
1775622780,6823.75,6824.75,6823.5,6824
1775622840,6824,6824.75,6823.75,6824.5
1775622900,6824.25,6824.5,6823.5,6823.75
1775622960,6824,6824.75,6823,6823.5
1775623020,6823.75,6824.25,6823.5,6824
1775623080,6824,6824.5,6823.75,6824
1775623140,6823.75,6823.75,6823,6823.25
1775623200,6823.5,6823.5,6822.75,6823.25
1775623260,6823.25,6824,6823,6823.75
1775623320,6823.5,6824.25,6823.5,6823.5
1775623380,6823.5,6824,6823.25,6823.5
1775623440,6823.5,6823.5,6823,6823
1775623500,6823,6823.5,6822.5,6823.25
1775623560,6823,6823.5,6822.25,6823.25
1775623620,6823.25,6823.75,6823,6823.25
1775623680,6823.25,6824,6823.25,6823.5
1775623740,6823.75,6823.75,6823,6823.25
1775623800,6823.25,6823.5,6823,6823.25
1775623860,6823.5,6823.75,6823,6823.25
1775623920,6823,6823.25,6819.5,6820.5
1775623980,6820.5,6821.5,6820.5,6820.5
1775624040,6820.75,6821,6819.75,6820
1775624100,6820.25,6821.5,6820,6821.5
1775624160,6821.25,6822,6821,6821.5
1775624220,6821.5,6821.5,6820.5,6821
1775624280,6820.75,6821.25,6820,6820.5
1775624340,6820.5,6820.75,6819.25,6819.5
1775624400,6819.75,6820.5,6818,6819.5
1775624460,6819.5,6820.25,6819,6819.5
1775624520,6819.5,6820,6817.5,6818.25
1775624580,6818.5,6819.75,6818,6818.5
1775624640,6818.5,6819.25,6817.75,6818.75
1775624700,6819,6819.75,6818.75,6818.75
1775624760,6819.25,6821,6819.25,6820
1775624820,6820,6820.5,6819.5,6820.25
1775624880,6820,6820,6818.75,6819.75
1775624940,6819.5,6819.5,6817.5,6818.5
1775625000,6818.5,6819.5,6818,6818.75
1775625060,6818.75,6819.25,6818,6819.25
1775625120,6819.25,6820.25,6818.75,6819
1775625180,6818.75,6819.75,6818.25,6819.5
1775625240,6819.5,6821.75,6819.5,6821
1775625300,6821,6822,6820.5,6821.75
1775625360,6821.75,6822.5,6821,6821.75
1775625420,6822,6822.5,6821.25,6822.5
1775625480,6822.5,6824,6822.25,6823.5
1775625540,6823.5,6824,6822.5,6822.75
1775625600,6822.75,6823.75,6822.75,6823.75
1775625660,6823.5,6824.25,6823.25,6824
1775625720,6824.25,6826.75,6823,6823
1775625780,6823.25,6826.25,6823.25,6825.75
1775625840,6825.75,6826.75,6825.5,6825.75
1775625900,6825.5,6826,6825,6825.75
1775625960,6825.5,6826.25,6825.25,6825.5
1775626020,6825.5,6826.5,6825.25,6826.25
1775626080,6826.25,6827.75,6826.25,6827.25
1775626140,6827.25,6828.75,6827,6827.75
1775626200,6828,6829,6827,6828
1775626260,6828.25,6831.25,6828,6830.25
1775626320,6830,6832.75,6830,6830.75
1775626380,6831,6833,6830.5,6831
1775626440,6831,6831.5,6829,6829.5
1775626500,6829.5,6830.5,6828.5,6829.25
1775626560,6829.25,6829.5,6828.25,6829.25
1775626620,6829.25,6830,6827.5,6829.5
1775626680,6829.25,6829.5,6826.5,6827
1775626740,6827.25,6827.25,6825.5,6826.75
1775626800,6826.75,6828,6826.75,6827.25
1775626860,6827.75,6829.5,6827.75,6828.5
1775626920,6829,6829.75,6828.5,6829.25
1775626980,6829,6830,6829,6829.75
1775627040,6829.75,6830,6829,6829.5
1775627100,6829,6830,6828.5,6829.75
1775627160,6829.75,6832,6829.5,6831.25
1775627220,6831.5,6831.5,6829,6829.25
1775627280,6829.5,6829.5,6828.5,6829.25
1775627340,6829,6829.25,6828,6828.5
1775627400,6828.5,6834.5,6828.5,6833
1775627460,6833,6836,6833,6835.25
1775627520,6835.5,6837.5,6833.5,6833.75
1775627580,6833.5,6834.5,6833,6833.25
1775627640,6833.25,6837,6833.25,6836.5
1775627700,6836.25,6836.25,6835,6835.75
1775627760,6835.75,6836,6834.25,6834.25
1775627820,6834.5,6835.25,6833,6835
1775627880,6835,6836,6834.75,6835.5
1775627940,6835.5,6837,6835.5,6836.25
1775628000,6836.25,6838,6835.25,6837.5
1775628060,6837.75,6838,6834.75,6835.75
1775628120,6835.5,6837,6835,6836.75
1775628180,6836.5,6836.75,6833.5,6833.75
1775628240,6833.75,6833.75,6832,6833.25
1775628300,6833.25,6836.5,6833.25,6835.25
1775628360,6835.25,6836,6833.25,6834.25
1775628420,6834,6834.75,6832.75,6833
1775628480,6832.75,6833,6830.5,6831.75
1775628540,6831.75,6834,6831.5,6833
1775628600,6833,6835.5,6833,6835.5
1775628660,6835.5,6835.75,6834.25,6835.75
1775628720,6835.5,6836.5,6834.25,6835
1775628780,6834.75,6837.5,6834.75,6836.25
1775628840,6836.25,6836.75,6835.25,6836.5
1775628900,6836.75,6837,6835.75,6836.5
1775628960,6836.5,6837.5,6834.5,6835
1775629020,6835.5,6835.75,6833,6833.75
1775629080,6833.5,6834.75,6833.25,6834
1775629140,6834.25,6835.25,6834,6835
1775629200,6834.75,6835.5,6834.25,6835
1775629260,6834.75,6834.75,6831.75,6832
1775629320,6832,6832.75,6830,6830.5
1775629380,6830.5,6832.25,6830.25,6831.5
1775629440,6831.75,6832.25,6831.25,6831.25
1775629500,6831.25,6831.25,6829.25,6829.5
1775629560,6829.5,6831.5,6829.25,6831.5
1775629620,6831.25,6832,6829,6830.5
1775629680,6830,6831.75,6829.75,6831.5
1775629740,6831.5,6832,6829.5,6831
1775629800,6830.75,6831.5,6830,6831
1775629860,6831,6831,6828.5,6829.5
1775629920,6829.5,6831.75,6829.5,6831
1775629980,6831,6833.75,6831,6833
1775630040,6833,6833,6831.5,6832.25
1775630100,6832.5,6832.75,6831.5,6832
1775630160,6832.25,6833.25,6831.5,6832.25
1775630220,6832.5,6833,6831.75,6832.5
1775630280,6832.5,6833.75,6831.75,6833
1775630340,6833,6833.5,6832.25,6832.75
1775630400,6832.75,6832.75,6831.75,6831.75
1775630460,6831.5,6833.25,6831.25,6832.25
1775630520,6832.5,6833.75,6831.5,6831.5
1775630580,6831.25,6832.25,6830.5,6830.75
1775630640,6830.75,6832,6830.75,6831.75
1775630700,6831.75,6833.25,6831,6832.75
1775630760,6832.5,6834.75,6831.75,6834.25
1775630820,6834.25,6835,6833.5,6833.5
1775630880,6833.75,6834.5,6833.25,6833.5
1775630940,6834,6834.25,6832.25,6832.25
1775631000,6832.5,6833.5,6832.25,6833
1775631060,6832.75,6833.25,6831,6833
1775631120,6833,6833.25,6831.5,6832
1775631180,6832,6832.25,6831,6831.75
1775631240,6832,6832.25,6830.25,6830.75
1775631300,6830.5,6831.25,6829.75,6830.5
1775631360,6830.75,6831.5,6830,6831
1775631420,6830.75,6832.75,6830.75,6831.25
1775631480,6831.25,6832.75,6831,6831.5
1775631540,6831.5,6831.75,6829.25,6829.75
1775631600,6830,6830.25,6825.25,6826.5
1775631660,6826.5,6827,6823.5,6825.75
1775631720,6825.75,6826,6822,6822.5
1775631780,6822.5,6824.25,6822.25,6823.5
1775631840,6823.25,6824.25,6821.5,6822.5
1775631900,6822.75,6826.25,6822.5,6824.75
1775631960,6824.75,6826.75,6824.25,6826
1775632020,6825.75,6826.75,6824.5,6825.5
1775632080,6825.75,6826.5,6824.5,6826.25
1775632140,6826,6826.75,6823.75,6824.25
1775632200,6824,6824.75,6822,6823.5
1775632260,6823.25,6826.25,6823,6825.75
1775632320,6825.75,6826.75,6824.75,6825.75
1775632380,6826,6826.25,6823.5,6824
1775632440,6824,6826.5,6823,6824
1775632500,6824.25,6826,6824,6825
1775632560,6824.75,6826,6821.75,6822.75
1775632620,6823,6825.75,6822.5,6825
1775632680,6824.75,6825,6824,6824.5
1775632740,6824.5,6826,6823.5,6825.75
1775632800,6826,6827.75,6825.25,6826
1775632860,6825.75,6827,6824.25,6826.25
1775632920,6826.5,6829.75,6826.5,6829
1775632980,6828.75,6832.25,6828.5,6831.5
1775633040,6831.75,6832.75,6830.25,6831.75
1775633100,6831.5,6832,6830,6831.5
1775633160,6831.25,6832,6829.25,6830.25
1775633220,6830.25,6831.25,6830,6830.25
1775633280,6830.5,6831.75,6827,6827.25
1775633340,6827.5,6827.5,6825,6826
1775633400,6826,6826,6821.75,6823.25
1775633460,6823.25,6823.5,6821.5,6822.25
1775633520,6822,6825.5,6822,6824.75
1775633580,6824.75,6825.25,6821.75,6821.75
1775633640,6821.5,6821.75,6820,6821.5
1775633700,6821.75,6825.5,6821.75,6824.5
1775633760,6824.5,6824.75,6822.75,6823.75
1775633820,6824.25,6825,6823.25,6823.5
1775633880,6823,6823.75,6822,6823.5
1775633940,6823.5,6824,6822,6822.25
1775634000,6822,6823,6821,6822.25
1775634060,6822,6823.5,6821.5,6823.25
1775634120,6823.5,6824.75,6822.25,6822.5
1775634180,6822.25,6822.5,6820,6822
1775634240,6822,6822.75,6821.5,6822.25
1775634300,6822,6824.25,6822,6823.75
1775634360,6823.5,6825,6822.25,6822.5
1775634420,6822.5,6822.75,6820.5,6821.25
1775634480,6821.5,6822,6818.75,6820
1775634540,6820,6820.75,6818.75,6819.75
1775634600,6819.5,6820.75,6818.75,6820
1775634660,6820.25,6820.5,6819.25,6819.5
1775634720,6820,6822.25,6820,6822.25
1775634780,6822,6823.75,6821,6821.75
1775634840,6822,6822.25,6821.25,6822.25
1775634900,6822.25,6822.75,6820.5,6821.25
1775634960,6821.5,6821.5,6819,6819.5
1775635020,6819.5,6820.25,6819,6820.25
1775635080,6820,6820.25,6817.5,6817.75
1775635140,6818,6819.25,6817.5,6819
1775635200,6819,6820.25,6817.5,6817.75
1775635260,6818,6820.25,6817.5,6820
1775635320,6820,6821,6819.5,6820.25
1775635380,6820.5,6821.25,6819.5,6819.5
1775635440,6819.75,6819.75,6817.25,6819
1775635500,6819.5,6820.75,6818.75,6819.5
1775635560,6819.5,6822.5,6819,6820.75
1775635620,6820.5,6821.25,6819.25,6819.75
1775635680,6819.75,6821.75,6819.75,6821.5
1775635740,6821.5,6821.75,6820.5,6820.5
1775635800,6820.75,6821,6819,6820
1775635860,6820.5,6820.75,6819,6820.25
1775635920,6820.25,6821.5,6819.25,6820.25
1775635980,6820,6822.25,6820,6821.75
1775636040,6821.25,6821.5,6820.5,6821.5
1775636100,6821.25,6822.5,6820.5,6822
1775636160,6822.5,6823.75,6821.5,6823.5
1775636220,6823.25,6825,6823.25,6823.25
1775636280,6823.5,6824.75,6823.5,6824.75
1775636340,6824.5,6826.25,6824,6826
1775636400,6826,6826.5,6824.5,6825.25
1775636460,6825,6826.75,6824.75,6826
1775636520,6825.75,6826.5,6824.5,6826.25
1775636580,6826,6826,6823.75,6824.25
1775636640,6824.25,6824.5,6821.75,6823
1775636700,6823.5,6825,6823,6824.75
1775636760,6824.75,6826,6823.25,6824
1775636820,6823.5,6824,6822,6823.25
1775636880,6823.75,6824.25,6822.75,6823.5
1775636940,6823.75,6825,6823.5,6824.75
1775637000,6824.75,6825.5,6823.25,6824.75
1775637060,6825.25,6825.75,6824,6824.5
1775637120,6824.25,6825,6823.75,6824.75
1775637180,6825,6826.5,6824.25,6825.5
1775637240,6825.5,6827,6824.25,6826.75
1775637300,6826.5,6828.25,6825.5,6828
1775637360,6828,6828.25,6823,6825
1775637420,6824.75,6826.5,6820,6820.75
1775637480,6820.5,6823,6820.25,6822.75
1775637540,6822.5,6825.25,6822,6825
1775637600,6825,6825.25,6822.5,6824
1775637660,6824,6825.25,6823,6823.5
1775637720,6823.25,6823.75,6821,6821.25
1775637780,6821.5,6821.5,6816.75,6817.75
1775637840,6818,6820.5,6817.25,6820.25
1775637900,6819.75,6822.75,6819.25,6822
1775637960,6821.75,6823.75,6820.75,6823.25
1775638020,6822.5,6823.5,6822,6823
1775638080,6822.75,6825.75,6822,6825.5
1775638140,6825.5,6829.75,6825,6827.75
1775638200,6827.75,6830.5,6827.75,6830.25
1775638260,6830.25,6831.25,6828.75,6829
1775638320,6829,6829.25,6827.25,6827.75
1775638380,6827,6828,6826.25,6827.25
1775638440,6827.25,6828.25,6826.5,6827
1775638500,6827,6828.75,6826.5,6828.25
1775638560,6828.25,6829.75,6827.75,6829
1775638620,6829,6830,6828.5,6829.5
1775638680,6829.5,6830.75,6828.75,6830.75
1775638740,6830.5,6834.5,6830.5,6834.25
1775638800,6834,6836.25,6833.5,6835.5
1775638860,6835.75,6837.75,6834.25,6837
1775638920,6837,6837,6832.75,6833.75
1775638980,6834,6834,6831,6831.25
1775639040,6831.25,6832.75,6830.25,6832.5
1775639100,6832.75,6833.5,6832.25,6833.5
1775639160,6833.25,6835.75,6833,6835.25
1775639220,6835.25,6836.5,6834.25,6835
1775639280,6835.25,6835.25,6833.75,6834.5
1775639340,6834.25,6835,6834,6834.5
1775639400,6834.25,6836.25,6834.25,6836
1775639460,6836.25,6837.5,6835,6837.25
1775639520,6837,6839.75,6837,6838.75
1775639580,6838.75,6840.25,6838.25,6839.5
1775639640,6839,6840,6838.25,6839.25
1775639700,6839.25,6839.5,6838.5,6839.25
1775639760,6839.25,6839.25,6838,6838
1775639820,6838.25,6838.75,6838,6838.5
1775639880,6838.75,6840,6838.25,6840
1775639940,6840,6840.5,6839,6839
1775640000,6839.25,6839.5,6837.75,6838
1775640060,6838,6839.25,6838,6838.25
1775640120,6838,6838.75,6837.5,6837.75
1775640180,6838,6838.75,6837.75,6838
1775640240,6838,6839.25,6837.75,6839
1775640300,6839,6839,6837.75,6838.25
1775640360,6838,6838.25,6835.5,6836
1775640420,6835.75,6837,6835.5,6835.5
1775640480,6835.75,6836.75,6835.5,6836.25
1775640540,6836.25,6837,6835.5,6835.5
1775640600,6835.75,6836.25,6834.25,6835.5
1775640660,6835.5,6836.75,6834.75,6835.75
1775640720,6835.75,6835.75,6834.25,6834.5
1775640780,6834.75,6834.75,6833.75,6834.25
1775640840,6834.25,6834.5,6831,6831.25
1775640900,6831.5,6834.25,6830.75,6833.25
1775640960,6833.25,6835.25,6833.25,6834.75
1775641020,6834.75,6835.75,6834,6835.75
1775641080,6835.75,6836.25,6834,6834.75
1775641140,6835,6836.5,6835,6835.25
1775641200,6835.5,6835.5,6833.25,6833.5
1775641260,6833.25,6833.75,6832,6833
1775641320,6832.75,6833,6831.25,6831.25
1775641380,6831.25,6831.25,6828.5,6830
1775641440,6829.75,6830.5,6828,6829.25
1775641500,6829.5,6831,6828.75,6830.25
1775641560,6830.25,6833,6829.5,6833
1775641620,6833,6834,6831.5,6833.75
1775641680,6833.25,6834.25,6832.75,6833.25
1775641740,6833.25,6834.5,6832.25,6834.5
1775641800,6834.75,6838,6834.75,6836.75
1775641860,6836.75,6837.75,6834.25,6835
1775641920,6834.75,6837.75,6834.75,6835.75
1775641980,6835.75,6836.75,6835.25,6835.75
1775642040,6836,6836.25,6835.5,6836
1775642100,6835.75,6837,6835.75,6835.75
1775642160,6836,6836.75,6834.25,6834.75
1775642220,6834.75,6835,6832.75,6833.5
1775642280,6833.5,6833.5,6831.5,6833
1775642340,6833,6833.25,6831.5,6831.75
1775642400,6831.75,6833.25,6831.25,6833.25
1775642460,6832.75,6834.5,6832.5,6833.5
1775642520,6833.75,6833.75,6831.75,6831.75
1775642580,6832.25,6832.75,6831.25,6832.5
1775642640,6832.5,6832.5,6830.75,6831.25
1775642700,6831.25,6831.75,6829.5,6831.75
1775642760,6831.5,6832.25,6831.25,6831.5
1775642820,6831.5,6833.75,6831.5,6833.75
1775642880,6833.75,6834.5,6832.25,6833.25
1775642940,6833,6834.25,6833,6833.75
1775643000,6834,6834,6832.25,6833.5
1775643060,6833.75,6833.75,6830.75,6831
1775643120,6831,6831,6829.5,6830.25
1775643180,6830.5,6830.5,6828.75,6829.5
1775643240,6829.75,6830,6828.75,6829.75
1775643300,6829.75,6830,6827.75,6828
1775643360,6828,6829.25,6827.25,6828.75
1775643420,6828.75,6830.5,6828.5,6829.75
1775643480,6829.5,6830.25,6829,6829
1775643540,6829,6829.75,6828.75,6829.5
1775643600,6829.75,6830.25,6829.25,6829.25
1775643660,6829.25,6831.5,6828.75,6830
1775643720,6830.5,6832,6829.75,6832
1775643780,6832,6832.25,6831.25,6831.75
1775643840,6831.25,6831.25,6830.25,6831.25
1775643900,6831.25,6833,6831,6832.75
1775643960,6832.5,6834.5,6831.75,6833.5
1775644020,6833.75,6834,6832.75,6833.75
1775644080,6833.5,6835.25,6833.25,6834.5
1775644140,6835,6835.25,6834.25,6835
1775644200,6834.75,6835.75,6834.5,6835.5
1775644260,6835.5,6835.75,6834.25,6834.25
1775644320,6834.5,6835.5,6834.5,6834.75
1775644380,6834.75,6835.5,6834,6834.5
1775644440,6834.5,6835.25,6833.75,6834
1775644500,6834.25,6835.25,6833.25,6835.25
1775644560,6835,6835.5,6834.25,6835
1775644620,6834.75,6835.75,6834,6834.75
1775644680,6834.5,6834.5,6833.75,6834.25
1775644740,6834.25,6835.25,6833.25,6833.25
1775644800,6833.5,6833.5,6832,6832.25
1775644860,6832,6834.25,6831.75,6834.25
1775644920,6834.25,6834.5,6832.75,6833
1775644980,6833,6834,6832.5,6834
1775645040,6834,6836.25,6833.75,6835.5
1775645100,6835.5,6836,6834.25,6835.5
1775645160,6835.25,6836.25,6835,6835
1775645220,6835.25,6835.25,6834.5,6835
1775645280,6835,6835.5,6833,6833.5
1775645340,6833,6834,6833,6833.25
1775645400,6833.5,6834.25,6833,6833.5
1775645460,6833.5,6837.5,6833.25,6836
1775645520,6836.25,6837.25,6836,6836.5
1775645580,6836.75,6837.25,6836,6836.25
1775645640,6836.25,6837,6835.75,6836.75
1775645700,6837,6837.5,6836.25,6836.25
1775645760,6836.25,6837,6835.5,6836.5
1775645820,6836.75,6837,6834,6835
1775645880,6834.75,6835,6834,6834.25
1775645940,6834.25,6835.25,6833.5,6833.5
1775646000,6833.5,6834.75,6832.25,6833.5
1775646060,6833.5,6833.75,6830,6830.75
1775646120,6830.5,6832.75,6830.25,6832.25
1775646180,6832.25,6833.25,6831.75,6832.75
1775646240,6832.75,6833.75,6832.5,6832.75
1775646300,6832.75,6832.75,6829.25,6829.75
1775646360,6829.75,6830.25,6828.75,6829.75
1775646420,6829.75,6831,6829.25,6830.5
1775646480,6830.5,6832.25,6830.25,6832
1775646540,6831.75,6834.25,6831.75,6833.25
1775646600,6833.25,6835,6833,6834.5
1775646660,6834.75,6834.75,6833,6833.75
1775646720,6833.75,6834.75,6833,6834.25
1775646780,6834.5,6836.25,6834.25,6835.5
1775646840,6835.5,6835.5,6833.5,6834
1775646900,6834,6834.75,6833,6833
1775646960,6833.25,6834.75,6833,6834.75
1775647020,6834.25,6834.25,6832.75,6833.25
1775647080,6833,6833.75,6832.25,6832.75
1775647140,6832.5,6834.25,6832.5,6834.25
1775647200,6834.25,6835.25,6833.5,6834.75
1775647260,6834.75,6835.5,6833.25,6833.25
1775647320,6833.5,6838,6832.75,6837.25
1775647380,6837.25,6839,6836.5,6837.5
1775647440,6837.5,6842.5,6837.5,6841
1775647500,6841.25,6843.5,6840.75,6842.75
1775647560,6842.75,6844.75,6841.25,6844.25
1775647620,6844.25,6845.75,6843.5,6844.75
1775647680,6845.25,6846.5,6844.75,6846
1775647740,6845.75,6846.75,6844.75,6845
1775647800,6845.25,6845.75,6841.75,6842.5
1775647860,6842.5,6844.25,6841,6844
1775647920,6844,6847.25,6843.25,6846
1775647980,6845.75,6846,6844.25,6844.75
1775648040,6844.75,6847,6844.75,6845
1775648100,6845,6845.25,6843,6844.5
1775648160,6844.25,6844.75,6842.25,6842.75
1775648220,6842.75,6843.75,6841,6842.75
1775648280,6842.5,6843,6840,6841.5
1775648340,6841.25,6842.5,6840.75,6842.25
1775648400,6842.5,6845.25,6842.25,6844.75
1775648460,6844.75,6845.25,6843.5,6844.25
1775648520,6844.25,6844.5,6842.75,6843.25
1775648580,6843,6843.5,6842,6843.25
1775648640,6843.25,6843.25,6841.25,6841.75
1775648700,6841.5,6842.75,6841,6841.75
1775648760,6841.75,6843.25,6841.25,6841.75
1775648820,6841.75,6842.5,6841.5,6842.5
1775648880,6842.5,6844.5,6842.25,6844.25
1775648940,6844,6844.25,6843.25,6844
1775649000,6843.75,6844.5,6843.25,6844
1775649060,6844.5,6846.25,6844,6845.25
1775649120,6845,6845.75,6844,6844.25
1775649180,6844.25,6845.5,6844,6844.75
1775649240,6844.5,6844.5,6842.5,6842.75
1775649300,6843,6843.75,6841.25,6841.5
1775649360,6841.75,6842,6839,6839.5
1775649420,6839.75,6841,6839.5,6840.25
1775649480,6840.25,6840.25,6839.25,6839.75
1775649540,6839.5,6840.75,6838.5,6839.25
1775649600,6839.5,6842.5,6839.25,6841.75
1775649660,6842,6842.75,6839,6840.25
1775649720,6840.25,6843.5,6840,6842.25
1775649780,6842.5,6843,6841.75,6842.75
1775649840,6842.75,6844.75,6842,6843.5
1775649900,6843.5,6843.75,6842,6843
1775649960,6843,6845,6842,6844.25
1775650020,6844.5,6845.5,6842.75,6842.75
1775650080,6842.75,6843.25,6839.75,6842
1775650140,6842,6842.5,6839.75,6840
1775650200,6840,6840.75,6838.5,6839
1775650260,6839,6841.5,6837.5,6839.75
1775650320,6839.75,6841,6839.5,6840.25
1775650380,6840.5,6842.5,6840.25,6842
1775650440,6842,6843.25,6841.5,6842.5
1775650500,6842.75,6842.75,6841,6841.25
1775650560,6841.25,6841.5,6840.25,6840.5
1775650620,6840.75,6841.75,6839,6841.25
1775650680,6841.25,6841.25,6838,6839.75
1775650740,6839.75,6840.75,6832.5,6832.75
1775650800,6833,6833.5,6826.5,6830.25
1775650860,6830.5,6833.25,6820.5,6822.25
1775650920,6822,6828.5,6822,6827.25
1775650980,6827,6832.25,6826,6827
1775651040,6827.25,6831.25,6824.5,6824.5
1775651100,6824.25,6827,6822.75,6825
1775651160,6825.25,6829.75,6824.25,6827
1775651220,6827,6829.75,6825.25,6829.75
1775651280,6829.5,6831.75,6828,6829.25
1775651340,6829.25,6832.5,6829,6831.25
1775651400,6831,6832.5,6829.75,6832.25
1775651460,6832.25,6834,6831.25,6833
1775651520,6833,6833.75,6831.5,6832.75
1775651580,6833,6835,6832.5,6833.75
1775651640,6833.75,6834.5,6831.75,6832.5
1775651700,6833,6834.25,6831.5,6833.5
1775651760,6833.25,6834.25,6831.25,6832.25
1775651820,6832.25,6833.25,6831.25,6831.5
1775651880,6831.5,6832,6830.25,6831.5
1775651940,6831.5,6832.25,6829.75,6830.25
1775652000,6830.25,6830.75,6828.25,6829.25
1775652060,6829.25,6830,6827.75,6829.5
1775652120,6829.5,6829.5,6828,6828.5
1775652180,6828.5,6829.25,6825.25,6828.5
1775652240,6828.5,6829.25,6826.5,6829
1775652300,6829.25,6831,6828.25,6830.75
1775652360,6830.75,6831.75,6829,6831.75
1775652420,6831.75,6834.75,6831.25,6832.25
1775652480,6832.25,6832.75,6829,6830.25
1775652540,6830,6831.25,6829.25,6830
1775652600,6829.75,6832.5,6829.5,6830.5
1775652660,6830.75,6833.75,6830.75,6833.75
1775652720,6833.75,6834.5,6832.75,6834.25
1775652780,6834.5,6835.5,6833.5,6833.75
1775652840,6833.75,6835.25,6833.25,6834.25
1775652900,6834.25,6834.25,6833.25,6833.25
1775652960,6833.25,6833.75,6830.75,6831.5
1775653020,6831.25,6834.5,6830.5,6833.25
1775653080,6833.25,6833.75,6832.25,6833.5
1775653140,6833.5,6833.5,6831.5,6831.5
1775653200,6831.5,6833.75,6831,6833.75
1775653260,6833.75,6836,6833.25,6835.25
1775653320,6835,6836,6834.75,6835.5
1775653380,6835.5,6836.5,6833.75,6835
1775653440,6835,6835.75,6833.5,6835.5
1775653500,6835.75,6836.25,6833.75,6834
1775653560,6833.75,6835.25,6833.75,6834.25
1775653620,6834.5,6834.5,6832.5,6833.5
1775653680,6833.5,6835.5,6833.25,6834.5
1775653740,6834.25,6836.25,6834,6835.5
1775653800,6835.5,6835.5,6833.75,6834.5
1775653860,6834.75,6834.75,6833.25,6834
1775653920,6834.25,6835.5,6834,6834.75
1775653980,6835,6835.25,6833.5,6834.25
1775654040,6834,6834,6832.5,6834
1775654100,6834.25,6835,6833,6833.25
1775654160,6833.25,6833.25,6831.25,6832
1775654220,6832.25,6832.25,6830.75,6831.75
1775654280,6831.75,6832,6829.25,6830
1775654340,6830,6833.25,6830,6831.75
1775654400,6831.5,6831.75,6830,6830
1775654460,6830.25,6830.5,6828,6828.25
1775654520,6828.5,6829,6827.5,6828.5
1775654580,6828.75,6833.25,6828.75,6831.5
1775654640,6831.75,6833,6831.25,6832.5
1775654700,6832.5,6836,6832.25,6835.25
1775654760,6835,6836.5,6834.5,6836.25
1775654820,6836,6836.75,6835.25,6836
1775654880,6836,6836.25,6830.75,6831.25
1775654940,6831.25,6831.25,6827,6829.5
1775655000,6829.5,6836.75,6827,6828.25
1775655060,6828,6830.25,6819.25,6820.25
1775655120,6820,6825,6819.5,6825
1775655180,6824.75,6826.75,6819,6823.75
1775655240,6823.75,6827.5,6822.75,6825.75
1775655300,6825.75,6828.75,6821.25,6825.5
1775655360,6825.5,6828,6824,6826.25
1775655420,6826.5,6828,6822.5,6824.5
1775655480,6824.75,6824.75,6818.5,6824.75
1775655540,6824.75,6824.75,6817.25,6819.75
1775655600,6819.75,6822.25,6816,6818.25
1775655660,6818.25,6819.5,6813,6815.75
1775655720,6815.75,6821.75,6814,6814.5
1775655780,6814.5,6818.25,6813.25,6816.75
1775655840,6817,6821.25,6816.25,6816.25
1775655900,6816.25,6819.25,6815.5,6818.5
1775655960,6818.5,6828.25,6817.25,6827.75
1775656020,6827.75,6830,6825.25,6827.25
1775656080,6827,6829,6820,6825.5
1775656140,6825.5,6826.75,6824.25,6826.75
1775656200,6826.5,6826.5,6821,6821.75
1775656260,6821.75,6822,6808.25,6809.25
1775656320,6809.5,6814.25,6807.25,6811.75
1775656380,6811.25,6812.5,6806.5,6808.25
1775656440,6808,6810,6805.5,6806.75
1775656500,6806.5,6811.75,6805,6807
1775656560,6807.5,6812.25,6807.5,6809.25
1775656620,6809.5,6812,6807.75,6808.5
1775656680,6808.5,6810.5,6806,6809.5
1775656740,6809.5,6815.5,6808.75,6811.75
1775656800,6811.75,6817.25,6811.25,6814.25
1775656860,6814.5,6816.25,6812,6814
1775656920,6814.75,6816,6812.5,6815.25
1775656980,6815.25,6816.25,6813.25,6815
1775657040,6815,6818.25,6813.75,6816.25
1775657100,6816.25,6817.5,6814.25,6817.25
1775657160,6817.5,6818,6810.25,6816.25
1775657220,6816.25,6818,6814.75,6816
1775657280,6816.25,6817.75,6806,6810.5
1775657340,6810.5,6815,6809.25,6814
1775657400,6814.25,6816.25,6813,6813.25
1775657460,6813.25,6815.5,6810,6814.5
1775657520,6814.5,6815.5,6812.5,6813.75
1775657580,6814,6816.25,6812.25,6815
1775657640,6815.25,6817.25,6813.5,6814.75
1775657700,6814.75,6818,6814.5,6816.25
1775657760,6816.5,6816.75,6814.5,6816
1775657820,6816.25,6819,6815,6815.75
1775657880,6816,6818,6811.75,6812.5
1775657940,6812.5,6813.5,6807.75,6811.5
1775658000,6811.75,6816.75,6810.75,6813.75
1775658060,6813.75,6816.5,6812.25,6814.5
1775658120,6814.5,6817.5,6813.5,6816
1775658180,6816,6816,6812.5,6813.25
1775658240,6813.25,6814.75,6812.25,6812.5
1775658300,6812.75,6813,6807.5,6809.25
1775658360,6809.25,6811.25,6808,6811.25
1775658420,6811.25,6813,6809,6812.25
1775658480,6812.5,6812.75,6807.5,6808.5
1775658540,6808.75,6810,6805.5,6806.25
1775658600,6806.25,6809,6803,6806.25
1775658660,6806.25,6807.75,6800,6804.25
1775658720,6804.25,6806.75,6800.75,6801.25
1775658780,6801.25,6804,6800.25,6803.25
1775658840,6803.25,6805,6800.25,6802.5
1775658900,6802.75,6804.5,6797.75,6798.75
1775658960,6798.75,6800,6797,6798.5
1775659020,6798.5,6804.5,6798.5,6803.5
1775659080,6803.25,6804,6799,6799.5
1775659140,6799.75,6800.5,6797,6798.75
1775659200,6798.75,6801.75,6797.5,6799.75
1775659260,6800,6802.5,6798.5,6800.75
1775659320,6800.75,6804,6798,6804
1775659380,6804,6805.5,6799.25,6800.75
1775659440,6801,6801.75,6798.5,6799.5
1775659500,6799.25,6801.5,6798,6798.25
1775659560,6798.5,6800,6795.25,6795.75
1775659620,6796,6796.25,6792.5,6795.75
1775659680,6795.75,6801.25,6795.75,6800.75
1775659740,6800.5,6801.5,6797.75,6800.25
1775659800,6800.5,6800.75,6797.25,6798.75
1775659860,6798.5,6799.5,6794.5,6794.75
1775659920,6795,6796.5,6793,6793.75
1775659980,6793.75,6794.75,6792,6794
1775660040,6794,6797.5,6793.25,6796
1775660100,6796,6796,6788,6788.5
1775660160,6788.75,6790,6779.75,6782
1775660220,6782,6791,6781.75,6790.5
1775660280,6790.5,6793.5,6790.25,6793.25
1775660340,6793.25,6795.5,6792,6793.75
1775660400,6794,6796.5,6793.5,6794.5
1775660460,6795,6800,6794.5,6799.5
1775660520,6799.5,6801.25,6798.5,6800.75
1775660580,6800.75,6805.25,6799.5,6803.25
1775660640,6803,6803.5,6800.5,6801.75
1775660700,6801.75,6803,6800,6800
1775660760,6800.25,6802,6798.5,6800.75
1775660820,6801,6803,6798.5,6800.25
1775660880,6800.5,6800.5,6796,6797
1775660940,6797.25,6797.25,6791.5,6792.25
1775661000,6792.5,6793,6789.75,6792.5
1775661060,6792.25,6796.25,6790.5,6793
1775661120,6793,6796.25,6791,6796
1775661180,6796,6798.75,6795,6797
1775661240,6797,6797.5,6792.25,6796.25
1775661300,6796.5,6797,6793.5,6796.5
1775661360,6796.5,6798.75,6794.5,6798.25
1775661420,6798,6798.75,6794.5,6796
1775661480,6796,6796.5,6792.5,6795.25
1775661540,6795.25,6800,6793.75,6799.5
1775661600,6799.5,6800,6797.75,6799.75
1775661660,6799.75,6800,6796,6798
1775661720,6797.75,6800,6797.5,6798.75
1775661780,6798.75,6799.5,6795.75,6798.5
1775661840,6798.75,6801.75,6798.25,6800.5
1775661900,6800.75,6800.75,6797.5,6798.75
1775661960,6798.5,6800,6795.5,6799.75
1775662020,6799.75,6800.75,6796,6797.5
1775662080,6797.75,6799,6796.25,6798.75
1775662140,6798.75,6798.75,6794.75,6795.25
1775662200,6795.5,6798.75,6795.25,6797.75
1775662260,6797.75,6798.25,6796,6797.25
1775662320,6797.25,6801.5,6795.25,6800.5
1775662380,6800.75,6802.25,6799.25,6800.75
1775662440,6800.75,6803.75,6800.5,6803.25
1775662500,6803.25,6806.25,6803.25,6803.25
1775662560,6803.5,6806.75,6801.5,6806
1775662620,6806.25,6807.75,6804.5,6807
1775662680,6807,6808.5,6806,6807.25
1775662740,6807.5,6808.5,6806.5,6807.5
1775662800,6807.5,6807.75,6803.75,6805
1775662860,6805,6807.25,6802.5,6806.75
1775662920,6806.75,6807.5,6805.75,6807.25
1775662980,6807.5,6808,6805.5,6806.75
1775663040,6806.75,6807.5,6805.5,6807.5
1775663100,6807.5,6810.5,6807.5,6809
1775663160,6808.75,6812.5,6808.5,6811.5
1775663220,6811.5,6813,6810.75,6812
1775663280,6812,6812.25,6810.25,6812.25
1775663340,6812,6813.75,6811.75,6812.75
1775663400,6812.75,6814.75,6812.75,6813.75
1775663460,6813.75,6814.5,6812.5,6814.25
1775663520,6814.25,6815.5,6813.5,6814.5
1775663580,6814.25,6816,6814.25,6815.5
1775663640,6815.25,6815.75,6813.25,6814
1775663700,6814,6815,6813.25,6814.5
1775663760,6814.75,6816,6814,6814.75
1775663820,6814.5,6816.25,6813.75,6816
1775663880,6816,6816.25,6814.75,6815.5
1775663940,6815.5,6815.5,6813,6814
1775664000,6814,6817.25,6813.75,6817
1775664060,6817,6819.5,6816.5,6819
1775664120,6819.25,6820,6818.5,6819.5
1775664180,6819.25,6822,6819,6821.5
1775664240,6821.5,6822,6816.75,6819.25
1775664300,6819.5,6820,6818.25,6818.5
1775664360,6818.75,6819.25,6816.75,6818.75
1775664420,6818.5,6818.75,6817,6817.75
1775664480,6817.75,6818.25,6816.25,6817.75
1775664540,6817.5,6818.25,6816.75,6817.25
1775664600,6817.25,6817.5,6816.25,6817.25
1775664660,6817.25,6818.25,6816.5,6818.25
1775664720,6818.25,6818.75,6815.5,6815.75
1775664780,6816,6817.75,6814.75,6817.75
1775664840,6818,6818.25,6813.75,6814
1775664900,6814.25,6815.75,6812.25,6813.25
1775664960,6813.5,6814.5,6812,6812.25
1775665020,6812.5,6813.25,6810.5,6811.25
1775665080,6811.25,6813.5,6810.5,6812.25
1775665140,6812.5,6814.25,6809.75,6813
1775665200,6813.25,6814.25,6811.25,6811.25
1775665260,6811.5,6815.25,6810.75,6813.25
1775665320,6813.25,6813.75,6810.75,6813
1775665380,6813.25,6814.25,6812.75,6813.25
1775665440,6813.5,6814.75,6813,6813.5
1775665500,6813.75,6814,6812.5,6813
1775665560,6813.25,6816.25,6813,6814.75
1775665620,6815,6815.25,6813.75,6814.25
1775665680,6814.75,6815.25,6812.75,6815
1775665740,6815.25,6816,6814.75,6815
1775665800,6815,6816.5,6813.75,6814.75
1775665860,6815,6816,6814.5,6814.75
1775665920,6814.75,6817.5,6814.75,6817.25
1775665980,6817.25,6819.25,6817,6818.75
1775666040,6818.5,6818.75,6816.75,6818.5
1775666100,6818.5,6819.5,6817.75,6818.5
1775666160,6818.5,6819.25,6817.5,6818
1775666220,6818,6820,6817,6819
1775666280,6819.25,6819.75,6816.75,6818.5
1775666340,6818.5,6820,6818.25,6819.75
1775666400,6820.25,6822.25,6819.75,6822
1775666460,6822,6823.75,6821.25,6823.25
1775666520,6823.5,6824,6822.5,6822.75
1775666580,6822.75,6822.75,6821.5,6822.25
1775666640,6822.25,6824,6822.25,6823.75
1775666700,6823.75,6824.75,6823.25,6823.75
1775666760,6824,6826,6823.75,6825
1775666820,6824.75,6825.5,6824.25,6825
1775666880,6825,6826.25,6824.5,6826
1775666940,6826.25,6826.5,6824.5,6824.75
1775667000,6825,6826,6824.25,6825.25
1775667060,6825.5,6826.5,6824.25,6825.75
1775667120,6826,6826.25,6825,6825.25
1775667180,6825.25,6825.5,6823.5,6824.5
1775667240,6824.5,6825.75,6824.25,6825
1775667300,6825,6827.25,6825,6826.5
1775667360,6826.5,6827.25,6825,6826.75
1775667420,6826.75,6827.5,6826.5,6827
1775667480,6827.25,6827.5,6826,6826.75
1775667540,6826.75,6826.75,6825.25,6826
1775667600,6826,6827,6825.25,6826.5
1775667660,6826.75,6829.5,6826.5,6829.25
1775667720,6829,6829.75,6827.75,6828.75
1775667780,6828.5,6829.5,6827,6827.25
1775667840,6827.25,6827.25,6825.75,6826.25
1775667900,6826.25,6826.5,6824.25,6825.25
1775667960,6825.25,6825.25,6823,6824
1775668020,6824,6824.5,6822,6824
1775668080,6824,6825.75,6823,6823.25
1775668140,6823.25,6824,6822.5,6823.25
1775668200,6823.5,6825.5,6822.75,6824.5
1775668260,6824.75,6826,6823.5,6825
1775668320,6825,6825.75,6823.25,6823.25
1775668380,6823.5,6825.25,6823.25,6824
1775668440,6824,6824.5,6823,6824
1775668500,6824,6826,6823.75,6824.5
1775668560,6824.75,6824.75,6823,6823.75
1775668620,6823.75,6824,6821.25,6822.5
1775668680,6822.75,6824.25,6821.5,6822.25
1775668740,6822,6823,6820.5,6822.25
1775668800,6822.25,6823.5,6821,6821.5
1775668860,6821.75,6824.5,6820.75,6821.5
1775668920,6821.5,6822,6816.25,6820
1775668980,6820,6822.25,6817.25,6819
1775669040,6818.75,6819.5,6816.5,6817.5
1775669100,6817.5,6819.5,6815.5,6818.75
1775669160,6818.75,6819.25,6816.75,6817.25
1775669220,6817.5,6818.25,6813,6815.5
1775669280,6815.5,6817.5,6815,6816.75
1775669340,6816.75,6817,6815,6815.5
1775669400,6815.5,6817.75,6815,6816.75
1775669460,6816.75,6819.5,6816.5,6818
1775669520,6818.25,6819,6816.75,6817
1775669580,6817,6817,6814.75,6815.5
1775669640,6815.75,6817.5,6815,6817
1775669700,6817,6817.75,6815.5,6815.75
1775669760,6815.75,6820.75,6815.5,6820.5
1775669820,6820.5,6820.75,6812.25,6815.75
1775669880,6815.75,6818.5,6815.25,6816.25
1775669940,6816.25,6818.5,6816,6817.5
1775670000,6817.5,6819,6817.25,6818.25
1775670060,6818.5,6820.5,6816.75,6818.5
1775670120,6818.5,6819.5,6818,6819.5
1775670180,6819.25,6821.75,6819,6821
1775670240,6821.25,6822.25,6820.75,6821.25
1775670300,6821,6822,6820,6820.75
1775670360,6821,6823,6821,6821.5
1775670420,6821.25,6822.25,6820.25,6820.25
1775670480,6820.25,6821,6819.75,6820.5
1775670540,6820.5,6821.25,6818.75,6819
1775670600,6819.5,6821.25,6819.25,6820.25
1775670660,6820.25,6822,6819.75,6821
1775670720,6821,6822.5,6820.25,6822.25
1775670780,6822,6822.75,6821.25,6822.25
1775670840,6822,6822.5,6821,6821.5
1775670900,6821.25,6822.25,6820.75,6821.5
1775670960,6821.5,6822.25,6821.25,6821.75
1775671020,6821.75,6823,6821.25,6822.75
1775671080,6822.75,6823.75,6822,6823
1775671140,6823,6823.25,6822,6823.25
1775671200,6822.75,6823.25,6817.5,6822.75
1775671260,6822.5,6826.25,6822.25,6825.25
1775671320,6825.5,6826.25,6824.5,6826
1775671380,6826,6827.5,6825.5,6826.75
1775671440,6827,6827.5,6826,6827.25
1775671500,6827.25,6828.75,6826.25,6828.25
1775671560,6828.25,6828.5,6826.5,6827.5
1775671620,6827.75,6829.75,6827,6829.25
1775671680,6829.25,6829.75,6828.25,6828.75
1775671740,6828.75,6829.75,6828.75,6829.5
1775671800,6829.25,6829.75,6827.75,6829
1775671860,6829.25,6829.25,6827.25,6829
1775671920,6828.75,6829.75,6828.25,6828.25
1775671980,6828.25,6829,6825.5,6829
1775672040,6828.75,6829.75,6827.75,6828.5
1775672100,6828.5,6830,6828.5,6829.5
1775672160,6829.75,6831.25,6829.25,6830.75
1775672220,6830.75,6831.5,6827,6828
1775672280,6828,6828.75,6814.75,6819.25
1775672340,6819.25,6820.25,6808,6813
1775672400,6813,6818.5,6811,6812.75
1775672460,6812.75,6817,6812.25,6816
1775672520,6815.75,6818.75,6812.75,6814
1775672580,6814.5,6817.25,6813.25,6815.5
1775672640,6815.5,6817.75,6814.5,6815
1775672700,6815,6816.25,6811.5,6813.5
1775672760,6813.5,6819,6812.75,6818.5
1775672820,6818.25,6819.25,6814.5,6815
1775672880,6815,6817.75,6814.75,6816
1775672940,6816.25,6816.5,6813.5,6813.75
1775673000,6814,6818,6813.75,6816
1775673060,6816.75,6818.5,6815.5,6816.75
1775673120,6816.5,6817.75,6815,6815.5
1775673180,6815.75,6815.75,6812,6813.25
1775673240,6813.5,6814.5,6812.25,6813.25
1775673300,6813.5,6815.5,6812.75,6813.5
1775673360,6813.5,6814.25,6811.75,6813.75
1775673420,6814,6814,6812.25,6812.75
1775673480,6812.5,6813.25,6811.75,6812.75
1775673540,6812.5,6812.5,6809.5,6810.25
1775673600,6810.25,6810.75,6807.5,6808.5
1775673660,6808.75,6809,6806.5,6806.75
1775673720,6807,6810,6806,6807.75
1775673780,6807.75,6809.5,6805.25,6806
1775673840,6806,6807.5,6804,6805
1775673900,6805,6806.25,6803,6805.75
1775673960,6805.75,6808.5,6805.25,6806
1775674020,6805.75,6808.25,6805,6806
1775674080,6806,6806.25,6804,6804.75
1775674140,6804.75,6804.75,6802.25,6803
1775674200,6803,6805.25,6801.25,6805
1775674260,6805.25,6805.5,6803.25,6804.25
1775674320,6804.25,6807,6803.5,6803.5
1775674380,6803.5,6805,6803.5,6803.75
1775674440,6804,6805.5,6803.75,6804
1775674500,6803.75,6804,6800,6801.25
1775674560,6801.25,6801.5,6797.5,6798.75
1775674620,6799,6800,6797.25,6797.5
1775674680,6797.75,6798.75,6795.25,6796
1775674740,6796.25,6796.75,6793,6794
1775674800,6794,6795.75,6792.75,6793.25
1775674860,6793.25,6798.25,6792.75,6797.75
1775674920,6797.5,6801.25,6797.5,6797.75
1775674980,6798,6800.75,6797.5,6798.75
1775675040,6798.5,6799,6795.75,6797.75
1775675100,6797.75,6800,6797.25,6798.5
1775675160,6798.5,6798.5,6795.75,6798
1775675220,6798.25,6800.75,6797.25,6800.75
1775675280,6800.5,6804.75,6799.5,6801.25
1775675340,6801,6801.5,6800,6801
1775675400,6801.5,6806,6801.25,6805
1775675460,6805,6809,6805,6808.25
1775675520,6808.5,6808.5,6806,6807.75
1775675580,6807.75,6809.25,6806.75,6808.5
1775675640,6808.5,6809,6806.25,6808.25
1775675700,6807.75,6809.75,6807.5,6808.5
1775675760,6808.5,6808.75,6806.5,6807.5
1775675820,6807.25,6807.25,6802.75,6804.25
1775675880,6804.25,6804.5,6802.25,6802.75
1775675940,6803,6804,6800.5,6802.5
1775676000,6802.25,6802.5,6800.5,6801
1775676060,6800.75,6802.25,6800,6800.75
1775676120,6801,6801,6798.5,6799.75
1775676180,6799.5,6802.5,6798.25,6801.75
1775676240,6802,6804,6801,6802.25
1775676300,6802.5,6806.25,6802.5,6804
1775676360,6804,6804.75,6802.25,6802.5
1775676420,6802.5,6802.75,6800.25,6800.5
1775676480,6800.5,6801.5,6799.5,6800.5
1775676540,6800.5,6800.75,6799.25,6799.5
1775676600,6799.5,6805.5,6799,6804.25
1775676660,6804.25,6808,6804.25,6806.5
1775676720,6806.5,6809.75,6805.25,6809.25
1775676780,6809,6810.25,6807.75,6808.5
1775676840,6808.25,6810,6807,6809.75
1775676900,6809.75,6813,6809.25,6810.25
1775676960,6810,6815,6809.75,6812.75
1775677020,6812.75,6814.25,6811.25,6812.25
1775677080,6812.25,6813.25,6808,6808.5
1775677140,6808.5,6813,6808.5,6812.25
1775677200,6812,6812.5,6809.5,6810
1775677260,6810.25,6810.25,6805.75,6805.75
1775677320,6806,6808.25,6805.75,6807.75
1775677380,6807.75,6810.25,6807.75,6810
1775677440,6810,6812,6809.25,6811.25
1775677500,6811,6814.5,6810.75,6813.75
1775677560,6814,6815,6812.75,6812.75
1775677620,6812.5,6815.25,6812.25,6815.25
1775677680,6815.25,6815.25,6812.5,6813.5
1775677740,6813.5,6814.75,6812,6814
1775677800,6814.25,6817.75,6813.5,6816.5
1775677860,6816.75,6817.5,6815.25,6815.5
1775677920,6815.5,6817.5,6814.25,6815.5
1775677980,6815.25,6818.5,6814,6818
1775678040,6818,6818.5,6816.75,6817.25
1775678100,6817.25,6818.5,6814.5,6816
1775678160,6816.25,6818.25,6815.75,6817.75
1775678220,6817.75,6819.75,6817.25,6819.5
1775678280,6819.5,6819.75,6817.5,6819
1775678340,6819,6825.5,6819,6823.5
1775678400,6823.5,6827,6822.75,6823.25
1775678460,6823,6827,6823,6826.25
1775678520,6826,6827,6825,6825.75
1775678580,6825.5,6826.25,6823,6824.5
1775678640,6824.5,6825.25,6823.5,6824
1775678700,6823.75,6824.5,6820,6820.5
1775678760,6820.25,6821.25,6819.25,6820.25
1775678820,6820.25,6820.75,6819.5,6820.25
1775678880,6820.5,6821.5,6819.75,6821
1775678940,6821.25,6822,6819.5,6820.25
1775679000,6820.25,6822.25,6820,6821.5
1775679060,6821.25,6821.75,6819.75,6820.5
1775679120,6820.25,6821.5,6819.75,6820.25
1775679180,6820.25,6820.75,6818.75,6819.75
1775679240,6819.5,6821,6817.5,6820.5
1775679300,6820.25,6823,6820.25,6822.75
1775679360,6822.75,6824,6822,6822
1775679420,6822,6822.25,6821,6821.25
1775679480,6821.25,6821.75,6819.75,6820.75
1775679540,6820.75,6821.25,6820,6820.25
1775679600,6820.5,6820.75,6819.75,6820.5
1775679660,6820.25,6820.75,6819.75,6820.25
1775679720,6820.25,6820.25,6819.25,6819.75
1775679780,6819.75,6820,6818.25,6819.75
1775679840,6819.75,6821.25,6819.5,6820.75
1775679900,6821,6821.5,6820.5,6820.75
1775679960,6820.75,6821,6819,6819.5
1775680020,6819.5,6820.75,6819.5,6820
1775680080,6820,6820.25,6819.75,6820
1775680140,6820.25,6820.5,6819.25,6819.75
1775680200,6819.5,6820.25,6819,6820
1775680260,6819.75,6820.5,6819.25,6819.75
1775680320,6819.75,6820.5,6818.5,6818.75
1775680380,6818.75,6819.25,6818.75,6819.25
1775680440,6819.25,6819.5,6818.5,6819
1775680500,6819,6819.5,6819,6819.25
1775680560,6819.25,6819.5,6818.25,6818.25
1775680620,6818.5,6819,6817.25,6817.75
1775680680,6817.75,6818.75,6817.5,6818.25
1775680740,6818,6818.25,6817.5,6817.75
1775680800,6818,6818.5,6817.5,6817.5
1775680860,6817.75,6818,6817,6818
1775680920,6817.75,6818.25,6817.5,6817.75
1775680980,6817.75,6818,6817,6817
1775681040,6817.25,6817.75,6817,6817.25
1775681100,6817.25,6817.75,6816.5,6816.5
1775681160,6817,6817.25,6816,6816.75
1775681220,6816.75,6816.75,6815.75,6816.75
1775681280,6816.75,6816.75,6815.75,6816
1775681340,6815.75,6816.25,6815.25,6816.25
1775681400,6815.75,6817.5,6815.75,6816.25
1775681460,6816.25,6816.5,6815.5,6815.75
1775681520,6815.5,6815.75,6814.5,6814.75
1775681580,6814.5,6815.25,6814.5,6815
1775681640,6815,6815.75,6814.25,6815.5
1775681700,6815.5,6816,6815,6815.75
1775681760,6815.5,6816.75,6815.5,6816.5
1775681820,6816,6816.5,6815.75,6816
1775681880,6816.5,6816.75,6816,6816.5
1775681940,6816.5,6816.75,6815.5,6816.5
1775685600,6815.25,6820,6814,6819.5
1775685660,6819.25,6819.75,6817.5,6819
1775685720,6819,6821.5,6818.25,6820.5
1775685780,6820.25,6820.5,6817.5,6819.75
1775685840,6819.75,6821.75,6819,6821.5
1775685900,6821,6822.5,6820.25,6822
1775685960,6821.5,6821.5,6819.75,6820
1775686020,6820,6820.75,6820,6820.5
1775686080,6820.25,6822,6820.25,6821.25
1775686140,6821.25,6823.25,6821.25,6822.75
1775686200,6822.5,6822.5,6821,6821.75
1775686260,6821.75,6822.25,6820.5,6821
1775686320,6821,6821,6818,6818.25
1775686380,6818,6818.5,6817.25,6817.75
1775686440,6818,6818.25,6816.5,6817.25
1775686500,6817.5,6818.5,6817,6817.75
1775686560,6818,6819,6817.5,6819
1775686620,6818.75,6819,6817.5,6817.75
1775686680,6817.75,6817.75,6814.75,6815.5
1775686740,6815.5,6815.5,6813.75,6814
1775686800,6814,6815,6812.75,6813.25
1775686860,6813,6814.75,6810,6813.75
1775686920,6813.75,6815.25,6813.5,6814.5
1775686980,6814.75,6815.25,6814.25,6814.5
1775687040,6814.5,6815,6812.25,6813.75
1775687100,6814,6815.25,6813.75,6814.75
1775687160,6815,6815,6814.25,6814.5
1775687220,6815,6815.5,6814,6814.25
1775687280,6814.5,6814.75,6813.5,6814
1775687340,6813.75,6814.75,6812.25,6813.75
1775687400,6813.75,6815.75,6813.75,6815.5
1775687460,6815.5,6818.25,6815,6815.75
1775687520,6815.75,6816.5,6815.5,6815.5
1775687580,6815.75,6817.25,6815.5,6817.25
1775687640,6817,6818.25,6816.5,6817.5
1775687700,6817.5,6819.75,6817.5,6819
1775687760,6819.25,6819.5,6818,6818.5
1775687820,6818.5,6819.25,6817.75,6818
1775687880,6818.25,6818.5,6816.5,6817.5
1775687940,6817.25,6817.25,6816.5,6817
1775688000,6816.75,6817.5,6815.75,6815.75
1775688060,6815.75,6816.5,6815.5,6816
1775688120,6816,6816.5,6815.75,6815.75
1775688180,6815.5,6817,6815.5,6816.25
1775688240,6816.25,6816.25,6815.5,6815.5
1775688300,6815.5,6818,6815.5,6816.25
1775688360,6816,6816,6815.25,6815.5
1775688420,6815.25,6815.5,6814.5,6815
1775688480,6815,6815.25,6814.25,6814.75
1775688540,6814.5,6815.5,6814.5,6815
1775688600,6815.25,6815.75,6814.75,6815.5
1775688660,6815.75,6816.25,6815,6815
1775688720,6815,6815.5,6814.5,6814.5
1775688780,6814.75,6815.25,6814.75,6815.25
1775688840,6815.5,6815.75,6815,6815.5
1775688900,6815.5,6816.75,6815.5,6816.5
1775688960,6816.25,6816.5,6815.75,6815.75
1775689020,6815.75,6816,6815.5,6815.5
1775689080,6815.5,6816,6815,6816
1775689140,6816,6816,6815,6815.75
1775689200,6815.75,6816,6814.75,6815
1775689260,6815,6815.75,6814.5,6815.5
1775689320,6815.25,6815.75,6814,6815
1775689380,6815,6815.5,6814.25,6815.5
1775689440,6815.5,6816.75,6815.25,6816.75
1775689500,6816.75,6820.75,6816.75,6819.25
1775689560,6819.25,6819.25,6817.75,6818.75
1775689620,6818.25,6819,6817,6818.5
1775689680,6818.5,6819,6818,6819
1775689740,6818.75,6818.75,6817.75,6817.75
1775689800,6817.75,6819,6817.5,6817.75
1775689860,6817.5,6818.25,6817,6818.25
1775689920,6817.75,6818.5,6817.75,6818
1775689980,6817.75,6819.25,6817.75,6819.25
1775690040,6818.75,6819.25,6818,6818.25
1775690100,6818,6818.75,6818,6818.75
1775690160,6818.75,6819.75,6818.5,6819
1775690220,6819.25,6819.75,6818.25,6818.5
1775690280,6818.5,6819,6817.75,6817.75
1775690340,6817.75,6817.75,6815.25,6815.5
1775690400,6815.75,6816.5,6815.25,6815.75
1775690460,6815.5,6815.75,6814.5,6815
1775690520,6815,6815.75,6814.75,6815.25
1775690580,6815,6815.75,6814.75,6815.75
1775690640,6815.5,6815.75,6815,6815.5
1775690700,6815.75,6816,6815,6815
1775690760,6815,6817.25,6815,6816.25
1775690820,6816.5,6816.75,6815.5,6816.5
1775690880,6816.25,6816.25,6815.25,6815.75
1775690940,6816,6816,6814.75,6815
1775691000,6815.25,6815.75,6815,6815.5
1775691060,6815.75,6816,6815.25,6815.5
1775691120,6815.75,6815.75,6813,6813.75
1775691180,6814,6814.75,6813.75,6814.75
1775691240,6814.25,6815.75,6814.25,6815.25
1775691300,6815,6815.25,6814.25,6814.75
1775691360,6814.75,6815,6814,6814.75
1775691420,6814.75,6815.25,6814,6814.75
1775691480,6815,6815,6814,6814
1775691540,6814.25,6814.25,6812.75,6813.75
1775691600,6813.75,6814.5,6813.5,6814.25
1775691660,6814,6815.25,6814,6814.75
1775691720,6814.75,6815,6814,6814.25
1775691780,6814.5,6814.75,6813.75,6814
1775691840,6813.75,6814.5,6813.25,6814
1775691900,6814,6815.5,6813.75,6815.25
1775691960,6815.5,6816,6814.5,6815
1775692020,6815,6815,6813,6813.75
1775692080,6813.75,6814.25,6813.5,6813.75
1775692140,6814,6814.25,6813.25,6813.75
1775692200,6814.25,6814.75,6814,6814.75
1775692260,6814.75,6815.25,6814,6814.5
1775692320,6814.75,6814.75,6814.25,6814.5
1775692380,6814.5,6814.75,6813.75,6814.75
1775692440,6814.75,6814.75,6813.5,6813.75
1775692500,6813.5,6813.75,6812.25,6813.5
1775692560,6813.25,6814,6812.5,6813
1775692620,6813,6813.5,6812.5,6813.25
1775692680,6813.25,6813.5,6812.25,6812.25
1775692740,6812.5,6812.75,6812,6812.75
1775692800,6812.75,6813.75,6811,6811.75
1775692860,6811.75,6812,6810,6810.25
1775692920,6810.25,6811.5,6809.5,6809.5
1775692980,6809.75,6810.75,6808.75,6809.25
1775693040,6809.25,6809.5,6807.25,6807.5
1775693100,6807.25,6810.25,6806.5,6809.5
1775693160,6809.5,6810.25,6808.75,6809
1775693220,6808.75,6809.25,6807.25,6808.5
1775693280,6808.25,6809.75,6808.25,6809.5
1775693340,6809.25,6809.5,6808.25,6808.25
1775693400,6808,6809,6808,6809
1775693460,6808.75,6809.25,6808.25,6809
1775693520,6809.25,6809.25,6808.25,6808.5
1775693580,6808.5,6810.25,6808.25,6810.25
1775693640,6810.5,6812.5,6809.75,6811.5
1775693700,6811.5,6812,6810,6811
1775693760,6811,6813.25,6810.25,6812.75
1775693820,6812.5,6813.5,6811.75,6813
1775693880,6813,6813,6810.75,6811
1775693940,6811,6813.25,6810.75,6813
1775694000,6813,6814.5,6811.5,6814.5
1775694060,6814.5,6817,6813.75,6815.75
1775694120,6815.25,6816.25,6814.25,6815.25
1775694180,6815.25,6815.5,6814.5,6814.75
1775694240,6814.75,6815.25,6813.75,6814.5
1775694300,6814.5,6814.75,6811.5,6812.5
1775694360,6812.5,6814.25,6812,6813.25
1775694420,6813.25,6813.75,6812.75,6813.75
1775694480,6813.25,6813.75,6812.5,6813.25
1775694540,6813.25,6813.5,6811.5,6811.5
1775694600,6811.5,6814.75,6811.5,6814.25
1775694660,6814,6817.5,6814,6816.25
1775694720,6816.25,6816.5,6814.25,6814.25
1775694780,6814.5,6815,6812.25,6813.25
1775694840,6813.25,6814.25,6812.5,6814.25
1775694900,6814.25,6815,6814,6814.5
1775694960,6814.5,6815.25,6814,6815
1775695020,6814.75,6816,6814.25,6815.5
1775695080,6815,6816.75,6814.75,6816.5
1775695140,6816.75,6816.75,6815.25,6815.75
1775695200,6816,6817,6816,6816.5
1775695260,6816.5,6816.75,6815.25,6816
1775695320,6816.5,6816.75,6815.25,6816
1775695380,6816,6816,6815,6815.25
1775695440,6815.5,6815.75,6814.75,6815.5
1775695500,6815.5,6816.25,6813.5,6814
1775695560,6814.25,6814.25,6812,6812.75
1775695620,6813,6814,6812.75,6813.75
1775695680,6813.5,6814.5,6813.25,6814
1775695740,6813.75,6814.25,6812.75,6813.5
1775695800,6813.5,6814.5,6812.75,6812.75
1775695860,6812.5,6814,6812.25,6813.5
1775695920,6813.75,6814.25,6812.25,6812.75
1775695980,6812.75,6813,6810.5,6810.5
1775696040,6810.75,6812.25,6810.25,6811.5
1775696100,6811.5,6811.5,6810.25,6811.25
1775696160,6811.25,6811.5,6810.75,6811
1775696220,6811.25,6812,6811,6812
1775696280,6811.75,6812.5,6811.5,6812
1775696340,6812,6812.25,6811.5,6811.75
1775696400,6811.75,6814,6811.75,6812.75
1775696460,6813,6813,6811.25,6811.75
1775696520,6811.75,6812,6810.5,6810.75
1775696580,6810.25,6812,6809,6811.5
1775696640,6811.5,6811.5,6810.25,6811.5
1775696700,6811.5,6811.5,6808.25,6808.75
1775696760,6808.75,6811.25,6808.75,6810
1775696820,6810,6810.25,6808.75,6808.75
1775696880,6809.25,6809.25,6808,6808.75
1775696940,6808.75,6810,6808.5,6809.5
1775697000,6809.75,6810.75,6809,6810.5
1775697060,6810.5,6810.75,6809.25,6810
1775697120,6809.75,6809.75,6807,6807.75
1775697180,6807.5,6807.75,6807,6807.75
1775697240,6807.75,6808.5,6807.25,6808.25
1775697300,6808.5,6809,6808.25,6808.5
1775697360,6808.5,6808.75,6806.75,6807
1775697420,6807.5,6808.25,6807,6807
1775697480,6807.25,6807.75,6807,6807.5
1775697540,6807.5,6807.5,6807,6807.25
1775697600,6807,6807.75,6806.5,6806.75
1775697660,6806.75,6807.75,6806.5,6807.5
1775697720,6807.25,6807.5,6804.25,6805
1775697780,6805,6805.75,6803.75,6804.75
1775697840,6804.75,6805.5,6804.25,6805.25
1775697900,6805.25,6806,6804.25,6805.25
1775697960,6805.25,6806.5,6804.75,6806
1775698020,6806,6807,6805.5,6806.5
1775698080,6807,6807.75,6806.5,6807.5
1775698140,6807.5,6807.5,6805.75,6806
1775698200,6806,6807,6805,6806.75
1775698260,6806.75,6807.25,6806.25,6806.75
1775698320,6806.75,6807,6806.25,6806.75
1775698380,6806.5,6808.75,6806.25,6808
1775698440,6808,6811.25,6808,6810.25
1775698500,6810.25,6810.25,6809,6809.5
1775698560,6809.5,6810,6808.5,6809.75
1775698620,6809.5,6810,6808,6808
1775698680,6808.25,6809,6808.25,6808.25
1775698740,6808.25,6810,6808.25,6809.5
1775698800,6809.5,6809.75,6808.5,6809.5
1775698860,6809.5,6809.75,6808.75,6808.75
1775698920,6809,6811.25,6809,6811
1775698980,6810.75,6811,6808.5,6808.75
1775699040,6808.5,6809,6807.75,6808.5
1775699100,6808.25,6809.25,6808.25,6809
1775699160,6809,6809.5,6808.5,6808.5
1775699220,6808.75,6808.75,6806.75,6807
1775699280,6807,6807.25,6805.25,6806.75
1775699340,6807,6809.5,6806.75,6809.25
1775699400,6809.5,6812.25,6809.25,6811.25
1775699460,6811,6811.75,6810.25,6811
1775699520,6810.75,6810.75,6809.75,6810
1775699580,6809.75,6810.25,6809.25,6810
1775699640,6810.5,6811.75,6810,6810.5
1775699700,6810.5,6811.5,6810.5,6811
1775699760,6810.75,6811,6810,6810.5
1775699820,6810.5,6810.75,6809.75,6810.5
1775699880,6810.25,6811.5,6809.5,6811
1775699940,6811.5,6811.5,6810.5,6811
1775700000,6811.25,6813,6810.75,6811.25
1775700060,6811.5,6812,6810.75,6811
1775700120,6811.25,6812.25,6811,6811.25
1775700180,6811.5,6811.5,6810.75,6811.25
1775700240,6811,6811.5,6810,6810.5
1775700300,6810.5,6811.75,6810.5,6811.75
1775700360,6811.25,6812,6811,6811
1775700420,6811.5,6813.75,6811.25,6812.75
1775700480,6812.75,6813,6810.75,6811.75
1775700540,6812,6812.5,6811.5,6811.5
1775700600,6811.5,6812,6810.5,6810.75
1775700660,6811,6811.25,6810.25,6810.75
1775700720,6810.75,6811.25,6810.5,6810.5
1775700780,6810.25,6810.75,6809.5,6810.25
1775700840,6810.25,6811,6810,6811
1775700900,6810.75,6811.5,6809.75,6810.25
1775700960,6810.25,6811.25,6810.25,6810.75
1775701020,6810.5,6812.25,6809.75,6812.25
1775701080,6812.25,6813.25,6812,6812.5
1775701140,6812.5,6812.75,6812,6812.75
1775701200,6813,6813.25,6811.5,6811.5
1775701260,6811.5,6812.25,6811.5,6812
1775701320,6811.75,6812.25,6810,6811
1775701380,6810.5,6811.25,6810.5,6811
1775701440,6811,6811.25,6810.5,6811.25
1775701500,6811.5,6811.5,6810.25,6810.5
1775701560,6810.25,6810.75,6810,6810.5
1775701620,6810.25,6811,6810.25,6811
1775701680,6810.75,6810.75,6809.75,6809.75
1775701740,6810,6810.5,6810,6810
1775701800,6810.25,6811,6810,6811
1775701860,6811.25,6812,6811,6811.5
1775701920,6811.5,6812.25,6811.25,6812.25
1775701980,6812.25,6812.25,6811.25,6811.25
1775702040,6811,6811.25,6810.75,6810.75
1775702100,6811.25,6812,6810.75,6811.25
1775702160,6811.5,6811.75,6810.25,6811
1775702220,6811,6811.75,6811,6811.75
1775702280,6811.5,6811.75,6810.75,6811.5
1775702340,6811.25,6812.25,6811.25,6811.5
1775702400,6811.5,6811.5,6810.75,6811.25
1775702460,6811.75,6811.75,6810.75,6811
1775702520,6810.75,6811,6810,6811
1775702580,6811.25,6812.25,6811.25,6811.5
1775702640,6811.5,6811.75,6811,6811.25
1775702700,6811.25,6812.75,6811,6812.75
1775702760,6812.75,6813.25,6812,6812.5
1775702820,6812.5,6812.75,6811.75,6812
1775702880,6811.75,6812.25,6811.5,6812
1775702940,6812,6813,6811.75,6812.75
1775703000,6813,6814.75,6812.5,6813.75
1775703060,6813.5,6815,6813.25,6813.75
1775703120,6813.75,6814,6813,6813.25
1775703180,6813,6814,6812.5,6814
1775703240,6814,6814,6813.25,6813.25
1775703300,6813.5,6813.5,6811.75,6812
1775703360,6812.25,6812.25,6810.5,6811
1775703420,6811.25,6811.5,6810.5,6810.5
1775703480,6810.5,6811.25,6810.25,6811
1775703540,6810.75,6811,6810.25,6810.25
1775703600,6810.25,6810.75,6810,6810
1775703660,6810.25,6810.75,6809,6809.25
1775703720,6809,6810,6809,6809.75
1775703780,6809.5,6810,6809.25,6810
1775703840,6810.25,6810.5,6809.75,6810
1775703900,6810,6810.5,6809.75,6809.75
1775703960,6809.75,6810,6809,6809.25
1775704020,6809.5,6810.5,6809.5,6810.5
1775704080,6810.5,6812,6810.5,6811.25
1775704140,6811.25,6811.25,6810.25,6810.5
1775704200,6810.75,6810.75,6810,6810.75
1775704260,6810.25,6810.5,6809.75,6810.25
1775704320,6809.75,6810,6809.5,6810
1775704380,6810.25,6810.25,6809.25,6809.5
1775704440,6809.5,6810,6809.5,6809.75
1775704500,6810,6810,6809.25,6809.25
1775704560,6809.25,6809.5,6809,6809.25
1775704620,6809.25,6809.5,6808,6808.25
1775704680,6808.25,6809,6808,6808.5
1775704740,6808.25,6809,6807.75,6807.75
1775704800,6808,6808.5,6807.5,6807.75
1775704860,6807.5,6808,6807.25,6807.5
1775704920,6807.25,6808,6807,6808
1775704980,6808,6808.5,6808,6808.25
1775705040,6808,6808.25,6807.5,6808
1775705100,6808.25,6808.25,6807.5,6808
1775705160,6808,6808.25,6807.75,6807.75
1775705220,6807.75,6808.25,6807.75,6808.25
1775705280,6807.75,6808.5,6807.75,6808
1775705340,6808,6808.25,6807.75,6807.75
1775705400,6807.75,6809.75,6807.75,6809.25
1775705460,6809.5,6810.25,6809,6809.75
1775705520,6810,6810.25,6809.75,6810.25
1775705580,6810,6810.5,6809.75,6810.25
1775705640,6810.5,6810.5,6809.75,6809.75
1775705700,6810,6811,6809.75,6811
1775705760,6811,6811,6810,6810
1775705820,6810,6810.75,6810,6810
1775705880,6810,6810,6809.5,6809.5
1775705940,6809.5,6810,6809.25,6809.25
1775706000,6809.5,6809.75,6809,6809.25
1775706060,6809,6809.5,6808.25,6808.25
1775706120,6808,6808.5,6808,6808.25
1775706180,6808,6808.75,6807.75,6808.5
1775706240,6808.25,6809,6808.25,6809
1775706300,6809,6809,6807.75,6807.75
1775706360,6807.75,6808.25,6806,6806.75
1775706420,6807,6807.75,6806,6807.25
1775706480,6807.25,6807.5,6806.5,6807
1775706540,6807,6808.5,6806.5,6808.25
1775706600,6808.5,6810,6808.5,6808.75
1775706660,6808.75,6808.75,6808,6808.5
1775706720,6808.5,6809.5,6808,6809
1775706780,6809,6809.25,6808.75,6809.25
1775706840,6809.5,6810.25,6809.25,6809.75
1775706900,6809.5,6809.75,6808.75,6809.5
1775706960,6809.25,6811.5,6809,6811.5
1775707020,6811.25,6811.5,6811,6811
1775707080,6811,6811.25,6809.5,6810
1775707140,6810,6810.75,6809.75,6810.5
1775707200,6810.5,6811.25,6810,6810
1775707260,6810,6810,6808.75,6809.25
1775707320,6809.25,6810,6808.75,6809.75
1775707380,6809.75,6810.25,6809.25,6810.25
1775707440,6810,6810,6809,6809.25
1775707500,6809.25,6809.75,6809.25,6809.75
1775707560,6810.25,6810.25,6809.25,6809.75
1775707620,6809.5,6809.75,6809,6809.75
1775707680,6809.5,6810.25,6809.5,6810
1775707740,6810,6810.5,6809.75,6809.75
1775707800,6809.75,6811.25,6809.75,6810.75
1775707860,6811,6811.5,6810.75,6811
1775707920,6811,6811.5,6810.25,6810.5
1775707980,6810.5,6810.75,6810,6810.5
1775708040,6810.75,6811,6810.5,6810.5
1775708100,6811,6811,6810,6810.5
1775708160,6810.25,6810.25,6809.5,6810
1775708220,6810.25,6810.25,6809,6809
1775708280,6809.25,6809.25,6808.5,6808.75
1775708340,6809,6809.25,6808.25,6809
1775708400,6809,6809,6808.5,6809
1775708460,6809,6809,6807.75,6808.25
1775708520,6808.25,6808.75,6807.75,6808.5
1775708580,6808.75,6808.75,6808,6808.75
1775708640,6808.5,6808.75,6808.25,6808.5
1775708700,6808.25,6808.75,6807.75,6808.75
1775708760,6808.75,6809.25,6808.75,6808.75
1775708820,6809.25,6809.5,6809,6809
1775708880,6809,6809.25,6808.75,6809
1775708940,6809,6809.25,6808.5,6809.25
1775709000,6809.25,6809.25,6807.75,6808
1775709060,6807.75,6809,6807.75,6808.75
1775709120,6808.75,6809.5,6808.5,6808.5
1775709180,6808.75,6809,6808.25,6808.25
1775709240,6808.5,6808.75,6808,6808.25
1775709300,6808,6809.25,6808,6809.25
1775709360,6809,6809.25,6808.75,6808.75
1775709420,6808.75,6808.75,6808.5,6808.5
1775709480,6808.5,6808.75,6808.5,6808.5
1775709540,6808.5,6808.75,6808.25,6808.75
1775709600,6808.5,6809.25,6808.5,6809.25
1775709660,6809,6810.5,6809,6810.5
1775709720,6810.5,6810.5,6809.75,6810
1775709780,6810,6810.25,6809.75,6809.75
1775709840,6809.5,6810,6809.5,6809.5
1775709900,6809.5,6809.5,6809,6809.5
1775709960,6809.5,6809.5,6809.5,6809.5
1775710020,6809.5,6809.5,6809.25,6809.25
1775710080,6809.5,6809.75,6809.25,6809.75
1775710140,6809.75,6810.25,6809.5,6809.5
1775710200,6809.5,6809.75,6809.25,6809.5
1775710260,6809.5,6811.25,6809.5,6810.75
1775710320,6810.75,6811,6810.25,6811
1775710380,6811,6811,6810.25,6810.75
1775710440,6810.75,6811,6810.5,6810.75
1775710500,6810.75,6810.75,6809.75,6810
1775710560,6810,6810.25,6810,6810
1775710620,6810,6810,6808.5,6808.75
1775710680,6809,6809.5,6809,6809
1775710740,6809.25,6809.5,6808.5,6808.75
1775710800,6809,6809.5,6808.5,6809.25
1775710860,6809.5,6810,6809.25,6809.75
1775710920,6809.5,6809.75,6808.75,6808.75
1775710980,6808.75,6809,6808.25,6808.25
1775711040,6808.75,6809,6808.5,6808.75
1775711100,6808.75,6809.5,6808.25,6808.25
1775711160,6808.25,6808.5,6807.75,6807.75
1775711220,6807.75,6808.25,6807.5,6807.75
1775711280,6807.75,6807.75,6807,6807.5
1775711340,6807,6807.25,6806.5,6807
1775711400,6806.75,6807.25,6804.75,6805.25
1775711460,6805.25,6807,6805.25,6807
1775711520,6807,6808.5,6806.75,6808
1775711580,6807.75,6808.5,6807.5,6808
1775711640,6808,6809,6807.5,6808.75
1775711700,6809,6810.5,6808.75,6809.5
1775711760,6809.5,6812.5,6809.25,6811.5
1775711820,6811.5,6812,6810.75,6811.25
1775711880,6811.5,6811.5,6810.75,6810.75
1775711940,6810.75,6812.75,6810.75,6812.25
1775712000,6812.25,6812.75,6811.5,6812.5
1775712060,6812,6813,6811.75,6812.5
1775712120,6812,6812,6810.75,6811.25
1775712180,6811.25,6812,6811.25,6811.75
1775712240,6811.75,6811.75,6810.75,6811
1775712300,6811,6812.25,6810.5,6812
1775712360,6812.25,6812.25,6811.75,6812.25
1775712420,6812,6812.5,6811.75,6812.25
1775712480,6812.5,6812.5,6812,6812.25
1775712540,6812,6813.25,6811.75,6813.25
1775712600,6813.25,6813.25,6812,6812.75
1775712660,6812.5,6813,6811.75,6812.75
1775712720,6813,6813.75,6812.5,6813
1775712780,6813.25,6813.25,6812.5,6813
1775712840,6812.5,6813,6812.5,6812.5
1775712900,6812.5,6812.75,6811.75,6812.25
1775712960,6812,6812.75,6812,6812
1775713020,6812,6813.25,6812,6813
1775713080,6812.75,6816.25,6812.75,6815
1775713140,6814.75,6815.25,6814.25,6814.5
1775713200,6814.25,6814.5,6813,6813.25
1775713260,6813.25,6814.75,6813.25,6814
1775713320,6814,6814.5,6813.75,6814.5
1775713380,6814.5,6815.25,6814,6814.25
1775713440,6814.25,6814.75,6814,6814.5
1775713500,6814.5,6814.75,6814,6814.25
1775713560,6813.75,6814,6812.25,6812.5
1775713620,6813,6813,6812,6812
1775713680,6812.25,6812.5,6811,6811.25
1775713740,6811.25,6812.25,6811.25,6811.75
1775713800,6811.75,6812.25,6810.5,6811
1775713860,6811,6811.25,6810.25,6810.5
1775713920,6810.5,6811.25,6810.25,6810.75
1775713980,6811,6811.25,6810.25,6810.75
1775714040,6810.75,6810.75,6810,6810.5
1775714100,6810.75,6811.25,6810.5,6810.5
1775714160,6810.5,6811,6810.5,6810.75
1775714220,6811,6811,6810.25,6810.75
1775714280,6810.75,6811.75,6810.75,6811
1775714340,6810.75,6811.75,6810.75,6811.5
1775714400,6811.75,6813.75,6811.25,6813.25
1775714460,6813.5,6815,6813,6813
1775714520,6813,6815.75,6812.5,6814.75
1775714580,6815,6817.25,6814.75,6816.25
1775714640,6816.25,6816.75,6815,6815.75
1775714700,6815.75,6816.5,6814.25,6815.25
1775714760,6815.25,6815.25,6814.25,6815
1775714820,6815,6816,6814.75,6814.75
1775714880,6814.5,6814.75,6814,6814.5
1775714940,6814,6814,6812.25,6812.5
1775715000,6812.25,6814,6811.75,6813.25
1775715060,6813,6813.75,6812.5,6813
1775715120,6813.5,6813.5,6812.25,6812.5
1775715180,6812.5,6812.5,6811.5,6812
1775715240,6812,6812,6811,6811.75
1775715300,6811.75,6812.25,6810.5,6811
1775715360,6811.25,6811.5,6810.25,6811.5
1775715420,6811.5,6812,6811.5,6811.75
1775715480,6811.5,6812.5,6811.5,6811.75
1775715540,6811.5,6811.75,6810.5,6811
1775715600,6811,6811.5,6810.5,6811.25
1775715660,6811.25,6811.5,6810.5,6810.5
1775715720,6810.25,6810.5,6809.5,6810.25
1775715780,6810.5,6810.5,6810,6810.5
1775715840,6810.75,6810.75,6809.5,6810
1775715900,6810,6810.25,6809.75,6809.75
1775715960,6809.75,6810.75,6809.5,6810.5
1775716020,6810.25,6812.25,6810,6811.75
1775716080,6811.75,6811.75,6809.5,6811
1775716140,6810.75,6811.75,6810.5,6811.25
1775716200,6811.5,6811.5,6809.25,6810.25
1775716260,6810.25,6812.5,6810,6811.75
1775716320,6811.75,6813,6810.75,6812.25
1775716380,6812.25,6812.5,6811.5,6811.5
1775716440,6811.75,6812.75,6811,6811
1775716500,6811.25,6811.25,6810.25,6811.25
1775716560,6811.5,6812,6810.25,6811.25
1775716620,6811,6811.75,6810.75,6811.75
1775716680,6811.25,6811.25,6811,6811.25
1775716740,6811.5,6811.75,6811,6811.25
1775716800,6811,6811.75,6810.75,6811.75
1775716860,6811.75,6811.75,6810.5,6810.5
1775716920,6810.75,6811.5,6810.5,6811
1775716980,6810.75,6811.75,6810.75,6811.25
1775717040,6810.75,6811.5,6810.75,6811.5
1775717100,6811,6811.75,6810,6810.5
1775717160,6810.5,6810.75,6808.25,6809
1775717220,6809,6809.25,6806.5,6808
1775717280,6808,6809.25,6808,6809
1775717340,6809.25,6809.25,6807,6807
1775717400,6807.5,6807.5,6806.5,6807.25
1775717460,6807,6807.5,6806,6806.5
1775717520,6806.75,6808.25,6806.75,6808.25
1775717580,6808,6808.5,6807,6807
1775717640,6807.25,6808.25,6807,6808.25
1775717700,6808.5,6809.75,6808.25,6809
1775717760,6809,6809.75,6809,6809.25
1775717820,6809.25,6809.25,6808.75,6809.25
1775717880,6809.25,6810,6809,6809.5
1775717940,6809.5,6811.5,6809.5,6811.25
1775718000,6811.25,6813.25,6811.25,6813
1775718060,6813,6813,6810.75,6811.25
1775718120,6811.25,6811.5,6810.25,6810.5
1775718180,6810.5,6810.5,6809.25,6809.25
1775718240,6809,6810.25,6808.5,6808.5
1775718300,6808.75,6809,6807.25,6808
1775718360,6807.75,6808,6806.75,6807.75
1775718420,6807.5,6807.75,6806.5,6807
1775718480,6807.25,6808,6806.5,6807.75
1775718540,6808,6808,6805.5,6805.75
1775718600,6806,6807,6805.75,6807
1775718660,6807,6807,6805.5,6806
1775718720,6806,6806.25,6804.25,6805.25
1775718780,6805,6806.25,6804.25,6805
1775718840,6805,6806.5,6804.5,6806
1775718900,6805.75,6806.5,6804.75,6805.5
1775718960,6805.75,6805.75,6802.5,6803.5
1775719020,6803.5,6804.5,6802,6802.5
1775719080,6802.5,6802.75,6800.5,6802.5
1775719140,6802.75,6803.5,6802,6802.75
1775719200,6803,6803,6800.25,6800.75
1775719260,6800.75,6802.25,6800,6802
1775719320,6802,6803,6801.5,6802.25
1775719380,6802,6803,6802,6803
1775719440,6803,6806.25,6802.75,6804.75
1775719500,6805,6805.25,6803.5,6804
1775719560,6804.5,6804.75,6803.5,6804.5
1775719620,6804.25,6804.25,6802.75,6803.25
1775719680,6803,6804.25,6802.75,6803.25
1775719740,6803.25,6804.25,6803.25,6804
1775719800,6804.25,6805.25,6804,6804
1775719860,6804.25,6804.5,6802.75,6803.25
1775719920,6803.25,6803.25,6799.5,6800.25
1775719980,6800.5,6802,6800,6802
1775720040,6801.75,6801.75,6800.25,6800.75
1775720100,6800.75,6801.25,6800.5,6801
1775720160,6800.75,6801.5,6800,6801.5
1775720220,6801.75,6802.5,6801,6801
1775720280,6801.5,6802.5,6801.25,6802.5
1775720340,6802.75,6802.75,6801.25,6801.5
1775720400,6801.25,6802.25,6799.25,6799.75
1775720460,6799.5,6799.75,6797.75,6799.25
1775720520,6799.25,6799.25,6797.25,6798.25
1775720580,6798.25,6799,6797,6797.75
1775720640,6797.5,6798,6796.5,6797
1775720700,6797.5,6798,6796.75,6797.75
1775720760,6797.75,6798.25,6795.5,6796
1775720820,6796,6796.25,6794.75,6795.75
1775720880,6795.25,6796.75,6794.75,6796.75
1775720940,6796.5,6798,6796,6796.5
1775721000,6796.25,6796.5,6794.25,6794.5
1775721060,6794.5,6795.5,6794.5,6794.5
1775721120,6794.75,6796.5,6794.25,6796.5
1775721180,6796.5,6796.5,6795.5,6795.5
1775721240,6795.75,6797.75,6795.75,6797.25
1775721300,6797.5,6799,6797.25,6798.5
1775721360,6799,6799.5,6798.5,6798.75
1775721420,6798.75,6798.75,6797.5,6797.75
1775721480,6797.75,6798.25,6797.5,6798
1775721540,6797.75,6798.75,6797.75,6798.75
1775721600,6798.75,6800.25,6798.75,6799.25
1775721660,6799.25,6799.5,6797.25,6798
1775721720,6797.75,6797.75,6795.5,6797.25
1775721780,6797.25,6798.75,6797.25,6798.5
1775721840,6798.5,6800.5,6798.25,6799.25
1775721900,6799,6799.25,6798,6798.75
1775721960,6798.75,6799,6797.25,6798.5
1775722020,6798.5,6799,6797.75,6797.75
1775722080,6797.75,6798,6797,6797.5
1775722140,6797.5,6797.5,6794.25,6795.75
1775722200,6795.75,6796,6794.75,6795.75
1775722260,6795.75,6795.75,6793.25,6794.25
1775722320,6794.5,6795,6794.25,6794.5
1775722380,6794.5,6795.75,6794.25,6795.25
1775722440,6795.25,6795.25,6793.5,6793.75
1775722500,6793.5,6794.25,6792.5,6793
1775722560,6793.25,6794,6792.75,6793.5
1775722620,6793.5,6794,6792.75,6793.5
1775722680,6793.75,6795.25,6793.75,6794.5
1775722740,6794.75,6796,6794.5,6794.75
1775722800,6794.75,6796.5,6793.5,6796
1775722860,6796,6796.5,6795,6795.5
1775722920,6795.25,6795.5,6794,6794.75
1775722980,6794.5,6794.75,6793.25,6794.5
1775723040,6794.75,6796.5,6794.5,6796.25
1775723100,6796,6796.5,6795,6796.25
1775723160,6796.25,6796.75,6795.5,6796.25
1775723220,6795.75,6795.75,6794.75,6795.25
1775723280,6795.5,6795.75,6792.5,6793.5
1775723340,6793.5,6794.5,6793,6793.75
1775723400,6793.5,6795.75,6793.5,6795.75
1775723460,6796,6797.75,6795.25,6797.75
1775723520,6797.5,6797.75,6795.5,6796
1775723580,6795.5,6797.25,6795,6797.25
1775723640,6797.25,6798.25,6796.75,6797.5
1775723700,6797.25,6797.5,6796,6797
1775723760,6797,6798,6796.25,6797.75
1775723820,6797.75,6798.25,6796.75,6797.5
1775723880,6797.5,6799.25,6797,6798.75
1775723940,6798.75,6799,6797.75,6798
1775724000,6797.75,6798,6796.5,6797
1775724060,6797,6797.75,6796.75,6797.75
1775724120,6797.75,6799,6797.5,6798.75
1775724180,6798.75,6800,6798.75,6799.25
1775724240,6799.5,6801.25,6799.25,6801
1775724300,6801,6802,6800.75,6801.5
1775724360,6801.25,6801.25,6798.75,6799.25
1775724420,6799.25,6800,6797.75,6798.5
1775724480,6798.5,6798.75,6797.75,6798.5
1775724540,6798.5,6798.75,6797.5,6797.75
1775724600,6797.5,6797.75,6796.25,6796.5
1775724660,6796.25,6796.75,6794.5,6796.25
1775724720,6796,6797,6795.5,6795.75
1775724780,6796,6796.5,6795.5,6796.25
1775724840,6795.75,6796,6795,6796
1775724900,6796,6797,6795,6796.5
1775724960,6796.75,6797,6795.75,6796.5
1775725020,6796.5,6796.5,6794.25,6794.75
1775725080,6794.75,6796.25,6794.75,6795.75
1775725140,6795.75,6796,6795,6795.25
1775725200,6795.25,6795.5,6793.5,6794.25
1775725260,6794.75,6795,6792.5,6793.5
1775725320,6793.25,6793.5,6792.5,6793.25
1775725380,6793.25,6794.5,6792.75,6793
1775725440,6792.75,6793.75,6792.5,6793.25
1775725500,6793.25,6795.75,6793.25,6795
1775725560,6794.75,6795,6793.5,6794.5
1775725620,6794.25,6796.25,6793.25,6796
1775725680,6796,6797,6796,6796.75
1775725740,6796.5,6798,6796.25,6797.25
1775725800,6797.5,6799,6797,6798.75
1775725860,6798.75,6800.25,6798.5,6798.75
1775725920,6798.75,6799.5,6798.75,6799
1775725980,6799,6799.75,6799,6799.5
1775726040,6799.5,6800.25,6799.25,6799.75
1775726100,6799.75,6801,6799.75,6800.5
1775726160,6800.25,6800.75,6799.25,6799.5
1775726220,6799.5,6801.5,6798.75,6801
1775726280,6801.25,6802.5,6800,6801.5
1775726340,6801.5,6802.5,6801,6801
1775726400,6801.25,6801.25,6799,6799.5
1775726460,6799.75,6800.5,6799,6800.25
1775726520,6800.25,6802,6799.75,6801.5
1775726580,6801.25,6801.5,6800.5,6801.25
1775726640,6801.25,6801.5,6800.5,6800.5
1775726700,6800.75,6800.75,6799.75,6800.25
1775726760,6800.25,6800.5,6800,6800.5
1775726820,6800.5,6801.25,6800.5,6801
1775726880,6801,6801.25,6800.5,6801
1775726940,6801.25,6802.5,6800.5,6802
1775727000,6801.75,6802,6800.75,6801.5
1775727060,6801.25,6801.5,6800.5,6801.5
1775727120,6801.5,6802.25,6801.5,6801.75
1775727180,6801.75,6802,6800.75,6801
1775727240,6800.75,6800.75,6799.25,6799.75
1775727300,6800,6800.25,6798.25,6798.5
1775727360,6798.75,6800,6798.25,6798.75
1775727420,6798.5,6798.75,6798.25,6798.75
1775727480,6799,6799.25,6798.5,6799
1775727540,6799,6801,6799,6801
1775727600,6801,6801,6800,6800.25
1775727660,6800.25,6800.75,6799.75,6799.75
1775727720,6799.75,6801,6799.75,6800.75
1775727780,6800.75,6801,6799.75,6800.5
1775727840,6800.25,6800.25,6799.75,6799.75
1775727900,6799.75,6800.25,6799.25,6800
1775727960,6800,6800.75,6799.75,6800.75
1775728020,6800.75,6801.75,6800.75,6801.5
1775728080,6801.25,6801.5,6799.75,6800
1775728140,6800,6801.25,6800,6800.75
1775728200,6800.5,6800.75,6799.5,6799.5
1775728260,6799.75,6800.25,6799.25,6799.75
1775728320,6799.5,6799.5,6798.75,6799.25
1775728380,6799,6800.5,6799,6800.25
1775728440,6800.5,6801.5,6800.5,6800.75
1775728500,6801,6801.75,6800.5,6801
1775728560,6801.5,6802,6801.25,6801.25
1775728620,6801.25,6801.75,6801,6801
1775728680,6801.25,6802,6800.75,6801.75
1775728740,6801.75,6802.5,6801.5,6801.75
1775728800,6802,6804,6801.75,6803.75
1775728860,6803.5,6803.75,6802.5,6802.75
1775728920,6803,6803.25,6802.5,6802.75
1775728980,6802.5,6802.5,6800.75,6800.75
1775729040,6800.5,6802.5,6800,6801.5
1775729100,6801.75,6801.75,6800,6801
1775729160,6800.75,6801.5,6800,6800.75
1775729220,6801,6802.75,6800.75,6802.75
1775729280,6803,6803.25,6802.25,6802.5
1775729340,6802.25,6802.75,6801.5,6801.5
1775729400,6801.75,6802.75,6801.5,6802.25
1775729460,6802.5,6802.75,6800.5,6801
1775729520,6801.5,6801.5,6800.5,6801.25
1775729580,6801,6801.25,6800.75,6801
1775729640,6800.75,6801.5,6800.5,6801.25
1775729700,6801.25,6802,6799,6799.5
1775729760,6799,6799.75,6798.75,6799
1775729820,6799.5,6801,6799.5,6799.75
1775729880,6799.75,6800.25,6798.5,6799
1775729940,6799,6799.75,6798.75,6799.5
1775730000,6799.25,6800,6798.75,6800
1775730060,6800.25,6802.5,6799.5,6802
1775730120,6802,6802.75,6801.75,6802
1775730180,6802.25,6803.75,6801.75,6802.75
1775730240,6802.5,6803.5,6802,6803.25
1775730300,6803.5,6803.75,6802.75,6802.75
1775730360,6803,6803.5,6802,6802.5
1775730420,6802.25,6803.25,6802,6802.5
1775730480,6802.5,6802.75,6801.5,6802.5
1775730540,6802.75,6802.75,6801.25,6802
1775730600,6802.25,6802.25,6801.5,6801.75
1775730660,6802,6802,6800.5,6801
1775730720,6801,6801.25,6800.5,6801.25
1775730780,6801.25,6803.75,6801.25,6802
1775730840,6802,6802,6800.5,6800.5
1775730900,6800.5,6800.75,6799.5,6799.5
1775730960,6799.5,6800,6799,6799.75
1775731020,6799,6799.75,6799,6799.75
1775731080,6799.75,6801,6799.25,6799.5
1775731140,6799.5,6800.5,6798.75,6800
1775731200,6800.25,6800.75,6799.75,6800
1775731260,6800,6800.25,6799.25,6799.75
1775731320,6799.5,6801.25,6799,6801.25
1775731380,6801.25,6803.25,6801,6802.75
1775731440,6802.5,6803.25,6802,6802.5
1775731500,6802.25,6802.25,6800.5,6801.75
1775731560,6801.5,6801.75,6800.75,6801.75
1775731620,6802,6802.5,6801.75,6801.75
1775731680,6802,6803.5,6802,6803.25
1775731740,6802.75,6804.5,6802.75,6804.5
1775731800,6804.5,6804.5,6803.25,6803.25
1775731860,6803.5,6803.5,6798.5,6801.25
1775731920,6801.5,6803.25,6801.5,6801.5
1775731980,6801.75,6802.75,6800,6800.5
1775732040,6800.25,6801.75,6799.75,6800.75
1775732100,6801,6801,6799.75,6800.5
1775732160,6800.75,6800.75,6798.5,6798.75
1775732220,6798.75,6799.75,6797.25,6797.5
1775732280,6797.75,6799,6797.5,6799
1775732340,6799,6799.25,6794.75,6795.5
1775732400,6795.5,6797.25,6794.25,6797
1775732460,6797.25,6799.75,6797,6799.25
1775732520,6799.25,6799.5,6796,6796.25
1775732580,6796,6797.25,6794.75,6795.25
1775732640,6795.25,6796.5,6794.5,6796
1775732700,6795.75,6796.25,6795,6795.25
1775732760,6795,6795.75,6794.75,6795
1775732820,6795,6796.75,6795,6796
1775732880,6796,6796.5,6795.25,6795.75
1775732940,6795.5,6797.25,6795.5,6796.75
1775733000,6796.75,6797,6795.25,6795.75
1775733060,6795.75,6796.5,6795.75,6796.5
1775733120,6796.5,6797.25,6796,6796.25
1775733180,6796,6798,6796,6796.75
1775733240,6797.25,6797.25,6796.25,6796.75
1775733300,6796.75,6796.75,6795.75,6796.25
1775733360,6796,6796.5,6795.25,6796
1775733420,6796,6796.5,6795.75,6796
1775733480,6795.75,6796.75,6795.75,6796.25
1775733540,6796.25,6796.75,6795.75,6796
1775733600,6796.25,6797.75,6796.25,6797.5
1775733660,6797.25,6797.75,6796.5,6797.25
1775733720,6797,6798,6797,6797.5
1775733780,6797.5,6797.75,6796,6797.25
1775733840,6797.25,6798.25,6797,6797.75
1775733900,6797.5,6797.5,6794.75,6796.5
1775733960,6796.75,6797,6795.25,6795.5
1775734020,6795.75,6796.5,6794.5,6796
1775734080,6796.25,6796.75,6796,6796.25
1775734140,6796,6796.25,6795.5,6795.5
1775734200,6795.75,6798,6795.5,6796.5
1775734260,6796.25,6797.75,6796.25,6797.25
1775734320,6797,6798.75,6796.75,6797.75
1775734380,6797.75,6798.5,6797,6798
1775734440,6798,6799,6797.25,6799
1775734500,6799.25,6799.25,6797.25,6797.75
1775734560,6797.75,6797.75,6796.75,6797.25
1775734620,6797,6798.5,6796.75,6798
1775734680,6798,6800,6797.75,6799.25
1775734740,6799.25,6802.75,6799,6802.5
1775734800,6802.75,6806.25,6802.5,6805.5
1775734860,6805.25,6806.5,6803,6803
1775734920,6803.25,6804.25,6803,6803.75
1775734980,6803.5,6803.75,6801.75,6803.25
1775735040,6803.25,6805.25,6802.5,6805
1775735100,6804.75,6806,6804,6804.75
1775735160,6805,6806.25,6804.5,6804.75
1775735220,6804.5,6807.75,6804.5,6807.5
1775735280,6807.25,6807.75,6805.25,6805.25
1775735340,6805.25,6806.25,6804.75,6805.75
1775735400,6806,6806.25,6805.5,6805.75
1775735460,6805.5,6805.75,6803.75,6805
1775735520,6804.75,6805.5,6803.75,6804
1775735580,6804,6804.25,6802.75,6803.75
1775735640,6803.5,6805.5,6803,6804.5
1775735700,6804.5,6805.25,6804.25,6804.75
1775735760,6805.25,6805.25,6803.75,6804
1775735820,6803.75,6806,6803.75,6806
1775735880,6805.5,6807,6805.25,6806.25
1775735940,6806,6806.5,6805.25,6805.5
1775736000,6805.5,6807.5,6805.25,6807
1775736060,6807,6807.75,6806.75,6807.25
1775736120,6807.25,6808.25,6807,6807.25
1775736180,6807.25,6807.75,6806.25,6806.5
1775736240,6806.5,6806.75,6805.25,6805.25
1775736300,6805.5,6806.75,6805.25,6805.25
1775736360,6805.5,6806.5,6805,6806.5
1775736420,6806.25,6807.25,6805.75,6807
1775736480,6807.25,6808,6806.5,6807.25
1775736540,6807.25,6808,6807,6807.5
1775736600,6807.5,6809.75,6807.5,6809
1775736660,6808.75,6808.75,6807.25,6807.5
1775736720,6807.5,6808,6806.5,6806.5
1775736780,6806.75,6808,6806.75,6807.25
1775736840,6807,6807.5,6806,6806.25
1775736900,6806.25,6807,6806,6806.25
1775736960,6806.75,6806.75,6805.5,6806
1775737020,6806,6806.5,6805.75,6806.25
1775737080,6806,6807.5,6806,6807.5
1775737140,6807.5,6808.75,6806.5,6807
1775737200,6807,6807.5,6806.25,6807.5
1775737260,6807.5,6807.5,6805.5,6805.75
1775737320,6806,6806.75,6804.5,6804.75
1775737380,6804.75,6805.75,6804.5,6804.75
1775737440,6805,6806.5,6804.75,6806.25
1775737500,6806,6807.5,6805.5,6807
1775737560,6806.75,6807,6805.75,6805.75
1775737620,6805.75,6806,6805.25,6805.5
1775737680,6805.5,6806.5,6804.75,6805
1775737740,6805,6807,6804.75,6806.25
1775737800,6807,6809,6805.25,6805.5
1775737860,6805.75,6806,6800.75,6802.5
1775737920,6802.75,6804.5,6801.5,6803.5
1775737980,6803.5,6806.25,6803.5,6804
1775738040,6804.25,6805.25,6803.75,6804.75
1775738100,6804.75,6805.5,6803.25,6804.75
1775738160,6805,6807.5,6804.75,6805.5
1775738220,6805.75,6806.5,6805.25,6806
1775738280,6806,6808,6803.75,6804.5
1775738340,6804.25,6805.25,6804,6805
1775738400,6805,6805.75,6804,6805
1775738460,6804.75,6813,6804.25,6806.75
1775738520,6806.75,6811,6805.25,6808.75
1775738580,6808.75,6809.25,6807.25,6807.25
1775738640,6807.25,6807.75,6805.75,6807
1775738700,6807,6808.75,6806.75,6808.5
1775738760,6808.5,6810.25,6807.5,6808.75
1775738820,6808.75,6809,6803.75,6807
1775738880,6807,6809,6806.25,6807.75
1775738940,6807.75,6810,6807.75,6808.5
1775739000,6808.5,6809.25,6807.25,6807.75
1775739060,6807.75,6808.25,6806.5,6806.5
1775739120,6806.75,6807.75,6806.25,6807.75
1775739180,6807.75,6807.75,6806.5,6807.25
1775739240,6807,6807,6805.75,6806.5
1775739300,6806.5,6807.75,6806.25,6806.5
1775739360,6806.25,6807.25,6805.25,6805.75
1775739420,6806,6808,6805.75,6807.5
1775739480,6807.5,6807.5,6807,6807
1775739540,6806.75,6807,6806,6806.75
1775739600,6807,6808.75,6806.5,6806.75
1775739660,6806.5,6807,6805.5,6806.25
1775739720,6806.25,6807.5,6805,6805
1775739780,6805.5,6806,6805,6805.75
1775739840,6805.5,6807,6805,6807
1775739900,6807,6808.5,6807,6807.75
1775739960,6807.75,6807.75,6806,6806.5
1775740020,6806.75,6807.5,6806.25,6806.5
1775740080,6806.25,6806.5,6805.25,6805.25
1775740140,6805.5,6806,6804.75,6805
1775740200,6805,6805.25,6804.25,6804.75
1775740260,6804.75,6807,6804.5,6807
1775740320,6807,6808.25,6806,6808
1775740380,6808.25,6808.5,6807.25,6807.5
1775740440,6807.25,6808,6807.25,6807.75
1775740500,6808,6808.75,6807.5,6808
1775740560,6808,6808,6805.5,6806.75
1775740620,6806.75,6807.5,6806,6807.25
1775740680,6807.5,6808.25,6806.75,6806.75
1775740740,6807,6807,6805.75,6806
1775740800,6806,6807.5,6805.25,6807.25
1775740860,6807.25,6807.75,6806.75,6807.75
1775740920,6807.25,6807.25,6806.25,6806.5
1775740980,6806.75,6806.75,6805.75,6805.75
1775741040,6805.75,6807.5,6805.5,6806.75
1775741100,6806.75,6808,6806.5,6807.5
1775741160,6807.75,6808.75,6807.75,6808.5
1775741220,6808.25,6809.5,6807.25,6809.5
1775741280,6809.5,6812,6809.5,6811.25
1775741340,6811.25,6813,6810.25,6812.75
1775741400,6812.75,6816.75,6810.5,6811
1775741460,6811,6815.25,6808.75,6814.5
1775741520,6814.75,6815.5,6810.5,6811
1775741580,6810.75,6814.5,6809.75,6814.5
1775741640,6814.5,6815.25,6809,6810.75
1775741700,6810.75,6813.25,6809,6810
1775741760,6809.75,6816.75,6809.5,6815.5
1775741820,6815.5,6817.25,6813,6813.75
1775741880,6813.5,6815.5,6812.75,6813.5
1775741940,6813.5,6816.25,6812.5,6815.5
1775742000,6815.5,6816.25,6812.25,6814.25
1775742060,6814,6818,6814,6817.25
1775742120,6817.25,6819.75,6815.75,6819
1775742180,6819,6821.75,6817.75,6820.5
1775742240,6820.5,6820.5,6817.75,6819.25
1775742300,6819.25,6821,6816.25,6818.75
1775742360,6818.75,6820.5,6817.5,6818.25
1775742420,6818,6818.5,6815.25,6815.5
1775742480,6815.5,6818.5,6813.5,6818.25
1775742540,6818,6819.25,6816.5,6818.25
1775742600,6818.25,6818.25,6814.25,6814.75
1775742660,6814.5,6815.25,6810.75,6812
1775742720,6812.25,6814.5,6812,6813
1775742780,6813,6815.5,6812,6814.5
1775742840,6814.5,6816.5,6812,6812
1775742900,6812,6814.25,6811,6813.75
1775742960,6813.25,6813.75,6810.25,6812.75
1775743020,6812.5,6817,6812.5,6815.5
1775743080,6815.5,6816.25,6813.5,6815
1775743140,6815,6817.25,6814.5,6816.75
1775743200,6816.75,6817.5,6814,6815.25
1775743260,6815.25,6816,6812.75,6816
1775743320,6815.75,6816.75,6814,6815.25
1775743380,6815.25,6818,6812.75,6817.5
1775743440,6817.25,6819,6816,6817.5
1775743500,6817.5,6821.5,6816.5,6818.75
1775743560,6819,6819.25,6816.75,6817.5
1775743620,6817.25,6818.25,6815.5,6816
1775743680,6816,6817.5,6815,6817.25
1775743740,6817.25,6818,6813.5,6814
1775743800,6813.75,6815.5,6811,6813.75
1775743860,6813.5,6814,6811.5,6813
1775743920,6813,6819.25,6812.75,6817.5
1775743980,6817.25,6818,6812.75,6813
1775744040,6812.75,6813,6811,6811.75
1775744100,6811.5,6811.75,6809,6809
1775744160,6809,6810,6806.25,6808.25
1775744220,6808.25,6809.5,6806.75,6807.75
1775744280,6807.75,6808.25,6806.5,6806.75
1775744340,6806.75,6808.25,6805.5,6808.25
1775744400,6808.25,6811.5,6807.75,6810.5
1775744460,6810.5,6811.5,6807.25,6808.75
1775744520,6808.75,6808.75,6806.5,6808
1775744580,6808,6810.75,6808,6810.5
1775744640,6810.25,6812,6808.75,6809.75
1775744700,6809.5,6809.75,6806.75,6807.5
1775744760,6807.25,6808.25,6804.25,6805.25
1775744820,6805,6805.5,6803,6804
1775744880,6804.25,6806,6803.25,6805.25
1775744940,6805,6807.25,6803.25,6807
1775745000,6806.75,6807.75,6804,6806.5
1775745060,6806.75,6807,6803.75,6804
1775745120,6804,6805,6802.5,6803
1775745180,6803,6804.25,6801.5,6803
1775745240,6803.25,6805.25,6803,6805
1775745300,6805.25,6805.75,6803.25,6804.75
1775745360,6804.75,6805,6802.5,6802.75
1775745420,6802.75,6807.75,6802.5,6806.75
1775745480,6806.5,6807.25,6805.25,6805.75
1775745540,6805.75,6809.25,6805,6808.5
1775745600,6808.25,6810,6807,6808.5
1775745660,6808.25,6808.5,6806,6806.25
1775745720,6806.25,6807.5,6805.5,6807.5
1775745780,6807.5,6809.5,6807,6807.75
1775745840,6807.75,6808,6805.75,6806.25
1775745900,6806.25,6811.5,6806,6811
1775745960,6810.75,6811.25,6808,6809
1775746020,6809,6811.5,6808.75,6810
1775746080,6810,6812.5,6810,6810.5
1775746140,6810.5,6811.75,6809.25,6811
1775746200,6811,6814.5,6810.5,6812
1775746260,6812,6814.75,6811.5,6811.75
1775746320,6811.75,6813.75,6811.5,6813
1775746380,6813.25,6814.75,6812.5,6814.5
1775746440,6814.75,6815.5,6813.75,6815.25
1775746500,6815.25,6819,6814,6817
1775746560,6816.75,6817,6813.75,6814.25
1775746620,6814,6815,6813.25,6814.5
1775746680,6814.5,6816.25,6814.25,6816.25
1775746740,6816,6817,6815,6816.75
1775746800,6817,6817.5,6815,6817.25
1775746860,6817.25,6817.25,6814.75,6815.25
1775746920,6815.5,6816.5,6813.75,6815
1775746980,6815,6815.75,6811.5,6812
1775747040,6811.75,6813.75,6809.5,6813.75
1775747100,6813.75,6815.25,6812.75,6814.5
1775747160,6814.25,6815,6813.25,6813.25
1775747220,6813.25,6814.75,6812.5,6812.5
1775747280,6812.5,6814.25,6811.5,6813.25
1775747340,6813.25,6814.75,6813,6814
1775747400,6814,6816.75,6813.5,6816
1775747460,6815.75,6816,6814,6814.75
1775747520,6814.75,6818.25,6813.75,6817.5
1775747580,6817.75,6820,6817,6819
1775747640,6819,6822.25,6818.5,6820.5
1775747700,6820.75,6825.25,6820.5,6824.25
1775747760,6824.5,6825,6822,6822.25
1775747820,6822.5,6824.75,6821,6824.5
1775747880,6824.75,6826.5,6823.5,6826.25
1775747940,6826.25,6828.75,6825.5,6828.25
1775748000,6828.25,6829.5,6826.5,6826.75
1775748060,6826.75,6828.25,6824,6825.25
1775748120,6825,6826.75,6824,6826.25
1775748180,6825.75,6826.5,6824,6824.5
1775748240,6824.25,6827,6823.75,6826.5
1775748300,6826.75,6826.75,6824.25,6826
1775748360,6826,6826.5,6824.5,6825.5
1775748420,6825.25,6825.5,6822.25,6822.75
1775748480,6823,6824.25,6821.5,6823.75
1775748540,6824,6824,6822.5,6823.25
1775748600,6823.25,6824.25,6821.25,6824
1775748660,6824,6825.5,6823.5,6825
1775748720,6824.75,6843,6824.25,6838
1775748780,6837.75,6845,6835.25,6841.25
1775748840,6841,6841.25,6835.5,6837.75
1775748900,6837.75,6840.5,6837,6838.25
1775748960,6838.25,6843.25,6837.5,6841.25
1775749020,6841.5,6842.75,6838.25,6839.5
1775749080,6839.5,6839.5,6831.75,6833
1775749140,6833.25,6837.25,6833,6836.25
1775749200,6836.25,6842,6836,6839.75
1775749260,6839.75,6841.5,6837.5,6840.75
1775749320,6841,6841.5,6839,6840
1775749380,6840,6842,6839.25,6840.25
1775749440,6840.25,6841.25,6837.5,6838.5
1775749500,6838.75,6839.5,6835,6839
1775749560,6838.75,6842.75,6838.5,6841.25
1775749620,6841.5,6844.75,6841.25,6844.5
1775749680,6844.25,6848.5,6844,6848
1775749740,6847.75,6847.75,6843.5,6843.75
1775749800,6843.75,6845.5,6842.5,6844
1775749860,6844,6845.25,6843.75,6844.75
1775749920,6845,6848,6844.5,6847.25
1775749980,6847.5,6849.5,6846.5,6848.25
1775750040,6848.25,6849.75,6847.75,6849.5
1775750100,6849.5,6852.75,6849,6852.25
1775750160,6852.25,6853.25,6851.25,6852.25
1775750220,6852.25,6852.25,6849.5,6849.75
1775750280,6849.75,6852.5,6849.5,6852
1775750340,6852.25,6853,6851,6852.5
1775750400,6852.25,6855.25,6852,6854.75
1775750460,6854.75,6861.75,6854.5,6860.5
1775750520,6860.25,6865,6860,6863.75
1775750580,6863.75,6872,6862.75,6869.75
1775750640,6869.75,6869.75,6863.25,6864.25
1775750700,6864.25,6865,6862.25,6862.5
1775750760,6862.75,6863.5,6861,6861.25
1775750820,6861.25,6865.25,6861.25,6864.5
1775750880,6864.5,6867.5,6863.75,6867.25
1775750940,6867,6867.5,6862.75,6862.75
1775751000,6862.75,6865,6862.25,6865
1775751060,6865,6865.25,6862.75,6863.75
1775751120,6863.75,6866.25,6863.5,6863.75
1775751180,6863.5,6865.5,6861.25,6861.75
1775751240,6861.75,6861.75,6859.25,6859.25
1775751300,6859.5,6862,6858.75,6861.5
1775751360,6861.5,6866.25,6861.5,6866
1775751420,6866,6867.25,6864.75,6865.75
1775751480,6865.75,6867,6865,6866.25
1775751540,6866,6868,6865.5,6867.25
1775751600,6867,6868.5,6865.25,6865.5
1775751660,6865.5,6865.75,6862.5,6863.5
1775751720,6863.5,6865,6863,6863.75
1775751780,6863.5,6865,6862.5,6862.75
1775751840,6862.75,6863.75,6861.75,6862.25
1775751900,6862,6863,6860.25,6862.5
1775751960,6862.25,6863,6861.25,6862.25
1775752020,6862,6864,6862,6863.5
1775752080,6863.75,6864.25,6861.5,6864
1775752140,6864,6865.25,6862.5,6863
1775752200,6863.25,6863.75,6861.25,6863
1775752260,6863,6864.25,6862,6862.5
1775752320,6862.75,6863,6860.75,6861
1775752380,6861,6861,6858.75,6860.5
1775752440,6860.5,6862.25,6860.25,6861
1775752500,6861,6861.25,6859.25,6860.5
1775752560,6860.5,6861,6858.75,6859.5
1775752620,6859.5,6861.5,6859,6861.5
1775752680,6861.5,6861.75,6857.75,6858.5
1775752740,6858.25,6858.5,6856,6858.25
1775752800,6858.25,6858.5,6856,6856.5
1775752860,6856.75,6857.5,6854.75,6854.75
1775752920,6854.75,6858.5,6854.5,6857.75
1775752980,6857.5,6858.25,6856.25,6857.75
1775753040,6857.75,6858.75,6857,6857.75
1775753100,6857.5,6857.5,6855.5,6856.5
1775753160,6856.25,6857.75,6855.75,6856.5
1775753220,6856.5,6856.75,6853.75,6856
1775753280,6855.75,6855.75,6854,6854.75
1775753340,6854.75,6856.25,6854.5,6855.75
1775753400,6855.75,6859.75,6855.75,6859.25
1775753460,6859.25,6863.5,6859.25,6862.5
1775753520,6862.5,6865.25,6862.25,6863.75
1775753580,6863.75,6864.25,6862.75,6863.75
1775753640,6863.5,6864,6862.5,6863.5
1775753700,6863.5,6864,6861.75,6862
1775753760,6862.25,6863,6861,6862.25
1775753820,6862,6863,6861.5,6861.5
1775753880,6861.75,6863,6861,6862.75
1775753940,6862.75,6863,6862,6863
1775754000,6862.75,6864.5,6861.5,6863.25
1775754060,6863.25,6864.75,6863,6863.25
1775754120,6863,6863.5,6861.5,6862.75
1775754180,6862.75,6864.75,6862.25,6864.5
1775754240,6864.75,6865.75,6864.25,6865.75
1775754300,6865.75,6866.5,6864,6864.75
1775754360,6864.75,6868.5,6864.75,6868
1775754420,6868.25,6869.5,6867,6868.25
1775754480,6868,6870,6867.5,6869.75
1775754540,6869.75,6871,6868.75,6869.5
1775754600,6869.5,6869.75,6867.75,6869
1775754660,6869,6871.25,6868.75,6871
1775754720,6871,6871,6869,6869.75
1775754780,6869.75,6871.5,6868.25,6868.5
1775754840,6868.75,6869.25,6866.75,6868.5
1775754900,6868.5,6871.25,6867.25,6870.5
1775754960,6870.5,6871.25,6869.5,6870.25
1775755020,6870.25,6872,6869.75,6871.5
1775755080,6871.75,6872.25,6870.5,6872
1775755140,6872.25,6874.75,6871.5,6872.5
1775755200,6872.25,6873,6870.75,6871
1775755260,6871,6872,6870,6871
1775755320,6871.25,6871.5,6869.25,6870
1775755380,6870.25,6871.5,6869,6871
1775755440,6871,6871,6869.25,6870.25
1775755500,6870.25,6870.75,6868.5,6870
1775755560,6870,6870.25,6867.5,6867.5
1775755620,6867.75,6869,6867.25,6868
1775755680,6868,6870.25,6867.75,6869.25
1775755740,6869.5,6869.5,6867,6867
1775755800,6867.25,6867.25,6861.5,6863
1775755860,6863.25,6863.5,6860.5,6862.5
1775755920,6862.25,6867.25,6862.25,6865.5
1775755980,6865.5,6866.5,6865.25,6866
1775756040,6866,6867,6865.5,6866.5
1775756100,6866,6869.75,6865.75,6868.75
1775756160,6868.75,6869.5,6867.75,6868.75
1775756220,6868.75,6871.25,6868.25,6870
1775756280,6870.25,6874.75,6870,6874.25
1775756340,6874.5,6874.75,6873,6874.25
1775756400,6874.25,6876,6873.5,6875
1775756460,6874.75,6875.25,6872.75,6873.75
1775756520,6873.5,6873.5,6871,6872.25
1775756580,6872.25,6873.25,6871.5,6872.25
1775756640,6872.25,6872.25,6869.25,6870.5
1775756700,6870.75,6872.5,6870.5,6872
1775756760,6871.75,6872.25,6871,6871.5
1775756820,6871.25,6872,6871,6871.25
1775756880,6871.25,6872.5,6870,6872.25
1775756940,6872.5,6873.75,6872,6872.5
1775757000,6872.5,6872.5,6869.5,6870
1775757060,6870,6870.25,6867.75,6868
1775757120,6868,6869.5,6867.75,6868.75
1775757180,6868.5,6870.75,6868.5,6869
1775757240,6869.25,6870,6869,6869.5
1775757300,6869.5,6869.75,6868,6868.25
1775757360,6868.25,6869.75,6868,6868.25
1775757420,6868.25,6869.5,6867.5,6868.25
1775757480,6868,6869.25,6868,6868.5
1775757540,6868.5,6869.75,6868.25,6869.75
1775757600,6869.75,6870.5,6867.75,6868
1775757660,6868.25,6868.5,6865.5,6866.25
1775757720,6865.75,6867.5,6861,6861.5
1775757780,6861.75,6863.5,6857.25,6857.5
1775757840,6857.75,6858.5,6850.75,6855
1775757900,6855.25,6861.25,6855.25,6860.5
1775757960,6860.75,6862.75,6859.5,6860.5
1775758020,6860.5,6860.75,6857.75,6858
1775758080,6858.25,6859.25,6856,6856.5
1775758140,6856.5,6859.5,6855.25,6859.25
1775758200,6859,6860.75,6858,6859.25
1775758260,6859.25,6860.5,6857.5,6858.25
1775758320,6858.25,6858.5,6855.75,6856.75
1775758380,6856.75,6857.5,6855.25,6855.5
1775758440,6855.25,6857.5,6854,6857
1775758500,6857.25,6857.5,6855,6855.5
1775758560,6855.25,6857.5,6854.75,6856.5
1775758620,6856.75,6859.5,6856.75,6858.25
1775758680,6858.5,6860,6857,6857.25
1775758740,6857,6858.25,6856,6857.25
1775758800,6857.25,6859,6857.25,6857.75
1775758860,6858,6858.75,6855.5,6856.25
1775758920,6856.25,6856.5,6854.75,6855
1775758980,6855,6855.5,6851.25,6851.75
1775759040,6851.75,6854.25,6850.75,6852.75
1775759100,6853,6854.75,6849.75,6852.5
1775759160,6852.75,6855,6851.5,6852.5
1775759220,6852.75,6853.5,6851.75,6853.25
1775759280,6853.25,6856,6853,6853.75
1775759340,6853.75,6853.75,6852.25,6852.75
1775759400,6852.5,6854.75,6850.75,6851.25
1775759460,6851.25,6852.25,6850.75,6852
1775759520,6851.75,6853.75,6850.5,6851.5
1775759580,6851.75,6852,6848.5,6850.5
1775759640,6850.75,6851,6849.25,6850.5
1775759700,6850.25,6853.5,6849.5,6852.5
1775759760,6852.5,6853.25,6851,6851.5
1775759820,6851.25,6853,6850.75,6852.75
1775759880,6852.5,6854.25,6852.5,6852.75
1775759940,6852.75,6858,6852.75,6857.25
1775760000,6857,6857.5,6854.25,6854.5
1775760060,6854.5,6856.5,6854,6856
1775760120,6855.75,6858.25,6855.25,6856.5
1775760180,6856.25,6856.5,6852.25,6852.75
1775760240,6853,6854,6852,6853.75
1775760300,6853.75,6855.75,6853,6855.5
1775760360,6855.75,6856.5,6854.5,6854.75
1775760420,6855,6856.25,6854,6855.75
1775760480,6855.75,6856.25,6854.75,6854.75
1775760540,6854.75,6856,6853.75,6855.75
1775760600,6856,6856.75,6854,6854.25
1775760660,6854.5,6854.75,6851.75,6852.5
1775760720,6852.5,6854,6852,6852
1775760780,6852.25,6855,6852,6853.25
1775760840,6853.25,6854.5,6851.75,6854.5
1775760900,6854.75,6856.25,6854.5,6855.5
1775760960,6855.25,6856.25,6854.75,6855.75
1775761020,6856,6856,6854.5,6854.5
1775761080,6854.75,6857.25,6854.5,6856.25
1775761140,6856.5,6857.5,6855.25,6855.5
1775761200,6855.5,6856.5,6853.5,6855.5
1775761260,6855.25,6859.25,6855,6858.5
1775761320,6858.5,6862,6858,6860.5
1775761380,6860.5,6860.5,6859.25,6860.25
1775761440,6860,6860.75,6859.75,6860.5
1775761500,6860.25,6860.25,6858.5,6860
1775761560,6860.25,6861,6858.5,6858.75
1775761620,6859,6860.75,6858.25,6860.5
1775761680,6860.5,6862.25,6860.25,6862.25
1775761740,6862.25,6865,6861.75,6864.75
1775761800,6864.75,6866.75,6864,6866.25
1775761860,6866.25,6866.5,6865,6865
1775761920,6865,6866.25,6864.75,6866
1775761980,6866,6866,6864.5,6865
1775762040,6865.25,6865.25,6863.5,6864.5
1775762100,6864.25,6866.25,6864,6864.5
1775762160,6864.25,6865.5,6863.25,6863.5
1775762220,6863.5,6864,6861.5,6862.25
1775762280,6862.25,6862.75,6860.25,6861.25
1775762340,6861.5,6861.75,6860,6860.75
1775762400,6861,6862.5,6860.25,6861.25
1775762460,6861.25,6861.75,6860,6861
1775762520,6860.75,6862.25,6860,6861.25
1775762580,6861,6862.75,6860.75,6861.5
1775762640,6861.75,6863.25,6861.25,6863
1775762700,6863,6865,6862.75,6864.25
1775762760,6864.25,6864.5,6862.5,6864.5
1775762820,6864.5,6864.5,6863,6864.25
1775762880,6864.25,6864.75,6863.25,6864
1775762940,6864,6864.75,6862,6863.25
1775763000,6863,6866.5,6862.75,6866
1775763060,6866,6867.5,6865.75,6867.25
1775763120,6867.25,6870.5,6867.25,6869.5
1775763180,6869.5,6871.25,6867.75,6868
1775763240,6868,6868.25,6866.25,6867
1775763300,6866.75,6867.75,6865.5,6866.25
1775763360,6866,6866.75,6865,6866.5
1775763420,6866.25,6868.25,6866.25,6867.75
1775763480,6867.75,6870,6867.75,6868.25
1775763540,6868.25,6868.5,6866.75,6867
1775763600,6867,6867.25,6865,6867.25
1775763660,6867.25,6867.75,6864,6865.25
1775763720,6865.5,6867.25,6864.5,6867
1775763780,6867.25,6868.5,6866.75,6867
1775763840,6867.25,6869,6867.25,6868
1775763900,6867.75,6868.75,6866,6867
1775763960,6867,6868.75,6866.25,6868.5
1775764020,6868.5,6869.75,6868.25,6869
1775764080,6869,6869.25,6867,6867.5
1775764140,6867.5,6867.5,6864.5,6865
1775764200,6865,6869.5,6864,6868.75
1775764260,6868.75,6869,6866.75,6867
1775764320,6867.25,6870.75,6866.75,6870.5
1775764380,6870.25,6870.25,6867,6867.25
1775764440,6867,6869.5,6865.5,6868.75
1775764500,6868.75,6868.75,6862.75,6863.75
1775764560,6863.75,6865.25,6862.25,6864.75
1775764620,6864.5,6864.75,6863.5,6863.5
1775764680,6863.75,6865,6863.5,6864.25
1775764740,6864.25,6865.75,6861.5,6862
1775764800,6862,6863.5,6860.25,6861.75
1775764860,6861.75,6862,6860.25,6861.5
1775764920,6861.5,6861.75,6859.5,6860.25
1775764980,6860.25,6860.5,6859,6860
1775765040,6860,6860,6859,6859.25
1775765100,6859,6859.25,6857,6858
1775765160,6857.75,6858.5,6856.5,6857.75
1775765220,6857.5,6858,6856.5,6857.25
1775765280,6857.5,6858.5,6856.25,6858.25
1775765340,6858.25,6859.75,6858,6858.75
1775765400,6858.5,6860.25,6858.5,6860
1775765460,6860,6860,6858.25,6859.25
1775765520,6859,6859.75,6858.75,6859
1775765580,6858.75,6860.25,6858.75,6859.5
1775765640,6859.25,6860,6858.75,6859.25
1775765700,6859.5,6859.75,6858.25,6858.75
1775765760,6858.5,6858.5,6857.75,6858
1775765820,6858,6859,6858,6858.5
1775765880,6858.25,6858.75,6857.75,6858.25
1775765940,6858.25,6858.5,6857,6857.5
1775766000,6857.25,6858,6857.25,6857.75
1775766060,6857.75,6858.5,6857.5,6858
1775766120,6858.5,6858.5,6857.75,6858.5
1775766180,6859,6859.5,6858.75,6859
1775766240,6858.75,6860.25,6858.25,6859.75
1775766300,6859.75,6860.5,6859.25,6859.25
1775766360,6859.75,6859.75,6858.75,6859
1775766420,6859,6859.5,6858.75,6859.25
1775766480,6859.25,6860.5,6859.25,6859.5
1775766540,6859.5,6859.75,6859.25,6859.75
1775766600,6860,6861,6859.5,6860.75
1775766660,6860.5,6862.5,6860.5,6861.75
1775766720,6861.75,6862.5,6861.75,6862.25
1775766780,6862,6863,6862,6862.75
1775766840,6862.75,6863,6861.75,6862.75
1775766900,6862.25,6862.75,6862,6862.75
1775766960,6862.75,6863.5,6862.25,6862.75
1775767020,6862.5,6863,6862.25,6863
1775767080,6862.75,6863,6862.25,6863
1775767140,6863,6863.25,6862.25,6862.5
1775767200,6862.5,6863,6862,6862.5
1775767260,6862.25,6862.75,6861.75,6862
1775767320,6862,6862.75,6861.75,6862.25
1775767380,6862.5,6862.5,6861.75,6862
1775767440,6862.25,6862.5,6862,6862.5
1775767500,6862.75,6863,6862.25,6862.5
1775767560,6862.5,6862.5,6861.75,6862.25
1775767620,6862,6862.25,6861.5,6862
1775767680,6861.75,6862,6860.75,6860.75
1775767740,6861,6861.25,6860.5,6861.25
1775767800,6861,6861.5,6860.25,6860.5
1775767860,6860.5,6861.5,6860.5,6861
1775767920,6860.75,6860.75,6859.75,6860
1775767980,6859.75,6860.25,6859.5,6860
1775768040,6860,6861.25,6859.75,6860.5
1775768100,6860.75,6861,6860.25,6860.5
1775768160,6860.75,6860.75,6860.5,6860.75
1775768220,6860.5,6861,6860.25,6860.75
1775768280,6861,6861,6857.75,6857.75
1775768340,6858.25,6861,6857.75,6860.5
1775772000,6860,6861.25,6856,6858.75
1775772060,6858.75,6859.25,6857,6858
1775772120,6858,6859.25,6857,6858.5
1775772180,6858.5,6862,6858.25,6861
1775772240,6861,6862,6860.25,6861
1775772300,6861.5,6861.5,6858.5,6860.25
1775772360,6860.25,6862.5,6860.25,6860.75
1775772420,6860.75,6860.75,6858.75,6859
1775772480,6859.25,6859.75,6858.75,6859.25
1775772540,6859,6861,6858.75,6861
1775772600,6861,6861.5,6860.25,6860.75
1775772660,6860.5,6862,6860.5,6861.5
1775772720,6861.25,6861.75,6860.75,6860.75
1775772780,6860.75,6861.25,6860.75,6861.25
1775772840,6861.5,6862,6861.25,6861.5
1775772900,6862,6862,6860,6860.25
1775772960,6860.5,6860.5,6860,6860.5
1775773020,6860.25,6862.5,6860.25,6861.5
1775773080,6861.75,6862.5,6861.5,6861.75
1775773140,6861.5,6861.75,6860.5,6861
1775773200,6860.75,6861.25,6860,6860
1775773260,6860.25,6861.25,6860,6861
1775773320,6861,6861.75,6860.75,6861.5
1775773380,6861.75,6862.25,6861,6861.25
1775773440,6861.5,6861.5,6860.5,6860.75
1775773500,6860.5,6860.75,6859.25,6860
1775773560,6860.5,6861,6860.25,6861
1775773620,6860.75,6861,6860.5,6860.5
1775773680,6860.5,6861.5,6859.5,6861.25
1775773740,6861.25,6862.25,6855.5,6855.75
1775773800,6856,6858.75,6855.25,6857.5
1775773860,6857.5,6857.75,6856,6857
1775773920,6857,6857.5,6856.25,6857
1775773980,6856.75,6859.5,6855.25,6859
1775774040,6858.75,6859,6857.5,6857.75
1775774100,6857.75,6858.75,6857.25,6858
1775774160,6857.75,6858.75,6857.5,6858.5
1775774220,6858.5,6859.5,6858.5,6858.75
1775774280,6858.75,6859,6858.5,6859
1775774340,6859,6859,6857.5,6858
1775774400,6857.5,6859.5,6857.5,6859.25
1775774460,6859,6859.25,6858.25,6858.75
1775774520,6858.5,6859,6857.75,6858
1775774580,6858.25,6858.5,6857.75,6858.5
1775774640,6858.5,6858.5,6857.5,6857.5
1775774700,6857.5,6857.75,6856.5,6857.5
1775774760,6857.5,6857.75,6856.75,6857.25
1775774820,6857.25,6857.5,6855.25,6856.5
1775774880,6856.25,6856.75,6855.25,6856.25
1775774940,6856,6858,6855.75,6857.5
1775775000,6857.5,6857.5,6856.75,6857.5
1775775060,6857.25,6857.5,6857,6857.25
1775775120,6857.25,6857.25,6855.5,6855.75
1775775180,6855.5,6856.5,6855,6856
1775775240,6855.75,6855.75,6854.5,6855.5
1775775300,6855.75,6855.75,6853,6853.5
1775775360,6853.25,6854,6853,6853.5
1775775420,6853.5,6853.75,6853,6853.5
1775775480,6853.75,6854,6853,6853.25
1775775540,6853.5,6854.25,6853,6853.75
1775775600,6854,6854.25,6852.25,6852.75
1775775660,6852.75,6853,6852.25,6852.5
1775775720,6852.75,6852.75,6851,6851.25
1775775780,6851.5,6852,6851,6851.75
1775775840,6851.75,6852.25,6851,6852
1775775900,6851.75,6852.5,6851.5,6852.25
1775775960,6852.25,6853,6852.25,6853
1775776020,6853,6853.75,6852.75,6853.5
1775776080,6853.5,6854.25,6853.5,6854
1775776140,6854,6854.75,6853.5,6854.5
1775776200,6854.75,6854.75,6853.5,6853.5
1775776260,6853.75,6854.25,6853.5,6853.75
1775776320,6854,6854,6853.5,6853.75
1775776380,6854,6854.75,6853.75,6854.5
1775776440,6854.5,6854.75,6854.25,6854.75
1775776500,6854.5,6855,6854.25,6855
1775776560,6855,6855,6854,6854.25
1775776620,6854.5,6854.75,6854.25,6854.75
1775776680,6854.75,6855.25,6854.5,6854.5
1775776740,6854.75,6854.75,6853.75,6854
1775776800,6853.75,6854.5,6853.5,6853.5
1775776860,6853.5,6854,6853.5,6854
1775776920,6854,6854.25,6853.5,6853.5
1775776980,6853.5,6854.5,6853.5,6854
1775777040,6854,6854,6853.25,6853.75
1775777100,6853.5,6854.25,6853.5,6853.75
1775777160,6854.25,6854.25,6853.5,6853.5
1775777220,6853.5,6854,6853.5,6854
1775777280,6853.5,6854,6853.5,6854
1775777340,6854.25,6854.25,6853.75,6854
1775777400,6854,6854.25,6853.5,6853.5
1775777460,6853.5,6855.25,6853.5,6854.25
1775777520,6854.25,6854.5,6853.5,6854
1775777580,6853.75,6853.75,6853.25,6853.5
1775777640,6853.5,6854.75,6853.5,6854.25
1775777700,6854.25,6854.75,6854.25,6854.25
1775777760,6854.25,6855,6854,6854.75
1775777820,6854.75,6854.75,6854,6854
1775777880,6854,6854,6853.25,6853.5
1775777940,6853.5,6853.75,6853,6853.25
1775778000,6853.25,6853.75,6853,6853.75
1775778060,6853.75,6854,6853.5,6853.75
1775778120,6853.5,6854,6853.5,6854
1775778180,6853.75,6854.5,6853.75,6854.25
1775778240,6854,6854.25,6854,6854
1775778300,6854.25,6854.75,6853.75,6854.5
1775778360,6854.5,6856,6854.25,6855.5
1775778420,6855.5,6857.25,6855.5,6857.25
1775778480,6857,6858.25,6856.75,6857.5
1775778540,6857.25,6858,6856.75,6857.5
1775778600,6857.5,6858,6856.75,6857.75
1775778660,6857.75,6857.75,6857,6857.25
1775778720,6857.25,6857.5,6856.75,6856.75
1775778780,6856.75,6857.5,6856.75,6857.25
1775778840,6857.25,6858.75,6857,6858.75
1775778900,6858.25,6858.5,6857.25,6857.5
1775778960,6857.75,6858.5,6857.5,6857.75
1775779020,6858.25,6858.25,6857.5,6857.5
1775779080,6857.75,6857.75,6855,6855.25
1775779140,6855.25,6856.75,6855.25,6856
1775779200,6856,6856.25,6854,6854.75
1775779260,6854.75,6855.5,6854.5,6854.75
1775779320,6854.5,6855.5,6854,6854.5
1775779380,6854.5,6855.5,6853.5,6853.75
1775779440,6854,6854,6852.5,6853.25
1775779500,6853.5,6855.5,6853.5,6855.25
1775779560,6855.25,6856.25,6853.75,6854.5
1775779620,6854.5,6854.5,6852.5,6852.5
1775779680,6852.5,6853.5,6852,6853.25
1775779740,6853.25,6854.5,6852.75,6854.5
1775779800,6854.5,6854.75,6853.5,6854.25
1775779860,6854,6854.5,6853.75,6853.75
1775779920,6853.75,6854,6852.5,6852.75
1775779980,6853,6854,6852.75,6853.75
1775780040,6854,6854.75,6853.5,6854.5
1775780100,6854.25,6855.5,6853.75,6853.75
1775780160,6854,6854,6853,6853.5
1775780220,6853.5,6854.75,6853.5,6854.5
1775780280,6854.75,6854.75,6853.75,6854.25
1775780340,6854.25,6856.25,6854.25,6855.75
1775780400,6855.75,6857.75,6855.5,6857.25
1775780460,6857.25,6857.25,6855.75,6856
1775780520,6855.75,6857,6855.75,6857
1775780580,6857,6858,6857,6857.5
1775780640,6857.75,6857.75,6856.25,6856.5
1775780700,6856.5,6857.25,6856.25,6857.25
1775780760,6857,6857.5,6856.5,6856.75
1775780820,6856.75,6857.75,6856.5,6857.25
1775780880,6857.75,6858,6857.5,6857.75
1775780940,6857.75,6858.5,6857,6858.25
1775781000,6858,6858.25,6857,6857.75
1775781060,6857.5,6858.25,6857.25,6858
1775781120,6858,6858.75,6857.5,6858.25
1775781180,6858,6859,6857.75,6858.75
1775781240,6858.5,6858.75,6857.75,6858.25
1775781300,6858.5,6860.25,6858.5,6859.5
1775781360,6859.75,6860.5,6859,6860.25
1775781420,6860,6861,6860,6861
1775781480,6860.75,6861.25,6859.75,6860.25
1775781540,6860,6860.25,6860,6860
1775781600,6860.25,6861,6860.25,6860.75
1775781660,6860.75,6860.75,6859.5,6859.75
1775781720,6859.75,6860,6859.5,6859.75
1775781780,6860,6860,6859,6859.5
1775781840,6859.5,6859.75,6859,6859.5
1775781900,6859.25,6860,6859.25,6859.75
1775781960,6859.5,6859.75,6858.75,6859
1775782020,6859,6859.25,6858.5,6859
1775782080,6859.25,6859.25,6858.5,6859
1775782140,6859,6860,6859,6860
1775782200,6860.25,6860.5,6859.5,6859.75
1775782260,6860,6861,6859.5,6861
1775782320,6860.75,6861.25,6860.5,6861
1775782380,6860.5,6860.75,6859,6859.25
1775782440,6859.25,6859.75,6859,6859.5
1775782500,6859.5,6860,6859,6859.25
1775782560,6859.5,6859.5,6858.25,6858.5
1775782620,6858.75,6860.5,6858.25,6860.5
1775782680,6860.25,6862.5,6860.25,6861.75
1775782740,6862,6865.5,6861.75,6864
1775782800,6864,6864.5,6862.25,6863.5
1775782860,6863.25,6863.5,6860.75,6861
1775782920,6861,6862.5,6861,6862
1775782980,6862,6863.25,6861.5,6863
1775783040,6863,6863.75,6862.5,6862.5
1775783100,6862.75,6863.5,6862,6862.75
1775783160,6862.75,6863,6862,6863
1775783220,6863.25,6863.5,6862.5,6862.5
1775783280,6862.5,6863.5,6861.5,6862.75
1775783340,6862.75,6863.75,6862.25,6862.5
1775783400,6863,6863.25,6861.75,6862.25
1775783460,6861.75,6862.25,6861.25,6861.75
1775783520,6861.75,6862.5,6861.75,6862.25
1775783580,6862.25,6862.25,6861.5,6862
1775783640,6862,6862.25,6861.75,6862
1775783700,6861.75,6862.25,6861.25,6861.75
1775783760,6861.75,6862.75,6861,6862.5
1775783820,6862.5,6863,6862.25,6862.25
1775783880,6862.5,6863,6862,6862.75
1775783940,6862.75,6863,6862.5,6862.5
1775784000,6862.75,6862.75,6862,6862
1775784060,6862.25,6863.5,6862.25,6863.25
1775784120,6863,6863.25,6862,6862.5
1775784180,6862.5,6863.5,6862.5,6863.5
1775784240,6863.5,6863.5,6862.75,6862.75
1775784300,6863.25,6864,6863,6863.5
1775784360,6863.25,6864,6863,6863.25
1775784420,6863.25,6864.5,6863.25,6864.5
1775784480,6864.5,6865.5,6864.5,6864.75
1775784540,6865,6866,6865,6865.75
1775784600,6865.5,6866.25,6864.5,6865.5
1775784660,6865.75,6866.75,6865.25,6866.25
1775784720,6866.25,6868.75,6866,6868.25
1775784780,6868,6868.75,6867.5,6868.25
1775784840,6868,6868.5,6867.5,6868
1775784900,6868,6869,6867.75,6869
1775784960,6868.75,6869,6867.75,6868
1775785020,6868.25,6868.25,6867.5,6868
1775785080,6868,6868.25,6867.75,6868.25
1775785140,6868,6868.25,6867.5,6867.75
1775785200,6868,6868.25,6867.5,6868.25
1775785260,6868,6868.25,6867,6867.25
1775785320,6867.25,6867.25,6866.75,6867.25
1775785380,6867.25,6868.5,6866.75,6868.25
1775785440,6868.25,6869,6868,6868.5
1775785500,6868.25,6868.5,6866.75,6867.25
1775785560,6867.25,6867.5,6866.75,6867
1775785620,6867,6868,6866.75,6867.75
1775785680,6867.5,6868.5,6867.5,6868
1775785740,6868,6868.75,6867.75,6868.5
1775785800,6868.25,6868.25,6867.25,6867.5
1775785860,6867.5,6867.75,6867,6867.25
1775785920,6867.5,6867.5,6866.25,6866.25
1775785980,6866.5,6867.25,6866.5,6867
1775786040,6866.75,6867.25,6865.75,6867
1775786100,6867.25,6867.25,6866.5,6866.5
1775786160,6866.5,6866.75,6866.25,6866.5
1775786220,6866.5,6866.5,6865.25,6866
1775786280,6865.75,6866.5,6865.75,6866.25
1775786340,6866.25,6866.5,6866,6866.25
1775786400,6866.25,6867,6865.75,6866.25
1775786460,6866.75,6866.75,6865.75,6866.5
1775786520,6866.5,6866.75,6864.25,6864.5
1775786580,6864.75,6864.75,6863.75,6864.75
1775786640,6864.75,6864.75,6862.5,6862.75
1775786700,6862.5,6864.25,6862.5,6864.25
1775786760,6864.25,6864.75,6864,6864.5
1775786820,6864.5,6865,6864.25,6864.75
1775786880,6864.75,6864.75,6864.25,6864.5
1775786940,6864.5,6865.25,6864.25,6864.75
1775787000,6864.5,6865,6864,6864
1775787060,6864,6864.25,6863.75,6863.75
1775787120,6863.75,6864,6863,6863
1775787180,6863.25,6863.5,6863,6863.25
1775787240,6863.25,6863.75,6862.75,6863
1775787300,6863.25,6863.5,6862.75,6862.75
1775787360,6862.75,6862.75,6861.75,6862
1775787420,6861.75,6862,6861.25,6861.5
1775787480,6861.75,6862,6860.75,6861
1775787540,6861,6861.75,6860.25,6861
1775787600,6860.75,6861.5,6860.5,6860.5
1775787660,6860.5,6860.75,6859.75,6859.75
1775787720,6859.75,6861.5,6859.75,6861.25
1775787780,6861.25,6862.5,6861,6861.75
1775787840,6862,6862,6861.25,6862
1775787900,6862.25,6862.75,6862,6862.5
1775787960,6862.5,6862.5,6862,6862
1775788020,6862.25,6862.25,6861.75,6861.75
1775788080,6861.5,6861.75,6861,6861.5
1775788140,6861.75,6862,6861.5,6861.5
1775788200,6861.5,6861.75,6861.25,6861.5
1775788260,6861.25,6861.75,6861,6861.25
1775788320,6861.25,6862.25,6861.25,6861.75
1775788380,6862,6862.75,6861.75,6862.5
1775788440,6862.5,6862.5,6862,6862.25
1775788500,6862.25,6862.25,6861.75,6861.75
1775788560,6861.75,6862.25,6861.5,6861.75
1775788620,6861.5,6861.75,6861,6861.75
1775788680,6862,6862.5,6861.75,6862.25
1775788740,6862.25,6862.75,6862.25,6862.5
1775788800,6862.5,6862.75,6862,6862.25
1775788860,6862.25,6863.25,6862.25,6863
1775788920,6863,6863.25,6862.25,6862.75
1775788980,6862.75,6863.75,6862.75,6863.75
1775789040,6863.5,6864,6863,6863
1775789100,6863.25,6863.5,6862.5,6863.5
1775789160,6863.5,6864,6863.5,6863.5
1775789220,6863.5,6863.5,6862.75,6863
1775789280,6863,6863.5,6862.75,6863
1775789340,6863.25,6863.25,6862.75,6863
1775789400,6863,6863.5,6862.75,6863
1775789460,6863.5,6863.75,6863,6863.75
1775789520,6863.75,6864,6863.5,6863.5
1775789580,6863.75,6864,6863.5,6863.5
1775789640,6863.5,6863.5,6863,6863.5
1775789700,6863.25,6863.25,6863,6863.25
1775789760,6863,6863,6863,6863
1775789820,6863,6863.5,6862.75,6863.25
1775789880,6863.25,6863.25,6862.75,6863
1775789940,6862.75,6863.5,6862.75,6863
1775790000,6863.25,6864,6863,6863.75
1775790060,6863.75,6864.25,6863.75,6863.75
1775790120,6864,6864.25,6863.75,6864.25
1775790180,6864.25,6864.5,6864,6864.25
1775790240,6864.5,6865,6864.25,6864.25
1775790300,6864.5,6864.75,6864.25,6864.5
1775790360,6864.75,6864.75,6864,6864.25
1775790420,6864.5,6865.25,6864.25,6865
1775790480,6865,6865.75,6864.75,6865
1775790540,6865,6865.25,6864.75,6865
1775790600,6864.75,6865,6864.5,6864.75
1775790660,6865,6865.25,6864.75,6865.25
1775790720,6865,6865.5,6865,6865.5
1775790780,6865.25,6865.75,6865,6865.25
1775790840,6865.25,6865.5,6865.25,6865.5
1775790900,6865.5,6865.5,6865.25,6865.25
1775790960,6865.5,6865.75,6865.25,6865.25
1775791020,6865.25,6865.75,6864.75,6864.75
1775791080,6865,6865.25,6864.75,6865
1775791140,6864.75,6865.25,6864.5,6865.25
1775791200,6865,6865.25,6865,6865
1775791260,6865.25,6865.25,6864.75,6864.75
1775791320,6864.75,6864.75,6864.5,6864.75
1775791380,6864.75,6864.75,6864.5,6864.75
1775791440,6865,6865.25,6864.75,6864.75
1775791500,6864.75,6865,6863.5,6863.75
1775791560,6864,6864.25,6863.75,6863.75
1775791620,6863.75,6864,6862.75,6862.75
1775791680,6863,6863.25,6862.75,6862.75
1775791740,6862.75,6863,6862.5,6862.5
1775791800,6862.5,6864.25,6862.5,6864
1775791860,6864,6864.75,6864,6864.5
1775791920,6864.5,6865,6864.25,6864.75
1775791980,6864.75,6866.5,6864.25,6866
1775792040,6866.25,6866.5,6865.5,6865.5
1775792100,6865.75,6865.75,6865,6865.75
1775792160,6865.75,6866.25,6865.25,6866
1775792220,6866,6867.5,6866,6867.25
1775792280,6867,6867.25,6866.25,6866.25
1775792340,6866.25,6868.5,6866.25,6866.5
1775792400,6866.5,6866.75,6865.75,6866.5
1775792460,6866.75,6867.5,6866.25,6867
1775792520,6867,6867,6866,6866.25
1775792580,6866.25,6866.75,6866,6866.5
1775792640,6866.25,6866.5,6866,6866.25
1775792700,6866.5,6867.75,6866.5,6867
1775792760,6867.25,6867.5,6866.75,6867.5
1775792820,6867.5,6867.75,6867.25,6867.5
1775792880,6867.5,6867.75,6866.75,6867
1775792940,6866.75,6866.75,6866,6866.75
1775793000,6866.75,6866.75,6865.75,6865.75
1775793060,6866,6866.5,6866,6866.5
1775793120,6866.5,6867.25,6866.25,6866.25
1775793180,6866.25,6867,6866.25,6866.75
1775793240,6867,6867.5,6867,6867.5
1775793300,6867.5,6867.75,6867,6867.75
1775793360,6867.5,6867.5,6866.75,6867.25
1775793420,6867,6867.5,6867,6867.25
1775793480,6867.25,6867.5,6866.75,6866.75
1775793540,6866.75,6866.75,6866.25,6866.5
1775793600,6866.75,6867,6866.5,6866.75
1775793660,6866.75,6867,6866.25,6866.5
1775793720,6866.5,6867,6866.5,6866.75
1775793780,6866.5,6866.75,6866.25,6866.5
1775793840,6866.5,6867,6866.25,6866.75
1775793900,6866.5,6866.5,6865.5,6865.5
1775793960,6865.5,6865.5,6864.5,6864.75
1775794020,6864.25,6864.75,6863.75,6864.75
1775794080,6864.25,6865,6864,6864.5
1775794140,6865,6865,6864.5,6864.75
1775794200,6865,6865.25,6865,6865.25
1775794260,6865,6865.5,6864.75,6864.75
1775794320,6864.75,6865.5,6864.75,6865.25
1775794380,6865.5,6865.5,6864.5,6864.5
1775794440,6864.5,6865,6864.25,6864.5
1775794500,6864.75,6865.25,6864.75,6864.75
1775794560,6865,6865.25,6864.75,6865
1775794620,6865,6865.75,6864.75,6865.25
1775794680,6865.25,6865.75,6865.25,6865.25
1775794740,6865.25,6865.75,6865.25,6865.5
1775794800,6865.75,6865.75,6865.5,6865.5
1775794860,6865.75,6865.75,6865,6865.5
1775794920,6865.25,6865.5,6865,6865
1775794980,6865.25,6865.25,6864.25,6864.5
1775795040,6864.5,6864.5,6863.75,6864
1775795100,6864.25,6864.75,6864,6864.5
1775795160,6864.75,6864.75,6864,6864.75
1775795220,6864.5,6864.75,6864.5,6864.5
1775795280,6864.5,6864.75,6864.25,6864.5
1775795340,6864.75,6864.75,6864.5,6864.5
1775795400,6864.5,6865.25,6864.5,6865
1775795460,6864.75,6865.25,6864.5,6864.5
1775795520,6864.5,6864.5,6864.5,6864.5
1775795580,6864.5,6864.75,6864.25,6864.5
1775795640,6864.25,6864.75,6864.25,6864.5
1775795700,6864.25,6864.25,6863.5,6863.5
1775795760,6863.5,6863.75,6863.5,6863.75
1775795820,6863.75,6863.75,6863,6863.5
1775795880,6863.25,6863.75,6863.25,6863.5
1775795940,6863.5,6864,6863.25,6863.5
1775796000,6863.5,6864.25,6863.5,6863.5
1775796060,6863.5,6863.75,6861.5,6861.75
1775796120,6862,6863,6862,6862.75
1775796180,6862.5,6863,6862.5,6862.75
1775796240,6863,6863.25,6862.75,6863.25
1775796300,6862.75,6863,6862.25,6862.25
1775796360,6862.5,6862.75,6862.25,6862.25
1775796420,6862.25,6862.75,6862.25,6862.5
1775796480,6862.75,6862.75,6862.25,6862.75
1775796540,6862.75,6862.75,6862.25,6862.5
1775796600,6862.75,6863,6862.5,6863
1775796660,6862.75,6863.5,6862.75,6863
1775796720,6863,6863.5,6862.75,6863.5
1775796780,6863.5,6863.75,6863.5,6863.5
1775796840,6863.25,6863.75,6863.25,6863.25
1775796900,6863.5,6863.5,6862.75,6863
1775796960,6863,6863,6862.5,6862.75
1775797020,6862.75,6862.75,6862.25,6862.5
1775797080,6862.75,6863,6862.5,6862.75
1775797140,6862.5,6862.5,6862,6862.5
1775797200,6862.75,6864,6862.5,6864
1775797260,6864,6865.75,6863.75,6865.25
1775797320,6865,6865.75,6864.5,6865
1775797380,6865.25,6865.25,6864.75,6865
1775797440,6864.75,6865.75,6864.75,6865.5
1775797500,6865.75,6866,6864.75,6864.75
1775797560,6864.5,6865.25,6864.5,6865
1775797620,6864.75,6865.25,6864.5,6864.5
1775797680,6864.75,6865,6864.25,6864.75
1775797740,6864.25,6865,6864.25,6864.75
1775797800,6865,6865.25,6865,6865
1775797860,6865,6865,6864,6864
1775797920,6864,6864.75,6864,6864.25
1775797980,6864.25,6864.75,6864,6864.5
1775798040,6864.5,6864.5,6864,6864.25
1775798100,6864,6864.5,6863.25,6863.75
1775798160,6864,6864.5,6864,6864
1775798220,6863.75,6864.5,6863.25,6864.25
1775798280,6864,6864.25,6863.75,6864
1775798340,6863.75,6864,6863.5,6864
1775798400,6864.5,6865.5,6864.5,6865.25
1775798460,6865,6865.5,6864.75,6864.75
1775798520,6864.75,6865,6864.75,6864.75
1775798580,6864.75,6865,6864.5,6864.75
1775798640,6864.75,6865.25,6864,6864.75
1775798700,6864.75,6865.5,6864.75,6865.25
1775798760,6865,6865.25,6864.75,6864.75
1775798820,6864.75,6865,6864.25,6864.25
1775798880,6864.25,6864.75,6864.25,6864.5
1775798940,6864.25,6864.5,6862.75,6862.75
1775799000,6863,6864.25,6862.25,6863.5
1775799060,6863.5,6864,6863,6863.5
1775799120,6863.75,6864.75,6863.75,6864.5
1775799180,6864.25,6864.25,6863,6863.5
1775799240,6864.25,6864.5,6863.75,6864
1775799300,6864,6864.5,6864,6864.5
1775799360,6864,6864.75,6864,6864.5
1775799420,6864.75,6865.25,6864.75,6865
1775799480,6865,6865,6864,6864.5
1775799540,6864.5,6865.25,6864.5,6865
1775799600,6865,6865.25,6864.5,6865
1775799660,6865.25,6865.25,6864.75,6864.75
1775799720,6864.75,6864.75,6863.75,6864
1775799780,6864,6864.25,6863.75,6863.75
1775799840,6863.5,6864,6863.25,6863.5
1775799900,6863.5,6864.25,6863.5,6864
1775799960,6864,6864.5,6863.5,6864.25
1775800020,6864,6864.25,6864,6864
1775800080,6864,6864.25,6863.75,6863.75
1775800140,6863.75,6864,6863.5,6863.75
1775800200,6863.75,6864,6863.25,6863.75
1775800260,6863.75,6864,6863.25,6863.5
1775800320,6863.75,6864,6863.5,6863.75
1775800380,6863.5,6863.5,6861.75,6862.5
1775800440,6862.75,6862.75,6861.75,6862.25
1775800500,6862.5,6862.5,6861.75,6861.75
1775800560,6861.75,6862.25,6861.25,6862
1775800620,6861.75,6862,6861.75,6861.75
1775800680,6862,6862,6861.5,6862
1775800740,6861.75,6862.25,6861.75,6862
1775800800,6862,6862.5,6861.75,6862
1775800860,6862.25,6862.75,6861.75,6862
1775800920,6862,6862.25,6860,6860.5
1775800980,6860.5,6861,6860.25,6860.25
1775801040,6860.5,6860.5,6859.25,6859.75
1775801100,6859.75,6860.5,6859.25,6859.75
1775801160,6860,6860.25,6859.25,6859.75
1775801220,6860,6860.75,6860,6860.25
1775801280,6860.5,6861.5,6860.5,6861.5
1775801340,6861.5,6861.5,6860,6860
1775801400,6860.25,6860.25,6859.25,6860.25
1775801460,6860,6860,6859,6859.25
1775801520,6859,6859.5,6858.25,6858.5
1775801580,6858.5,6859,6858.25,6858.5
1775801640,6858.5,6858.75,6858.25,6858.5
1775801700,6858.75,6859,6858,6858.25
1775801760,6858.25,6858.75,6857.5,6858.25
1775801820,6858,6858.5,6857.75,6857.75
1775801880,6857.75,6857.75,6857,6857.75
1775801940,6857.5,6857.75,6856.75,6857
1775802000,6857.25,6857.75,6857,6857.25
1775802060,6857.5,6857.75,6857,6857.5
1775802120,6857.25,6858.25,6857.25,6858
1775802180,6857.75,6858.25,6857.75,6857.75
1775802240,6857.5,6859,6857.5,6858.25
1775802300,6858.25,6858.25,6857.75,6858.25
1775802360,6858.25,6858.75,6857.5,6857.75
1775802420,6857.5,6857.75,6857,6857.5
1775802480,6857.5,6858,6857.5,6857.5
1775802540,6857.5,6858,6857.25,6857.75
1775802600,6857.75,6858.5,6857.75,6858.25
1775802660,6858,6858.5,6857.75,6858
1775802720,6858.25,6858.25,6857,6857.5
1775802780,6857.5,6858.5,6857.25,6857.5
1775802840,6857.5,6858.25,6857.25,6858
1775802900,6858,6858.75,6857.75,6858.25
1775802960,6858,6858,6856.75,6856.75
1775803020,6856.5,6857,6856.25,6856.5
1775803080,6856.25,6856.5,6855.25,6855.75
1775803140,6855.5,6856,6855.5,6855.75
1775803200,6855.75,6855.75,6854.25,6855.25
1775803260,6855,6855.75,6855,6855.25
1775803320,6855.5,6856.25,6855.25,6856
1775803380,6856,6856.75,6855.75,6856.25
1775803440,6856.25,6856.25,6855.5,6856.25
1775803500,6856.5,6857,6856.25,6856.75
1775803560,6856.75,6857.25,6856.75,6857.25
1775803620,6857.25,6857.75,6857,6857.25
1775803680,6857.25,6857.5,6856.5,6856.5
1775803740,6856.5,6856.5,6855.5,6855.5
1775803800,6855.5,6855.5,6854.5,6855
1775803860,6854.75,6855.5,6854.25,6855.25
1775803920,6855.25,6856,6855.25,6855.5
1775803980,6855.75,6856.75,6855.75,6856.5
1775804040,6856.5,6856.75,6855.75,6856
1775804100,6856.25,6856.5,6855.75,6856.5
1775804160,6856.25,6856.5,6855.5,6856
1775804220,6856.25,6856.5,6855.75,6856.25
1775804280,6856.5,6856.5,6856.25,6856.5
1775804340,6856.25,6857,6856,6856.75
1775804400,6856.5,6858.25,6856.25,6857.75
1775804460,6857.5,6857.75,6857,6857.25
1775804520,6857.25,6857.25,6856.5,6856.5
1775804580,6856.25,6858,6856.25,6857.5
1775804640,6857.25,6858,6857,6857.75
1775804700,6857.75,6858.25,6857.5,6858.25
1775804760,6857.75,6858,6857.25,6858
1775804820,6858,6858.25,6857.5,6857.75
1775804880,6858,6859,6858,6858.25
1775804940,6858.5,6859.5,6858.5,6859.25
1775805000,6859.5,6859.5,6858,6858.5
1775805060,6858.75,6858.75,6857.5,6858
1775805120,6858,6859,6857.5,6858.25
1775805180,6858.25,6858.25,6857,6857.5
1775805240,6857.5,6857.5,6856,6857.25
1775805300,6857.25,6857.75,6855,6856.5
1775805360,6857,6857.75,6856.25,6857.25
1775805420,6857.25,6857.5,6856.5,6857.5
1775805480,6857.5,6857.75,6856.75,6856.75
1775805540,6857,6857.25,6856.25,6856.5
1775805600,6856.75,6857.25,6856.75,6857.25
1775805660,6857,6857.75,6856.75,6857.25
1775805720,6857.25,6858.75,6857,6858.5
1775805780,6858,6859.75,6857.75,6859.25
1775805840,6859.5,6859.5,6858.75,6859
1775805900,6859,6860,6858.75,6859.75
1775805960,6859.75,6860.25,6859.25,6859.5
1775806020,6859.25,6860.25,6859.25,6859.75
1775806080,6859.75,6860.75,6859.75,6860.5
1775806140,6860.25,6860.75,6860,6860.75
1775806200,6861,6862,6860.75,6861
1775806260,6861,6861.5,6860.5,6861.5
1775806320,6861.5,6861.75,6860.75,6861.5
1775806380,6861.5,6861.5,6861,6861.5
1775806440,6861.25,6861.75,6860.75,6861.5
1775806500,6861.5,6861.75,6861,6861.5
1775806560,6861.25,6862.25,6861,6862
1775806620,6862,6863,6861.75,6862
1775806680,6862,6862.75,6861.75,6862.75
1775806740,6862.75,6863,6862.25,6862.25
1775806800,6862.5,6862.75,6860,6860.75
1775806860,6860.75,6861.25,6859.5,6860.5
1775806920,6860.75,6860.75,6860,6860.5
1775806980,6860.5,6861,6860,6860
1775807040,6860,6860.75,6859,6860
1775807100,6860,6860.25,6858.75,6859.5
1775807160,6859.25,6859.5,6859,6859.5
1775807220,6859.25,6859.75,6858.75,6859
1775807280,6859.5,6859.5,6858.25,6858.5
1775807340,6858.75,6859.5,6858.5,6859.5
1775807400,6859.5,6861.75,6859,6861.25
1775807460,6861.75,6862.25,6861.25,6862
1775807520,6862.25,6863,6862,6862.5
1775807580,6862.5,6863.25,6862,6863
1775807640,6863.25,6864,6862.25,6862.5
1775807700,6862.5,6863.25,6862.5,6863.25
1775807760,6863.5,6863.75,6862.25,6862.5
1775807820,6862.5,6863,6862,6863
1775807880,6863,6863.25,6861.75,6862
1775807940,6862,6862.25,6860.5,6861.75
1775808000,6861.75,6862,6860,6861
1775808060,6860.5,6861.5,6860.5,6860.5
1775808120,6860.5,6861,6860,6861
1775808180,6861,6861,6858,6858
1775808240,6858,6858.25,6857.75,6858
1775808300,6858,6858.5,6856.25,6857
1775808360,6857,6857.75,6857,6857.25
1775808420,6857.75,6858.25,6857.5,6858
1775808480,6858,6858,6857.5,6858
1775808540,6858,6858.75,6857.75,6858.25
1775808600,6858,6858.25,6857.25,6857.75
1775808660,6858,6858,6856.75,6857.25
1775808720,6857,6857.25,6855.5,6856.25
1775808780,6856,6857.25,6855.5,6856
1775808840,6856,6856.25,6854.5,6855.25
1775808900,6855.75,6856,6854.75,6854.75
1775808960,6855,6855.5,6853.5,6854.25
1775809020,6853.75,6854.75,6853.25,6854
1775809080,6854.25,6854.25,6853.25,6853.75
1775809140,6853.75,6855.5,6853.75,6855.25
1775809200,6855.5,6856.25,6855,6855.5
1775809260,6855.75,6856,6855.25,6855.5
1775809320,6855.5,6856,6855.25,6855.75
1775809380,6856,6856,6854.75,6855.25
1775809440,6855.75,6856.75,6855.5,6856.75
1775809500,6856.75,6858.25,6856.75,6857.5
1775809560,6857.75,6858,6857.25,6857.75
1775809620,6857.75,6857.75,6857.25,6857.5
1775809680,6857.75,6858.25,6857.25,6857.75
1775809740,6857.75,6858,6857.25,6857.25
1775809800,6857.25,6857.75,6856.5,6857.75
1775809860,6857.75,6858.25,6857.5,6857.75
1775809920,6857.75,6858,6857.5,6858
1775809980,6858,6858.5,6857.75,6858.25
1775810040,6858.25,6858.25,6857.25,6857.5
1775810100,6857.5,6857.75,6856.75,6857
1775810160,6857.25,6857.25,6856.5,6856.5
1775810220,6856.75,6857,6856.25,6857
1775810280,6856.75,6857.75,6856.75,6857.5
1775810340,6857.5,6857.75,6856.75,6857.25
1775810400,6857.25,6857.5,6857,6857
1775810460,6857.25,6857.75,6856.75,6857.75
1775810520,6857.75,6859.25,6857.5,6858.5
1775810580,6858.5,6858.75,6858,6858.5
1775810640,6858.25,6858.75,6857.75,6857.75
1775810700,6858,6858.25,6856.75,6857.5
1775810760,6857.75,6858,6856.75,6856.75
1775810820,6856.75,6856.75,6854.75,6855.25
1775810880,6855.25,6856,6854,6854
1775810940,6854,6854.75,6853.25,6854.5
1775811000,6854.25,6855,6853.25,6853.25
1775811060,6853.5,6853.75,6852.5,6853
1775811120,6853,6853.5,6852.25,6852.5
1775811180,6852.5,6852.75,6850.75,6851.75
1775811240,6851.5,6851.75,6850.75,6851.25
1775811300,6851,6852,6850.75,6850.75
1775811360,6851.25,6851.25,6850.5,6851
1775811420,6851,6851.5,6851,6851.25
1775811480,6851.25,6852,6851,6851.25
1775811540,6851.25,6851.5,6851,6851.5
1775811600,6851.5,6852.75,6851.5,6852.25
1775811660,6852.5,6853,6852,6853
1775811720,6853,6854.25,6852.75,6854
1775811780,6853.75,6854.5,6853.5,6854.25
1775811840,6854.25,6855,6854,6854.5
1775811900,6854.25,6854.75,6853,6853.75
1775811960,6853.75,6854,6852.5,6853
1775812020,6853,6853.5,6852.5,6852.5
1775812080,6852.5,6853.25,6852.25,6853
1775812140,6852.75,6853,6851.75,6852
1775812200,6851.75,6852.5,6851.75,6852.5
1775812260,6852.5,6853.75,6852.25,6853
1775812320,6853,6853.25,6852.25,6853
1775812380,6853,6853.25,6852.5,6853
1775812440,6852.75,6853.25,6852.25,6853
1775812500,6853,6853.25,6852.5,6853.25
1775812560,6853.5,6854.25,6853.25,6853.25
1775812620,6853,6853.5,6852.75,6853.25
1775812680,6853.25,6862.75,6853.25,6858.5
1775812740,6858.25,6867,6856.5,6865.75
1775812800,6865.5,6866,6857.5,6858.5
1775812860,6858.75,6861.25,6858.25,6859.25
1775812920,6859.25,6860.25,6858,6858.5
1775812980,6858.25,6859.5,6857.5,6859.25
1775813040,6859.25,6859.5,6856,6857.25
1775813100,6857.25,6858.5,6856.75,6857.25
1775813160,6857.25,6858.75,6856,6858.5
1775813220,6858.25,6859,6857.5,6857.5
1775813280,6857.5,6859,6857.5,6858.75
1775813340,6858.75,6859.25,6858.5,6859.25
1775813400,6859,6859.75,6858.25,6859
1775813460,6859,6859,6857.5,6857.5
1775813520,6857.75,6857.75,6854.25,6856
1775813580,6855.75,6856.5,6854.75,6855.75
1775813640,6855.5,6857.5,6855.5,6856.75
1775813700,6857,6859.25,6857,6859
1775813760,6859.5,6859.75,6857,6857
1775813820,6857,6857.5,6856.5,6856.75
1775813880,6856.75,6858,6856.25,6857.75
1775813940,6857.75,6858,6856.5,6856.5
1775814000,6856.75,6858.5,6856.5,6858.5
1775814060,6858.25,6859,6858,6858.75
1775814120,6859,6859.25,6858.25,6858.5
1775814180,6858.5,6859,6858,6858.25
1775814240,6858.5,6859.5,6858.25,6859
1775814300,6859,6859.75,6858.5,6859.5
1775814360,6859.5,6860.5,6859.25,6860
1775814420,6859.75,6860,6859.25,6859.25
1775814480,6859.25,6859.75,6858.75,6858.75
1775814540,6859,6860,6858.25,6860
1775814600,6859.75,6860.5,6859.25,6859.5
1775814660,6859.5,6860,6859.5,6859.5
1775814720,6859.5,6861.75,6859.25,6861.75
1775814780,6861.25,6862.75,6860.75,6862.5
1775814840,6862.5,6863.75,6862,6862.5
1775814900,6862.75,6863,6861,6862.25
1775814960,6862.25,6863,6861.75,6862.5
1775815020,6862.75,6863,6862.25,6862.75
1775815080,6862.5,6863.5,6861.75,6862.5
1775815140,6862.5,6863.25,6861.75,6862.75
1775815200,6862.75,6864,6862.75,6863.5
1775815260,6863.5,6864.25,6862.25,6862.25
1775815320,6862.5,6862.75,6860.75,6861.5
1775815380,6861.5,6862.5,6860.75,6861.5
1775815440,6861.25,6861.75,6860.75,6860.75
1775815500,6860.5,6860.75,6860,6860.25
1775815560,6860.25,6860.25,6857.75,6858.5
1775815620,6858.75,6859.75,6858.75,6859
1775815680,6859.25,6860,6859,6859.5
1775815740,6859.25,6860.5,6859.25,6860.5
1775815800,6860.25,6860.25,6859,6859.5
1775815860,6859.5,6860,6859.25,6859.75
1775815920,6859.25,6860.25,6858.75,6860.25
1775815980,6860,6860.25,6859.75,6859.75
1775816040,6859.5,6859.75,6858.5,6858.5
1775816100,6858.5,6859.25,6858.25,6858.75
1775816160,6859,6859.75,6859,6859.5
1775816220,6859.5,6860,6859.25,6859.25
1775816280,6859.5,6861.5,6859.25,6861.5
1775816340,6861.5,6862.75,6861.5,6862.25
1775816400,6862.5,6862.75,6862,6862.5
1775816460,6862.5,6863.25,6862.5,6862.5
1775816520,6862.5,6863.75,6862.5,6863.25
1775816580,6863,6865,6863,6864
1775816640,6864,6865.25,6864,6864.25
1775816700,6864.5,6866,6864.5,6865.75
1775816760,6865.75,6866.75,6865.25,6865.5
1775816820,6865.25,6865.25,6864.25,6864.75
1775816880,6864.5,6865.25,6864.25,6864.75
1775816940,6864.75,6865,6864,6864.5
1775817000,6864.75,6864.75,6862,6862.25
1775817060,6862.25,6863.5,6862.25,6863.25
1775817120,6862.75,6863.5,6862.25,6863.25
1775817180,6863.25,6864,6863,6863.25
1775817240,6863.25,6864,6863,6863.5
1775817300,6863.5,6863.5,6862,6862.25
1775817360,6861.75,6862.5,6861.75,6862.25
1775817420,6862,6862.75,6862,6862.5
1775817480,6862.5,6862.75,6862,6862.25
1775817540,6862.25,6863.25,6862.25,6863.25
1775817600,6863.25,6865,6863.25,6864.75
1775817660,6864.75,6865.5,6864.5,6865.25
1775817720,6865.25,6865.75,6865,6865.5
1775817780,6865.25,6865.5,6864,6864.25
1775817840,6864.5,6864.5,6864,6864
1775817900,6864,6864.75,6863.5,6863.75
1775817960,6863.75,6864.5,6863.75,6864.25
1775818020,6864,6864.25,6863.5,6864
1775818080,6864,6864,6863.75,6864
1775818140,6863.75,6865.25,6863.75,6864.5
1775818200,6864.75,6865,6864.25,6865
1775818260,6865,6866.25,6864.75,6866
1775818320,6866,6866.5,6865.5,6865.75
1775818380,6865.75,6866.25,6865.5,6866.25
1775818440,6866.25,6866.75,6865.75,6865.75
1775818500,6865.75,6866.75,6865.5,6865.75
1775818560,6865.75,6866,6865.25,6865.75
1775818620,6865.75,6866.25,6865.5,6866
1775818680,6866,6866.5,6865.75,6866.5
1775818740,6866.25,6866.25,6863.75,6864.25
1775818800,6864.5,6866,6864.25,6865.75
1775818860,6865.75,6868.5,6865.75,6868.25
1775818920,6868.25,6868.75,6867,6868
1775818980,6867.5,6868,6867,6867.75
1775819040,6867.75,6869,6867.5,6868.25
1775819100,6868.25,6868.5,6867.25,6868.25
1775819160,6868.25,6868.25,6866,6866.75
1775819220,6866.5,6867.25,6865.75,6866.25
1775819280,6866.25,6867,6865.75,6865.75
1775819340,6866.25,6866.5,6864.75,6865.5
1775819400,6865.25,6866,6865,6865.75
1775819460,6865.75,6866,6864.75,6865.25
1775819520,6865.25,6865.25,6864.25,6864.75
1775819580,6865,6866.5,6865,6866.25
1775819640,6866.25,6866.5,6866,6866.5
1775819700,6866.5,6867.25,6866.25,6867
1775819760,6867,6867.25,6866,6866.25
1775819820,6866,6867.25,6866,6867
1775819880,6866.75,6867.25,6866.75,6867
1775819940,6866.5,6867.75,6866.25,6867.5
1775820000,6867.5,6868,6867.25,6867.75
1775820060,6867.5,6869.5,6867.25,6868.75
1775820120,6868.5,6869.25,6868.5,6869.25
1775820180,6869.25,6870.5,6869,6869.5
1775820240,6869.5,6870,6869,6869.25
1775820300,6869.25,6869.25,6868,6868.25
1775820360,6868.5,6868.75,6868.25,6868.5
1775820420,6868.25,6868.5,6868,6868
1775820480,6868,6868.75,6868,6868.75
1775820540,6868.5,6869,6868,6868.5
1775820600,6868.75,6870.75,6868.5,6870.5
1775820660,6870.75,6871,6870,6870.25
1775820720,6870.25,6870.75,6869.25,6870
1775820780,6870,6870.25,6869.5,6869.5
1775820840,6869.5,6869.75,6868.75,6869.25
1775820900,6869.5,6869.5,6868.5,6868.5
1775820960,6868.5,6869.25,6868.25,6868.75
1775821020,6868.75,6869,6868,6868.25
1775821080,6868.25,6868.5,6868,6868
1775821140,6868.25,6868.5,6868,6868.25
1775821200,6868,6868.25,6867.5,6867.75
1775821260,6867.75,6867.75,6866,6866.25
1775821320,6866.25,6866.75,6865.5,6866.75
1775821380,6866.75,6866.75,6866,6866.5
1775821440,6866.5,6866.75,6866,6866.5
1775821500,6866.25,6866.75,6865.5,6866.75
1775821560,6866.75,6867.75,6866.25,6866.5
1775821620,6866.5,6867.5,6866.5,6867
1775821680,6867,6868.25,6866.75,6868
1775821740,6867.75,6867.75,6867.25,6867.25
1775821800,6867,6868,6866.75,6867.75
1775821860,6867.5,6868,6866,6866.25
1775821920,6866.25,6866.5,6865.5,6866
1775821980,6865.75,6866.25,6865.25,6865.5
1775822040,6865.75,6867.25,6865.25,6866.5
1775822100,6866.75,6866.75,6865.5,6866
1775822160,6865.75,6865.75,6863.25,6863.5
1775822220,6863.25,6864.25,6862.75,6863
1775822280,6863,6863.75,6862.25,6863.5
1775822340,6863.75,6864.75,6863.5,6864.5
1775822400,6864.25,6865,6863.5,6864.25
1775822460,6864.5,6865.75,6864.5,6865.5
1775822520,6865.25,6866.75,6865.25,6866.5
1775822580,6866.5,6866.5,6865.25,6865.75
1775822640,6865.5,6865.5,6865,6865
1775822700,6865,6865.75,6864,6864
1775822760,6863.75,6864.5,6862.5,6864
1775822820,6863.75,6866.5,6863.75,6866.25
1775822880,6866.25,6866.25,6865,6866
1775822940,6866,6866.25,6865.5,6865.5
1775823000,6865.75,6866.5,6865.25,6866
1775823060,6866.25,6866.5,6864.5,6865.25
1775823120,6865.25,6865.75,6864.75,6865.25
1775823180,6865.5,6866,6865,6865.25
1775823240,6865.75,6866,6865.25,6866
1775823300,6866,6867,6865.75,6866.25
1775823360,6866,6866.25,6865,6865.75
1775823420,6865.75,6866.5,6865.5,6865.5
1775823480,6865.25,6869,6864.75,6868.5
1775823540,6868.25,6870,6868,6868.5
1775823600,6868.5,6868.75,6867,6867
1775823660,6867.25,6868,6866.5,6866.5
1775823720,6866.75,6867.5,6866,6867
1775823780,6866.75,6868.25,6866.5,6868.25
1775823840,6868.5,6868.5,6866.25,6866.5
1775823900,6866.5,6867.25,6866,6867.25
1775823960,6867,6868,6866.75,6867.5
1775824020,6867.5,6869.75,6866.75,6868.75
1775824080,6869,6870.5,6868.75,6869.75
1775824140,6869.5,6889.75,6869.5,6876.75
1775824200,6876.75,6890,6870,6878
1775824260,6878.5,6879,6874.25,6874.75
1775824320,6874.5,6876.25,6872.5,6875
1775824380,6875.25,6875.5,6872.75,6873
1775824440,6873,6874.5,6872,6872.25
1775824500,6872,6873.25,6870.75,6872.75
1775824560,6872.75,6873,6870.5,6871.75
1775824620,6871.5,6872.75,6869.5,6870.25
1775824680,6870,6873.5,6869.5,6872.75
1775824740,6872.25,6873.75,6871.5,6873.75
1775824800,6874,6874.75,6873.25,6873.75
1775824860,6873.5,6873.5,6872,6872.5
1775824920,6872.5,6873.25,6871.75,6872.5
1775824980,6872.5,6873,6870.75,6871.5
1775825040,6871.5,6873.25,6870.5,6872.75
1775825100,6873,6874.25,6872.5,6872.75
1775825160,6872.5,6873.75,6871.25,6871.75
1775825220,6872,6874,6871.75,6873.5
1775825280,6873.25,6874,6872.5,6873
1775825340,6873,6873.75,6872.25,6873.75
1775825400,6873.5,6874.5,6872.5,6873
1775825460,6872.75,6873.75,6872.75,6873.75
1775825520,6873.75,6874.5,6873.25,6873.25
1775825580,6873.5,6874.5,6873,6874.25
1775825640,6874.5,6874.75,6870.75,6871.25
1775825700,6871,6872.75,6870.25,6872
1775825760,6872,6873.25,6871.5,6872.75
1775825820,6872.75,6872.75,6871.5,6872.5
1775825880,6872.25,6872.75,6871.75,6871.75
1775825940,6871.75,6872,6870,6871.5
1775826000,6871.25,6871.25,6869,6870.5
1775826060,6870.5,6872.75,6870,6872.25
1775826120,6872,6872,6870.75,6871
1775826180,6871,6872.25,6871,6871.5
1775826240,6871.75,6872,6871,6871.5
1775826300,6871.25,6873,6871,6873
1775826360,6873,6873.25,6872,6872.5
1775826420,6872.25,6873.75,6872.25,6873.5
1775826480,6873.25,6874,6873,6873.75
1775826540,6873.5,6873.75,6873,6873.5
1775826600,6873,6873,6871.75,6872.75
1775826660,6872.75,6872.75,6871.25,6871.75
1775826720,6872,6874.5,6872,6874
1775826780,6874,6875.25,6874,6874.25
1775826840,6874.25,6875.25,6873.25,6874.25
1775826900,6874.5,6874.5,6871.75,6872.25
1775826960,6872.25,6873,6871.25,6872.25
1775827020,6872,6872.5,6871.5,6872.5
1775827080,6872.25,6873,6872.25,6872.5
1775827140,6872.25,6872.5,6870.75,6871.25
1775827200,6871.25,6873,6871,6872.25
1775827260,6872.25,6873.5,6872.25,6873.25
1775827320,6873.25,6873.5,6872.5,6873
1775827380,6873.25,6873.25,6871.75,6872.25
1775827440,6872,6872.5,6871,6872.25
1775827500,6872.25,6873.5,6872,6872.5
1775827560,6872.75,6873.75,6872.25,6872.25
1775827620,6872.75,6873.5,6871.5,6873.25
1775827680,6873,6874.25,6872.25,6874
1775827740,6873.75,6875,6873.25,6875
1775827800,6875,6879.5,6874.25,6877.75
1775827860,6877.5,6881.5,6877.25,6878.25
1775827920,6878.25,6880,6874.5,6876
1775827980,6876,6876.5,6873.5,6875.5
1775828040,6875.75,6875.75,6871,6871.75
1775828100,6872,6872.25,6867.25,6867.5
1775828160,6867.5,6870.5,6867.25,6869.5
1775828220,6869.5,6873,6869,6872.75
1775828280,6872.75,6873.5,6870.75,6871.25
1775828340,6871.5,6871.5,6867.75,6869.75
1775828400,6869.25,6871,6866.75,6870.75
1775828460,6870.5,6871,6868.5,6870.5
1775828520,6870.75,6872.25,6869.5,6870
1775828580,6870,6870.25,6867,6867
1775828640,6867.25,6870.75,6866.75,6870.5
1775828700,6870.75,6872,6869,6869.75
1775828760,6869.75,6870.75,6868.25,6869.25
1775828820,6869,6869.25,6865.75,6867
1775828880,6867.25,6869,6865.5,6869
1775828940,6868.75,6870,6867,6867.25
1775829000,6867.25,6868.25,6863.75,6864.5
1775829060,6864.75,6867,6864,6867
1775829120,6867,6869.5,6866,6868
1775829180,6868.25,6870.5,6867.75,6868.5
1775829240,6868.25,6871.25,6868.25,6870.5
1775829300,6870.5,6871.5,6868,6870.5
1775829360,6870.5,6871,6869,6869.75
1775829420,6869.75,6871.25,6869,6869.75
1775829480,6869.5,6870,6868.25,6869.75
1775829540,6869.75,6870.75,6868.5,6870.25
1775829600,6869.75,6870.75,6864.75,6865.75
1775829660,6865.75,6866.5,6862.5,6863
1775829720,6863.25,6869.25,6862.75,6866.25
1775829780,6866.5,6869,6865,6867
1775829840,6867.25,6869.75,6866.5,6868
1775829900,6868,6870.5,6867,6869.25
1775829960,6869.25,6869.5,6867.75,6868.5
1775830020,6868.75,6868.75,6864.75,6867
1775830080,6867.25,6869.25,6866.5,6868.5
1775830140,6868.5,6869.5,6866.75,6867.75
1775830200,6868,6868.25,6864.75,6865
1775830260,6865,6866,6863.5,6865.75
1775830320,6866,6870.25,6865.5,6869.75
1775830380,6870,6874,6869.25,6873.25
1775830440,6873,6875.25,6872.25,6874.5
1775830500,6874.5,6875.75,6873.5,6875
1775830560,6875,6875.25,6872.25,6873
1775830620,6873.25,6875.75,6871.5,6874.75
1775830680,6874.75,6875.75,6873.75,6874.75
1775830740,6874.75,6876.5,6873.75,6875.75
1775830800,6875.75,6876.75,6874.75,6875.75
1775830860,6875.75,6875.75,6873.25,6874.75
1775830920,6874.75,6875,6873.75,6874
1775830980,6874,6875.75,6873.5,6875.5
1775831040,6875.75,6876.75,6875,6876.5
1775831100,6876.75,6877.5,6875.75,6877
1775831160,6877.25,6878,6876,6877
1775831220,6877.25,6877.25,6874.5,6875.75
1775831280,6876,6877.25,6875,6876.75
1775831340,6876.75,6878,6876.25,6877.5
1775831400,6877.75,6880.25,6877.25,6880
1775831460,6880,6881,6878.5,6879.5
1775831520,6879.75,6882,6878.5,6879.5
1775831580,6879.5,6880.25,6878.25,6879
1775831640,6879,6879.25,6877,6877.25
1775831700,6877.25,6879.25,6876,6878.25
1775831760,6878,6879.5,6877.5,6879.25
1775831820,6879,6879.25,6875.75,6876
1775831880,6876,6879,6875.75,6879
1775831940,6879,6879,6876.25,6876.5
1775832000,6876.75,6877.5,6875.75,6876.25
1775832060,6876.25,6877.75,6875.75,6876
1775832120,6876,6876.75,6866.25,6867.75
1775832180,6867.75,6874,6867.75,6871.75
1775832240,6871.75,6875.25,6870,6871
1775832300,6871.25,6873.25,6869.5,6872.75
1775832360,6872.75,6875,6872,6873.25
1775832420,6873.25,6875.75,6872.25,6875.25
1775832480,6875.25,6875.25,6871.25,6872.75
1775832540,6872.75,6872.75,6868.5,6869.5
1775832600,6869.5,6872.75,6869,6871.75
1775832660,6872,6874.25,6871.5,6873.5
1775832720,6873.75,6875.75,6872.5,6873.75
1775832780,6873.75,6874,6871.25,6871.75
1775832840,6871.75,6872,6869.5,6870.25
1775832900,6870.25,6871.5,6868.75,6871.25
1775832960,6871.25,6874.75,6871,6874.75
1775833020,6874.75,6876.25,6873.75,6875.75
1775833080,6875.5,6877.5,6875.25,6876.5
1775833140,6876.5,6876.75,6874.5,6876
1775833200,6876,6876.75,6873.25,6873.5
1775833260,6873.5,6875.25,6873,6874.75
1775833320,6874.75,6875.75,6873.75,6874.25
1775833380,6874.25,6874.75,6873.5,6873.75
1775833440,6874,6874.25,6873,6873.75
1775833500,6873.75,6874.5,6871.75,6872.75
1775833560,6872.75,6874.5,6871.25,6873.75
1775833620,6873.5,6876,6872.25,6874.75
1775833680,6874.5,6877,6874.5,6876.5
1775833740,6876.5,6878.25,6875.75,6876.75
1775833800,6876.75,6878,6875.5,6875.5
1775833860,6875.75,6878.25,6875.5,6878
1775833920,6878,6879,6877.5,6878.25
1775833980,6878.5,6878.75,6877.25,6877.75
1775834040,6877.5,6879.75,6877.5,6878.75
1775834100,6878.5,6881,6878.5,6881
1775834160,6880.75,6881,6878.75,6879
1775834220,6879.25,6879.5,6877.75,6878.75
1775834280,6878.75,6879.75,6877.5,6879.5
1775834340,6879.5,6879.5,6877,6877.75
1775834400,6877.75,6879,6877.25,6878.5
1775834460,6878.5,6879.75,6878,6879.25
1775834520,6879,6880,6878.25,6879.5
1775834580,6879.5,6881.5,6879,6881.5
1775834640,6881.5,6883,6880.5,6882
1775834700,6882,6882,6879,6879.25
1775834760,6879,6879.25,6876.25,6877.5
1775834820,6877.5,6877.75,6876.5,6877.5
1775834880,6877.5,6878.5,6876.25,6878
1775834940,6878,6878,6873.75,6874.75
1775835000,6874.75,6877,6874.25,6874.5
1775835060,6874.5,6875.75,6872.5,6873.75
1775835120,6873.75,6874.5,6870.75,6872
1775835180,6871.75,6872.75,6871,6871.25
1775835240,6871.25,6871.75,6869.25,6871
1775835300,6871,6872.5,6869.25,6869.5
1775835360,6869.75,6872,6869.25,6871
1775835420,6870.75,6871.5,6868.5,6869.5
1775835480,6869.25,6869.75,6867.5,6869.25
1775835540,6869,6869.5,6865.75,6866.75
1775835600,6866.75,6867.25,6862.75,6863.5
1775835660,6863.5,6866.5,6863.25,6866
1775835720,6866,6867.25,6863.5,6864.25
1775835780,6864.25,6866.5,6864,6865.75
1775835840,6865.75,6868,6865.25,6867
1775835900,6866.75,6869.5,6865.75,6867.75
1775835960,6868,6868,6866.5,6866.75
1775836020,6867,6868.5,6866,6868
1775836080,6868,6868.5,6863.75,6864.25
1775836140,6864.5,6865.5,6864,6864.5
1775836200,6864.5,6866,6863.25,6864
1775836260,6864,6864.75,6862,6863
1775836320,6863,6864,6861.5,6862.75
1775836380,6862.75,6862.75,6860,6860.5
1775836440,6860,6862.75,6859.25,6859.75
1775836500,6860,6860.25,6857,6858.75
1775836560,6858.75,6859,6856,6856.75
1775836620,6856.5,6857,6853.5,6855.5
1775836680,6855.25,6858.25,6855.25,6856.75
1775836740,6856.5,6857,6854.75,6856.5
1775836800,6856.75,6857.75,6855,6855
1775836860,6855,6856,6853.5,6854.25
1775836920,6854,6858,6853.25,6856.75
1775836980,6856.75,6857.75,6855.75,6856.75
1775837040,6856.75,6856.75,6855,6855.25
1775837100,6855.25,6857.75,6855,6856
1775837160,6856,6856.75,6854.25,6854.75
1775837220,6854.5,6856.25,6853.25,6855.75
1775837280,6855.75,6858,6855.5,6857.25
1775837340,6857.25,6857.75,6855.5,6856
1775837400,6855.75,6860,6855.75,6859.75
1775837460,6859.75,6860.75,6858.5,6860
1775837520,6860,6861.25,6859.5,6860
1775837580,6860.25,6863.25,6860,6862.5
1775837640,6862.5,6862.75,6861,6861.25
1775837700,6861.5,6862.25,6860.75,6862
1775837760,6862.25,6863.25,6861.75,6862.25
1775837820,6862.25,6863,6860,6860.5
1775837880,6860.75,6861.25,6859.5,6861.25
1775837940,6861.25,6861.25,6859,6860.25
1775838000,6860.25,6861,6856.5,6857
1775838060,6857,6858,6856.75,6857
1775838120,6857,6859.5,6856.75,6858.75
1775838180,6858.75,6860,6858.25,6859
1775838240,6859,6861.25,6858,6861
1775838300,6861,6861,6858,6858.75
1775838360,6859,6859.25,6857.5,6857.75
1775838420,6857.5,6858,6857,6857.25
1775838480,6857.25,6859.25,6856,6858
1775838540,6858.25,6860,6857,6857
1775838600,6857,6859.25,6857,6857.5
1775838660,6857.5,6858.25,6856.5,6858
1775838720,6858.25,6859.5,6854.5,6855.5
1775838780,6855.5,6856.5,6854,6855
1775838840,6855,6856.25,6854.25,6856.25
1775838900,6856.25,6856.25,6854.25,6855.25
1775838960,6855,6855.5,6853,6853.25
1775839020,6853.25,6855.25,6852.5,6854.75
1775839080,6854.5,6855.25,6852.5,6853
1775839140,6852.75,6853.75,6852,6852.75
1775839200,6853,6853.75,6850.75,6850.75
1775839260,6850.75,6851.25,6848.25,6849.25
1775839320,6849,6851,6848.5,6849.75
1775839380,6849.5,6851,6849,6849
1775839440,6849,6849.5,6846.75,6849
1775839500,6848.75,6851.5,6848.5,6849.75
1775839560,6849.5,6852.5,6848.25,6852.25
1775839620,6852.25,6853,6851.25,6852.5
1775839680,6852.5,6854.5,6851.5,6853.5
1775839740,6853.5,6854.5,6852.75,6854.25
1775839800,6854.25,6857,6854,6855
1775839860,6855,6856,6852,6853.75
1775839920,6854,6855,6853.5,6854.25
1775839980,6854.25,6859,6854.25,6857.5
1775840040,6857.5,6857.5,6856.25,6857.25
1775840100,6857.25,6857.5,6856,6857.5
1775840160,6857.25,6857.25,6855.25,6856.75
1775840220,6857,6858,6855.5,6856.75
1775840280,6856.75,6857,6855.5,6856.25
1775840340,6856.25,6857,6855.75,6856.75
1775840400,6857,6857,6853.5,6854.5
1775840460,6854.5,6856,6853.5,6853.75
1775840520,6853.75,6854.5,6850.75,6851.5
1775840580,6851.5,6852.75,6850.5,6851.25
1775840640,6851.5,6851.75,6849.75,6850
1775840700,6850.25,6851.5,6849.5,6850
1775840760,6850,6850.5,6848.75,6849
1775840820,6849.25,6850.25,6848,6850.25
1775840880,6850,6852.25,6849.5,6851.25
1775840940,6851,6851.5,6850.5,6851
1775841000,6851,6851.75,6848.75,6848.75
1775841060,6848.75,6850.5,6848.5,6850.25
1775841120,6850,6852.75,6849.75,6852.25
1775841180,6852.25,6853.75,6852,6853.25
1775841240,6853.25,6853.75,6852.5,6853.25
1775841300,6853,6854.5,6850.5,6850.75
1775841360,6850.75,6851.75,6850,6851.25
1775841420,6851.5,6852.5,6851.25,6851.5
1775841480,6851.5,6853.25,6851.5,6853.25
1775841540,6853,6853.5,6851.25,6852.25
1775841600,6852.5,6852.5,6850.25,6850.5
1775841660,6850.75,6852,6850.25,6850.5
1775841720,6850.75,6851,6847.75,6848.75
1775841780,6848.5,6851.25,6848.5,6851
1775841840,6851,6851.25,6850,6850.25
1775841900,6850.25,6850.5,6849.5,6850.25
1775841960,6850.5,6853,6850.25,6851.75
1775842020,6851.75,6852.75,6850,6850.25
1775842080,6850.25,6850.5,6848.25,6848.75
1775842140,6849,6849.5,6847.75,6848.5
1775842200,6848.25,6849.5,6846.25,6849.25
1775842260,6849.25,6851,6849.25,6849.5
1775842320,6849.5,6852.25,6849.5,6851.75
1775842380,6852,6852,6850.5,6850.5
1775842440,6850.75,6850.75,6849,6850.25
1775842500,6850.5,6852,6850,6850.25
1775842560,6850.5,6850.5,6849.25,6849.75
1775842620,6850,6850.25,6848.75,6849.75
1775842680,6849.5,6851.25,6849.25,6851.25
1775842740,6851.25,6852.5,6850.5,6852
1775842800,6851.75,6852.75,6850,6850.25
1775842860,6850.25,6851.25,6849.75,6850.5
1775842920,6850.5,6852.5,6849.75,6852.5
1775842980,6852.5,6854.75,6852.25,6854
1775843040,6853.75,6854.75,6852.25,6853.75
1775843100,6853.75,6855.25,6853,6854.75
1775843160,6854.75,6855.25,6853.5,6854
1775843220,6854,6854.75,6853,6854.25
1775843280,6854,6855.5,6853.5,6854.5
1775843340,6854.75,6855,6853.75,6854.75
1775843400,6854.5,6856.5,6854.25,6856.5
1775843460,6856.5,6856.5,6854.5,6855.5
1775843520,6855.75,6856.75,6855.25,6856.75
1775843580,6856.5,6857,6855.25,6856.75
1775843640,6856.75,6857.5,6856.25,6857.25
1775843700,6857.25,6857.5,6855.75,6855.75
1775843760,6855.75,6857.25,6855.75,6856.75
1775843820,6857,6857.5,6856.5,6857.5
1775843880,6857.5,6857.5,6856.5,6856.75
1775843940,6857,6857.25,6855.5,6856.75
1775844000,6857,6857,6855.25,6856.25
1775844060,6856.25,6856.5,6855.25,6855.75
1775844120,6855.75,6857,6854.5,6854.5
1775844180,6854.75,6855.25,6853.75,6854.5
1775844240,6854.5,6854.75,6852,6852.75
1775844300,6852.5,6853.25,6851.5,6852.75
1775844360,6853,6854.25,6852.5,6852.5
1775844420,6852.75,6853.5,6850.75,6851.25
1775844480,6851,6853.75,6850.75,6853.5
1775844540,6853.5,6853.75,6852,6852.25
1775844600,6852.25,6852.75,6851.5,6852.75
1775844660,6852.75,6855.25,6852.75,6854.25
1775844720,6854.25,6854.5,6853,6853.5
1775844780,6853.25,6854.25,6852.25,6852.75
1775844840,6853,6854.25,6852.5,6854
1775844900,6853.75,6856,6853.75,6854.75
1775844960,6855,6855.75,6854.25,6855.25
1775845020,6855.25,6856.5,6854.5,6856
1775845080,6856,6856.75,6855.5,6856.75
1775845140,6856.75,6858,6856.5,6857.5
1775845200,6857.5,6859,6856.5,6858.75
1775845260,6858.75,6859.5,6857.25,6858.5
1775845320,6858.5,6858.75,6857,6857.25
1775845380,6857.5,6859,6857.5,6858
1775845440,6858.5,6858.5,6856.5,6857
1775845500,6857,6857.25,6855.75,6857.25
1775845560,6857,6857.25,6855.75,6856.25
1775845620,6856.5,6856.5,6855.5,6856.5
1775845680,6856.5,6857.75,6855.75,6857.25
1775845740,6857,6857,6855.75,6856.25
1775845800,6856.5,6857,6855.25,6855.5
1775845860,6855.5,6856.25,6853.75,6854.5
1775845920,6854.5,6855.75,6853.75,6855
1775845980,6855,6856.25,6854.75,6855.75
1775846040,6856,6856.75,6855.5,6855.75
1775846100,6855.5,6856.5,6854.25,6855
1775846160,6854.75,6855.75,6853.5,6854
1775846220,6854,6856,6854,6854.75
1775846280,6854.5,6856,6854,6855.5
1775846340,6855.25,6855.75,6854.25,6854.5
1775846400,6854.25,6855.25,6854.25,6854.5
1775846460,6854.75,6854.75,6851.5,6852.25
1775846520,6852.25,6852.75,6851.5,6851.75
1775846580,6851.75,6852.5,6850.75,6852.5
1775846640,6852.5,6853.5,6852.25,6853
1775846700,6853,6853.75,6852.25,6853
1775846760,6853,6854,6852.25,6853.5
1775846820,6853.5,6853.75,6852.75,6853.25
1775846880,6853.25,6853.75,6852.75,6853.75
1775846940,6853.75,6854.75,6853.5,6853.75
1775847000,6853.5,6854.5,6853,6853.75
1775847060,6854,6854,6852.75,6853.75
1775847120,6853.75,6854.75,6853.5,6854.25
1775847180,6854.25,6855,6853.75,6854
1775847240,6854,6855,6853.75,6855
1775847300,6855,6855.25,6854,6854
1775847360,6854.25,6854.5,6853.25,6854
1775847420,6854,6854.75,6853.5,6854.25
1775847480,6854.25,6856,6854.25,6855.5
1775847540,6855.5,6856.25,6855,6855.5
1775847600,6855.75,6857.25,6855,6857
1775847660,6857,6857.5,6856.5,6857.25
1775847720,6857.25,6858.25,6856.75,6857.5
1775847780,6857.75,6858.75,6857.25,6857.5
1775847840,6857.5,6858.25,6856.5,6858.25
1775847900,6858,6859.5,6858,6859.25
1775847960,6859.25,6859.5,6857.5,6858.75
1775848020,6858.5,6859,6857.5,6857.75
1775848080,6857.5,6858.5,6857.25,6858.25
1775848140,6858,6858.25,6857.25,6858
1775848200,6858,6858.75,6857.5,6858.75
1775848260,6858.75,6859.75,6858.25,6859.75
1775848320,6859.75,6861.25,6859.5,6861
1775848380,6861,6861.75,6860.25,6861
1775848440,6861,6862.25,6860.75,6862
1775848500,6862,6862,6859.75,6860.25
1775848560,6860,6861.25,6859.5,6861
1775848620,6861,6861,6859.75,6860.5
1775848680,6860.5,6861.5,6860.5,6861.25
1775848740,6861,6861.25,6860.25,6861
1775848800,6861,6862,6859.5,6859.75
1775848860,6859.75,6860,6858.5,6859
1775848920,6859,6859.5,6858,6859
1775848980,6859,6860.25,6858.75,6860.25
1775849040,6860.25,6860.5,6858.5,6858.5
1775849100,6858.75,6858.75,6856.75,6858
1775849160,6858,6858,6856.5,6857.5
1775849220,6857.5,6858.25,6856.75,6857.5
1775849280,6857.5,6858.5,6857.5,6858
1775849340,6857.75,6859,6857.75,6858.75
1775849400,6858.75,6858.75,6855.25,6855.75
1775849460,6855.5,6857.25,6855.5,6856.5
1775849520,6856.75,6857.25,6856,6856.25
1775849580,6856.5,6856.75,6855.25,6856.5
1775849640,6856.25,6856.5,6855.25,6856
1775849700,6856,6856.25,6855.25,6855.75
1775849760,6855.75,6857,6854,6854.5
1775849820,6854.5,6854.75,6853,6853.25
1775849880,6853,6855.25,6852.5,6854
1775849940,6854.25,6854.25,6851.75,6852.75
1775850000,6852.75,6853.25,6851,6851.5
1775850060,6851.25,6851.75,6850.5,6851
1775850120,6850.75,6851.25,6850,6850
1775850180,6850,6852.5,6849.25,6852.25
1775850240,6852,6854.5,6852,6853.25
1775850300,6853,6854.75,6853,6854.25
1775850360,6854,6854,6851.25,6851.75
1775850420,6851.5,6852.5,6850.5,6850.5
1775850480,6850.5,6850.5,6849,6849
1775850540,6849.25,6850.75,6848.75,6850.5
1775850600,6850.5,6855,6849,6852.75
1775850660,6853,6853,6851,6853
1775850720,6853,6853.25,6850.5,6851.5
1775850780,6851.25,6852.25,6851,6851.25
1775850840,6851.25,6852.25,6850.75,6851
1775850900,6850.75,6852,6849.5,6852
1775850960,6851.75,6852.5,6850.75,6852
1775851020,6852.25,6854.5,6852,6854
1775851080,6854,6855.75,6852.75,6855.5
1775851140,6855.5,6858,6852.75,6855.5
1775851200,6855.75,6857.25,6852.75,6853.25
1775851260,6853,6854.75,6853,6854
1775851320,6853.75,6854.25,6853,6853.25
1775851380,6853.5,6854,6853,6853.5
1775851440,6853.5,6853.75,6852.75,6852.75
1775851500,6852.75,6853.25,6852,6852.25
1775851560,6852.25,6852.75,6851.25,6852.25
1775851620,6852.25,6853.25,6851.5,6853.25
1775851680,6853,6855,6853,6854.75
1775851740,6854.75,6855.25,6854.5,6855
1775851800,6855,6856.5,6854.75,6855.25
1775851860,6855.5,6855.5,6854.5,6855.25
1775851920,6855.5,6855.75,6854,6855.5
1775851980,6855.25,6855.5,6854.75,6855.5
1775852040,6855.5,6856.75,6854.75,6856
1775852100,6856,6857.75,6855.75,6857
1775852160,6856.75,6858.25,6856.75,6857.5
1775852220,6857.75,6858.25,6857.25,6857.5
1775852280,6857.75,6858.25,6857,6857
1775852340,6857.25,6857.5,6856.5,6856.75
1775852400,6856.75,6857,6856.25,6856.75
1775852460,6857,6857.75,6857,6857.5
1775852520,6857.5,6858,6857.25,6857.75
1775852580,6858,6858.5,6857.5,6858.25
1775852640,6858.25,6859,6858,6858.75
1775852700,6859,6859.25,6858.25,6858.5
1775852760,6858.25,6859.25,6858.25,6859.25
1775852820,6859.25,6859.75,6859,6859.25
1775852880,6859.25,6860.25,6859,6859
1775852940,6859,6859.25,6858,6858.75
1775853000,6858.5,6859,6858.25,6858.75
1775853060,6858.75,6859.5,6858.25,6859.5
1775853120,6859.25,6860.5,6859.25,6860
1775853180,6860,6860.5,6859.25,6859.75
1775853240,6859.75,6860.25,6859.5,6859.75
1775853300,6860,6860.25,6859.75,6860
1775853360,6859.75,6860,6859.5,6859.75
1775853420,6859.75,6859.75,6859,6859.25
1775853480,6859.25,6860,6859.25,6859.5
1775853540,6859.5,6860.25,6859.25,6860.25
1775853600,6860.5,6861.25,6860.25,6860.75
1775853660,6860.75,6860.75,6860,6860.75
1775853720,6860.5,6861.25,6860.5,6861.25
1775853780,6861,6861.25,6860.25,6860.5
1775853840,6860.75,6861.25,6860.5,6861
1775853900,6860.75,6861.25,6860.5,6860.75
1775853960,6860.5,6860.75,6859.25,6859.25
1775854020,6859.25,6859.75,6859.25,6859.5
1775854080,6859.5,6860.25,6859.5,6860
1775854140,6860,6860.5,6859.75,6860.5
1775854200,6860.5,6860.5,6860,6860
1775854260,6860,6861,6860,6860.5
1775854320,6860.25,6860.75,6860.25,6860.5
1775854380,6860.75,6861.25,6860.5,6861.25
1775854440,6861,6861.25,6860.5,6860.5
1775854500,6860.75,6861.5,6860.75,6861.25
1775854560,6861,6861.75,6861,6861.75
1775854620,6861.75,6862.5,6861.5,6862.25
1775854680,6862,6862.75,6862,6862.5
1775854740,6862.5,6864.5,6862.25,6863.75
1776031200,6793.5,6793.75,6771,6783.75
1776031260,6783.25,6794.75,6782,6788
1776031320,6788,6789.25,6781,6784.5
1776031380,6784.5,6788.5,6781.5,6782
1776031440,6782,6784.5,6779.5,6782.25
1776031500,6782.25,6786,6780,6784.25
1776031560,6784.5,6786.25,6781,6782.75
1776031620,6782.5,6783.5,6780.25,6781
1776031680,6781,6784.25,6780.75,6783.5
1776031740,6783.25,6787.75,6783.25,6786.75
1776031800,6787,6788.75,6785.75,6788
1776031860,6788.25,6788.75,6785.25,6786
1776031920,6786.25,6789.75,6786,6788
1776031980,6788.25,6788.25,6784.5,6785.25
1776032040,6785.25,6786.25,6784,6785.25
1776032100,6785,6785.5,6782.75,6782.75
1776032160,6782.75,6783.5,6781.75,6782.5
1776032220,6782.25,6783.75,6781.25,6783.25
1776032280,6783,6783.75,6780.75,6781
1776032340,6780.75,6782.75,6778,6778
1776032400,6778.5,6781.5,6777.5,6780.5
1776032460,6780.5,6780.75,6779.25,6779.5
1776032520,6779.25,6780,6778.25,6780
1776032580,6780,6780.5,6779,6780
1776032640,6780.25,6781,6779,6779.25
1776032700,6779.25,6779.75,6775.5,6775.75
1776032760,6775.5,6775.75,6773.25,6774.5
1776032820,6774.5,6775.5,6772.75,6773
1776032880,6773,6775.25,6772.75,6774.5
1776032940,6774.25,6774.25,6768.5,6771.25
1776033000,6771.5,6771.75,6767.25,6769
1776033060,6768.75,6770.5,6767.5,6768
1776033120,6768.25,6769.25,6767.25,6768
1776033180,6767.75,6771.25,6767.25,6770.5
1776033240,6770.5,6774.5,6769.25,6774
1776033300,6774,6776.25,6773.25,6776
1776033360,6776,6778.25,6774.75,6777.75
1776033420,6777.5,6777.75,6775.75,6776.25
1776033480,6776.5,6777.75,6776.25,6777.5
1776033540,6777.25,6777.5,6775.75,6776
1776033600,6776,6777,6775,6776.5
1776033660,6776.25,6776.5,6773,6775
1776033720,6775,6775.75,6773.75,6774.5
1776033780,6774.5,6776,6774.25,6775.25
1776033840,6775,6775.75,6773.75,6775.25
1776033900,6775.5,6776.25,6775,6776
1776033960,6775.75,6776.75,6775,6776.25
1776034020,6776.25,6777.25,6775.75,6776.25
1776034080,6776.25,6776.25,6774.5,6775
1776034140,6775,6775.75,6774.25,6774.75
1776034200,6775,6775.5,6774.25,6774.5
1776034260,6774.5,6777.5,6774.25,6776.25
1776034320,6776.75,6777.5,6775.75,6776.75
1776034380,6777.25,6778.5,6776.25,6776.75
1776034440,6776.75,6777.5,6775.25,6777.25
1776034500,6777.25,6777.75,6776.75,6776.75
1776034560,6776.75,6777.25,6776.5,6776.75
1776034620,6776.75,6777,6775.75,6776
1776034680,6776,6778.75,6776,6778.75
1776034740,6778.5,6779,6777.75,6778.5
1776034800,6778.25,6778.5,6776.5,6777
1776034860,6776.5,6776.5,6774.5,6775.75
1776034920,6776,6776.75,6774.5,6774.75
1776034980,6775.25,6776,6773.75,6776
1776035040,6776,6776,6774.75,6775
1776035100,6775,6775.25,6774,6774.25
1776035160,6774.25,6775.25,6774.25,6775.25
1776035220,6775.25,6775.75,6773.75,6775
1776035280,6775,6776.5,6775,6776.5
1776035340,6776.25,6777.5,6775.5,6775.75
1776035400,6776,6777,6775.75,6776.5
1776035460,6776.25,6777.75,6776,6777.5
1776035520,6777.5,6777.5,6776,6776.5
1776035580,6776.25,6776.5,6775.25,6776
1776035640,6776,6776.75,6775.75,6776.25
1776035700,6776.25,6777.25,6776,6777
1776035760,6777,6777.25,6775.5,6775.5
1776035820,6775.5,6775.75,6773.75,6774
1776035880,6774.25,6775,6773.75,6774.75
1776035940,6774.75,6776,6774.5,6775.25
1776036000,6775.25,6775.5,6774.25,6774.5
1776036060,6774.5,6775,6773.5,6774
1776036120,6774.25,6774.75,6773.5,6773.75
1776036180,6773.75,6775.5,6773.75,6774.75
1776036240,6775,6775,6774,6774.5
1776036300,6774.25,6775.5,6774.25,6774.75
1776036360,6774.75,6776,6774.5,6776
1776036420,6775.75,6776.5,6775.75,6775.75
1776036480,6775.75,6776.25,6775.25,6776.25
1776036540,6776,6776.5,6775.5,6776.5
1776036600,6776.5,6776.5,6774.25,6774.75
1776036660,6774.75,6774.75,6773.75,6774.25
1776036720,6774.5,6774.75,6774,6774.5
1776036780,6774.5,6774.75,6774.25,6774.25
1776036840,6774.5,6774.75,6773.25,6773.25
1776036900,6773.25,6773.5,6772.5,6773
1776036960,6773,6773.5,6772.75,6773
1776037020,6772.75,6773.5,6772.25,6773
1776037080,6772.75,6773.5,6772.75,6773.5
1776037140,6773.75,6774.5,6773.25,6773.25
1776037200,6773.5,6774.5,6773.5,6774
1776037260,6774,6774,6773.5,6773.75
1776037320,6773.75,6774.5,6773.25,6774.25
1776037380,6774.5,6774.75,6773.75,6774.25
1776037440,6774,6774.75,6773.75,6774.5
1776037500,6774.25,6775.25,6773.75,6774.25
1776037560,6774.25,6774.5,6773,6773.75
1776037620,6773.5,6773.75,6772.5,6773
1776037680,6772.75,6773.25,6772.5,6773.25
1776037740,6773,6773.25,6772.5,6773.25
1776037800,6773,6775.25,6773,6774.5
1776037860,6774.75,6777,6774.5,6776.75
1776037920,6776.75,6782.25,6776.25,6781.5
1776037980,6781.5,6782.5,6781,6781.75
1776038040,6781.5,6781.75,6780,6781
1776038100,6780.75,6782.5,6780.25,6782.25
1776038160,6782.25,6783.5,6781.75,6782.5
1776038220,6782.75,6782.75,6781.5,6782
1776038280,6782,6784,6781.75,6783.75
1776038340,6783.5,6785,6783,6784.25
1776038400,6784.5,6785,6779.25,6779.5
1776038460,6779.5,6779.5,6777.25,6778
1776038520,6778.25,6780.25,6778,6779.5
1776038580,6779.5,6780.5,6779,6779
1776038640,6779,6780,6778.5,6779.75
1776038700,6779.75,6782.25,6779.25,6782
1776038760,6782,6783,6781,6782
1776038820,6782,6782.75,6781,6782.5
1776038880,6782.25,6783.5,6781.5,6781.5
1776038940,6781.75,6785.75,6781.5,6785
1776039000,6785,6786.25,6784.25,6785.75
1776039060,6786,6786,6784.25,6785.25
1776039120,6785.25,6786.5,6785,6786.25
1776039180,6786.25,6786.5,6785.25,6786.5
1776039240,6786.25,6788.5,6786.25,6788
1776039300,6788,6788.5,6787.25,6788
1776039360,6788,6788,6786.75,6787.25
1776039420,6787.25,6789.5,6787.25,6788.5
1776039480,6788.5,6790,6788.25,6788.75
1776039540,6788.5,6789,6787.5,6788
1776039600,6788.25,6789.25,6787.5,6788.25
1776039660,6787.75,6788.25,6786.5,6787.5
1776039720,6787.25,6788.5,6787,6787.25
1776039780,6787.5,6788,6786.5,6787.5
1776039840,6787.75,6789,6787,6788.25
1776039900,6788.5,6789.75,6788.5,6789.25
1776039960,6789.25,6789.25,6788,6789.25
1776040020,6788.75,6789.75,6788.5,6789.5
1776040080,6789.5,6789.75,6788.75,6789
1776040140,6788.75,6788.75,6787.5,6787.5
1776040200,6787.75,6788.5,6786.25,6787
1776040260,6787,6791,6786.75,6790.75
1776040320,6790.75,6791.75,6790,6790
1776040380,6790,6792.25,6790,6791.75
1776040440,6791.5,6792.25,6790.25,6791
1776040500,6790.5,6791.25,6790.25,6790.75
1776040560,6790.75,6791.75,6790.5,6791.75
1776040620,6791.5,6791.75,6790.5,6790.75
1776040680,6791,6791.5,6790.75,6791.25
1776040740,6791.25,6791.5,6790.25,6790.25
1776040800,6790.75,6792.25,6790.5,6792
1776040860,6792.25,6793,6791.25,6791.5
1776040920,6791.75,6792.5,6790.5,6791.75
1776040980,6791.5,6791.75,6790.5,6791
1776041040,6791,6791.75,6790.75,6791.75
1776041100,6791.5,6792.5,6791.25,6792
1776041160,6792,6792,6791.25,6791.75
1776041220,6791.75,6793.5,6791.75,6793.5
1776041280,6793.25,6795.25,6793,6794.25
1776041340,6794.5,6795,6794,6795
1776041400,6795,6795,6794,6795
1776041460,6795,6797.5,6794.5,6796.75
1776041520,6796.75,6798.25,6796.5,6797
1776041580,6797,6799.25,6796.75,6799
1776041640,6799,6800.5,6798.25,6799.5
1776041700,6799.5,6800.5,6799,6800.25
1776041760,6800,6800.25,6798.5,6798.75
1776041820,6798.75,6799.5,6798.5,6799
1776041880,6799,6799.75,6798.25,6798.5
1776041940,6798.5,6800.25,6798.5,6800.25
1776042000,6800.5,6803.5,6800.5,6802.5
1776042060,6802.5,6802.5,6801,6802.25
1776042120,6802.25,6802.5,6801.25,6801.25
1776042180,6801.5,6804.25,6801.25,6803.75
1776042240,6803.5,6804.75,6803.5,6803.5
1776042300,6803.25,6803.5,6802.25,6802.25
1776042360,6802.25,6802.25,6800.5,6800.75
1776042420,6800.75,6802.75,6800.75,6802.25
1776042480,6801.75,6802.5,6800.75,6801
1776042540,6801,6803,6801,6802.75
1776042600,6802.5,6807.75,6802.25,6806.5
1776042660,6806.5,6806.75,6804.75,6806.75
1776042720,6806.5,6807,6805.5,6805.75
1776042780,6806,6806.75,6805,6806.5
1776042840,6806.75,6807.75,6805,6805
1776042900,6805.25,6805.5,6803.5,6804
1776042960,6804,6804.25,6802.5,6803
1776043020,6803.25,6804.25,6803.25,6803.75
1776043080,6803.75,6804.75,6803.25,6803.75
1776043140,6803.5,6804.75,6803.5,6804
1776043200,6804,6805.25,6804,6804.25
1776043260,6804.25,6805,6804,6805
1776043320,6804.5,6804.75,6803.25,6803.5
1776043380,6803.5,6803.75,6802.75,6803
1776043440,6803.25,6803.75,6802.5,6802.75
1776043500,6803,6804.25,6802.75,6803.75
1776043560,6804,6804.5,6803.25,6804
1776043620,6804,6804.25,6803.25,6804
1776043680,6804.25,6805.5,6804,6805
1776043740,6805,6805,6804,6804.5
1776043800,6804,6804.25,6802.75,6802.75
1776043860,6802.75,6804,6802.75,6802.75
1776043920,6803,6805,6802.75,6805
1776043980,6805,6805.75,6804.5,6805.5
1776044040,6805.5,6806.5,6805.5,6806
1776044100,6806,6807.25,6805.75,6806.75
1776044160,6806.5,6806.75,6804.5,6804.75
1776044220,6804.75,6804.75,6803.75,6804
1776044280,6804,6804.75,6803.25,6803.5
1776044340,6803.75,6804,6803,6803.25
1776044400,6803.25,6803.75,6802,6802
1776044460,6802.25,6803,6801,6801.5
1776044520,6801.5,6802,6800.5,6801.5
1776044580,6801.25,6802,6799.75,6801.5
1776044640,6801.5,6802.25,6801,6801.25
1776044700,6801,6801.5,6800.25,6801.5
1776044760,6801.5,6802.25,6800.75,6801
1776044820,6801,6802.25,6800.5,6802
1776044880,6801.75,6804.75,6801.75,6803.75
1776044940,6803.5,6804,6803,6803.25
1776045000,6803.25,6805,6803.25,6804.25
1776045060,6804.25,6804.75,6804,6804.75
1776045120,6805,6805,6804,6804.25
1776045180,6804.5,6804.5,6804,6804.25
1776045240,6804.5,6804.5,6803,6803.75
1776045300,6803.75,6804.5,6803.5,6804.5
1776045360,6804.5,6805.75,6804.25,6805.25
1776045420,6805.5,6806.5,6805,6805.75
1776045480,6805.75,6805.75,6804.75,6805.25
1776045540,6805.25,6805.75,6804.75,6804.75
1776045600,6805,6805.5,6804.25,6804.25
1776045660,6804.25,6804.25,6803,6804.25
1776045720,6804.25,6804.5,6803.5,6804
1776045780,6804.25,6804.5,6803.5,6803.5
1776045840,6803.75,6804.75,6803.5,6804
1776045900,6804.25,6804.5,6804,6804
1776045960,6804,6804.75,6803.75,6803.75
1776046020,6803.5,6803.5,6802.25,6802.25
1776046080,6802.5,6803.25,6802.25,6802.75
1776046140,6802.75,6803,6802.25,6802.75
1776046200,6802.75,6802.75,6801.75,6802.5
1776046260,6802.25,6802.5,6801.25,6801.5
1776046320,6801.5,6802,6801,6801
1776046380,6801,6801.75,6800.75,6801.75
1776046440,6801.75,6802.25,6800.75,6801.5
1776046500,6801.25,6802,6801.25,6801.5
1776046560,6801.25,6802,6800.75,6800.75
1776046620,6800.75,6802,6800.75,6802
1776046680,6802,6802.75,6801.25,6802.25
1776046740,6802.25,6802.75,6802,6802.5
1776046800,6802.5,6803.5,6802,6803.5
1776046860,6803.25,6803.75,6802.5,6803
1776046920,6802.5,6803.5,6802.5,6802.5
1776046980,6802.5,6803.25,6802.25,6802.5
1776047040,6802.75,6802.75,6802.25,6802.5
1776047100,6802.5,6803.25,6802.5,6802.75
1776047160,6802.75,6802.75,6801.75,6802
1776047220,6802.25,6802.5,6801.75,6802
1776047280,6802,6803,6802,6802
1776047340,6802.25,6802.5,6801.75,6802.5
1776047400,6802.5,6803.5,6802.25,6803.25
1776047460,6803,6803.5,6803,6803.25
1776047520,6803.25,6803.5,6802.5,6802.75
1776047580,6802.5,6802.5,6801.5,6802
1776047640,6801.75,6803.25,6801.75,6803
1776047700,6802.75,6803.25,6802.75,6802.75
1776047760,6803,6803.25,6802.25,6802.25
1776047820,6802.5,6803,6802.25,6802.75
1776047880,6802.5,6802.75,6802.25,6802.5
1776047940,6802.5,6803.25,6802.25,6803
1776048000,6803,6803.5,6802.75,6803
1776048060,6803.25,6803.5,6802.75,6802.75
1776048120,6803,6803.5,6802.75,6803.25
1776048180,6803.25,6803.75,6803,6803.75
1776048240,6803.5,6804,6803.25,6803.5
1776048300,6803.5,6805.25,6803.25,6804.5
1776048360,6804.75,6804.75,6803.75,6804
1776048420,6804,6804.25,6803,6803
1776048480,6803,6804,6802.5,6803.75
1776048540,6803.75,6803.75,6802.5,6802.5
1776048600,6802.5,6803,6802.25,6803
1776048660,6802.75,6803,6802.5,6802.75
1776048720,6802.75,6803.5,6802.5,6803.5
1776048780,6803.5,6803.75,6803.25,6803.5
1776048840,6803.5,6803.75,6803.25,6803.75
1776048900,6803.75,6804.75,6803.75,6804.75
1776048960,6804.75,6805,6804.25,6805
1776049020,6804.75,6805.75,6804.5,6805.25
1776049080,6805.25,6806.25,6805.25,6806
1776049140,6805.75,6805.75,6805.25,6805.25
1776049200,6805.75,6807,6805.75,6806
1776049260,6806,6806,6804.75,6805.5
1776049320,6805.25,6805.75,6805,6805.5
1776049380,6805.75,6806.25,6805.5,6805.5
1776049440,6805.5,6805.5,6804.5,6804.75
1776049500,6804.75,6805,6804.25,6804.75
1776049560,6804.75,6804.75,6802.75,6803.5
1776049620,6803.5,6803.75,6802.75,6803.5
1776049680,6803.5,6804.25,6803.25,6803.75
1776049740,6803.5,6803.75,6802.75,6803
1776049800,6803,6803.25,6802.25,6802.75
1776049860,6802.75,6803.5,6801.5,6802
1776049920,6802,6802.75,6802,6802.5
1776049980,6802.25,6802.75,6801.75,6802.5
1776050040,6802.25,6802.75,6802,6802
1776050100,6801.75,6802.5,6801.5,6802
1776050160,6802.25,6802.25,6801.5,6802
1776050220,6802,6803.25,6801.75,6802.5
1776050280,6802.5,6803.25,6802.5,6803
1776050340,6803.25,6803.25,6802.5,6802.5
1776050400,6802.25,6802.75,6802.25,6802.25
1776050460,6802.25,6803,6802,6803
1776050520,6802.75,6804.25,6802.75,6803.5
1776050580,6803.75,6804.25,6803.25,6803.5
1776050640,6803.75,6803.75,6803.25,6803.5
1776050700,6803.5,6804.25,6803,6803.75
1776050760,6804,6805.25,6804,6805
1776050820,6805.25,6805.25,6804.5,6805
1776050880,6804.75,6805.25,6804.5,6804.75
1776050940,6804.75,6804.75,6804.25,6804.5
1776051000,6804.25,6804.5,6803.5,6803.5
1776051060,6803.75,6804.5,6803.75,6804.25
1776051120,6804,6804,6803,6803
1776051180,6803.25,6803.5,6802.75,6803
1776051240,6803,6803.5,6803,6803
1776051300,6803.25,6803.75,6802.75,6803
1776051360,6802.75,6803,6801.5,6801.5
1776051420,6801.75,6802.75,6801.5,6801.75
1776051480,6802,6802.25,6801.5,6801.75
1776051540,6802,6802,6801.5,6801.5
1776051600,6801.75,6802.5,6801.5,6802.25
1776051660,6802.25,6803,6802,6802.75
1776051720,6803,6803.5,6803,6803.25
1776051780,6803.25,6804,6803.25,6804
1776051840,6804,6804.25,6803.25,6803.5
1776051900,6803.5,6803.75,6802.75,6802.75
1776051960,6803,6803,6801.5,6801.75
1776052020,6802,6802.25,6801.5,6802
1776052080,6802.25,6802.25,6801.5,6801.75
1776052140,6802,6802.5,6801.75,6802.5
1776052200,6802.5,6802.5,6801.25,6801.5
1776052260,6801.5,6802.25,6801,6801
1776052320,6801.25,6801.75,6801,6801.5
1776052380,6801.75,6801.75,6801.25,6801.5
1776052440,6801.25,6801.75,6801,6801.25
1776052500,6801.25,6801.5,6801,6801.5
1776052560,6801.25,6801.5,6801.25,6801.5
1776052620,6801.75,6802,6801.5,6802
1776052680,6801.75,6802.25,6801.5,6802
1776052740,6802,6802,6801.25,6801.75
1776052800,6801.5,6801.75,6801.25,6801.25
1776052860,6801.5,6801.5,6800.25,6800.25
1776052920,6800.25,6801,6799.5,6800.5
1776052980,6800.75,6801,6800.25,6800.5
1776053040,6800.5,6801.25,6799.5,6801
1776053100,6801,6801,6800.5,6800.75
1776053160,6800.5,6801,6800.25,6800.25
1776053220,6800.5,6800.75,6800,6800.5
1776053280,6800,6801.25,6800,6801
1776053340,6801,6802,6801,6801.25
1776053400,6801.75,6802,6800.75,6801.5
1776053460,6801.25,6801.75,6801,6801.75
1776053520,6801.75,6802,6801.25,6802
1776053580,6802,6803,6801.75,6802.75
1776053640,6802.5,6802.75,6802,6802.25
1776053700,6802.5,6802.5,6802,6802.5
1776053760,6802.25,6803.25,6802,6803.25
1776053820,6803.5,6803.75,6802.75,6803.25
1776053880,6803.5,6804,6803,6803.75
1776053940,6803.75,6804.75,6803.25,6804.5
1776054000,6804.5,6804.75,6803.75,6803.75
1776054060,6804,6804,6802,6802.5
1776054120,6802.75,6803.5,6802.75,6802.75
1776054180,6802.75,6803.5,6802.75,6803.25
1776054240,6803.25,6803.5,6803,6803.25
1776054300,6803.25,6804.5,6803.25,6804.25
1776054360,6804.25,6804.75,6804,6804.5
1776054420,6804.5,6804.75,6804,6804.75
1776054480,6804.5,6805.5,6804.25,6805
1776054540,6804.75,6805.25,6804.5,6804.5
1776054600,6804.75,6805,6804.5,6804.75
1776054660,6805,6805.5,6805,6805.25
1776054720,6805,6805.25,6804.5,6804.5
1776054780,6804.25,6804.75,6804.25,6804.25
1776054840,6804.25,6805,6804,6804.75
1776054900,6805,6805,6804.5,6804.75
1776054960,6804.5,6804.75,6804.25,6804.25
1776055020,6804.25,6804.5,6804,6804.25
1776055080,6804.25,6804.5,6804,6804
1776055140,6804,6804.25,6803.5,6803.75
1776055200,6804,6804.75,6804,6804.5
1776055260,6805,6805.25,6804.75,6804.75
1776055320,6805.25,6805.75,6805.25,6805.5
1776055380,6805.5,6805.5,6803.75,6804.25
1776055440,6804.25,6805.25,6804,6804.25
1776055500,6804.25,6804.5,6803.5,6803.75
1776055560,6804,6804.25,6803.75,6804
1776055620,6804.25,6804.5,6803.75,6803.75
1776055680,6803.75,6804,6803.75,6804
1776055740,6804,6805,6803.5,6804.75
1776055800,6804.75,6805,6804.25,6804.75
1776055860,6804.5,6804.5,6804.25,6804.5
1776055920,6804.5,6805,6804.5,6804.75
1776055980,6804.75,6805.75,6804.5,6805.25
1776056040,6805.5,6808.75,6805.5,6807.75
1776056100,6807.75,6810.75,6807.75,6810
1776056160,6810,6810.25,6808.75,6809.25
1776056220,6809.25,6809.5,6808.75,6809
1776056280,6808.75,6808.75,6808.25,6808.25
1776056340,6808.25,6808.25,6807.25,6807.5
1776056400,6807.5,6808.25,6806.5,6806.75
1776056460,6806.5,6808,6806.25,6807.75
1776056520,6807.5,6808.25,6807.5,6808
1776056580,6807.75,6808.25,6807.5,6807.5
1776056640,6807.5,6808.25,6807.25,6807.5
1776056700,6807.5,6808.25,6807.5,6807.75
1776056760,6807.75,6808.5,6807.75,6808
1776056820,6807.75,6808,6807,6807.75
1776056880,6807.5,6808,6807,6807
1776056940,6807,6807.25,6806,6806
1776057000,6806,6807,6806,6806.25
1776057060,6806.5,6806.5,6804.75,6805.25
1776057120,6805,6805.75,6805,6805.25
1776057180,6805.25,6805.75,6805,6805.75
1776057240,6805.5,6806,6805.5,6805.5
1776057300,6805.75,6806.75,6805.75,6806
1776057360,6805.75,6805.75,6805,6805.5
1776057420,6805,6805.25,6803.5,6804.75
1776057480,6805,6805.25,6804.75,6805
1776057540,6804.75,6805,6804.25,6804.5
1776057600,6804.75,6805.75,6804.5,6805.75
1776057660,6805.75,6806.75,6805.5,6806.75
1776057720,6806.5,6809,6806.25,6809
1776057780,6809.25,6809.75,6808,6808.75
1776057840,6808.25,6809,6808.25,6808.25
1776057900,6808.5,6809,6808.25,6808.25
1776057960,6808.25,6808.25,6807.5,6808.25
1776058020,6808.25,6808.75,6808.25,6808.5
1776058080,6808.25,6808.75,6807.5,6808.25
1776058140,6808,6808,6807.25,6807.75
1776058200,6807.75,6807.75,6806.5,6806.5
1776058260,6807,6807,6806.25,6806.5
1776058320,6806.25,6806.75,6806,6806.75
1776058380,6806.75,6807,6806.5,6806.75
1776058440,6806.75,6807.5,6805,6807
1776058500,6807,6808,6807,6807.5
1776058560,6807.25,6807.25,6805.5,6807
1776058620,6807,6807.25,6806.5,6807
1776058680,6806.75,6807,6806.25,6806.5
1776058740,6807,6807.5,6806,6806.5
1776058800,6806.25,6806.25,6805.75,6805.75
1776058860,6806,6806,6805.25,6805.5
1776058920,6806,6807,6806,6807
1776058980,6806.5,6807,6806,6806
1776059040,6806,6806.5,6805.5,6806.25
1776059100,6806.5,6807.75,6806.5,6807.5
1776059160,6807.5,6808.5,6807.25,6808
1776059220,6808,6808,6807.25,6807.5
1776059280,6807.25,6807.75,6807.25,6807.25
1776059340,6807.25,6807.5,6806.75,6807.25
1776059400,6807.25,6807.5,6806.75,6807
1776059460,6807,6807.5,6806.75,6807
1776059520,6806.75,6806.75,6806.25,6806.75
1776059580,6806.5,6807,6806.5,6806.75
1776059640,6806.75,6807.25,6806.75,6807
1776059700,6807,6807.25,6806.75,6806.75
1776059760,6807.25,6809.75,6807.25,6809
1776059820,6809,6809,6808,6808.25
1776059880,6808,6808.5,6808,6808.25
1776059940,6808,6808.5,6807.75,6808.5
1776060000,6808.5,6811,6808.5,6811
1776060060,6810.75,6811,6808.75,6810.75
1776060120,6811,6812.25,6810.5,6810.5
1776060180,6810.75,6811.25,6810,6810.5
1776060240,6810.5,6811.5,6810,6810.75
1776060300,6810.75,6811.5,6810.25,6810.25
1776060360,6810.5,6810.5,6808.75,6809.5
1776060420,6809.25,6810.25,6809.25,6809.75
1776060480,6809.75,6811.75,6809.5,6810.25
1776060540,6810.5,6811,6810.25,6810.5
1776060600,6810.75,6811.25,6810.25,6810.5
1776060660,6810.5,6810.75,6809.5,6810.75
1776060720,6810.5,6812,6810.5,6811.5
1776060780,6811.75,6811.75,6810.25,6810.25
1776060840,6810.25,6811,6810,6810.75
1776060900,6810.75,6812,6810.75,6811.75
1776060960,6811.75,6812.5,6811.5,6812.25
1776061020,6811.75,6814.75,6811.75,6813.25
1776061080,6813,6813.5,6812.5,6813.25
1776061140,6813.25,6814.25,6813.25,6813.5
1776061200,6813.25,6814.25,6812.5,6814
1776061260,6814,6816,6814,6815
1776061320,6814.5,6815.5,6814.5,6815
1776061380,6814.75,6815.5,6814.5,6815.5
1776061440,6815.5,6816.5,6815,6816
1776061500,6815.75,6817,6815.5,6816.5
1776061560,6816.25,6816.25,6814.75,6815
1776061620,6814.75,6815.75,6814.5,6815.5
1776061680,6815.75,6815.75,6814.75,6815.25
1776061740,6815,6815,6814.25,6814.75
1776061800,6815,6815.75,6814.25,6815.5
1776061860,6815.5,6815.5,6812.5,6812.75
1776061920,6813,6813.5,6812.75,6812.75
1776061980,6813,6813.25,6812.5,6813
1776062040,6812.75,6813,6812.5,6813
1776062100,6813.25,6814,6813,6813.25
1776062160,6813,6814.25,6812.25,6812.25
1776062220,6812.5,6813,6812,6813
1776062280,6812.5,6813,6812,6812.5
1776062340,6812.5,6813.75,6812.5,6813.5
1776062400,6813.5,6814.25,6813.25,6814
1776062460,6814,6814,6813.25,6813.5
1776062520,6813.25,6813.75,6812.75,6812.75
1776062580,6813,6813.5,6812.5,6812.5
1776062640,6812.5,6813,6812.25,6812.75
1776062700,6812.5,6813,6812.25,6812.75
1776062760,6812.5,6813.75,6812.5,6813.75
1776062820,6813.75,6814.25,6813.25,6813.75
1776062880,6813.5,6813.75,6812.5,6812.75
1776062940,6812.75,6813,6812,6812.25
1776063000,6812.5,6812.75,6812,6812
1776063060,6812,6813,6812,6812.25
1776063120,6812.5,6813.25,6812.5,6812.75
1776063180,6812.75,6813,6812.5,6813
1776063240,6812.75,6813.5,6812.75,6813.5
1776063300,6813.25,6814,6813.25,6813.25
1776063360,6813.5,6814,6813,6814
1776063420,6813.75,6814,6813.25,6813.5
1776063480,6813.75,6814.5,6813.5,6814.25
1776063540,6814.5,6814.5,6813.75,6814.5
1776063600,6814.5,6816.5,6814.5,6816.25
1776063660,6816.5,6817,6815.75,6816.75
1776063720,6817,6817,6815.75,6817
1776063780,6816.75,6817,6815,6815.75
1776063840,6815.75,6816.75,6815.25,6816.5
1776063900,6816.5,6817,6816,6816.25
1776063960,6816.5,6816.5,6814.75,6815.5
1776064020,6815.5,6815.5,6814.25,6814.75
1776064080,6814.75,6815.75,6814.75,6815.5
1776064140,6815.5,6815.5,6814.25,6814.75
1776064200,6814.75,6816,6814.5,6815
1776064260,6814.75,6815.5,6814.25,6815.5
1776064320,6815.25,6815.75,6814.5,6815
1776064380,6815.25,6815.25,6814.5,6815.25
1776064440,6815,6815.75,6815,6815
1776064500,6815,6815,6814,6815
1776064560,6814.75,6815.25,6814.5,6814.5
1776064620,6814.5,6815,6814.5,6814.75
1776064680,6815,6816.5,6815,6816.5
1776064740,6816.25,6817.75,6816.25,6817.25
1776064800,6817.5,6817.5,6815.5,6816
1776064860,6816,6816.25,6815.5,6815.5
1776064920,6816,6816.25,6814,6814.25
1776064980,6814.25,6814.75,6814,6814
1776065040,6813.75,6814,6810.75,6812
1776065100,6812.25,6812.5,6811,6812
1776065160,6811.5,6812.25,6810.25,6811
1776065220,6811,6814.25,6810.75,6814
1776065280,6813.75,6815.75,6813.75,6815
1776065340,6814.75,6816,6814.25,6815.75
1776065400,6816,6817,6815.75,6816.5
1776065460,6816.75,6817.25,6815.75,6816
1776065520,6815.75,6816.25,6815.25,6815.75
1776065580,6815.25,6815.5,6814.5,6814.75
1776065640,6814.5,6815,6814,6814.75
1776065700,6814.75,6814.75,6813,6814.25
1776065760,6814,6814.25,6813.25,6813.25
1776065820,6813.5,6813.5,6813,6813.5
1776065880,6813.25,6814.25,6813,6814
1776065940,6814.25,6815.25,6813.75,6814.5
1776066000,6814.5,6815.25,6814,6815.25
1776066060,6815.25,6815.5,6814.25,6814.5
1776066120,6814.25,6815,6814,6814.75
1776066180,6814.5,6814.75,6813.5,6814
1776066240,6814,6814.75,6814,6814.5
1776066300,6814.75,6815.25,6812.25,6812.75
1776066360,6812.5,6812.75,6810.75,6810.75
1776066420,6810.75,6812,6810.5,6812
1776066480,6812,6813.5,6811.75,6813.25
1776066540,6813.5,6813.75,6811.75,6811.75
1776066600,6812,6812,6810.75,6811.5
1776066660,6811.75,6812.5,6811,6812.5
1776066720,6812.75,6812.75,6811.25,6811.25
1776066780,6811.25,6811.25,6810.75,6811
1776066840,6811.25,6812.5,6811.25,6812
1776066900,6812,6812,6811.5,6811.75
1776066960,6811.5,6812.5,6811.5,6812
1776067020,6812,6812,6811.5,6811.5
1776067080,6811.5,6813,6811.5,6812.75
1776067140,6813,6813,6812,6812.5
1776067200,6812.25,6815,6812,6814.75
1776067260,6814.5,6815.5,6813.5,6815
1776067320,6815.25,6818.25,6814.25,6817.75
1776067380,6818.25,6819,6816.5,6816.75
1776067440,6817,6818.5,6816.25,6818
1776067500,6818,6818.75,6817.5,6818
1776067560,6818.25,6818.25,6815.75,6816.25
1776067620,6816.25,6817,6815.75,6816.5
1776067680,6816.25,6816.25,6813.75,6814.5
1776067740,6814.75,6815.5,6814.5,6815
1776067800,6815.5,6816.25,6814.5,6816
1776067860,6815.75,6816.75,6815,6815.5
1776067920,6815.75,6816.25,6814.5,6815
1776067980,6814.75,6816,6814.5,6815.75
1776068040,6815.75,6816.75,6815,6815.5
1776068100,6815.25,6815.75,6814.25,6814.75
1776068160,6814.5,6814.75,6813.75,6814.75
1776068220,6814.5,6815.5,6814.5,6815
1776068280,6815,6816.75,6815,6816.5
1776068340,6816.5,6817,6816,6816
1776068400,6816,6816,6815,6816
1776068460,6815.75,6817.25,6815.25,6817.25
1776068520,6817.5,6818.25,6816.75,6818.25
1776068580,6818,6818.25,6817.5,6817.75
1776068640,6817.5,6818.75,6817.5,6818
1776068700,6817.75,6819.5,6817.75,6819
1776068760,6819,6819.75,6818.5,6819.25
1776068820,6819,6819.5,6818.75,6819
1776068880,6819.5,6819.75,6818.5,6819
1776068940,6819.25,6819.5,6818.25,6818.25
1776069000,6818.25,6819,6817,6818.5
1776069060,6818.75,6819,6817.25,6817.75
1776069120,6817.5,6818,6816.5,6816.5
1776069180,6816.5,6816.75,6815.5,6816.5
1776069240,6816.5,6816.75,6815.5,6816.25
1776069300,6816.25,6817,6815,6815.25
1776069360,6815.25,6815.25,6812,6812.5
1776069420,6812.75,6814.25,6812.5,6813.75
1776069480,6813.75,6814.25,6813,6813.5
1776069540,6813.5,6813.5,6812,6812
1776069600,6812,6812.75,6810.75,6811.5
1776069660,6811.75,6812.25,6810,6812
1776069720,6812.25,6812.75,6811.25,6812
1776069780,6812,6813.75,6812,6813.75
1776069840,6813.5,6814.25,6812.75,6814
1776069900,6813.75,6814,6812,6812.5
1776069960,6812.25,6814,6812.25,6813.5
1776070020,6813.5,6815.5,6813,6815.25
1776070080,6815.25,6815.75,6814.25,6814.5
1776070140,6814.5,6815,6813.75,6814
1776070200,6814,6814.5,6813.25,6813.25
1776070260,6813,6813,6812.5,6812.5
1776070320,6812.5,6813.75,6812.25,6813.25
1776070380,6813.5,6814,6813.25,6813.25
1776070440,6813.25,6814.75,6813.25,6814.5
1776070500,6814.5,6815.25,6814.25,6814.75
1776070560,6814.5,6814.5,6813.75,6814.5
1776070620,6814.5,6815,6813.25,6813.5
1776070680,6813.5,6814,6813.25,6814
1776070740,6814,6814,6813,6813.5
1776070800,6813.25,6820,6813.25,6815.5
1776070860,6815.5,6817.25,6815.25,6816.5
1776070920,6816.5,6817,6816,6816.5
1776070980,6816.5,6818.75,6816.25,6817.5
1776071040,6817.5,6817.5,6815.75,6817.25
1776071100,6817.5,6818.75,6816.5,6817.75
1776071160,6817.5,6817.75,6816,6816.5
1776071220,6816.5,6817.75,6816.25,6817.75
1776071280,6817.75,6818.5,6817,6817.25
1776071340,6817.25,6817.25,6815.25,6815.5
1776071400,6815.5,6815.75,6814,6814.5
1776071460,6814.75,6814.75,6814,6814.25
1776071520,6814.25,6814.75,6814,6814
1776071580,6814,6814.5,6813.75,6814.25
1776071640,6814.25,6815,6814.25,6815
1776071700,6815,6815.75,6814.5,6814.75
1776071760,6814.5,6816.25,6814.5,6815.75
1776071820,6816,6816.75,6816,6816.5
1776071880,6816.5,6816.75,6816.25,6816.75
1776071940,6816.75,6817.75,6816.5,6817.75
1776072000,6817.5,6818.5,6817.25,6818
1776072060,6818,6818.5,6817.75,6818.25
1776072120,6817.75,6818.25,6817.5,6817.5
1776072180,6817.25,6818,6817,6817.75
1776072240,6817.5,6817.5,6816.75,6817.5
1776072300,6817.5,6817.5,6817,6817.25
1776072360,6817.25,6817.5,6817,6817.5
1776072420,6817.75,6819,6817.5,6818.25
1776072480,6818.5,6818.75,6816.75,6817.25
1776072540,6817.25,6817.5,6816.75,6817
1776072600,6817,6817.25,6816.5,6817
1776072660,6817,6818,6817,6817.5
1776072720,6817.25,6817.5,6816,6816.5
1776072780,6816.5,6816.75,6816.25,6816.5
1776072840,6816.25,6818.25,6815.75,6818
1776072900,6818,6819,6818,6818.5
1776072960,6818.5,6818.5,6817.5,6817.5
1776073020,6817.75,6818.25,6817.75,6817.75
1776073080,6817.5,6817.5,6816.25,6817
1776073140,6816.75,6816.75,6816.25,6816.75
1776073200,6816.5,6817.25,6816,6816.25
1776073260,6816.5,6816.75,6816,6816
1776073320,6816,6816.25,6814.25,6814.25
1776073380,6814.5,6814.75,6814,6814.75
1776073440,6814.75,6815.25,6814.75,6815
1776073500,6815,6815.5,6814.75,6815
1776073560,6815,6815,6813.5,6814
1776073620,6814,6814.25,6813.5,6813.75
1776073680,6814,6814.25,6813.5,6813.75
1776073740,6813.75,6813.75,6813.25,6813.5
1776073800,6813.5,6813.5,6812.25,6813.25
1776073860,6813.25,6814,6813.25,6814
1776073920,6814,6814,6813.25,6813.5
1776073980,6813.75,6814.25,6813.5,6814
1776074040,6814,6814,6813.5,6814
1776074100,6814,6814.75,6813.75,6814.75
1776074160,6814.75,6815.5,6814.75,6815
1776074220,6814.75,6814.75,6813,6813.5
1776074280,6813,6813.75,6812.75,6813.25
1776074340,6813.75,6813.75,6813.5,6813.5
1776074400,6813.75,6814.5,6813.75,6814
1776074460,6813.75,6814,6812.75,6814
1776074520,6814,6814.75,6814,6814
1776074580,6814,6814.25,6813.5,6813.75
1776074640,6813.75,6814.25,6813.5,6813.75
1776074700,6813.5,6813.75,6812.25,6812.75
1776074760,6812.5,6812.75,6812,6812.75
1776074820,6812.5,6813,6812,6812.75
1776074880,6813.25,6814,6813.25,6814
1776074940,6814,6814,6813.25,6813.5
1776075000,6813.5,6814,6812.75,6812.75
1776075060,6812.75,6814.5,6812.25,6813.5
1776075120,6813.25,6813.25,6812.5,6812.5
1776075180,6812.75,6813.5,6812.5,6813.5
1776075240,6813.25,6813.75,6813,6813.5
1776075300,6813.25,6813.5,6811.5,6811.5
1776075360,6811.5,6812,6811.25,6811.5
1776075420,6811.25,6812.5,6811.25,6812.25
1776075480,6812.5,6813.5,6812,6812.5
1776075540,6812.25,6813,6812,6812.75
1776075600,6812.5,6813.25,6812.5,6813
1776075660,6813.25,6813.75,6812.5,6812.5
1776075720,6812.75,6812.75,6811.5,6811.5
1776075780,6811.75,6812.5,6811.75,6812.25
1776075840,6812.25,6812.25,6811.75,6812.25
1776075900,6812.25,6812.25,6811.5,6811.75
1776075960,6812,6812.5,6812,6812.5
1776076020,6812.5,6812.75,6812.25,6812.5
1776076080,6812.25,6813.25,6812.25,6813
1776076140,6813,6813.75,6812.75,6813.75
1776076200,6813.75,6815,6813.75,6814.5
1776076260,6814.5,6814.5,6813,6813.25
1776076320,6813.25,6813.75,6813,6813.5
1776076380,6813.75,6813.75,6812.25,6813
1776076440,6813.25,6814,6813,6813.75
1776076500,6814,6814,6813.25,6813.25
1776076560,6813.25,6813.5,6812.5,6812.75
1776076620,6812.75,6813,6812.25,6812.5
1776076680,6812.5,6812.75,6812.5,6812.75
1776076740,6812.5,6812.5,6811.5,6812.5
1776076800,6812.5,6812.75,6812,6812.25
1776076860,6812,6812,6811,6811.25
1776076920,6811.25,6812,6811,6811.5
1776076980,6811.5,6812,6811.5,6811.75
1776077040,6811.75,6812.5,6811.5,6812.5
1776077100,6812.5,6812.5,6811.75,6812.5
1776077160,6812.5,6814.5,6812.5,6814
1776077220,6814,6815.5,6813.75,6814.5
1776077280,6814.75,6815,6814.5,6814.5
1776077340,6814.25,6814.5,6813.75,6814.25
1776077400,6814.25,6814.25,6813.25,6814
1776077460,6814.5,6814.75,6814,6814.75
1776077520,6815,6815.25,6814.25,6815
1776077580,6815.25,6815.5,6814.5,6815
1776077640,6814.75,6815,6814.25,6814.25
1776077700,6814.5,6815.5,6814.5,6815.5
1776077760,6815.5,6818.25,6815,6817.75
1776077820,6818,6818.5,6817.25,6818
1776077880,6817.5,6820,6817.25,6819
1776077940,6819,6821.5,6818.75,6821.25
1776078000,6821.5,6831.25,6821.5,6824.5
1776078060,6824.25,6825.25,6823.5,6823.75
1776078120,6824,6824,6822.75,6823.25
1776078180,6823.25,6825.75,6822.75,6825.25
1776078240,6824.75,6825.75,6824.25,6824.75
1776078300,6824.5,6825.25,6824,6824.75
1776078360,6825,6825,6824.25,6824.5
1776078420,6824.75,6824.75,6822.5,6822.5
1776078480,6822.5,6822.75,6822,6822
1776078540,6822.25,6822.25,6820.75,6821.25
1776078600,6821.25,6822,6821,6821.5
1776078660,6821.75,6821.75,6820.75,6821.25
1776078720,6821.25,6822,6820,6820.5
1776078780,6820.25,6821,6820.25,6820.5
1776078840,6820.5,6822,6820.5,6821.75
1776078900,6822,6822,6821.25,6821.75
1776078960,6821.5,6821.5,6820.5,6820.5
1776079020,6820.75,6821,6820.25,6820.5
1776079080,6820.5,6821,6820,6820.5
1776079140,6820.75,6821.75,6820.75,6821
1776079200,6820.75,6822,6820.75,6821.75
1776079260,6822,6822.5,6820.25,6820.75
1776079320,6820.75,6821,6820.25,6820.5
1776079380,6820.25,6821,6820,6820.75
1776079440,6820.75,6821.5,6815.5,6817.75
1776079500,6818,6818.5,6815.5,6817
1776079560,6816.75,6816.75,6815.25,6816
1776079620,6815.75,6816.25,6815,6815
1776079680,6815,6816,6814.5,6815.5
1776079740,6815.25,6816.25,6814.75,6815.5
1776079800,6815.5,6816.5,6814.75,6816.5
1776079860,6816.25,6816.5,6814.25,6814.5
1776079920,6814.25,6814.5,6813.25,6814
1776079980,6813.75,6814,6813,6813.5
1776080040,6813.25,6813.5,6812.25,6812.5
1776080100,6812.5,6813,6810.5,6810.5
1776080160,6810.75,6811.25,6808,6808
1776080220,6808.5,6809.5,6807.25,6809.5
1776080280,6809.5,6811,6809.5,6810.5
1776080340,6810.75,6811,6809.75,6809.75
1776080400,6809.75,6811.25,6809,6809.5
1776080460,6809.5,6809.75,6807.5,6808.5
1776080520,6808.5,6811.5,6808.25,6811
1776080580,6811,6811.75,6809.25,6809.25
1776080640,6809.25,6812,6808.75,6812
1776080700,6812,6813.75,6812,6812
1776080760,6812.25,6812.25,6807.5,6810.75
1776080820,6810.75,6811.75,6808.75,6809
1776080880,6809.25,6810.25,6808.75,6809.75
1776080940,6810,6810.5,6808.5,6808.5
1776081000,6808.5,6808.5,6804.75,6807.25
1776081060,6807.75,6808.5,6806.25,6807.75
1776081120,6808,6808.5,6806.5,6806.5
1776081180,6806.5,6807.75,6806,6806.5
1776081240,6806.75,6807,6805.5,6806
1776081300,6806,6806.25,6805,6805
1776081360,6805.25,6805.25,6804,6804.5
1776081420,6804.5,6807,6804.25,6806.5
1776081480,6806.5,6807.25,6806,6806.5
1776081540,6806.25,6806.5,6804.5,6804.75
1776081600,6805,6806,6803.5,6804
1776081660,6804.25,6804.25,6802.5,6803.5
1776081720,6803.5,6811,6802.5,6806.5
1776081780,6806.5,6808.25,6804.75,6805
1776081840,6805.25,6806.25,6802.5,6805.5
1776081900,6805.25,6808,6805.25,6807.25
1776081960,6807.25,6808.25,6806,6807.5
1776082020,6807.5,6808.5,6807.25,6808.5
1776082080,6808.25,6810.5,6808.25,6810
1776082140,6810,6810.5,6809,6809.5
1776082200,6809.5,6810.75,6809.25,6810.75
1776082260,6810.5,6811.75,6810.25,6811.75
1776082320,6811.5,6812,6810.25,6810.75
1776082380,6810.5,6811.5,6810.25,6811.25
1776082440,6811.25,6812,6810.5,6811.75
1776082500,6811.5,6812,6810.75,6811.25
1776082560,6811.25,6811.25,6810.25,6811
1776082620,6811,6812.25,6810.5,6811.75
1776082680,6811.75,6812,6811,6811.5
1776082740,6811.25,6811.75,6811,6811.25
1776082800,6811.5,6811.5,6810,6810
1776082860,6810,6811.25,6809.75,6810.5
1776082920,6811,6811.5,6810.5,6811
1776082980,6811.25,6811.25,6810.25,6810.75
1776083040,6810.5,6811,6809.75,6810.25
1776083100,6810.5,6811.5,6810.5,6811.25
1776083160,6811.25,6813,6811,6812
1776083220,6812,6812.5,6811.25,6812
1776083280,6812,6812,6811.25,6811.75
1776083340,6811.75,6812.5,6811,6812.5
1776083400,6812.5,6815.5,6812.5,6813.5
1776083460,6813.5,6813.5,6811.25,6812
1776083520,6812.25,6812.75,6811.75,6812.25
1776083580,6812.5,6815.5,6812.5,6814.25
1776083640,6814.25,6817.5,6814,6816
1776083700,6816,6816.25,6814,6814.75
1776083760,6814.75,6815.5,6814,6814
1776083820,6814,6814.5,6813.5,6814
1776083880,6814.25,6815,6814,6814.5
1776083940,6814.25,6814.75,6813.5,6814.75
1776084000,6814.75,6817.25,6814.75,6816.75
1776084060,6816.75,6817.25,6815,6816
1776084120,6815.75,6817,6815.5,6817
1776084180,6817,6817,6814.25,6815
1776084240,6815,6816.75,6814.5,6816.75
1776084300,6816.5,6819,6816.25,6818.5
1776084360,6818.25,6821.75,6818.25,6821.5
1776084420,6821.5,6823.5,6821.5,6822.25
1776084480,6822.25,6823,6820.75,6822
1776084540,6822,6822,6820,6820.25
1776084600,6820.5,6822.25,6820,6822
1776084660,6821.5,6823,6821.5,6823
1776084720,6822.5,6823.25,6821.25,6822
1776084780,6822.25,6823.5,6821.75,6823
1776084840,6823.25,6824,6822.5,6823
1776084900,6823,6824.75,6822,6822.25
1776084960,6822.25,6823,6821.25,6821.75
1776085020,6821.75,6823.25,6821.5,6823
1776085080,6823,6823.5,6822.25,6823.25
1776085140,6823.5,6823.5,6822.25,6822.5
1776085200,6822.75,6825.25,6822.25,6824.25
1776085260,6824.25,6825.25,6823.75,6824.5
1776085320,6824.5,6824.75,6823.25,6824.25
1776085380,6824.25,6824.75,6823.25,6823.75
1776085440,6824,6825.75,6823.75,6825
1776085500,6825,6825.5,6824,6824.5
1776085560,6824.25,6824.75,6823.75,6824.25
1776085620,6824,6824.25,6823,6823.5
1776085680,6823.5,6823.75,6822.75,6823
1776085740,6823.25,6823.75,6821.75,6822.5
1776085800,6822.75,6823.75,6822,6823.25
1776085860,6823.25,6825.75,6823,6825.25
1776085920,6825.5,6827,6825,6826.25
1776085980,6826,6827.25,6825.5,6827
1776086040,6827,6827.75,6826.5,6827
1776086100,6827,6827,6825.5,6826.25
1776086160,6826.25,6826.5,6824.75,6825
1776086220,6824.75,6826,6824.5,6825.75
1776086280,6825.5,6827.5,6825.5,6827.25
1776086340,6827,6829.75,6827,6828.75
1776086400,6828.75,6829.75,6828.25,6829
1776086460,6828.5,6829.75,6828,6829.25
1776086520,6829.25,6829.5,6828.75,6829
1776086580,6829,6830.5,6828.75,6830.5
1776086640,6830.25,6832,6830,6831.75
1776086700,6831.5,6834.5,6830.25,6833.5
1776086760,6833.5,6833.75,6832.25,6832.5
1776086820,6832.5,6833.5,6832,6832.75
1776086880,6833,6834.5,6833,6834.25
1776086940,6834.25,6834.75,6833.25,6834.75
1776087000,6834.75,6840,6834.75,6836.75
1776087060,6836.5,6837,6834.75,6836.5
1776087120,6836.5,6837,6832.25,6832.75
1776087180,6832.75,6835.5,6830.5,6835.5
1776087240,6835.25,6836.75,6834.25,6835.75
1776087300,6835.75,6836,6831.5,6832
1776087360,6832,6833,6827.5,6827.75
1776087420,6828,6830.75,6826.5,6830.5
1776087480,6830.75,6833,6830.25,6832.75
1776087540,6833,6834.5,6832.25,6833.25
1776087600,6833.25,6833.5,6830.75,6832.25
1776087660,6832,6833.75,6830.5,6832.25
1776087720,6832.25,6836,6831.75,6832.75
1776087780,6832.75,6834.75,6831,6833
1776087840,6833,6833.25,6829.25,6830.25
1776087900,6830.25,6831.5,6827.75,6828.75
1776087960,6828.5,6831,6827.75,6829.75
1776088020,6829.75,6831.25,6828.5,6829.75
1776088080,6829.75,6843.5,6829.25,6839
1776088140,6838.5,6851.25,6837.5,6849.25
1776088200,6849,6855.5,6848.25,6854
1776088260,6853.75,6854,6844.25,6845
1776088320,6845,6846.25,6841.5,6843.25
1776088380,6843.5,6845.25,6841.25,6844
1776088440,6844,6848,6843.5,6848
1776088500,6847.75,6849.25,6845.5,6846.75
1776088560,6846.75,6850,6846,6849.25
1776088620,6849.25,6851.5,6848.25,6851
1776088680,6850.75,6853.75,6849.5,6853
1776088740,6853,6858.75,6851.5,6858.5
1776088800,6858.25,6861.25,6856.25,6860.75
1776088860,6860.5,6861.5,6854.75,6854.75
1776088920,6854.75,6855.75,6852.25,6853.25
1776088980,6853,6853,6849.5,6852.25
1776089040,6852.25,6856,6852,6854.5
1776089100,6854.5,6856.75,6852.5,6855.75
1776089160,6855.75,6858.25,6855.25,6857.25
1776089220,6857.5,6859.5,6855.75,6856.75
1776089280,6857,6857,6854,6855.75
1776089340,6855.5,6855.75,6853.5,6854.75
1776089400,6854.75,6855.25,6852.75,6853.75
1776089460,6853.75,6855,6852,6852.75
1776089520,6852.75,6853.25,6851,6851.5
1776089580,6851.5,6852.5,6850,6851.25
1776089640,6851,6853.75,6850.25,6852.5
1776089700,6852.25,6852.75,6847.75,6848.5
1776089760,6848.5,6850.25,6848,6848.25
1776089820,6848.5,6849.75,6846.75,6847.25
1776089880,6847.25,6848.75,6846.75,6847.25
1776089940,6847.25,6852,6847,6851.25
1776090000,6851.5,6853.25,6849.75,6850.75
1776090060,6851,6855,6850,6854.25
1776090120,6854.5,6856.75,6853.5,6853.5
1776090180,6853.5,6855.25,6845,6851.75
1776090240,6851.5,6856.5,6851.25,6856.25
1776090300,6856.25,6856.5,6852.75,6855.5
1776090360,6855.75,6856,6853.75,6854.5
1776090420,6854.5,6856,6853.25,6854.75
1776090480,6854.75,6855.25,6853.25,6854.5
1776090540,6854.5,6857.5,6853.75,6857.25
1776090600,6857.25,6857.5,6855.75,6857.25
1776090660,6857,6860.5,6856.75,6860
1776090720,6860.25,6861.5,6856.5,6857.25
1776090780,6857.25,6859.25,6856.5,6858
1776090840,6858,6860.25,6857.5,6859
1776090900,6859,6859,6856.5,6857
1776090960,6856.75,6857,6855,6855.5
1776091020,6855.75,6856.25,6854.5,6855.5
1776091080,6855.75,6857.75,6855,6856.5
1776091140,6856.75,6857,6854.25,6856.5
1776091200,6856.5,6858.25,6856,6857.5
1776091260,6857.5,6858.5,6857,6857.25
1776091320,6857.5,6858.75,6857,6858.5
1776091380,6858.5,6860,6858.5,6858.5
1776091440,6858.5,6862.5,6858.5,6861
1776091500,6861.25,6862.25,6860.5,6861.75
1776091560,6861.75,6861.75,6859.5,6860.25
1776091620,6860,6860.5,6857.25,6857.5
1776091680,6857.5,6858.5,6856.25,6857.25
1776091740,6857.5,6858,6856.75,6857.25
1776091800,6857.25,6859.5,6856.25,6857.75
1776091860,6857.75,6859.75,6856.25,6859
1776091920,6858.75,6861.5,6858.5,6860.5
1776091980,6860.5,6863.5,6859.5,6862
1776092040,6862,6864,6861.5,6862.75
1776092100,6862.5,6862.75,6860,6861.75
1776092160,6861.75,6863.5,6861.75,6862.75
1776092220,6862.75,6865.75,6862.75,6865.5
1776092280,6865.5,6868.25,6864.75,6867.5
1776092340,6867.75,6868,6866.5,6866.75
1776092400,6866.75,6867,6859,6860.5
1776092460,6860.5,6864.5,6860.5,6863.25
1776092520,6863.5,6863.5,6861,6861
1776092580,6861,6861.75,6859.75,6860.5
1776092640,6860.25,6861.5,6859,6859.75
1776092700,6859.5,6861.25,6858.5,6859
1776092760,6859,6860.75,6858.25,6860.25
1776092820,6860.25,6862,6860.25,6860.75
1776092880,6861,6861.25,6857.75,6859
1776092940,6858.75,6862.5,6858.5,6861.25
1776093000,6861.25,6861.75,6859.25,6860.75
1776093060,6860.75,6864.75,6860.75,6864.25
1776093120,6864.25,6864.25,6862.5,6863.5
1776093180,6863.25,6863.25,6861.75,6862.25
1776093240,6862.25,6862.75,6861.25,6861.25
1776093300,6861.5,6863.25,6860.25,6860.25
1776093360,6860.25,6861.25,6859.5,6860.75
1776093420,6860.5,6860.75,6858.5,6859.25
1776093480,6859.25,6859.75,6857.75,6858.5
1776093540,6858.75,6859.5,6857.5,6858
1776093600,6858,6862.25,6858,6861
1776093660,6861.25,6862,6860.25,6860.25
1776093720,6860.25,6861,6858.75,6860.75
1776093780,6860.5,6860.5,6858.75,6860
1776093840,6859.75,6860.25,6857.25,6857.75
1776093900,6857.75,6858.75,6856.25,6858.25
1776093960,6858,6858.75,6856,6857.25
1776094020,6857.25,6858.25,6856,6858.25
1776094080,6858.25,6860,6858,6858.5
1776094140,6858.5,6859,6856.25,6856.25
1776094200,6856.5,6856.75,6854.75,6855.5
1776094260,6855.5,6856,6853.5,6854.75
1776094320,6854.75,6856.5,6854.5,6854.75
1776094380,6854.75,6857.5,6854.75,6857.25
1776094440,6857.25,6857.25,6855.25,6856
1776094500,6856,6857.5,6855.75,6856.75
1776094560,6856.5,6858.25,6855,6858.25
1776094620,6858.25,6860,6857.75,6859.5
1776094680,6859.5,6864,6857.25,6859.25
1776094740,6859.25,6862,6859,6861
1776094800,6861,6862.25,6859.75,6861.5
1776094860,6861.5,6862,6860,6860.25
1776094920,6860.25,6860.5,6856.5,6857.25
1776094980,6857.5,6857.75,6855.75,6857.25
1776095040,6857.25,6858,6856.25,6856.5
1776095100,6856.5,6857,6855.25,6856.5
1776095160,6856.25,6858,6856.25,6857
1776095220,6857.25,6857.75,6856,6856.75
1776095280,6856.5,6856.5,6855.25,6855.25
1776095340,6855.25,6856.5,6854.25,6856.25
1776095400,6856.25,6856.75,6855,6856.5
1776095460,6856.25,6856.5,6854.5,6855.25
1776095520,6855,6856.75,6854.75,6856.25
1776095580,6856.25,6856.5,6855.5,6856.25
1776095640,6856.5,6856.75,6854.5,6854.75
1776095700,6854.5,6856,6854.25,6856
1776095760,6855.75,6858,6855.5,6856.25
1776095820,6856.25,6856.75,6854.25,6855.75
1776095880,6855.75,6857,6855.5,6856.25
1776095940,6856.25,6856.5,6855.25,6856
1776096000,6856,6857.5,6855,6855
1776096060,6855,6855.25,6852.5,6853.75
1776096120,6853.75,6854,6851.25,6852
1776096180,6851.75,6852.75,6851.5,6852
1776096240,6852.25,6853.75,6851.75,6853.5
1776096300,6853.25,6853.75,6851.75,6852.75
1776096360,6853,6865.5,6852.5,6861.25
1776096420,6861.25,6861.25,6856.25,6857.75
1776096480,6857.75,6858.75,6856.25,6857.25
1776096540,6857.25,6860.25,6857.25,6858.25
1776096600,6858.5,6859.5,6857.75,6859.5
1776096660,6859.5,6862.25,6858.5,6860.5
1776096720,6860.5,6861.25,6859,6859
1776096780,6859.5,6860.25,6858.25,6859.75
1776096840,6860,6861,6859.5,6860.25
1776096900,6860.25,6861.5,6858.5,6859
1776096960,6859.25,6861.25,6858.75,6861.25
1776097020,6861.25,6862.25,6860.5,6862.25
1776097080,6862.25,6863.5,6860.5,6863.25
1776097140,6863,6863.75,6862.75,6863.5
1776097200,6863.5,6871.25,6863.25,6864.75
1776097260,6864.75,6868,6864,6867.25
1776097320,6867.25,6867.75,6865.5,6865.5
1776097380,6865.5,6867.5,6864.75,6866.5
1776097440,6866.75,6869,6866.5,6868.75
1776097500,6868.5,6871.25,6868.5,6870.5
1776097560,6870.75,6870.75,6867.75,6868
1776097620,6868,6870,6867.5,6870
1776097680,6869.75,6873,6868.75,6872.5
1776097740,6872.25,6878,6872,6875.25
1776097800,6875.5,6876.25,6874.25,6876
1776097860,6876,6877.75,6875.25,6876
1776097920,6876,6876.25,6872.75,6873.25
1776097980,6873.5,6881.75,6872.75,6875.5
1776098040,6875.5,6876.5,6874.25,6875
1776098100,6875,6884.75,6874.75,6881.25
1776098160,6881.25,6881.25,6877,6877.25
1776098220,6877.25,6878,6876.5,6877.25
1776098280,6877.5,6878.5,6876,6876.5
1776098340,6876.25,6879.25,6875.25,6876.5
1776098400,6876.5,6879.5,6874.75,6876.25
1776098460,6876.25,6878.25,6870.75,6872.5
1776098520,6872.75,6873.5,6868.25,6871
1776098580,6871,6878.25,6870.25,6877.25
1776098640,6877.5,6880.25,6877,6877.25
1776098700,6877.25,6878,6876.25,6877.5
1776098760,6877.5,6879,6876.5,6877.25
1776098820,6877,6885.75,6877,6883
1776098880,6883,6884.5,6881.75,6882.25
1776098940,6882,6883.5,6881.5,6882
1776099000,6882,6888.25,6882,6887.25
1776099060,6887.5,6890,6885,6885
1776099120,6885,6885.25,6883.25,6883.25
1776099180,6883.25,6884,6881.25,6881.75
1776099240,6881.75,6883.75,6881.75,6882.5
1776099300,6882.75,6882.75,6879.75,6881.25
1776099360,6881,6883.25,6881,6883.25
1776099420,6883,6883.5,6882,6883.25
1776099480,6883.25,6885,6882.25,6884.75
1776099540,6885,6885.5,6884.25,6884.75
1776099600,6884.75,6886,6884.25,6884.5
1776099660,6884.5,6885,6883,6885
1776099720,6885,6886.75,6884.5,6886.75
1776099780,6886.5,6887.5,6885.5,6885.75
1776099840,6885.75,6886.75,6885.25,6886.5
1776099900,6886.75,6887,6885,6885
1776099960,6885,6886.25,6884.25,6884.5
1776100020,6884.25,6885,6883.5,6884
1776100080,6884.25,6884.25,6882.25,6883.75
1776100140,6883.75,6884.75,6882.75,6884
1776100200,6884.25,6885.5,6883.25,6885
1776100260,6885,6885.25,6884,6885
1776100320,6884.75,6884.75,6883.75,6883.75
1776100380,6884,6884.5,6883.5,6883.5
1776100440,6883.5,6885.25,6883.5,6885
1776100500,6885.25,6885.75,6884.5,6885.75
1776100560,6885.75,6886.25,6885,6885
1776100620,6885,6885.5,6884.75,6885
1776100680,6885.25,6888.75,6885.25,6888.25
1776100740,6888.25,6890,6887,6887.5
1776100800,6887.25,6887.5,6885.25,6886.25
1776100860,6886.25,6887.25,6885,6886.75
1776100920,6886.75,6887,6885.25,6885.5
1776100980,6885.75,6886.5,6885.25,6885.75
1776101040,6885.75,6886,6884.25,6884.5
1776101100,6884.75,6886,6884.25,6885.75
1776101160,6885.75,6886.25,6885,6885.75
1776101220,6885.75,6886.5,6885.25,6885.75
1776101280,6885.5,6886.5,6885.5,6885.75
1776101340,6885.75,6886.75,6885,6886.5
1776101400,6886.5,6888.75,6886.25,6887.25
1776101460,6887.5,6888.25,6886.5,6886.75
1776101520,6886.75,6887.5,6886.25,6887.25
1776101580,6887.25,6888,6885,6885.5
1776101640,6885.75,6886,6885,6885
1776101700,6885,6885.25,6883.5,6884
1776101760,6884,6885,6883.5,6883.5
1776101820,6883.5,6886,6882.5,6884.5
1776101880,6884.5,6885.75,6884.5,6885.5
1776101940,6885.25,6885.75,6884,6884
1776102000,6884.25,6885.25,6883.5,6883.5
1776102060,6883.75,6884.5,6883.25,6884.25
1776102120,6884.25,6885,6883.25,6884.5
1776102180,6884.25,6884.75,6883.75,6884.25
1776102240,6884.5,6884.5,6882.5,6883
1776102300,6883,6883.25,6881.75,6882.25
1776102360,6882.5,6883.75,6882,6883.5
1776102420,6883.25,6883.5,6882,6882.5
1776102480,6882.25,6883.25,6882,6882.5
1776102540,6882.5,6883,6882,6882.25
1776102600,6882.25,6882.75,6880.25,6880.5
1776102660,6880.25,6882.25,6880.25,6881.75
1776102720,6881.75,6883,6881,6882.25
1776102780,6882.25,6884,6882,6883
1776102840,6883,6884.5,6882.25,6883.5
1776102900,6883.5,6885,6883,6884.75
1776102960,6884.5,6884.75,6883,6883.25
1776103020,6883.25,6883.75,6882.25,6883.5
1776103080,6883.25,6883.75,6882.75,6883
1776103140,6883,6883.75,6883,6883.25
1776103200,6883.25,6885.75,6883.25,6885.5
1776103260,6885.5,6885.75,6884.75,6885
1776103320,6885,6887,6884.75,6886.75
1776103380,6886.75,6887.25,6885.75,6887
1776103440,6887,6887.5,6885.25,6885.75
1776103500,6885.5,6886.25,6885,6885.25
1776103560,6885.25,6885.75,6885,6885.25
1776103620,6885.5,6886,6885,6886
1776103680,6886,6887.5,6885.75,6886.75
1776103740,6886.5,6887.25,6886,6886.5
1776103800,6886.5,6888,6886.5,6887.75
1776103860,6887.5,6887.75,6886.75,6887.25
1776103920,6887,6887.5,6886.5,6887.25
1776103980,6887.25,6887.5,6886.5,6887.25
1776104040,6887.25,6888,6886.75,6887.25
1776104100,6887.25,6888,6886.5,6887.75
1776104160,6887.5,6888,6887,6887.25
1776104220,6887.5,6887.75,6886.75,6887.5
1776104280,6887.5,6887.5,6886.75,6886.75
1776104340,6887,6887.25,6886.5,6886.5
1776104400,6886.5,6887.5,6885.5,6886.75
1776104460,6887,6888.25,6886,6887.25
1776104520,6887.25,6887.5,6886.5,6887
1776104580,6887,6887.25,6886.5,6886.5
1776104640,6886.75,6886.75,6885.25,6885.5
1776104700,6885.5,6886,6884.5,6886
1776104760,6885.75,6885.75,6884.75,6884.75
1776104820,6885,6885,6884,6884
1776104880,6884.25,6886.5,6884.25,6885.5
1776104940,6885.25,6886,6885,6885.75
1776105000,6885.75,6885.75,6884.5,6885.75
1776105060,6885.5,6887,6885.25,6886.5
1776105120,6886.5,6887.25,6886.25,6886.5
1776105180,6886.75,6887.5,6886,6886.75
1776105240,6886.75,6887.5,6886.75,6887
1776105300,6887.25,6887.75,6886.25,6887.5
1776105360,6887.25,6888,6887,6888
1776105420,6887.75,6888.25,6887.75,6888
1776105480,6888,6888.5,6887,6888.5
1776105540,6888.25,6889,6888,6888
1776105600,6888.25,6888.75,6887.75,6888.5
1776105660,6888.25,6888.75,6887.5,6888
1776105720,6888.25,6889,6887.25,6888.75
1776105780,6888.75,6889.25,6888.75,6889
1776105840,6889,6890,6888.5,6889.5
1776105900,6889.5,6893,6889.5,6892
1776105960,6892.25,6893.25,6892,6892.5
1776106020,6892.5,6892.75,6891.5,6892.25
1776106080,6892,6894.25,6892,6893.25
1776106140,6893.25,6893.75,6892.75,6893
1776106200,6893.25,6893.25,6892,6893
1776106260,6892.75,6895.25,6892.25,6894.25
1776106320,6894.25,6896,6894,6895.75
1776106380,6895.75,6895.75,6894.5,6894.5
1776106440,6894.5,6895.75,6893.75,6895.5
1776106500,6895.25,6896.75,6895,6896
1776106560,6895.75,6896,6895,6895.5
1776106620,6895.5,6895.5,6894.25,6895
1776106680,6895.25,6896,6894.75,6894.75
1776106740,6895,6895,6894.5,6894.75
1776106800,6894.5,6896.75,6894.5,6896.5
1776106860,6896.25,6897.75,6896,6897.5
1776106920,6897.5,6897.75,6896,6896
1776106980,6896,6896.75,6895.5,6896.5
1776107040,6896.5,6896.5,6895.25,6895.5
1776107100,6895.5,6895.75,6894.25,6895
1776107160,6895,6895,6893.75,6893.75
1776107220,6893.75,6894.5,6893,6893.75
1776107280,6893.75,6894.75,6893.5,6894
1776107340,6894,6895,6893.75,6894.5
1776107400,6894.75,6895,6894,6895
1776107460,6894.75,6894.75,6892.5,6893
1776107520,6893,6893.75,6893,6893
1776107580,6893,6893.25,6892,6892.25
1776107640,6892.5,6894,6892.25,6893.75
1776107700,6893.75,6894.5,6893.25,6894.25
1776107760,6894.5,6895.75,6894,6895.5
1776107820,6895.5,6896.25,6895.25,6895.75
1776107880,6895.75,6896.75,6895.75,6896.25
1776107940,6896.5,6897,6895.75,6896.5
1776108000,6896.25,6896.75,6895.75,6896.25
1776108060,6896,6897.75,6896,6897.75
1776108120,6897.75,6899.25,6897.25,6898.5
1776108180,6898.5,6899.75,6898.25,6899.25
1776108240,6899.25,6899.75,6898.75,6899.5
1776108300,6899.5,6900,6899,6899.25
1776108360,6899.25,6899.75,6899,6899.5
1776108420,6899.5,6900,6899,6899.75
1776108480,6899.75,6900.25,6899.25,6899.5
1776108540,6899.5,6900,6899.25,6900
1776108600,6899.75,6899.75,6898.25,6899
1776108660,6899,6903,6898.75,6902.25
1776108720,6902.25,6904.5,6902,6903.5
1776108780,6903.75,6904.5,6903,6903.5
1776108840,6903.25,6903.25,6902.5,6902.75
1776108900,6902.75,6904,6901.5,6903.25
1776108960,6903.5,6907,6903.25,6906
1776109020,6905.75,6906,6904.75,6905
1776109080,6904.75,6905,6903,6903.5
1776109140,6903.5,6904.25,6903.25,6903.5
1776109200,6903.25,6904.5,6902.75,6903
1776109260,6903,6903.5,6901.75,6902.25
1776109320,6902,6902.25,6901.25,6902
1776109380,6902,6902.5,6901.75,6902
1776109440,6902,6903.75,6901.75,6903.5
1776109500,6903.5,6903.75,6901,6901.75
1776109560,6901.5,6902,6901,6901.5
1776109620,6901.25,6901.75,6899.5,6900.5
1776109680,6900.5,6901.5,6900,6900.25
1776109740,6900.25,6902.5,6900.25,6902.25
1776109800,6902.25,6914,6902,6913.75
1776109860,6913.75,6915.5,6911.25,6914.25
1776109920,6914.25,6916,6913.5,6914.5
1776109980,6914.75,6918.25,6913.5,6917.5
1776110040,6917.5,6920.75,6917,6918.25
1776110100,6918.5,6923.25,6918.5,6921.25
1776110160,6921.25,6924.75,6920.75,6923.75
1776110220,6923.75,6924.5,6921.75,6923.25
1776110280,6923.5,6923.5,6921.25,6921.5
1776110340,6921.5,6924.5,6921,6921.5
1776110400,6921.25,6923,6919.75,6920.5
1776110460,6920.5,6921.25,6919.25,6920.75
1776110520,6920.75,6921,6920,6920.25
1776110580,6920.25,6922.25,6919.75,6921.25
1776110640,6921.5,6922.25,6920.5,6922
1776110700,6922,6924,6921.5,6923.75
1776110760,6923.5,6925.5,6923.5,6924
1776110820,6924.25,6924.5,6923.25,6923.5
1776110880,6923.5,6924,6923,6923.5
1776110940,6923.5,6924.25,6923,6924
1776111000,6924,6924.75,6922.75,6923
1776111060,6923,6923.5,6922.75,6923.25
1776111120,6923,6923.75,6922.75,6923.25
1776111180,6923.25,6923.5,6922.75,6923
1776111240,6922.75,6924,6922.5,6923.5
1776111300,6923.25,6923.75,6922.25,6922.25
1776111360,6922.25,6922.5,6922,6922
1776111420,6922,6922.25,6921.75,6921.75
1776111480,6921.75,6923.25,6921.5,6922.5
1776111540,6922.75,6923.25,6922.25,6923
1776111600,6923.25,6925.75,6922.75,6925.25
1776111660,6925.5,6925.75,6925,6925.25
1776111720,6925.5,6925.75,6923.75,6924.5
1776111780,6924.25,6925,6923.75,6924.25
1776111840,6924.5,6925,6923.5,6924
1776111900,6924,6924.25,6923.5,6924
1776111960,6924.25,6924.25,6923.25,6923.5
1776112020,6923.5,6924.75,6923.5,6924.25
1776112080,6924.5,6924.75,6924.25,6924.25
1776112140,6924.25,6924.5,6923.75,6923.75
1776112200,6923.5,6924.25,6923.25,6924
1776112260,6924,6924.5,6923.75,6924
1776112320,6924,6925,6923.75,6925
1776112380,6925,6925,6924.25,6925
1776112440,6924.75,6926,6924.5,6925.25
1776112500,6925.25,6926.25,6925,6926
1776112560,6926,6926.75,6925.75,6926.25
1776112620,6926.25,6926.75,6925.25,6925.5
1776112680,6925.5,6925.75,6925.25,6925.25
1776112740,6925.25,6925.5,6924.5,6925
1776112800,6924.75,6925.5,6924.5,6925.25
1776112860,6925,6925,6924.25,6924.5
1776112920,6924.5,6925.5,6924.5,6925.25
1776112980,6925.25,6925.5,6925.25,6925.5
1776113040,6925,6926.25,6925,6926
1776113100,6925.75,6926.75,6925.75,6926.5
1776113160,6926.25,6927.25,6926.25,6926.5
1776113220,6926.75,6928.25,6926.5,6927.75
1776113280,6927.5,6928,6927.25,6927.25
1776113340,6927.25,6927.5,6926.5,6926.5
1776113400,6926.5,6927.5,6926.5,6927
1776113460,6927,6927.5,6926.75,6927
1776113520,6926.75,6927.25,6926.75,6927.25
1776113580,6927,6927.75,6927,6927.75
1776113640,6927.5,6929.25,6927.25,6927.75
1776113700,6927.75,6928,6926.75,6927.25
1776113760,6927,6927.25,6926.75,6927.25
1776113820,6927,6928,6927,6927
1776113880,6927,6927.25,6926.75,6927
1776113940,6927.25,6927.75,6926.5,6927.5
1776117600,6925.25,6926.5,6923.5,6925.75
1776117660,6925.5,6927,6925,6926.75
1776117720,6927,6928.25,6926.75,6927.25
1776117780,6927.25,6927.5,6926.5,6926.75
1776117840,6926.75,6927,6926,6926
1776117900,6926,6928.5,6926,6928.25
1776117960,6928,6930,6927.5,6930
1776118020,6929.75,6930.5,6927.5,6927.75
1776118080,6927.5,6927.75,6926.25,6926.5
1776118140,6926.75,6927.75,6926.5,6927
1776118200,6926.75,6927.5,6926.25,6926.25
1776118260,6926.25,6927.25,6926.25,6927
1776118320,6927,6927.25,6926.25,6926.75
1776118380,6927,6927,6926.5,6927
1776118440,6926.75,6927.5,6926.75,6927.5
1776118500,6927.5,6927.75,6926.75,6927.25
1776118560,6927.25,6927.5,6926.75,6926.75
1776118620,6927.25,6928.25,6927.25,6928
1776118680,6927.75,6928.25,6927.5,6928
1776118740,6928,6928,6927,6927.25
1776118800,6927.25,6927.25,6926.5,6926.75
1776118860,6926.75,6927.25,6926.5,6927
1776118920,6927.25,6927.75,6927,6927.5
1776118980,6927.25,6927.25,6926.5,6926.5
1776119040,6926.5,6926.75,6926,6926
1776119100,6926,6926.25,6925.75,6926
1776119160,6926,6926,6925.75,6926
1776119220,6926,6926.25,6925.75,6926
1776119280,6926,6926.25,6925.75,6926.25
1776119340,6926.25,6926.25,6925.75,6926
1776119400,6925.75,6926.25,6925.75,6925.75
1776119460,6926,6926.25,6925.5,6925.75
1776119520,6925.75,6925.75,6925.5,6925.5
1776119580,6925.5,6926,6925.5,6925.5
1776119640,6925.75,6926.25,6925.75,6925.75
1776119700,6925.75,6926.5,6925.75,6925.75
1776119760,6926,6926.25,6925.75,6926.25
1776119820,6926,6926.75,6926,6926.5
1776119880,6926.5,6927.25,6926.5,6927.25
1776119940,6927,6927.5,6927,6927
1776120000,6927,6927.75,6926.75,6927.75
1776120060,6927.5,6928.25,6927.5,6927.75
1776120120,6927.5,6927.5,6926.5,6926.75
1776120180,6926.75,6927,6925.5,6926
1776120240,6925.75,6926.5,6925.5,6926.25
1776120300,6926.25,6926.75,6925.5,6925.75
1776120360,6925.75,6926.25,6925,6925.5
1776120420,6925.5,6925.75,6925.25,6925.75
1776120480,6925.75,6926,6925.5,6925.5
1776120540,6925.75,6926,6925.5,6925.75
1776120600,6925.75,6926.5,6925.75,6926
1776120660,6926.25,6926.25,6926,6926.25
1776120720,6926.25,6927.25,6926,6927
1776120780,6927,6927.5,6926.75,6927.5
1776120840,6927.5,6928,6927,6927
1776120900,6927.25,6928,6927.25,6928
1776120960,6928.25,6928.25,6927.75,6927.75
1776121020,6927.5,6927.75,6927,6927.25
1776121080,6927.25,6927.5,6927,6927.5
1776121140,6927,6927.5,6927,6927.25
1776121200,6927.5,6929,6927.25,6928.25
1776121260,6928.25,6928.5,6926.75,6927
1776121320,6927.5,6927.5,6925.75,6926
1776121380,6926.25,6927,6926.25,6926.75
1776121440,6926.75,6928.5,6926.75,6928
1776121500,6927.75,6929.75,6927.5,6928.75
1776121560,6928.75,6929,6928.25,6929
1776121620,6928.75,6930.25,6928.25,6929.75
1776121680,6929.5,6931.5,6929.25,6930
1776121740,6930,6931,6929.75,6930.5
1776121800,6930.5,6931.25,6930.25,6931
1776121860,6930.75,6931,6930,6930.5
1776121920,6930.5,6930.5,6930,6930.5
1776121980,6930.5,6931.5,6930.5,6930.5
1776122040,6930.75,6930.75,6929,6929
1776122100,6929.25,6930,6929,6929.5
1776122160,6929.25,6930.25,6929.25,6929.75
1776122220,6929.5,6930,6929.25,6929.5
1776122280,6929.25,6929.75,6929.25,6929.5
1776122340,6929.5,6929.75,6929,6929.5
1776122400,6929.5,6929.5,6928.5,6928.75
1776122460,6929,6929,6928.5,6928.5
1776122520,6928.75,6928.75,6928.5,6928.5
1776122580,6928.5,6928.75,6928.25,6928.5
1776122640,6928.5,6929,6928.5,6928.5
1776122700,6928.5,6928.75,6928,6928.25
1776122760,6928.25,6928.5,6928,6928.25
1776122820,6928.25,6928.5,6927.75,6928.25
1776122880,6928.25,6928.5,6927.75,6927.75
1776122940,6927.75,6928.25,6927.75,6928
1776123000,6928,6928,6927.25,6927.75
1776123060,6928,6928,6927.25,6927.25
1776123120,6927.25,6927.25,6926.75,6927.25
1776123180,6927.25,6928,6927,6928
1776123240,6927.75,6928,6927.25,6927.25
1776123300,6927.5,6927.75,6926.75,6927
1776123360,6927,6927.25,6926.75,6927
1776123420,6927.25,6928,6927.25,6927.75
1776123480,6927.75,6928,6927.5,6927.75
1776123540,6928,6928.25,6927.75,6928
1776123600,6928,6928.5,6927.75,6927.75
1776123660,6928,6928.25,6927.25,6928.25
1776123720,6928,6928.5,6928,6928.25
1776123780,6928.25,6928.75,6928,6928.75
1776123840,6928.5,6928.75,6928.25,6928.75
1776123900,6928.25,6929,6928.25,6928.75
1776123960,6929,6929.75,6928.75,6929
1776124020,6929.25,6929.25,6928.75,6929.25
1776124080,6929,6929.25,6927.75,6927.75
1776124140,6927.75,6927.75,6927,6927
1776124200,6927,6927.25,6926.25,6926.5
1776124260,6926.5,6926.75,6926.25,6926.25
1776124320,6926.25,6927,6926.25,6926.25
1776124380,6926.25,6926.75,6926.25,6926.5
1776124440,6926.5,6926.75,6925.5,6926
1776124500,6926,6926,6925.5,6925.5
1776124560,6925.25,6925.75,6925.25,6925.5
1776124620,6925.75,6927,6925,6926.25
1776124680,6926,6926.25,6925.5,6925.75
1776124740,6925.5,6926,6925.5,6925.75
1776124800,6925.5,6925.5,6923,6923
1776124860,6923,6923.75,6922.75,6923.25
1776124920,6923.25,6924,6923.25,6924
1776124980,6924.25,6925,6923.5,6923.75
1776125040,6923.5,6924,6923,6923
1776125100,6923.25,6923.25,6921.25,6921.75
1776125160,6921.5,6922.25,6920.5,6921.25
1776125220,6921.25,6922.25,6921,6921.5
1776125280,6921.75,6922.75,6921.5,6921.75
1776125340,6921.75,6922.25,6921.5,6922.25
1776125400,6922.25,6923.25,6921.75,6922.75
1776125460,6923,6923,6921.5,6922
1776125520,6922,6923.25,6922,6923.25
1776125580,6923.5,6924,6923,6923.75
1776125640,6923.75,6924.5,6923.5,6924.25
1776125700,6924,6925.5,6924,6924.75
1776125760,6924.75,6925,6923.75,6924.25
1776125820,6924.5,6924.75,6924,6924.5
1776125880,6924.75,6924.75,6924,6924.5
1776125940,6924.25,6924.5,6923.75,6924.25
1776126000,6924.25,6925.75,6924,6925.25
1776126060,6925,6925.25,6923.25,6923.5
1776126120,6923.25,6924,6923.25,6923.75
1776126180,6923.75,6923.75,6923,6923
1776126240,6923.25,6923.75,6923,6923.25
1776126300,6923.5,6923.5,6922.75,6923
1776126360,6922.75,6923,6922,6922.25
1776126420,6922.5,6923,6922.25,6922.75
1776126480,6922.75,6923.25,6922.5,6922.5
1776126540,6922.75,6923.5,6922.75,6923.25
1776126600,6923,6925,6923,6925
1776126660,6924.75,6926.25,6924.75,6926
1776126720,6926,6927,6925.5,6926.5
1776126780,6926.25,6927,6926,6926.5
1776126840,6927,6927.75,6926.5,6927.25
1776126900,6927,6927.75,6926.5,6927.75
1776126960,6927.75,6927.75,6926.75,6927.25
1776127020,6927,6927.75,6926.75,6927.25
1776127080,6927.25,6927.75,6927.25,6927.5
1776127140,6927.5,6928,6926.75,6927
1776127200,6927,6927.25,6926.75,6927
1776127260,6927,6927.25,6926.5,6926.75
1776127320,6926.5,6926.75,6926.25,6926.5
1776127380,6926.25,6926.5,6926,6926.25
1776127440,6926.25,6926.5,6926,6926.25
1776127500,6926.5,6926.75,6926,6926
1776127560,6926.25,6926.25,6925.5,6925.5
1776127620,6925.75,6926,6925.5,6925.5
1776127680,6925.75,6926.25,6925.5,6925.75
1776127740,6926,6926.25,6925.5,6925.5
1776127800,6925.25,6925.75,6924.5,6924.75
1776127860,6924.5,6925.25,6924.5,6924.75
1776127920,6924.5,6925.5,6924.5,6925.25
1776127980,6925.25,6925.5,6925,6925
1776128040,6925.25,6926,6925.25,6925.5
1776128100,6925.75,6925.75,6925.25,6925.5
1776128160,6925.5,6926,6925.25,6926
1776128220,6925.75,6926.25,6925.75,6925.75
1776128280,6926,6926,6925.75,6926
1776128340,6926,6926,6925.5,6925.75
1776128400,6925.75,6925.75,6923.75,6923.75
1776128460,6923.75,6924.25,6922.25,6922.5
1776128520,6922.75,6924,6922.25,6923.25
1776128580,6923.5,6924,6923,6923.5
1776128640,6923.25,6923.5,6922.75,6923.5
1776128700,6923.5,6924.75,6923.25,6924
1776128760,6924,6924.75,6923.75,6924.5
1776128820,6924.25,6925,6923.75,6924.25
1776128880,6924.25,6925,6924.25,6924.75
1776128940,6924.75,6924.75,6923.5,6924
1776129000,6924.25,6924.25,6923.5,6923.75
1776129060,6923.75,6923.75,6923.5,6923.75
1776129120,6923.75,6924.5,6923.5,6924.25
1776129180,6924.25,6924.25,6924,6924.25
1776129240,6924.25,6925,6924.25,6925
1776129300,6925,6925.25,6924.75,6925.25
1776129360,6925.25,6925.5,6925,6925.25
1776129420,6925.25,6925.25,6924.5,6924.75
1776129480,6924.75,6924.75,6924.5,6924.75
1776129540,6924.75,6925.5,6924.75,6925
1776129600,6924.75,6925,6924.5,6925
1776129660,6925,6926,6925,6925.25
1776129720,6925.5,6926,6925.25,6925.75
1776129780,6925.75,6925.75,6925,6925.5
1776129840,6925.5,6925.5,6923.5,6924
1776129900,6924,6924.75,6924,6924.75
1776129960,6924.75,6924.75,6924,6924.5
1776130020,6924.5,6924.5,6924.25,6924.25
1776130080,6924.5,6924.5,6924.25,6924.5
1776130140,6924.25,6924.75,6924.25,6924.5
1776130200,6924.25,6924.25,6922.5,6923.25
1776130260,6923.25,6923.25,6922.5,6922.75
1776130320,6923.25,6923.5,6922.5,6923.5
1776130380,6923.25,6923.75,6923,6923.5
1776130440,6923.25,6924.25,6923.25,6923.5
1776130500,6923.75,6924,6923.5,6924
1776130560,6923.5,6923.75,6923.25,6923.5
1776130620,6923.5,6923.75,6923.25,6923.25
1776130680,6923.5,6923.75,6923.25,6923.75
1776130740,6924,6924.5,6924,6924.25
1776130800,6924.25,6925.5,6924.25,6925.25
1776130860,6925,6925,6924.25,6924.5
1776130920,6924.25,6924.5,6924,6924
1776130980,6924.25,6924.5,6924,6924.5
1776131040,6925,6925,6924.25,6924.75
1776131100,6925,6925.75,6925,6925.5
1776131160,6925.25,6925.5,6925,6925.25
1776131220,6925.25,6925.5,6925.25,6925.5
1776131280,6925.25,6926,6925.25,6925.5
1776131340,6925.25,6925.5,6925,6925.25
1776131400,6925,6925.5,6925,6925.25
1776131460,6925.25,6925.5,6924.75,6924.75
1776131520,6925,6925,6924.5,6924.75
1776131580,6924.75,6925,6924.5,6924.75
1776131640,6925,6925.25,6924.75,6925
1776131700,6924.75,6925,6924.75,6925
1776131760,6925,6925,6924,6924.5
1776131820,6924.5,6924.5,6923.75,6924
1776131880,6923.75,6924,6923.5,6923.75
1776131940,6923.75,6924,6923.5,6924
1776132000,6923.75,6924.25,6923.25,6923.25
1776132060,6923.25,6923.5,6923,6923
1776132120,6923.25,6923.75,6923,6923.5
1776132180,6923.5,6923.75,6923.25,6923.75
1776132240,6924,6924.25,6923.75,6924.25
1776132300,6924.25,6924.75,6924.25,6924.5
1776132360,6924.75,6925.25,6924.5,6925.25
1776132420,6925.25,6926,6925,6925.75
1776132480,6925.75,6926.5,6925.5,6926.25
1776132540,6926.25,6926.5,6926,6926.25
1776132600,6926.25,6927.25,6926,6927
1776132660,6927,6927.25,6926.25,6926.5
1776132720,6926.5,6926.75,6926,6926.25
1776132780,6926.25,6926.5,6926,6926
1776132840,6926.25,6926.75,6926.25,6926.75
1776132900,6926.75,6927.25,6926.5,6927
1776132960,6927.25,6927.5,6926.75,6927
1776133020,6927.25,6927.25,6926.75,6927
1776133080,6927,6927,6926.75,6926.75
1776133140,6926.5,6926.75,6926.25,6926.5
1776133200,6926.5,6926.5,6925.75,6926
1776133260,6926,6926,6924.75,6925
1776133320,6925,6925.5,6924.75,6925.25
1776133380,6925,6925.5,6925,6925.25
1776133440,6925,6925.25,6924.75,6925.25
1776133500,6925,6925.5,6924.75,6925
1776133560,6924.75,6925.5,6924.75,6925.5
1776133620,6925.5,6926.25,6925.25,6925.75
1776133680,6925.75,6926.25,6925.75,6926
1776133740,6926,6926.75,6926,6926.5
1776133800,6926.5,6926.5,6925.75,6926
1776133860,6926,6926.25,6925.75,6926
1776133920,6925.75,6926,6925.25,6925.25
1776133980,6925.5,6925.75,6925,6925.25
1776134040,6925.5,6926,6925.5,6925.75
1776134100,6925.75,6925.75,6925.25,6925.25
1776134160,6925.25,6926,6925.25,6926
1776134220,6926,6926,6925.25,6925.75
1776134280,6925.75,6926,6925.5,6925.75
1776134340,6925.75,6926.25,6925.75,6926.25
1776134400,6926.25,6927.25,6926.25,6927
1776134460,6927.25,6927.5,6927,6927.25
1776134520,6927,6927,6926.5,6927
1776134580,6926.75,6926.75,6926.5,6926.5
1776134640,6926.75,6927,6926.5,6926.5
1776134700,6926.75,6926.75,6926.5,6926.5
1776134760,6926.5,6926.5,6926.25,6926.5
1776134820,6926.25,6926.5,6926.25,6926.25
1776134880,6926.25,6926.5,6926,6926
1776134940,6926,6926,6925.75,6926
1776135000,6926,6926,6925.25,6925.75
1776135060,6925.75,6926,6925.25,6925.75
1776135120,6925.5,6926,6925.25,6925.75
1776135180,6925.5,6925.5,6925.25,6925.25
1776135240,6925.25,6925.25,6924.75,6925.25
1776135300,6925,6925.25,6925,6925
1776135360,6925,6925.25,6924.75,6925.25
1776135420,6925.25,6925.75,6925,6925.5
1776135480,6925.25,6925.5,6925.25,6925.5
1776135540,6925.5,6926,6925.5,6925.75
1776135600,6925.5,6925.75,6924.5,6924.75
1776135660,6924.75,6924.75,6924,6924
1776135720,6924.25,6924.5,6924,6924
1776135780,6924,6924.25,6923.5,6923.75
1776135840,6924.25,6924.5,6923.75,6924.25
1776135900,6924,6924.25,6923.5,6923.75
1776135960,6923.75,6923.75,6923.5,6923.5
1776136020,6923.5,6924,6923.25,6923.25
1776136080,6923.25,6923.75,6923,6923.25
1776136140,6923.25,6923.5,6923,6923.25
1776136200,6923.25,6923.75,6923.25,6923.75
1776136260,6923.75,6924,6923.5,6924
1776136320,6924,6924.25,6924,6924
1776136380,6923.75,6924,6923.75,6923.75
1776136440,6923.75,6924,6923.5,6923.75
1776136500,6923.75,6924,6923.5,6923.75
1776136560,6924,6924,6923.25,6923.5
1776136620,6923.5,6923.5,6923,6923.25
1776136680,6923.25,6923.5,6923,6923.5
1776136740,6923.5,6923.75,6923.25,6923.5
1776136800,6923.5,6923.75,6923,6923
1776136860,6923.25,6923.75,6923,6923.5
1776136920,6923.75,6924,6923.25,6923.25
1776136980,6923.25,6923.75,6922.75,6923.25
1776137040,6923,6923.5,6923,6923
1776137100,6923.25,6923.25,6922.75,6922.75
1776137160,6923,6923,6922.25,6922.5
1776137220,6922.5,6922.75,6922.25,6922.25
1776137280,6922.25,6922.75,6922.25,6922.75
1776137340,6922.5,6923,6922.25,6923
1776137400,6923,6923.5,6922.75,6923.5
1776137460,6923.5,6923.5,6922.75,6923
1776137520,6923,6923,6922.5,6922.75
1776137580,6922.5,6923.25,6922.5,6923.25
1776137640,6923,6923.25,6922.5,6922.5
1776137700,6922.5,6922.5,6922.25,6922.25
1776137760,6922.5,6922.5,6922,6922.5
1776137820,6922.5,6922.75,6922.5,6922.5
1776137880,6922.75,6923,6922.5,6922.5
1776137940,6923,6923,6922.5,6922.5
1776138000,6922.75,6923,6922.5,6922.75
1776138060,6923.25,6923.25,6923,6923.25
1776138120,6923,6923.25,6922.75,6923
1776138180,6923.25,6923.25,6923,6923.25
1776138240,6923.25,6923.5,6923,6923.25
1776138300,6923,6923.25,6922.5,6923.25
1776138360,6923,6923.5,6923,6923.25
1776138420,6923.25,6923.5,6923,6923.25
1776138480,6923.25,6923.25,6922.75,6923
1776138540,6923,6923.5,6923,6923.5
1776138600,6923.5,6924,6923.25,6924
1776138660,6924,6924.5,6923.75,6924.25
1776138720,6924,6924.5,6923.75,6924
1776138780,6924,6924.25,6923.75,6923.75
1776138840,6923.75,6924,6923.75,6924
1776138900,6924,6924.5,6923.5,6924.5
1776138960,6924.5,6924.75,6924.25,6924.25
1776139020,6924.5,6924.75,6924.25,6924.5
1776139080,6924.5,6924.75,6924.25,6924.5
1776139140,6924.25,6924.5,6923.75,6924
1776139200,6924,6924,6923.5,6923.75
1776139260,6923.5,6923.75,6923.5,6923.75
1776139320,6924,6924.25,6923.75,6924.25
1776139380,6924.25,6924.25,6924,6924
1776139440,6924,6924.25,6924,6924
1776139500,6924.25,6924.25,6923.75,6923.75
1776139560,6923.75,6924.5,6923.75,6924
1776139620,6924,6924.25,6923.75,6923.75
1776139680,6924,6924.25,6924,6924
1776139740,6924,6924.25,6924,6924.25
1776139800,6924.25,6924.25,6923.5,6923.5
1776139860,6923.5,6924,6923.5,6923.75
1776139920,6923.5,6923.5,6923.5,6923.5
1776139980,6923.5,6923.75,6923.5,6923.75
1776140040,6923.5,6923.5,6923.5,6923.5
1776140100,6923.5,6924.75,6923.5,6924.75
1776140160,6924.75,6925,6924.25,6925
1776140220,6925,6925.75,6924.75,6925.25
1776140280,6925.5,6925.5,6925,6925.5
1776140340,6925,6925.5,6925,6925.25
1776140400,6925,6925.5,6924.75,6925.5
1776140460,6925.25,6925.5,6925.25,6925.25
1776140520,6925.25,6925.5,6925,6925.5
1776140580,6925.75,6925.75,6924.5,6924.5
1776140640,6924.75,6925,6924.75,6925
1776140700,6925,6925.5,6925,6925.25
1776140760,6925.25,6925.5,6925.25,6925.25
1776140820,6925.25,6925.5,6925,6925
1776140880,6925,6925,6924.5,6924.75
1776140940,6925,6925,6924.5,6924.75
1776141000,6924.75,6924.75,6924.5,6924.75
1776141060,6924.75,6924.75,6924.25,6924.5
1776141120,6924.5,6924.75,6924.5,6924.5
1776141180,6924.75,6924.75,6924.5,6924.5
1776141240,6924.75,6924.75,6924.25,6924.5
1776141300,6924.25,6925,6924.25,6924.5
1776141360,6924.5,6925,6924.5,6924.5
1776141420,6924.5,6924.5,6924.25,6924.25
1776141480,6924.25,6924.25,6923.75,6923.75
1776141540,6923.75,6924.25,6923.75,6924
1776141600,6924.25,6924.25,6923.75,6924
1776141660,6924,6924.25,6924,6924
1776141720,6924,6924,6924,6924
1776141780,6924.25,6924.25,6924,6924
1776141840,6924,6924.25,6924,6924.25
1776141900,6924.25,6924.5,6924,6924.25
1776141960,6924.5,6924.75,6924.25,6924.5
1776142020,6924.5,6925.25,6924.5,6925
1776142080,6925,6925.25,6924.75,6925
1776142140,6925,6925.25,6925,6925.25
1776142200,6925.25,6925.25,6925,6925.25
1776142260,6925.25,6925.5,6925,6925
1776142320,6925.5,6925.5,6925.25,6925.5
1776142380,6925.25,6925.5,6925.25,6925.25
1776142440,6925.25,6925.5,6925,6925
1776142500,6925,6925.5,6925,6925.5
1776142560,6925.5,6925.5,6925,6925.25
1776142620,6925.25,6925.25,6925,6925
1776142680,6925,6925.25,6925,6925.25
1776142740,6925.25,6925.5,6925,6925.25
1776142800,6925.5,6925.5,6924.75,6925
1776142860,6924.75,6925,6924.5,6925
1776142920,6924.75,6925,6924.75,6925
1776142980,6925,6925.25,6924.75,6925.25
1776143040,6925.25,6925.25,6925,6925
1776143100,6925,6925,6924.75,6924.75
1776143160,6924.75,6925.25,6924.75,6925.25
1776143220,6925,6925.25,6925,6925.25
1776143280,6925.25,6925.25,6925,6925
1776143340,6925,6925.25,6924.75,6925.25
1776143400,6925,6925.5,6925,6925.25
1776143460,6925.25,6925.25,6925,6925
1776143520,6924.75,6925.25,6924.75,6925.25
1776143580,6925,6925,6925,6925
1776143640,6925,6925.25,6925,6925.25
1776143700,6925.5,6926,6925.25,6925.25
1776143760,6925.5,6925.5,6925,6925.25
1776143820,6925.25,6925.5,6925,6925
1776143880,6925,6925.25,6925,6925.25
1776143940,6925.25,6925.5,6925,6925.25
1776144000,6925.25,6925.5,6925.25,6925.5
1776144060,6925.5,6926,6925.25,6925.75
1776144120,6925.75,6925.75,6925,6925
1776144180,6925,6925,6924,6924.75
1776144240,6924.5,6924.5,6923.75,6923.75
1776144300,6924,6924.25,6923.25,6924
1776144360,6923.75,6924,6923.5,6924
1776144420,6924.25,6924.25,6923.75,6924.25
1776144480,6923.75,6924,6923.25,6924
1776144540,6924,6925,6924,6925
1776144600,6924.75,6924.75,6924,6924.25
1776144660,6924.25,6924.25,6923,6923.25
1776144720,6923,6923.75,6923,6923.25
1776144780,6923.5,6923.5,6922.5,6922.75
1776144840,6923,6923.25,6921.75,6922
1776144900,6922,6922.25,6921.75,6922
1776144960,6922,6922.5,6922,6922
1776145020,6922.5,6922.5,6921.25,6921.5
1776145080,6921.5,6922,6921.5,6921.5
1776145140,6921.75,6922.25,6921.75,6922
1776145200,6922.25,6922.5,6922,6922.5
1776145260,6922.5,6922.75,6922.5,6922.5
1776145320,6922.75,6922.75,6922.25,6922.5
1776145380,6922.5,6923,6922.25,6923
1776145440,6923,6923.25,6922.5,6923
1776145500,6922.5,6923,6922.5,6923
1776145560,6922.75,6923.5,6922.75,6923.5
1776145620,6923.5,6923.75,6923.25,6923.75
1776145680,6923.75,6923.75,6923.25,6923.25
1776145740,6923,6923.5,6923,6923.25
1776145800,6923.25,6923.25,6922.75,6922.75
1776145860,6922.75,6923,6922.5,6922.5
1776145920,6922.5,6922.5,6921.75,6922.5
1776145980,6922.25,6922.25,6921.75,6922
1776146040,6922,6922.5,6922,6922.25
1776146100,6922.5,6922.5,6922.25,6922.25
1776146160,6922.5,6922.5,6922.25,6922.5
1776146220,6922.75,6922.75,6922,6922.25
1776146280,6922.25,6922.5,6922,6922.25
1776146340,6922,6922.25,6921.75,6922
1776146400,6922,6922.5,6921.75,6922.25
1776146460,6922.25,6922.5,6921.75,6922
1776146520,6922,6922.25,6922,6922.25
1776146580,6922.25,6922.75,6922.25,6922.5
1776146640,6922.5,6922.75,6922.25,6922.5
1776146700,6922,6922,6921.5,6922
1776146760,6922.25,6922.5,6921.75,6922.25
1776146820,6922.25,6922.5,6922,6922
1776146880,6922,6922.25,6921.75,6922
1776146940,6922,6922,6921.5,6921.75
1776147000,6921.5,6921.75,6921.25,6921.5
1776147060,6921.5,6921.5,6921,6921.5
1776147120,6921.75,6922.5,6921.25,6922
1776147180,6922.25,6922.25,6921.75,6922
1776147240,6922,6922,6921.5,6921.5
1776147300,6921.5,6921.5,6921,6921
1776147360,6921.25,6921.5,6920.25,6920.25
1776147420,6920.5,6921.5,6920.5,6921.25
1776147480,6921,6921.5,6921,6921.25
1776147540,6921.25,6921.5,6920.75,6921.25
1776147600,6921.25,6922.25,6921.25,6922
1776147660,6922.25,6922.25,6921.75,6922.25
1776147720,6922,6922.25,6921.5,6921.5
1776147780,6921.5,6921.75,6920.75,6921.25
1776147840,6921,6922,6920.75,6921.75
1776147900,6921.75,6921.75,6921.5,6921.5
1776147960,6921.75,6922.25,6921.75,6921.75
1776148020,6922,6922.75,6921.5,6922.5
1776148080,6922.5,6923.5,6922.5,6923.25
1776148140,6923.5,6924,6923.25,6923.25
1776148200,6923.25,6924.5,6923,6923.5
1776148260,6923.25,6923.5,6922.5,6922.75
1776148320,6922.75,6922.75,6922.5,6922.5
1776148380,6922.75,6923.25,6922.5,6923.25
1776148440,6923,6924.5,6923,6924.25
1776148500,6924.25,6925.25,6924.25,6925
1776148560,6924.75,6926,6924.75,6925.25
1776148620,6925.5,6926.75,6925.5,6925.75
1776148680,6926,6926.5,6925.5,6926.5
1776148740,6926.25,6926.75,6926,6926
1776148800,6926,6926.5,6925.5,6926.25
1776148860,6926.25,6927.25,6926.25,6927.25
1776148920,6927.25,6927.5,6926.75,6927
1776148980,6926.75,6927.25,6926.25,6926.75
1776149040,6926.75,6926.75,6926.25,6926.25
1776149100,6926.25,6926.25,6925.75,6926
1776149160,6926,6926.5,6925.25,6926.25
1776149220,6926.25,6926.25,6924.75,6925
1776149280,6925.25,6925.5,6925,6925.25
1776149340,6925.25,6925.5,6924.75,6925
1776149400,6925,6925,6924.5,6924.75
1776149460,6924.75,6925,6924.5,6924.5
1776149520,6924.5,6924.5,6923.5,6923.75
1776149580,6923.75,6924.25,6923.5,6924.25
1776149640,6924.25,6924.25,6923.5,6924
1776149700,6924,6924.25,6923.5,6923.5
1776149760,6923.75,6924.25,6923.75,6924.25
1776149820,6924.25,6925.5,6924,6925.25
1776149880,6925.25,6925.5,6924.75,6925.5
1776149940,6925.5,6926.5,6925.25,6926
1776150000,6926,6926.25,6925,6925.25
1776150060,6925.25,6925.5,6924.5,6924.75
1776150120,6925,6930.25,6924.5,6928.25
1776150180,6927.75,6930,6927,6930
1776150240,6930,6930.75,6929,6929.5
1776150300,6929.5,6933.75,6929.25,6933.75
1776150360,6933.25,6936.5,6931,6931
1776150420,6931.25,6932.75,6931,6932.25
1776150480,6932.5,6935.5,6931.5,6935
1776150540,6935,6936.25,6934.5,6935.5
1776150600,6935.25,6936,6932.75,6933.25
1776150660,6933,6933.75,6931,6932
1776150720,6931.75,6934.25,6931.75,6933.5
1776150780,6933.25,6934.25,6932,6933.75
1776150840,6933.75,6935.25,6932.75,6933.75
1776150900,6933.75,6934.5,6933.25,6933.5
1776150960,6933.5,6933.5,6931.5,6932.25
1776151020,6932.5,6933.75,6932.25,6933
1776151080,6933,6934,6932.75,6933
1776151140,6933,6933.5,6932,6932
1776151200,6932.25,6933,6931.75,6932.75
1776151260,6932.75,6935.5,6932.5,6935.5
1776151320,6935.5,6936,6933.75,6933.75
1776151380,6934,6934.25,6932.75,6932.75
1776151440,6932.75,6933.25,6931.75,6931.75
1776151500,6931.75,6933.5,6931.25,6932.5
1776151560,6932.5,6933.5,6932.5,6933.25
1776151620,6933,6934.75,6933,6934.5
1776151680,6934.5,6934.75,6933.75,6934.75
1776151740,6934.75,6935,6933.75,6933.75
1776151800,6933.75,6938,6933.75,6935.75
1776151860,6935.75,6937.25,6935.5,6936.75
1776151920,6936.75,6937.5,6936,6936.5
1776151980,6936.25,6937.25,6936,6936
1776152040,6936,6936.25,6935,6935.75
1776152100,6935.25,6936,6935,6935.5
1776152160,6935.25,6936.5,6935.25,6936.5
1776152220,6936.25,6936.75,6934.75,6936.75
1776152280,6937,6937.25,6935.75,6936.5
1776152340,6936.75,6937.25,6936,6936.75
1776152400,6936.75,6938.25,6936.75,6937.5
1776152460,6937.5,6937.5,6935,6935
1776152520,6934.75,6935,6933.25,6933.5
1776152580,6933.75,6934.75,6933.5,6934
1776152640,6933.75,6933.75,6932.25,6933.5
1776152700,6933.25,6934.75,6933,6934
1776152760,6934.25,6934.5,6934,6934
1776152820,6934.25,6935,6934.25,6934.5
1776152880,6934.5,6935,6934,6934.75
1776152940,6934.25,6934.5,6933.25,6934
1776153000,6933.75,6933.75,6933.25,6933.75
1776153060,6933.5,6934.25,6933.25,6934
1776153120,6933.75,6933.75,6932,6932.25
1776153180,6932.5,6932.75,6931.25,6932
1776153240,6932,6932.75,6931.75,6932.75
1776153300,6932.5,6933.75,6932.5,6933.75
1776153360,6934,6934.25,6933.5,6933.5
1776153420,6933.75,6934,6933.25,6934
1776153480,6934,6934.25,6933.5,6934
1776153540,6934,6934.25,6933,6933.25
1776153600,6933.25,6934,6932.75,6933.5
1776153660,6933.75,6934.25,6933.25,6933.25
1776153720,6933.25,6933.5,6931.5,6932
1776153780,6932,6933.75,6931.75,6933.5
1776153840,6933.75,6935.75,6933.75,6934.75
1776153900,6934.75,6934.75,6934,6934.25
1776153960,6934.5,6935.75,6934,6935.5
1776154020,6935.5,6935.5,6934.25,6934.75
1776154080,6934.25,6934.5,6933.25,6934.25
1776154140,6934,6934.75,6933.75,6934.5
1776154200,6934,6934.25,6932.75,6933.25
1776154260,6933.25,6937,6933,6934.25
1776154320,6934.25,6935.5,6933.5,6935
1776154380,6934.75,6935.5,6934.5,6934.75
1776154440,6935,6936,6934.75,6935.25
1776154500,6935.5,6937,6935.25,6936.75
1776154560,6936.5,6936.75,6935,6935.75
1776154620,6935.25,6936,6933.5,6933.75
1776154680,6933.5,6935.5,6932.75,6935.5
1776154740,6935.5,6936,6935,6935.5
1776154800,6935.25,6936.25,6935,6936
1776154860,6935.75,6936,6934.75,6935
1776154920,6935.25,6936,6934.5,6936
1776154980,6936,6936.25,6935,6935.25
1776155040,6935,6935.5,6935,6935.5
1776155100,6935.75,6936.75,6935.75,6936.5
1776155160,6936.25,6936.5,6936,6936.25
1776155220,6936,6936.75,6935.75,6936.75
1776155280,6936.75,6937.25,6936.25,6936.5
1776155340,6936.5,6937,6936.5,6937
1776155400,6937,6939,6936.75,6939
1776155460,6938.5,6938.75,6936.25,6937.25
1776155520,6937.25,6938,6936.75,6936.75
1776155580,6936.75,6937,6936.25,6936.5
1776155640,6936.75,6937,6936.25,6937
1776155700,6936.75,6937,6935.5,6935.5
1776155760,6935.5,6936,6934.5,6934.75
1776155820,6934.75,6936.5,6934.5,6936.25
1776155880,6936.25,6936.75,6935.75,6936.25
1776155940,6936.25,6937.25,6936.25,6936.75
1776156000,6937,6937.25,6936.25,6936.75
1776156060,6936.75,6937.25,6936.25,6937
1776156120,6937.25,6938,6936.5,6936.5
1776156180,6936.5,6937,6935.75,6937
1776156240,6936.75,6938.25,6936.75,6937.75
1776156300,6937.75,6938.5,6937.5,6938.5
1776156360,6938.25,6938.75,6938,6938.25
1776156420,6938.25,6938.75,6938,6938.5
1776156480,6938.5,6939.25,6938.25,6939
1776156540,6939,6939.5,6938.75,6938.75
1776156600,6938.75,6939.5,6938.75,6939.25
1776156660,6939.5,6940.5,6939,6939.75
1776156720,6940,6940.25,6939.25,6939.25
1776156780,6939.25,6939.5,6938.25,6938.75
1776156840,6938.75,6940,6938.75,6940
1776156900,6940,6940,6939.25,6939.25
1776156960,6939.25,6939.5,6938.5,6938.75
1776157020,6939.25,6939.75,6938.5,6939.75
1776157080,6939.75,6939.75,6939,6939.25
1776157140,6939.25,6940,6938.75,6940
1776157200,6940,6940.75,6939.75,6940.25
1776157260,6940.5,6942,6940.25,6941.75
1776157320,6941.75,6942.25,6941.5,6941.5
1776157380,6941.75,6942,6941.5,6942
1776157440,6942,6942.25,6941.5,6942
1776157500,6942,6942,6940.75,6941
1776157560,6940.75,6940.75,6939.5,6940.5
1776157620,6940.25,6940.5,6940,6940.25
1776157680,6940,6940.5,6939.5,6940
1776157740,6940.25,6941.5,6940.25,6941.25
1776157800,6941,6941.25,6940.25,6941
1776157860,6941.25,6941.25,6940.25,6940.75
1776157920,6941,6941.25,6940.5,6940.5
1776157980,6940.5,6941.25,6939.5,6941
1776158040,6941,6941,6940.75,6941
1776158100,6941,6941.25,6940.75,6940.75
1776158160,6940.75,6941.5,6940.75,6941.5
1776158220,6941.25,6941.5,6940.75,6941.25
1776158280,6941.5,6941.75,6940.25,6940.5
1776158340,6940.5,6940.75,6939.25,6939.5
1776158400,6939.25,6939.5,6938.75,6939.5
1776158460,6939.25,6939.75,6938.75,6939
1776158520,6938.75,6939,6937.75,6938
1776158580,6938,6939,6938,6939
1776158640,6938.75,6939.5,6938.75,6939
1776158700,6939,6939,6937,6937.25
1776158760,6937.5,6937.5,6936.5,6937
1776158820,6936.75,6938,6936.75,6937.75
1776158880,6938,6938.5,6937.25,6937.5
1776158940,6937.5,6937.5,6937,6937
1776159000,6937,6937,6935.25,6936.25
1776159060,6936.25,6936.5,6935.25,6935.25
1776159120,6935.5,6936,6935.5,6936
1776159180,6936.25,6936.75,6934.25,6935.5
1776159240,6935.5,6935.5,6934.75,6935.5
1776159300,6935.25,6935.5,6935,6935
1776159360,6935,6936,6934.75,6935.5
1776159420,6935.5,6935.75,6935.25,6935.25
1776159480,6935.5,6936,6935.5,6936
1776159540,6935.75,6936,6935.25,6935.75
1776159600,6935.75,6936.25,6935.5,6936.25
1776159660,6936,6936.25,6934.75,6934.75
1776159720,6935,6935,6934.25,6934.75
1776159780,6934.75,6934.75,6933.75,6934.25
1776159840,6934.5,6935,6934.25,6934.5
1776159900,6934.5,6934.75,6933.75,6934
1776159960,6934,6934.25,6933,6933.5
1776160020,6933.5,6933.75,6933.25,6933.5
1776160080,6933.5,6933.75,6933,6933.25
1776160140,6933.25,6933.5,6932.5,6933
1776160200,6933.25,6934.5,6933,6933.75
1776160260,6933.75,6934.25,6933.5,6934
1776160320,6933.75,6934,6933.5,6933.75
1776160380,6934,6934.5,6933.75,6933.75
1776160440,6933.75,6934,6932.75,6933.5
1776160500,6933.5,6933.75,6932.75,6933.5
1776160560,6933.75,6934.25,6933.75,6934.25
1776160620,6934.25,6934.25,6933,6933
1776160680,6933.25,6933.75,6932.5,6933.5
1776160740,6933.5,6934.25,6933.25,6933.25
1776160800,6933.5,6934,6933.25,6933.25
1776160860,6933.5,6934,6933.25,6933.5
1776160920,6933.75,6934,6931.25,6932.5
1776160980,6932.5,6933,6932.25,6932.25
1776161040,6932.5,6933.75,6932.5,6933.75
1776161100,6933.75,6935,6933.75,6935
1776161160,6934.75,6935,6934.5,6934.75
1776161220,6934.5,6936,6934.5,6936
1776161280,6935.75,6936.25,6935.5,6935.5
1776161340,6935.5,6936.75,6935.5,6936
1776161400,6936.25,6936.75,6936,6936.25
1776161460,6936,6936,6935.25,6935.5
1776161520,6935.25,6935.75,6934.75,6935.5
1776161580,6935.75,6936.25,6935.25,6935.5
1776161640,6935.5,6936.25,6935.25,6935.75
1776161700,6935.75,6936.25,6935.25,6936.25
1776161760,6936,6936.5,6935.75,6936.25
1776161820,6936.25,6936.5,6935.25,6935.75
1776161880,6935.75,6936.25,6935.5,6935.75
1776161940,6935.75,6937.25,6935.75,6937
1776162000,6936.75,6936.75,6935.25,6935.75
1776162060,6936,6936,6934.75,6935.25
1776162120,6935.5,6936,6935,6936
1776162180,6936.25,6936.5,6935.5,6936
1776162240,6936,6936.5,6935.75,6936.5
1776162300,6936.25,6936.25,6935.5,6935.5
1776162360,6935.5,6936,6934.75,6935
1776162420,6935,6935.5,6935,6935.5
1776162480,6935.25,6936,6935.25,6935.75
1776162540,6935.5,6935.5,6933.5,6935.25
1776162600,6935.25,6935.5,6934.5,6935.5
1776162660,6935.75,6935.75,6934.75,6935
1776162720,6935.25,6936,6934.5,6934.5
1776162780,6934.5,6934.5,6932.75,6933.75
1776162840,6934,6935.5,6933.25,6933.75
1776162900,6934.25,6936.5,6934,6935.5
1776162960,6935.5,6936.25,6934.25,6934.25
1776163020,6934.25,6934.75,6932.5,6933.5
1776163080,6933.5,6933.75,6929.75,6930.5
1776163140,6930.25,6930.75,6929.25,6929.5
1776163200,6929.5,6931.25,6929.25,6930.75
1776163260,6930.5,6931.25,6930,6930
1776163320,6930,6930.25,6928.75,6929.75
1776163380,6929.75,6930.25,6928.75,6928.75
1776163440,6928.5,6928.75,6928,6928.75
1776163500,6928.5,6930.5,6928,6930
1776163560,6930.5,6931,6929.75,6929.75
1776163620,6930,6930,6928.75,6928.75
1776163680,6929,6929.25,6928.25,6928.75
1776163740,6928.75,6930.75,6928.75,6930.5
1776163800,6930.5,6930.75,6929.75,6930.5
1776163860,6930.75,6931.25,6930.5,6931
1776163920,6931.25,6932,6931,6932
1776163980,6931.75,6931.75,6930.75,6931.25
1776164040,6931,6931.75,6930.5,6931.75
1776164100,6931.5,6932,6931,6931.75
1776164160,6932,6932,6931.5,6931.5
1776164220,6931.25,6931.75,6931.25,6931.5
1776164280,6931.75,6932,6931,6931
1776164340,6931,6931.25,6929.25,6929.25
1776164400,6929.25,6930,6928,6930
1776164460,6929.75,6930.25,6929.25,6929.75
1776164520,6929.75,6931,6929.75,6931
1776164580,6930.75,6930.75,6929.75,6930
1776164640,6930,6930.5,6929.5,6930.5
1776164700,6930.25,6931,6930.25,6930.75
1776164760,6930.5,6931.5,6930.5,6931.5
1776164820,6931.5,6931.75,6930.25,6930.5
1776164880,6930.25,6931.25,6930.25,6931
1776164940,6931,6931,6929.75,6930.75
1776165000,6931,6932.25,6931,6931.75
1776165060,6931.75,6932.25,6931.25,6932.25
1776165120,6932,6932.25,6931.75,6932
1776165180,6932,6933,6931.5,6932
1776165240,6932,6932.25,6931.5,6931.5
1776165300,6931.5,6932.5,6931.5,6932.25
1776165360,6932,6933.25,6931.75,6932.75
1776165420,6932.75,6933.25,6932,6932
1776165480,6931.75,6933,6931.75,6932.75
1776165540,6933,6933.75,6932.75,6933.75
1776165600,6933.75,6935.5,6933.75,6935
1776165660,6934.75,6935,6934,6934.5
1776165720,6934.5,6934.75,6934,6934.75
1776165780,6934.5,6935.25,6934,6935.25
1776165840,6935.25,6936.25,6935,6935.75
1776165900,6936,6936,6935,6936
1776165960,6936,6937,6935.75,6936.5
1776166020,6936.25,6936.5,6935.5,6935.75
1776166080,6935.75,6936.75,6935.75,6936.75
1776166140,6936.5,6936.75,6935.75,6936.25
1776166200,6936.5,6937.5,6935.75,6936.5
1776166260,6936.75,6937,6936.25,6936.5
1776166320,6936.5,6936.5,6935.25,6935.5
1776166380,6935.5,6936,6935,6935
1776166440,6935.25,6935.5,6934.25,6935.5
1776166500,6935.25,6936,6935.25,6935.5
1776166560,6935.75,6936.25,6935.75,6935.75
1776166620,6936,6936,6935.25,6935.75
1776166680,6935.75,6936,6935.5,6935.5
1776166740,6935.75,6936.75,6935.5,6936.75
1776166800,6936.75,6937.25,6936,6936.5
1776166860,6936.75,6937,6936.25,6936.25
1776166920,6936,6936.75,6936,6936.25
1776166980,6936.25,6936.5,6935.25,6935.75
1776167040,6936,6936,6935.25,6935.5
1776167100,6935.5,6935.75,6935.25,6935.5
1776167160,6935.5,6936.25,6935.25,6935.25
1776167220,6935.25,6935.75,6934.5,6935.5
1776167280,6935.75,6938,6935.75,6936.5
1776167340,6936.5,6936.75,6936,6936.25
1776167400,6936.25,6937.75,6936.25,6936.5
1776167460,6936.5,6937,6936.25,6937
1776167520,6937,6937,6936.25,6936.75
1776167580,6936.5,6937.5,6936.25,6937
1776167640,6937,6937.25,6936.25,6936.5
1776167700,6936.25,6936.5,6935.5,6936
1776167760,6935.75,6936.25,6935.5,6936.25
1776167820,6936,6945.25,6934.75,6943
1776167880,6943,6944.25,6939.25,6941.25
1776167940,6941.25,6941.25,6938.25,6939
1776168000,6939.25,6941.75,6938.75,6941.25
1776168060,6941.25,6941.5,6940.25,6940.5
1776168120,6940.75,6942,6940.25,6942
1776168180,6941.75,6942.75,6941.5,6941.75
1776168240,6942,6942,6940.25,6941.5
1776168300,6941,6942.75,6940.75,6942
1776168360,6942,6942,6940,6941
1776168420,6941.25,6941.25,6940.75,6941
1776168480,6941,6942.25,6941,6941.75
1776168540,6942,6942,6941.25,6941.75
1776168600,6941.75,6944.75,6941.75,6942.75
1776168660,6943.25,6943.25,6941,6941.5
1776168720,6941.5,6942,6940,6940.25
1776168780,6940.25,6941,6940,6940.5
1776168840,6940.5,6940.75,6939.5,6940.5
1776168900,6940.5,6941,6939.75,6940.5
1776168960,6940.25,6941.75,6940,6941.5
1776169020,6941.5,6942.75,6941,6942.25
1776169080,6942.5,6942.75,6941.75,6942.75
1776169140,6942.75,6942.75,6941.75,6942.5
1776169200,6942.5,6942.5,6939.75,6940.25
1776169260,6940,6940.25,6939.25,6939.5
1776169320,6939.5,6940.25,6938.25,6938.5
1776169380,6938.25,6940.25,6938.25,6939.75
1776169440,6939.75,6939.75,6937.5,6937.5
1776169500,6937.5,6939,6937.25,6938.25
1776169560,6938.25,6943,6938.25,6942.25
1776169620,6942,6944,6941.75,6942.75
1776169680,6942.75,6943.5,6942.25,6943
1776169740,6943,6949,6942.75,6943.25
1776169800,6943.25,6949.75,6941.25,6942.25
1776169860,6942,6942,6939,6940.75
1776169920,6940.75,6942,6940,6941.75
1776169980,6941.5,6941.75,6939.75,6941
1776170040,6941,6942,6940.5,6941.5
1776170100,6941.5,6942.5,6941.25,6941.5
1776170160,6941.25,6942.25,6940,6940.75
1776170220,6940.5,6941,6939.5,6939.5
1776170280,6939.75,6942.5,6939.5,6941
1776170340,6941,6942,6941,6941.5
1776170400,6941.5,6943.25,6941.25,6942.25
1776170460,6942,6942.75,6941.5,6942.5
1776170520,6942,6942,6940.75,6941
1776170580,6941,6942,6940.25,6940.25
1776170640,6940.25,6941.25,6940,6940.75
1776170700,6941,6941.25,6940.5,6940.5
1776170760,6940.5,6940.5,6939.25,6939.75
1776170820,6940,6940.25,6939.5,6940
1776170880,6940,6940.5,6939.5,6939.75
1776170940,6940,6940.75,6939.75,6940.5
1776171000,6940.25,6941,6938.75,6939.25
1776171060,6939.5,6940,6938.75,6939
1776171120,6938.75,6939,6937.5,6938
1776171180,6938.25,6938.75,6937,6937.25
1776171240,6937.25,6938.5,6936.5,6938.25
1776171300,6938.5,6939,6937.25,6938.75
1776171360,6938.75,6939.25,6938,6938.75
1776171420,6938.5,6939,6938,6938.5
1776171480,6938.5,6939,6938.25,6938.75
1776171540,6939,6940.25,6938.75,6940
1776171600,6939.75,6940,6938.25,6938.75
1776171660,6939,6939,6937.25,6937.5
1776171720,6937.5,6938.5,6937.5,6937.5
1776171780,6937.75,6939.25,6937,6939.25
1776171840,6939,6939.25,6938.25,6938.75
1776171900,6938.75,6939,6937.5,6938
1776171960,6937.75,6938.75,6937.5,6938.75
1776172020,6939,6939.25,6937.75,6937.75
1776172080,6937.75,6938.25,6937.25,6938.25
1776172140,6938,6938.25,6937.75,6938
1776172200,6937.75,6939.5,6937.5,6939.25
1776172260,6939.25,6939.5,6938.75,6939.25
1776172320,6939,6940,6938.5,6940
1776172380,6939.75,6940.5,6939.25,6940
1776172440,6940.25,6941.5,6940,6940.25
1776172500,6940,6941.75,6940,6941.25
1776172560,6941.5,6941.5,6940.75,6941.5
1776172620,6941.25,6942.5,6941.25,6942.25
1776172680,6942.25,6942.75,6942,6942.25
1776172740,6942,6942.5,6941.25,6941.75
1776172800,6942,6942,6941.25,6941.25
1776172860,6941.5,6941.75,6939.5,6940.25
1776172920,6939.75,6941,6939.75,6940.5
1776172980,6940.5,6942.25,6940.5,6941.75
1776173040,6942,6942.25,6941.25,6941.25
1776173100,6941.5,6941.75,6940,6940.25
1776173160,6940.5,6940.75,6938.5,6939
1776173220,6939,6939.25,6937.75,6937.75
1776173280,6937.75,6940,6937.75,6939.75
1776173340,6939.5,6939.5,6937.5,6937.75
1776173400,6938,6946.25,6937.75,6941.25
1776173460,6941.25,6943.5,6939.75,6943.25
1776173520,6943.25,6945.25,6941.75,6942.5
1776173580,6942.75,6946.25,6942.25,6946.25
1776173640,6946,6947.5,6945.25,6945.75
1776173700,6945.75,6950,6945.25,6950
1776173760,6950,6951.5,6948.25,6950.25
1776173820,6950.25,6954.25,6948.75,6953.75
1776173880,6953.75,6954.75,6952.25,6954.5
1776173940,6954.5,6954.75,6950.75,6951.5
1776174000,6951.5,6954.25,6951,6952.75
1776174060,6953,6955,6952,6954.25
1776174120,6954.5,6958.5,6953.75,6958.25
1776174180,6958,6959.75,6957,6959.5
1776174240,6959.75,6961.25,6958.75,6960
1776174300,6959.75,6960.25,6957,6958.25
1776174360,6958.25,6960.25,6957.75,6958.75
1776174420,6958.5,6959.25,6956,6956.75
1776174480,6956.75,6958.75,6955.75,6957.25
1776174540,6957.5,6959.75,6955,6959
1776174600,6959.25,6959.75,6957,6957.25
1776174660,6957.5,6960,6957,6959.75
1776174720,6959.5,6959.75,6957.25,6959
1776174780,6959,6959.25,6957,6958.25
1776174840,6958,6958,6956,6957.5
1776174900,6957.25,6957.75,6956,6957
1776174960,6957.25,6959.25,6956.5,6959.25
1776175020,6959.25,6959.25,6956.5,6957
1776175080,6957.25,6957.5,6955.75,6956.75
1776175140,6956.75,6957.5,6955.75,6956.5
1776175200,6956.5,6958.25,6956,6958
1776175260,6958,6959.75,6956.5,6958.25
1776175320,6958.25,6960,6957.25,6959.75
1776175380,6959.5,6960,6958,6959
1776175440,6959,6959,6956.5,6958.25
1776175500,6958.25,6959.75,6957.5,6959.75
1776175560,6960,6963,6959.25,6961.75
1776175620,6961.75,6963,6960.5,6962.5
1776175680,6962.5,6963.25,6961.5,6963
1776175740,6963,6966,6962.75,6965.5
1776175800,6965.75,6965.75,6963.25,6965.75
1776175860,6965.75,6967,6964,6966.25
1776175920,6966,6966.25,6964,6965.25
1776175980,6965.5,6969,6965,6968.5
1776176040,6968.5,6971,6968.25,6970.75
1776176100,6970.5,6971,6968.75,6970
1776176160,6969.75,6971.25,6968.75,6971.25
1776176220,6971.25,6972.25,6969.75,6970.75
1776176280,6970.5,6970.75,6967.5,6969
1776176340,6969,6969.5,6967.75,6968.25
1776176400,6968.5,6970.5,6968.25,6970.25
1776176460,6970,6971.75,6969.75,6971.5
1776176520,6971.25,6972,6970.5,6970.75
1776176580,6970.75,6971,6969,6969
1776176640,6969,6970.5,6969,6969.5
1776176700,6969.5,6970.25,6968,6968.5
1776176760,6968.75,6970.25,6968.25,6970.25
1776176820,6970.25,6970.75,6969.25,6969.75
1776176880,6969.75,6972,6969.5,6971
1776176940,6971.25,6972,6970.75,6971.75
1776177000,6971.75,6972,6969.75,6971.5
1776177060,6971.5,6972,6970.5,6971.25
1776177120,6971.25,6972,6971,6971
1776177180,6971,6971.5,6970,6970.5
1776177240,6970.5,6971.25,6969.75,6970.5
1776177300,6970.5,6975.5,6970,6974.5
1776177360,6974.75,6975,6972.75,6974.5
1776177420,6974.25,6975.75,6973.75,6975.25
1776177480,6975.25,6975.5,6971,6972
1776177540,6972,6972.5,6968.25,6970
1776177600,6969.75,6970.25,6968.25,6968.25
1776177660,6968.5,6971.5,6967.75,6970.75
1776177720,6971,6971.5,6970,6970.25
1776177780,6970.25,6971.75,6970.25,6971.5
1776177840,6971.75,6971.75,6970.25,6970.5
1776177900,6970.5,6972.5,6970.25,6972
1776177960,6972.25,6974.75,6972,6974
1776178020,6974,6975.5,6973.75,6974.5
1776178080,6974.75,6974.75,6974,6974.25
1776178140,6974.5,6976.75,6974.5,6975
1776178200,6975.25,6975.25,6973.25,6973.5
1776178260,6973.75,6975.25,6972.5,6975.25
1776178320,6975,6977.25,6974.75,6976.5
1776178380,6976.25,6977.5,6976,6976.5
1776178440,6976.5,6979,6976.25,6978.5
1776178500,6978.5,6978.75,6977.75,6978.25
1776178560,6978.5,6978.5,6976.5,6977.25
1776178620,6977.25,6978,6977,6977.75
1776178680,6977.5,6978.25,6976.5,6978.25
1776178740,6978.25,6978.25,6977,6977.25
1776178800,6977,6977.5,6975.75,6976.25
1776178860,6976.25,6977.5,6976,6977.25
1776178920,6977.5,6977.75,6975.25,6976
1776178980,6976,6977.5,6975.75,6976.75
1776179040,6976.75,6977,6974.25,6974.5
1776179100,6974.5,6974.75,6972.75,6973.75
1776179160,6974,6974.25,6970.75,6972.25
1776179220,6972.25,6974.75,6971.75,6973
1776179280,6973,6973.75,6972.5,6973
1776179340,6973,6973.25,6971.25,6971.75
1776179400,6971.75,6972.5,6971,6972
1776179460,6972,6973.5,6971.75,6972.75
1776179520,6973,6973,6971,6971.25
1776179580,6971.25,6973.5,6970.75,6973.5
1776179640,6973.5,6973.5,6971.5,6971.5
1776179700,6971.5,6974.5,6971,6974.25
1776179760,6974.25,6974.75,6973.5,6974
1776179820,6974.25,6975.25,6973.75,6975
1776179880,6975,6975.5,6974.25,6974.75
1776179940,6974.75,6979.25,6974.25,6977.75
1776180000,6978,6981.25,6976.75,6980
1776180060,6979.75,6982,6979.75,6981.5
1776180120,6981.25,6982.5,6980.25,6980.25
1776180180,6980.5,6982.5,6979.75,6982.25
1776180240,6982.25,6982.25,6980.75,6981.5
1776180300,6981.5,6984.75,6981.25,6983.75
1776180360,6984,6986.75,6983.75,6986.25
1776180420,6986.25,6986.75,6985.25,6985.5
1776180480,6985.25,6986.5,6985.25,6986
1776180540,6986,6986.5,6984.5,6985
1776180600,6984.75,6987,6984.5,6986.5
1776180660,6986.25,6988,6985.75,6987.75
1776180720,6987.75,6988.5,6986.75,6987.5
1776180780,6987.5,6987.5,6986,6986.25
1776180840,6986,6987.5,6986,6986.75
1776180900,6986.75,6988,6986.5,6987.75
1776180960,6987.75,6988.25,6987.25,6988
1776181020,6988,6988.75,6987.5,6988
1776181080,6987.75,6989,6987.25,6988.5
1776181140,6988.75,6989.75,6988.5,6989
1776181200,6988.75,6989.5,6987.75,6988.5
1776181260,6988.5,6988.5,6986.75,6987.5
1776181320,6987.5,6989.25,6987,6989
1776181380,6988.75,6993.75,6988.5,6989.5
1776181440,6989.5,6991,6988.25,6990.25
1776181500,6990.5,6992.5,6990.25,6991.75
1776181560,6992,6993,6991.75,6992.5
1776181620,6992.5,6992.5,6991.25,6991.5
1776181680,6991.5,6992.75,6991.25,6992
1776181740,6992,6992.25,6991,6991.25
1776181800,6991.25,6992.75,6991.25,6992.75
1776181860,6992.75,6995,6992.5,6994.5
1776181920,6994.5,6994.5,6993.5,6993.75
1776181980,6993.75,6994.75,6993,6994.25
1776182040,6994.25,6995.25,6993.75,6994
1776182100,6994.25,6994.75,6992.75,6993.5
1776182160,6993.5,6994,6992.75,6993.5
1776182220,6993.25,6993.5,6992,6992
1776182280,6992.25,6992.5,6991,6991
1776182340,6991,6991.5,6990,6990.5
1776182400,6990.5,6992,6990,6990.75
1776182460,6990.75,6991.25,6989.75,6990.75
1776182520,6990.75,6992.75,6990.75,6992.5
1776182580,6992.5,6993.5,6992,6993
1776182640,6993,6993.75,6992.5,6992.75
1776182700,6992.75,6993.5,6991.75,6992.25
1776182760,6992.25,6993,6991.25,6991.5
1776182820,6991.25,6993.5,6991,6992.75
1776182880,6992.75,6993,6991.5,6992
1776182940,6992.25,6992.75,6991.75,6992.5
1776183000,6992.5,6993.75,6992.25,6992.25
1776183060,6992.5,6992.75,6991.75,6992
1776183120,6992,6992.25,6991,6991.5
1776183180,6991.5,6992,6990.75,6991
1776183240,6991.25,6992.25,6991,6992.25
1776183300,6992.25,6993,6991.5,6991.75
1776183360,6992,6992.75,6991.75,6992.25
1776183420,6992,6993.75,6992,6992.75
1776183480,6992.75,6994.75,6992.5,6993.75
1776183540,6993.75,6995,6993.25,6994.75
1776183600,6995,6996.75,6994.25,6996.25
1776183660,6996,6996.25,6995,6995.5
1776183720,6995.25,6995.75,6993.75,6995.5
1776183780,6995.75,6997.25,6995.5,6996.5
1776183840,6996.5,6997,6996,6996.75
1776183900,6997,6997.75,6996.5,6996.75
1776183960,6997,6998.25,6997,6998
1776184020,6997.75,6999.25,6997.5,6998.25
1776184080,6998.25,6999,6997.75,6999
1776184140,6999,6999.25,6997.75,6998
1776184200,6998,6999.5,6997.75,6999
1776184260,6999.25,6999.25,6997,6997
1776184320,6997,6997.5,6995.75,6995.75
1776184380,6996,6996.25,6994.75,6995.75
1776184440,6995.75,6996,6994.75,6995
1776184500,6995,6995.75,6994,6994.25
1776184560,6994.25,6995.25,6993.75,6995.25
1776184620,6995.25,6996.5,6994.75,6996.5
1776184680,6996.5,6996.75,6995.5,6996
1776184740,6996,6996.75,6995.5,6996
1776184800,6995.75,6997.25,6995.75,6997
1776184860,6997,6997,6995.25,6995.5
1776184920,6995.5,6996.75,6994.75,6996.25
1776184980,6996.5,6996.75,6996,6996.25
1776185040,6996.25,6997,6995.75,6997
1776185100,6996.75,6997.5,6996.25,6996.5
1776185160,6996.75,6996.75,6995.75,6996.5
1776185220,6996.25,6997,6996.25,6996.5
1776185280,6996.75,6997.25,6996.5,6996.5
1776185340,6996.75,6998.5,6996.75,6998
1776185400,6998,6998.5,6996.75,6997.25
1776185460,6997,6997,6994.5,6995.5
1776185520,6995.75,6996.25,6994.75,6995
1776185580,6995.25,6995.25,6993.25,6993.25
1776185640,6993.25,6994,6992.75,6993
1776185700,6993,6993.5,6991.25,6991.75
1776185760,6991.5,6991.75,6990.25,6990.25
1776185820,6990.25,6991.5,6990.25,6990.75
1776185880,6990.5,6991.5,6990.25,6990.75
1776185940,6990.75,6991.5,6990,6991.25
1776186000,6991.5,6992.75,6991.25,6992
1776186060,6992,6993.5,6991.75,6993
1776186120,6993,6994,6992.75,6993.5
1776186180,6993.75,6994.75,6993.5,6994.25
1776186240,6994.25,6994.75,6993.25,6993.25
1776186300,6993.25,6995.75,6993,6995
1776186360,6995,6995.75,6994.25,6994.5
1776186420,6994.5,6994.75,6992.5,6992.5
1776186480,6992.75,6993.75,6992.5,6993.5
1776186540,6993.5,6994.5,6993,6993.25
1776186600,6993.25,6994.5,6993.25,6993.75
1776186660,6993.5,6994.75,6992.75,6994.5
1776186720,6994.5,6994.75,6993.75,6994.5
1776186780,6994.25,6995,6994.25,6994.75
1776186840,6994.5,6994.75,6994,6994
1776186900,6994.25,6995.5,6994,6994.75
1776186960,6994.75,6996.25,6994.5,6996.25
1776187020,6996.25,6997,6995.75,6996.75
1776187080,6996.75,6997.5,6996.25,6997
1776187140,6996.75,6999,6996.75,6999
1776187200,6998.75,7000,6998.5,6999
1776187260,6999,7000,6998.75,6999.75
1776187320,6999.75,7001.5,6999.75,7001.25
1776187380,7001.25,7001.75,7000.25,7001.5
1776187440,7001.5,7002.5,7000.75,7001
1776187500,7001.25,7001.5,6999,6999.75
1776187560,6999.5,7000.5,6998.75,6999
1776187620,6999,7000,6998.75,6999.5
1776187680,6999.5,6999.5,6998.5,6999.25
1776187740,6999,7000,6998.75,6999.5
1776187800,6999.5,7000.75,6999.25,6999.75
1776187860,7000,7001.25,6999.75,7001.25
1776187920,7001.25,7002,7001,7001.75
1776187980,7002,7003.25,7001.5,7002.25
1776188040,7002.25,7002.5,7001.5,7002.25
1776188100,7001.75,7003,7001,7001.25
1776188160,7001.5,7001.75,7000.25,7001.5
1776188220,7001.25,7002.5,7000.25,7001.75
1776188280,7002,7002.25,7001.75,7002
1776188340,7002,7002.25,7001,7001.5
1776188400,7001.25,7001.75,7000.5,7000.5
1776188460,7000.75,7002.25,7000.75,7002
1776188520,7001.75,7002.75,7001.25,7002.5
1776188580,7002.5,7002.75,7001.75,7001.75
1776188640,7001.75,7002.75,7001.5,7002
1776188700,7002,7002.75,7001.75,7002.25
1776188760,7002.25,7002.5,7000.75,7001.5
1776188820,7001.75,7002.25,7001.5,7001.75
1776188880,7001.75,7002.5,7001.5,7002
1776188940,7002,7002,7001.25,7001.75
1776189000,7002,7002.5,7001.5,7002
1776189060,7002,7002.5,7000.75,7000.75
1776189120,7001,7001.25,7000,7000
1776189180,7000.25,7000.25,6998,6998.75
1776189240,6999,6999.5,6997.75,6998.75
1776189300,6999,6999.75,6998.75,6999.5
1776189360,6999.5,6999.5,6997.75,6998.5
1776189420,6998.75,6999.5,6998.25,6998.75
1776189480,6999,6999.5,6998.5,6999
1776189540,6998.75,6999.75,6998.75,6999.25
1776189600,6999.5,7000.75,6999,7000.75
1776189660,7000.75,7001.5,7000.5,7001
1776189720,7001,7001.5,7000.5,7000.5
1776189780,7000.75,7001.5,7000,7000.25
1776189840,7000.5,7000.75,6999.75,7000.5
1776189900,7000.5,7000.75,7000,7000.25
1776189960,7000.25,7000.75,6999,6999.5
1776190020,6999.25,7000,6998.75,6999.5
1776190080,6999.25,7000,6999,6999.25
1776190140,6999.25,7000.75,6999,7000.5
1776190200,7000.5,7000.5,6998.5,6998.75
1776190260,6998.75,6998.75,6997.75,6998
1776190320,6998,6998.75,6997.5,6997.5
1776190380,6997.75,6999,6997,6998.5
1776190440,6998.75,6999,6997,6997.25
1776190500,6997.25,6997.75,6996.5,6996.5
1776190560,6996.75,6997.25,6995.5,6995.5
1776190620,6995.5,6996,6994,6994.25
1776190680,6994.25,6994.75,6993.75,6994
1776190740,6994,6994.25,6989.25,6991.5
1776190800,6991.75,6993.5,6989,6989
1776190860,6989,6989.5,6985,6988.5
1776190920,6988.25,6990.5,6987.25,6987.5
1776190980,6987.75,6988.25,6986,6986.75
1776191040,6986.75,6987.75,6984,6985.25
1776191100,6985.25,6988.25,6983.25,6987.5
1776191160,6987.5,6990,6987.25,6989
1776191220,6989,6990.75,6988.75,6989.75
1776191280,6989.5,6990,6987.75,6988.75
1776191340,6988.25,6988.75,6987.25,6988
1776191400,6988.25,6989.25,6987.25,6988.75
1776191460,6989,6989.75,6988,6988.5
1776191520,6988.5,6990.5,6988.25,6989.75
1776191580,6990,6990.25,6989,6989.25
1776191640,6989.25,6989.5,6988,6988.5
1776191700,6988.75,6990,6988.5,6990
1776191760,6990,6991.75,6989.75,6991
1776191820,6991,6991.75,6990.5,6991.5
1776191880,6991.5,6992.5,6990.5,6990.75
1776191940,6991,6992,6990.75,6991.75
1776192000,6991.75,6994,6991.5,6993.5
1776192060,6993.25,6993.25,6991.25,6991.5
1776192120,6991.5,6991.75,6988.5,6988.75
1776192180,6989,6990.25,6989,6989
1776192240,6989,6989,6987,6988
1776192300,6987.75,6990,6987,6988.75
1776192360,6988.75,6989.25,6986.75,6987.5
1776192420,6987.5,6988.25,6986.5,6986.75
1776192480,6986.75,6987,6985,6986
1776192540,6986.25,6986.75,6985.5,6985.75
1776192600,6986,6987.25,6985.5,6985.75
1776192660,6985.5,6987,6985.25,6987
1776192720,6987.25,6988.75,6987,6988.25
1776192780,6988.25,6988.25,6987,6987.5
1776192840,6987.75,6989.5,6987.5,6988.25
1776192900,6988,6989,6988,6988.25
1776192960,6988.5,6989.5,6988,6988
1776193020,6988,6988.75,6987.5,6988
1776193080,6988,6988.75,6987.75,6988.5
1776193140,6988.25,6990,6988,6989.5
1776193200,6989.5,6991.25,6988.75,6990.5
1776193260,6990.75,6992.25,6989.5,6991.5
1776193320,6991.5,6992.25,6991.25,6991.75
1776193380,6992,6995,6991.5,6993.75
1776193440,6993.5,6994.5,6992.25,6994
1776193500,6994,6996.25,6993.75,6995.75
1776193560,6995.5,6996.75,6994.75,6995
1776193620,6995,6996.25,6994.5,6995.75
1776193680,6996,6996,6995,6995.5
1776193740,6995.25,6995.75,6994.25,6995.75
1776193800,6995.75,6996.75,6994.75,6996.75
1776193860,6996.75,6999,6996.5,6999
1776193920,6999,6999.75,6997.25,6998.25
1776193980,6998.25,6998.25,6997,6997.25
1776194040,6997.25,6997.75,6996.75,6997
1776194100,6997,6998.75,6996.75,6998.25
1776194160,6998.25,7000,6998.25,6999.5
1776194220,6999.5,7000.5,6999,6999.25
1776194280,6999,6999.25,6998.75,6999
1776194340,6998.75,6998.75,6997.75,6998.5
1776194400,6998.5,7000.25,6998.25,7000
1776194460,7000,7001.75,6999.75,7001.25
1776194520,7001.25,7001.75,7000.75,7001.25
1776194580,7001.25,7002.5,7000.5,7002.25
1776194640,7002.25,7003.25,7002,7003
1776194700,7002.75,7004.5,7002.5,7003.5
1776194760,7003.5,7004.25,7002.75,7003.5
1776194820,7003.5,7004.5,7003,7003.75
1776194880,7003.75,7004.5,7003,7003.5
1776194940,7003.5,7005,7003.25,7004.75
1776195000,7004.75,7005,7003.75,7004.25
1776195060,7004.25,7007,7004,7006.25
1776195120,7006.5,7008.25,7006.25,7006.75
1776195180,7006.75,7007,7005.25,7005.5
1776195240,7005.5,7005.5,7001.5,7001.75
1776195300,7002,7002,6999.25,6999.5
1776195360,6999.5,7002.5,6999.25,7002.25
1776195420,7002.25,7004,7002,7003.25
1776195480,7003,7004.5,7003,7003.75
1776195540,7003.75,7006.25,7003.75,7005.5
1776195600,7005.5,7006,7003.25,7003.75
1776195660,7003.75,7004.25,7001.25,7002.25
1776195720,7002.25,7002.5,7001,7001.25
1776195780,7001.25,7002.5,7000.5,7002
1776195840,7002.25,7004.25,7002,7002.75
1776195900,7002.75,7004,7002,7002.75
1776195960,7002.75,7002.75,7001,7001.5
1776196020,7001.75,7001.75,7000.25,7001.25
1776196080,7001,7002.5,7000.75,7002.5
1776196140,7002.25,7002.75,7001,7002.5
1776196200,7002.5,7006,7000.75,7000.75
1776196260,7000.75,7001,6997.5,6999.5
1776196320,6999.5,7001.5,6999.25,6999.5
1776196380,6999.5,7001.75,6998.25,6998.5
1776196440,6998.5,7001.5,6997,6997.5
1776196500,6997.75,7001.5,6997.75,7000.75
1776196560,7000.75,7002.75,7000.25,7002.5
1776196620,7002.5,7003.5,7001.5,7002.5
1776196680,7002.25,7004.5,7002,7004.25
1776196740,7004.25,7006.75,7003.5,7006.25
1776196800,7006,7007.25,7003.75,7003.75
1776196860,7004,7004.25,7001.25,7001.25
1776196920,7001.5,7003,7000.75,7002.75
1776196980,7002.5,7003.25,7000.5,7001
1776197040,7001,7001.25,7000.5,7000.75
1776197100,7000.75,7001.5,7000.5,7000.75
1776197160,7000.75,7001.75,7000.5,7001.25
1776197220,7001.25,7001.75,7001,7001.5
1776197280,7001.5,7002.5,7001,7002.25
1776197340,7002,7002.75,7001,7001.25
1776197400,7001.25,7001.75,7000.5,7001
1776197460,7001,7001.75,7000.75,7001.25
1776197520,7001.5,7002.25,7001.25,7002
1776197580,7002,7003,7002,7002.5
1776197640,7002.25,7003.25,7002,7003
1776197700,7003,7003.5,7002.75,7003.25
1776197760,7003.5,7004.25,7003.25,7004
1776197820,7004,7004.75,7003.75,7004.25
1776197880,7004.5,7004.5,7003.5,7003.75
1776197940,7003.75,7004.75,7003.75,7004.25
1776198000,7004.5,7005.25,7004.25,7005
1776198060,7005.25,7005.5,7005,7005.25
1776198120,7005,7005.25,7004.5,7004.75
1776198180,7004.75,7005.5,7004.5,7005
1776198240,7005.25,7005.25,7004.5,7004.5
1776198300,7004.5,7004.5,7003.75,7004
1776198360,7003.75,7004.25,7003.5,7004
1776198420,7004,7004.75,7004,7004.5
1776198480,7004.5,7005.25,7004,7005.25
1776198540,7005,7005.5,7004.75,7005.5
1776198600,7005.5,7005.75,7005.25,7005.75
1776198660,7005.75,7006,7005.25,7005.5
1776198720,7005.25,7005.75,7004.75,7004.75
1776198780,7004.75,7005,7003.5,7004
1776198840,7004,7004.25,7003.75,7004
1776198900,7004,7005.75,7004,7005.5
1776198960,7005.75,7005.75,7005,7005
1776199020,7005.5,7005.75,7004.75,7004.75
1776199080,7005,7005.25,7004.25,7004.5
1776199140,7004.25,7004.75,7004,7004.5
1776199200,7004.25,7004.75,7004,7004.75
1776199260,7004.25,7004.75,7004.25,7004.25
1776199320,7004.75,7005,7004.25,7004.75
1776199380,7004.5,7004.75,7004,7004.5
1776199440,7004.25,7005.5,7004,7005
1776199500,7005.25,7005.5,7004.5,7004.75
1776199560,7004.75,7005.25,7004.5,7004.75
1776199620,7004.75,7005.5,7004.75,7004.75
1776199680,7004.75,7005.25,7004.5,7005
1776199740,7004.5,7005.25,7004.5,7004.75
1776199800,7005.25,7005.25,7004.5,7004.5
1776199860,7005,7005,7004.5,7004.5
1776199920,7004.75,7005,7004.5,7004.5
1776199980,7004.75,7005.25,7004.5,7005
1776200040,7005,7006.25,7004.75,7004.75
1776200100,7005.25,7005.25,7004.5,7004.5
1776200160,7005,7005,7004.5,7004.75
1776200220,7004.75,7004.75,7004,7004.25
1776200280,7004.25,7004.75,7004,7004
1776200340,7004,7005,7003.75,7004
1776204000,7003.75,7004.75,7001.75,7004.5
1776204060,7004.5,7004.75,7003,7004
1776204120,7003.75,7005.25,7003.25,7004.5
1776204180,7004.5,7006,7004.25,7005.5
1776204240,7005.25,7005.5,7004.5,7004.75
1776204300,7004.75,7006.5,7004.75,7006.5
1776204360,7006.75,7007.25,7006,7006.75
1776204420,7007,7008.25,7006.75,7007.75
1776204480,7007.75,7008.5,7006.75,7007
1776204540,7007,7008.25,7007,7007.25
1776204600,7007.25,7007.25,7006.5,7006.5
1776204660,7006.25,7007.25,7006,7007.25
1776204720,7007.25,7007.5,7006.75,7006.75
1776204780,7006.75,7006.75,7005.75,7006.75
1776204840,7006.5,7006.75,7006,7006.75
1776204900,7006.75,7007.75,7006.5,7007.25
1776204960,7007.25,7008.25,7007.25,7008
1776205020,7008,7009.25,7007.75,7008.5
1776205080,7008.5,7008.5,7008,7008.25
1776205140,7008,7008.25,7007,7007.25
1776205200,7007.25,7007.5,7006.25,7006.25
1776205260,7006.5,7007,7006.25,7006.5
1776205320,7006.5,7007,7006.25,7007
1776205380,7007,7008,7006.75,7007.75
1776205440,7007.75,7008,7007.25,7007.75
1776205500,7007.75,7008,7007.5,7007.5
1776205560,7007.5,7007.75,7007,7007.25
1776205620,7007,7007.25,7006.75,7007
1776205680,7006.75,7007.5,7006.5,7006.5
1776205740,7006.75,7007.25,7006.5,7006.75
1776205800,7006.75,7006.75,7005.75,7006.25
1776205860,7006.25,7006.5,7005.5,7006.5
1776205920,7006.5,7007.5,7006.5,7007
1776205980,7007.25,7007.25,7005.5,7005.75
1776206040,7005.75,7006,7005,7005.5
1776206100,7005.25,7005.75,7005.25,7005.5
1776206160,7005.25,7006.25,7005.25,7006.25
1776206220,7006.25,7007,7006.25,7006.75
1776206280,7006.75,7007.25,7006.75,7007
1776206340,7007,7007.25,7007,7007.25
1776206400,7007.25,7007.5,7006.25,7006.75
1776206460,7006.75,7007.25,7006.75,7007.25
1776206520,7007.5,7007.75,7007,7007.25
1776206580,7007,7007.25,7006.75,7006.75
1776206640,7007,7007.25,7006.75,7007
1776206700,7007.25,7007.75,7006.75,7007.25
1776206760,7007.25,7007.25,7006.5,7006.75
1776206820,7007,7007.25,7006.5,7006.75
1776206880,7007,7007,7005.25,7005.5
1776206940,7005.75,7006.25,7005.75,7006
1776207000,7006.25,7006.5,7006,7006
1776207060,7006.25,7006.5,7006,7006.25
1776207120,7006.25,7006.5,7005.75,7006.25
1776207180,7006,7006.25,7005.5,7005.75
1776207240,7005.75,7006,7005.5,7005.75
1776207300,7005.75,7006,7005.25,7005.75
1776207360,7005.75,7005.75,7005.25,7005.25
1776207420,7005.25,7005.5,7004.75,7005.25
1776207480,7005,7005.5,7005,7005.25
1776207540,7005.5,7005.5,7005.25,7005.25
1776207600,7005.25,7005.5,7005,7005.25
1776207660,7005.25,7006.25,7005,7006.25
1776207720,7006.25,7006.25,7005.75,7006
1776207780,7006,7006,7005.5,7005.5
1776207840,7005.5,7006,7005.5,7005.5
1776207900,7005.75,7006.25,7005.5,7006.25
1776207960,7006.5,7006.75,7006,7006.75
1776208020,7006.75,7008,7006.75,7008
1776208080,7008,7008,7007.25,7007.75
1776208140,7007.5,7008,7007.5,7007.75
1776208200,7007.75,7007.75,7007,7007.5
1776208260,7007.75,7007.75,7007.5,7007.75
1776208320,7007.5,7007.5,7007,7007
1776208380,7007.25,7007.25,7006.5,7006.75
1776208440,7006.75,7007,7006.5,7006.5
1776208500,7006.5,7007,7006.5,7006.75
1776208560,7006.75,7007,7006.5,7006.75
1776208620,7007,7007.5,7006.75,7007.25
1776208680,7007.25,7007.75,7007,7007.25
1776208740,7007.25,7007.25,7006.5,7007
1776208800,7007,7007.25,7006.75,7007.25
1776208860,7007.25,7007.25,7007,7007
1776208920,7007,7008,7007,7007.75
1776208980,7007.75,7008,7007.5,7007.75
1776209040,7008,7008,7007.5,7007.5
1776209100,7007.5,7007.5,7007.25,7007.25
1776209160,7007.5,7008.5,7007.25,7007.75
1776209220,7007.75,7008.25,7007.5,7008.25
1776209280,7008.25,7008.25,7007.75,7008
1776209340,7008.25,7008.25,7007.5,7007.75
1776209400,7007.75,7007.75,7006.5,7007.25
1776209460,7007.25,7007.75,7006.75,7007.75
1776209520,7007.5,7007.5,7006.75,7006.75
1776209580,7007,7007.5,7006.75,7007
1776209640,7007.25,7011.75,7007.25,7011.25
1776209700,7011.5,7011.5,7009.25,7010.25
1776209760,7010.5,7011.25,7009.5,7010.25
1776209820,7010.5,7010.5,7009,7009.75
1776209880,7009.5,7011,7008.75,7010.5
1776209940,7010.75,7012,7010.5,7011
1776210000,7010.75,7011,7010.5,7010.5
1776210060,7010.5,7010.75,7009,7009.25
1776210120,7009.25,7009.75,7009.25,7009.5
1776210180,7009.5,7010.5,7008.75,7010.5
1776210240,7010.25,7010.5,7009.5,7010
1776210300,7010,7010.5,7009.25,7009.75
1776210360,7009.75,7011.25,7009.75,7011.25
1776210420,7011,7012.75,7010.75,7012.5
1776210480,7012.25,7013.25,7011.75,7012.75
1776210540,7012.75,7013,7012.25,7013
1776210600,7012.75,7013.75,7012.5,7013.25
1776210660,7013.25,7013.25,7010,7010.5
1776210720,7010.75,7011,7009.25,7009.75
1776210780,7009.5,7010.5,7009.5,7010.25
1776210840,7010.25,7010.5,7010,7010.25
1776210900,7010.25,7010.25,7008.5,7009
1776210960,7009.25,7009.75,7009,7009
1776211020,7009.5,7010,7009.5,7009.75
1776211080,7009.75,7010,7009.25,7009.25
1776211140,7009,7009.5,7008.5,7008.75
1776211200,7008.5,7008.5,7006.5,7007.25
1776211260,7007,7008.25,7007,7007.25
1776211320,7007,7007.25,7006.5,7007
1776211380,7007,7007,7006.25,7006.5
1776211440,7006.5,7007.75,7006,7007.5
1776211500,7007.5,7008.25,7007,7007.25
1776211560,7007,7009.75,7007,7009
1776211620,7009,7009.75,7008.75,7009.75
1776211680,7009.5,7009.75,7008.5,7008.75
1776211740,7008.75,7009.5,7008.25,7008.75
1776211800,7009,7009,7006.75,7007.5
1776211860,7007.25,7007.75,7007,7007.5
1776211920,7007.5,7007.75,7006.5,7006.75
1776211980,7006.75,7008,7006.75,7008
1776212040,7008,7008.25,7007.5,7008.25
1776212100,7008.25,7008.25,7007.25,7008
1776212160,7008.25,7009.5,7008.25,7009.5
1776212220,7009.25,7009.25,7007.5,7007.75
1776212280,7007.5,7007.75,7007,7007
1776212340,7007,7007.75,7007,7007.75
1776212400,7007.75,7008,7007.25,7008
1776212460,7008,7009.25,7007.75,7008.25
1776212520,7008.5,7009.25,7008.25,7009
1776212580,7009,7009.5,7008,7008.5
1776212640,7008.25,7008.5,7007.5,7007.75
1776212700,7008,7008.5,7007.25,7007.5
1776212760,7007.75,7008.25,7007.75,7008
1776212820,7007.75,7008.5,7007.75,7008.25
1776212880,7008.25,7008.25,7007.5,7007.75
1776212940,7007.75,7008.5,7007.75,7008.5
1776213000,7008.5,7008.75,7008.25,7008.75
1776213060,7009,7009,7008.25,7008.75
1776213120,7008.75,7009,7008,7008.25
1776213180,7008,7008,7006.5,7007.25
1776213240,7007.25,7008,7007,7008
1776213300,7007.75,7008.25,7007.5,7007.5
1776213360,7007.25,7008,7007,7007.5
1776213420,7007.75,7007.75,7006.75,7006.75
1776213480,7007,7007.25,7006.75,7006.75
1776213540,7007,7007,7005.75,7006.25
1776213600,7006,7006.5,7006,7006.5
1776213660,7006.5,7006.75,7006,7006.75
1776213720,7006.5,7007,7005,7005.5
1776213780,7005.5,7006,7005.25,7005.25
1776213840,7005.5,7006.25,7005.25,7005.5
1776213900,7005.75,7006.25,7005.5,7006
1776213960,7006,7006.25,7005.5,7005.75
1776214020,7005.75,7006,7005.5,7005.5
1776214080,7005.75,7006,7005.5,7005.5
1776214140,7005.75,7006.25,7005.25,7006
1776214200,7006,7007.25,7006,7007.25
1776214260,7007,7008.5,7006.75,7008.5
1776214320,7008.5,7008.5,7007.5,7008.25
1776214380,7008,7008.25,7007.75,7008.25
1776214440,7008.25,7008.5,7008,7008
1776214500,7008.25,7009.5,7008.25,7009.5
1776214560,7009.25,7009.75,7008,7008.25
1776214620,7008.25,7008.75,7008,7008.75
1776214680,7009,7009.25,7008.5,7009
1776214740,7009,7009,7008.5,7008.75
1776214800,7008.5,7009,7008.25,7008.25
1776214860,7008.25,7009,7007.5,7008.75
1776214920,7008.75,7009,7007.75,7008.25
1776214980,7008.25,7008.5,7007.5,7007.5
1776215040,7007.5,7008.75,7007.5,7008.5
1776215100,7008.5,7008.75,7008.25,7008.5
1776215160,7008.5,7010,7008.5,7009.75
1776215220,7009.75,7011,7009.5,7010.25
1776215280,7010,7010.5,7009.75,7010.5
1776215340,7010.5,7011.25,7010.25,7011.25
1776215400,7011,7011.25,7010.5,7011.25
1776215460,7011,7011.5,7010.75,7011.5
1776215520,7011.25,7011.75,7011,7011.25
1776215580,7011.25,7012.5,7011.25,7012
1776215640,7012,7012.5,7011.75,7012.25
1776215700,7012.25,7012.75,7012,7012.5
1776215760,7012.25,7012.5,7011.75,7011.75
1776215820,7011.5,7012.5,7011.5,7011.75
1776215880,7012,7012.25,7011.25,7011.5
1776215940,7011.5,7012.5,7011.25,7012.25
1776216000,7012.25,7012.5,7011.75,7012
1776216060,7012,7012.25,7011.25,7011.75
1776216120,7011.75,7012,7011.25,7011.75
1776216180,7011.75,7011.75,7011,7011.25
1776216240,7011.25,7011.25,7010.5,7011
1776216300,7011.25,7011.75,7011,7011.5
1776216360,7011.75,7012.25,7011.5,7011.75
1776216420,7012,7012.5,7011.5,7011.75
1776216480,7011.75,7011.75,7011,7011.25
1776216540,7011.5,7011.75,7011.25,7011.5
1776216600,7011.5,7012,7010.5,7010.75
1776216660,7010.75,7011.25,7009.75,7011
1776216720,7011,7011,7010.25,7010.5
1776216780,7010.5,7010.5,7008.75,7009
1776216840,7009.25,7009.75,7009,7009.5
1776216900,7009.75,7010,7009.25,7009.5
1776216960,7009.75,7009.75,7009,7009.5
1776217020,7009.75,7010.5,7009.75,7010.25
1776217080,7010.25,7010.75,7010,7010.25
1776217140,7010.25,7010.75,7009.75,7010.5
1776217200,7010.75,7011.5,7010.5,7011.25
1776217260,7011,7011.5,7010.75,7010.75
1776217320,7010.5,7011.25,7010.25,7011.25
1776217380,7011.25,7011.75,7011,7011
1776217440,7011,7011.5,7010.75,7011
1776217500,7011,7011.25,7010.75,7010.75
1776217560,7010.75,7011.5,7010.75,7011.25
1776217620,7011,7011.25,7011,7011.25
1776217680,7011.5,7012.5,7011.25,7012.25
1776217740,7012.25,7012.25,7011.5,7011.5
1776217800,7011.5,7011.5,7010.5,7011
1776217860,7011,7011.75,7011,7011.25
1776217920,7011.75,7011.75,7011.25,7011.75
1776217980,7011.5,7011.5,7010.5,7010.5
1776218040,7010.75,7011.25,7010.75,7011.25
1776218100,7011.25,7011.5,7011,7011.25
1776218160,7011.5,7012,7011.25,7011.75
1776218220,7011.75,7012,7011.25,7011.5
1776218280,7011.5,7011.75,7011.25,7011.5
1776218340,7011.5,7011.75,7011,7011.25
1776218400,7011.25,7011.5,7010.5,7010.5
1776218460,7010.5,7010.75,7010,7010.75
1776218520,7010.5,7011,7009.75,7010
1776218580,7010,7010.5,7010,7010.25
1776218640,7010.5,7011,7010.5,7010.5
1776218700,7010.25,7011,7010.25,7010.75
1776218760,7010.5,7010.75,7010.25,7010.75
1776218820,7010.75,7010.75,7010.5,7010.75
1776218880,7010.5,7010.75,7010.5,7010.75
1776218940,7010.5,7010.75,7010,7010
1776219000,7010.25,7010.25,7008.75,7009.5
1776219060,7009.25,7009.25,7008.25,7008.75
1776219120,7008.75,7009,7008.5,7008.75
1776219180,7008.5,7009.25,7008.5,7009
1776219240,7009.25,7009.5,7009,7009.25
1776219300,7009,7009.75,7009,7009.5
1776219360,7009.25,7009.75,7009.25,7009.25
1776219420,7009,7009.5,7008.75,7009
1776219480,7009.25,7009.25,7008.75,7009
1776219540,7009,7009,7008.75,7009
1776219600,7008.75,7009.5,7008.75,7009.5
1776219660,7009.25,7009.25,7008.5,7009
1776219720,7009,7009.25,7008.75,7008.75
1776219780,7008.75,7009,7008.5,7008.5
1776219840,7008.5,7009,7008.5,7008.75
1776219900,7008.5,7009,7008.5,7008.5
1776219960,7008.75,7008.75,7007.75,7007.75
1776220020,7007.75,7008.25,7007.5,7007.75
1776220080,7007.75,7007.75,7007,7007.25
1776220140,7007.25,7007.75,7007,7007
1776220200,7007,7007.25,7006.5,7006.5
1776220260,7006.25,7006.75,7006,7006.5
1776220320,7006.5,7006.75,7006,7006.25
1776220380,7006,7006.25,7005.75,7006
1776220440,7006,7006.25,7004.25,7005.5
1776220500,7005.5,7005.5,7004,7004.5
1776220560,7004.5,7005,7004,7004.5
1776220620,7004.25,7005,7004.25,7004.5
1776220680,7004.5,7005.25,7004.5,7005.25
1776220740,7005.25,7005.75,7005,7005.25
1776220800,7005,7005.25,7004.25,7004.75
1776220860,7004.75,7005,7004.25,7004.75
1776220920,7004.5,7004.5,7004,7004
1776220980,7004.5,7005,7004,7005
1776221040,7005,7005.5,7005,7005.5
1776221100,7005.5,7005.75,7005,7005.25
1776221160,7005.25,7006,7005,7005.5
1776221220,7005.5,7005.75,7005,7005.25
1776221280,7005.25,7006,7005.25,7006
1776221340,7006,7006.25,7005.5,7005.75
1776221400,7005.75,7006.25,7005.5,7006.25
1776221460,7006.25,7006.5,7005.5,7006.5
1776221520,7006.5,7006.5,7006,7006.25
1776221580,7006.25,7006.25,7005.75,7006
1776221640,7006,7006.25,7006,7006
1776221700,7006,7006,7005.25,7005.75
1776221760,7005.5,7006.25,7005.25,7006.25
1776221820,7006,7006,7005.75,7006
1776221880,7005.75,7006,7004.5,7004.75
1776221940,7004.75,7005,7004.5,7004.75
1776222000,7005,7005.5,7004.75,7005.5
1776222060,7005.5,7005.75,7005.25,7005.5
1776222120,7005.75,7006.25,7005,7006
1776222180,7005.75,7006,7005.75,7005.75
1776222240,7005.5,7005.75,7005.25,7005.5
1776222300,7005.5,7005.5,7004.75,7004.75
1776222360,7004.75,7005.25,7004.75,7005
1776222420,7005,7005.25,7004.75,7005
1776222480,7005.25,7005.75,7005.25,7005.75
1776222540,7005.75,7006,7005.75,7006
1776222600,7005.75,7006.25,7005.75,7006
1776222660,7006.25,7006.5,7005.75,7006.5
1776222720,7006.5,7006.5,7006,7006
1776222780,7006.25,7006.5,7005.5,7005.75
1776222840,7005.75,7006,7005.25,7005.25
1776222900,7005.25,7005.5,7004.75,7005.5
1776222960,7005.5,7006.25,7005.5,7006.25
1776223020,7006.25,7006.25,7005.75,7006
1776223080,7006,7006,7005.5,7005.5
1776223140,7005.5,7006,7005.25,7005.75
1776223200,7005.75,7006,7005.5,7006
1776223260,7005.75,7006.5,7005.75,7006
1776223320,7005.75,7006,7005.25,7006
1776223380,7005.75,7005.75,7005.5,7005.75
1776223440,7005.75,7005.75,7005.25,7005.5
1776223500,7005.5,7005.75,7005.25,7005.5
1776223560,7005.5,7006,7005.5,7006
1776223620,7006,7006.25,7005.75,7006.25
1776223680,7006.25,7006.25,7006,7006
1776223740,7005.75,7006,7005.5,7005.75
1776223800,7005.5,7006.5,7005.5,7006.25
1776223860,7006,7006.5,7005.75,7006.25
1776223920,7006.5,7007,7006.5,7006.75
1776223980,7006.75,7007,7006,7006
1776224040,7006,7006.5,7005.75,7005.75
1776224100,7005.75,7006.5,7005.25,7006.5
1776224160,7006.5,7007,7006,7007
1776224220,7007,7007,7006,7006.5
1776224280,7006.75,7007.75,7006.75,7007.25
1776224340,7007.25,7008.25,7007.25,7007.5
1776224400,7007.5,7007.75,7007,7007.25
1776224460,7007.25,7007.5,7007,7007.5
1776224520,7007.5,7008,7007.25,7007.5
1776224580,7007.5,7007.75,7007.25,7007.5
1776224640,7007.5,7008.25,7007.5,7008.25
1776224700,7008.25,7008.25,7007.5,7007.75
1776224760,7008,7009,7007.75,7008.5
1776224820,7008.75,7009.25,7008.5,7009.25
1776224880,7009,7010,7009,7010
1776224940,7010,7010,7009.75,7010
1776225000,7009.75,7010.5,7009.75,7010.25
1776225060,7010,7010.25,7009.75,7010
1776225120,7010,7010.25,7010,7010
1776225180,7010.25,7010.25,7009.75,7010
1776225240,7010,7010.25,7010,7010
1776225300,7010,7010.75,7010,7010.75
1776225360,7010.75,7011.25,7010.5,7010.75
1776225420,7010.75,7011,7010.5,7010.5
1776225480,7010.5,7010.75,7010.25,7010.5
1776225540,7010.5,7010.5,7009.75,7009.75
1776225600,7010,7010.25,7009.75,7009.75
1776225660,7009.75,7010.25,7009.75,7010
1776225720,7009.75,7010.5,7009.75,7010.5
1776225780,7010.25,7010.75,7010.25,7010.75
1776225840,7010.75,7010.75,7010,7010
1776225900,7010.25,7010.25,7009.75,7009.75
1776225960,7009.75,7010.25,7009.75,7009.75
1776226020,7009.75,7010.25,7009.5,7009.75
1776226080,7009.75,7009.75,7008.5,7008.75
1776226140,7008.75,7009.5,7008.75,7009.25
1776226200,7009.25,7009.75,7009.25,7009.75
1776226260,7009.75,7010,7009.75,7010
1776226320,7010,7010.25,7009.75,7010.25
1776226380,7010,7010.5,7009.75,7009.75
1776226440,7009.75,7010.25,7009.75,7010
1776226500,7010,7010.75,7010,7010.25
1776226560,7010.5,7010.75,7010,7010.5
1776226620,7010.5,7010.75,7010.25,7010.5
1776226680,7010.5,7010.75,7010.25,7010.5
1776226740,7010.5,7010.5,7010.25,7010.25
1776226800,7010.25,7010.25,7010,7010
1776226860,7010,7010,7009.5,7009.75
1776226920,7010,7010,7009.5,7009.75
1776226980,7010,7010.25,7009.75,7009.75
1776227040,7009.75,7010,7009.75,7010
1776227100,7010,7010,7009.75,7009.75
1776227160,7010,7010.25,7009.75,7010.25
1776227220,7010.25,7010.5,7010,7010.25
1776227280,7010.25,7010.25,7010.25,7010.25
1776227340,7010.5,7010.5,7010.25,7010.25
1776227400,7010.5,7010.5,7010.25,7010.25
1776227460,7010.25,7010.5,7010,7010.25
1776227520,7010.25,7010.25,7009.75,7009.75
1776227580,7010,7010,7009.75,7010
1776227640,7010,7010.5,7009.75,7010
1776227700,7010.25,7010.5,7010,7010
1776227760,7010,7010.75,7010,7010.25
1776227820,7010,7010.25,7009.75,7009.75
1776227880,7010,7010,7009.5,7010
1776227940,7009.75,7009.75,7009.75,7009.75
1776228000,7009.5,7009.75,7009.5,7009.5
1776228060,7009.5,7009.75,7009.25,7009.75
1776228120,7010,7010,7009.75,7009.75
1776228180,7009.75,7009.75,7009.5,7009.75
1776228240,7009.75,7009.75,7009.75,7009.75
1776228300,7009.75,7009.75,7009.5,7009.5
1776228360,7009.5,7009.75,7009.25,7009.5
1776228420,7009.25,7009.25,7008.75,7008.75
1776228480,7009,7009,7007.75,7008.25
1776228540,7008.5,7009,7008.5,7009
1776228600,7008.75,7009.25,7008.5,7008.75
1776228660,7008.75,7008.75,7008.25,7008.25
1776228720,7008.5,7008.5,7008.25,7008.25
1776228780,7008.5,7009,7008.5,7008.75
1776228840,7008.75,7008.75,7007.5,7007.5
1776228900,7007.5,7007.75,7007.25,7007.75
1776228960,7007.5,7007.75,7007.25,7007.25
1776229020,7007.5,7007.75,7007.25,7007.75
1776229080,7007.5,7007.75,7007.25,7007.75
1776229140,7007.5,7008,7007.5,7007.75
1776229200,7008,7017.25,7007.5,7009
1776229260,7009.25,7010.25,7007.75,7010.25
1776229320,7010,7011.25,7009.75,7010
1776229380,7010.25,7010.5,7009.5,7009.75
1776229440,7009.75,7010.25,7006.5,7007.25
1776229500,7007.25,7007.75,7006.25,7006.5
1776229560,7006.75,7007.5,7005.5,7006.25
1776229620,7006.25,7007.75,7006,7007.75
1776229680,7007.75,7009,7007.75,7008.5
1776229740,7008,7008.5,7007.25,7008
1776229800,7008,7010,7008,7010
1776229860,7010,7010,7008.5,7009
1776229920,7009,7009,7007.25,7007.75
1776229980,7007.5,7009,7007.5,7008.75
1776230040,7008.75,7009,7008.5,7008.5
1776230100,7008.5,7009,7008.25,7008.5
1776230160,7008.5,7008.75,7008,7008
1776230220,7008.25,7008.75,7007.25,7008.25
1776230280,7008.25,7008.25,7007.75,7008
1776230340,7007.75,7008.25,7007.5,7008
1776230400,7007.75,7007.75,7006.5,7006.75
1776230460,7007,7007,7006,7006
1776230520,7006.25,7006.25,7004.75,7005
1776230580,7005,7005.25,7003.5,7003.5
1776230640,7003.75,7004.75,7003.5,7003.75
1776230700,7003.5,7004.75,7003.25,7004.75
1776230760,7004.25,7005,7004,7004.75
1776230820,7004.5,7005,7004,7004.5
1776230880,7004.5,7004.75,7003.5,7003.75
1776230940,7003.75,7005,7003.75,7004.75
1776231000,7004.75,7005,7002.75,7003.25
1776231060,7003.25,7004.25,7003.25,7003.75
1776231120,7004,7005,7003.75,7004.5
1776231180,7004.75,7004.75,7003.75,7004
1776231240,7003.75,7004.5,7003.5,7004.25
1776231300,7004.5,7004.75,7004,7004
1776231360,7004.25,7004.75,7003,7003.25
1776231420,7003.25,7003.25,7002.5,7002.75
1776231480,7002.75,7003,7002.5,7003
1776231540,7003.25,7003.75,7003,7003.75
1776231600,7004,7004.25,7003,7003
1776231660,7003.25,7003.25,7002.75,7003.25
1776231720,7003.25,7003.5,7002.5,7002.5
1776231780,7002.25,7002.5,7001.25,7001.5
1776231840,7001.75,7002,7000.75,7001.75
1776231900,7001.75,7002,7000.75,7001.25
1776231960,7001.25,7001.75,7000.75,7001.75
1776232020,7001.5,7002.5,7001.25,7002.25
1776232080,7002.25,7002.25,7001.75,7001.75
1776232140,7001.75,7002.25,7001,7001.75
1776232200,7001.5,7001.75,7001.25,7001.5
1776232260,7001.75,7001.75,7001,7001
1776232320,7001,7002,7001,7002
1776232380,7001.75,7002,7001.5,7002
1776232440,7002,7002,7001.5,7001.75
1776232500,7002,7003.5,7002,7003.25
1776232560,7003.25,7003.75,7002.75,7003
1776232620,7003,7003.25,7002.75,7003.25
1776232680,7003,7004,7003,7004
1776232740,7003.75,7004.25,7003.5,7004
1776232800,7004,7006.25,7004,7006.25
1776232860,7006.25,7006.5,7005.75,7005.75
1776232920,7005.75,7006.5,7004.75,7005.25
1776232980,7005,7005.25,7004.25,7004.5
1776233040,7004.75,7004.75,7003.75,7004
1776233100,7004.25,7004.75,7003.75,7004.25
1776233160,7004.25,7004.5,7003.75,7004.25
1776233220,7004.25,7004.75,7003.75,7004.25
1776233280,7004.25,7004.25,7003.25,7003.25
1776233340,7003.25,7003.75,7002.75,7003.75
1776233400,7003.5,7004.25,7003.25,7004
1776233460,7004,7004.75,7003.75,7004.25
1776233520,7004.25,7004.5,7003.75,7004.5
1776233580,7004.5,7004.5,7004,7004.25
1776233640,7004.5,7004.5,7003.25,7003.75
1776233700,7003.75,7004.5,7003.25,7004.5
1776233760,7004.75,7005,7004.5,7004.5
1776233820,7004.5,7005,7004.25,7004.5
1776233880,7004.5,7005.75,7004.25,7005.75
1776233940,7005.5,7006,7005.25,7005.5
1776234000,7005.5,7005.75,7004.75,7004.75
1776234060,7005,7005.5,7004.75,7005.25
1776234120,7005.25,7005.75,7005.25,7005.25
1776234180,7005,7005.5,7004.75,7005.25
1776234240,7005,7005,7004.5,7005
1776234300,7005,7005.5,7005,7005.25
1776234360,7005.25,7006,7005.25,7005.75
1776234420,7005.75,7006.25,7005.5,7005.75
1776234480,7006,7006.5,7005.75,7006.25
1776234540,7006.25,7006.5,7005.75,7006.5
1776234600,7006,7007.5,7006,7007.25
1776234660,7007.25,7008,7006,7007.5
1776234720,7007.5,7007.5,7006.5,7006.5
1776234780,7006.5,7008,7006.5,7007
1776234840,7007.25,7007.25,7006,7006.25
1776234900,7006,7006.75,7005.75,7006
1776234960,7006,7007.25,7006,7006.75
1776235020,7006.75,7007.75,7006.75,7007
1776235080,7007,7007.5,7007,7007.25
1776235140,7007.5,7007.75,7006.75,7006.75
1776235200,7006.75,7007.25,7006.25,7006.75
1776235260,7007.25,7007.25,7006.75,7007
1776235320,7007.5,7007.5,7006.5,7006.5
1776235380,7006.75,7007.25,7006.5,7007.25
1776235440,7007.25,7007.5,7007,7007.25
1776235500,7007.5,7007.5,7006.5,7007
1776235560,7007,7007.25,7006,7006.75
1776235620,7006.5,7007,7006.25,7006.75
1776235680,7006.75,7007,7006.5,7006.75
1776235740,7006.75,7007.5,7006.75,7007
1776235800,7007,7007.25,7006,7006.5
1776235860,7006.5,7006.5,7005.5,7006.25
1776235920,7006.5,7007,7006.5,7006.75
1776235980,7006.75,7007.5,7006.75,7007
1776236040,7007.25,7007.5,7006.5,7006.5
1776236100,7006.75,7007,7006,7006
1776236160,7006,7006,7005,7005.25
1776236220,7005.5,7005.5,7004.75,7005
1776236280,7005,7005,7004.5,7004.75
1776236340,7005,7005.5,7004.75,7005.25
1776236400,7005.25,7006,7004.25,7004.75
1776236460,7004.5,7005,7003.5,7003.75
1776236520,7003.75,7004.75,7003.25,7004.5
1776236580,7004.25,7004.5,7003.5,7004.5
1776236640,7004.25,7005.25,7003.75,7005.25
1776236700,7005.25,7006,7005.25,7005.5
1776236760,7005.5,7005.75,7004.5,7005.25
1776236820,7005.75,7005.75,7005,7005.5
1776236880,7005.25,7006,7005,7006
1776236940,7006,7006,7005.25,7005.5
1776237000,7005.25,7006,7004.75,7005.75
1776237060,7005.75,7005.75,7005.25,7005.5
1776237120,7005.25,7006,7005.25,7005.75
1776237180,7005.5,7005.5,7004.75,7005.25
1776237240,7005,7005.5,7005,7005.5
1776237300,7005.25,7005.5,7004.5,7004.5
1776237360,7004.25,7004.25,7003.25,7004
1776237420,7004.25,7004.25,7002.25,7002.75
1776237480,7002.75,7003.25,7002,7002
1776237540,7002,7002.5,7001.75,7002.5
1776237600,7002.75,7003.5,7002.25,7002.75
1776237660,7003,7004.25,7002.5,7003.75
1776237720,7003.5,7003.5,7002.5,7002.5
1776237780,7002.5,7003,7002.5,7002.75
1776237840,7002.75,7003.75,7002.25,7002.25
1776237900,7002.25,7002.75,7001.75,7002.25
1776237960,7002.5,7002.5,7002,7002.5
1776238020,7002.5,7002.5,7002,7002.25
1776238080,7002,7002.75,7002,7002.25
1776238140,7002.25,7002.75,7002.25,7002.25
1776238200,7002.25,7003.25,7002.25,7003.25
1776238260,7003,7004,7003,7004
1776238320,7004,7004.5,7003.5,7003.75
1776238380,7003.5,7004.25,7003.5,7004
1776238440,7003.5,7003.75,7003.25,7003.25
1776238500,7003.5,7004.25,7003.5,7004
1776238560,7004,7004.5,7003,7004.5
1776238620,7004.5,7004.75,7004.25,7004.25
1776238680,7004,7004.75,7003.75,7004.75
1776238740,7004.75,7004.75,7004.25,7004.25
1776238800,7004.25,7004.75,7004.25,7004.5
1776238860,7004.75,7005.5,7004,7004
1776238920,7004,7004.5,7003.75,7004.25
1776238980,7004,7004.75,7003.75,7004.75
1776239040,7004.75,7004.75,7004.25,7004.5
1776239100,7004.25,7005.5,6999.25,7005.25
1776239160,7005.25,7006,7004.75,7005.25
1776239220,7005,7005.5,7004.5,7005.25
1776239280,7005.25,7005.75,7005,7005.25
1776239340,7005.5,7007,7005.5,7006.5
1776239400,7006.5,7007,7006.25,7006.75
1776239460,7006.5,7006.75,7005.5,7005.5
1776239520,7005.5,7005.75,7004.75,7005.5
1776239580,7005.25,7005.75,7004.5,7005.25
1776239640,7005,7005.75,7004.5,7004.75
1776239700,7005,7005.25,7003,7003.75
1776239760,7003.5,7004.5,7003.25,7004.5
1776239820,7004.25,7005.75,7004.25,7004.75
1776239880,7005,7005.5,7004.75,7005
1776239940,7004.75,7005.5,7004.75,7005.5
1776240000,7005.75,7006,7005,7005.25
1776240060,7005.5,7006.25,7005.25,7006
1776240120,7006,7007.5,7006,7006.5
1776240180,7006.75,7007.5,7006.75,7007.25
1776240240,7007,7007.5,7006,7006.5
1776240300,7006.25,7007,7006.25,7006.5
1776240360,7006.75,7007.25,7006.25,7007.25
1776240420,7007.25,7007.5,7005.75,7005.75
1776240480,7005.75,7006.5,7005.25,7006.5
1776240540,7006,7006,7005,7005
1776240600,7004.75,7005,7003.75,7004.25
1776240660,7004.25,7004.75,7003.75,7004.25
1776240720,7004.5,7005,7004.5,7004.75
1776240780,7005,7005.75,7004.75,7005.25
1776240840,7005.25,7005.5,7004.75,7005.25
1776240900,7005.25,7005.75,7005.25,7005.5
1776240960,7005.5,7006.25,7005.5,7005.5
1776241020,7005.75,7005.75,7003.5,7004.25
1776241080,7004.5,7005.25,7002.75,7004.5
1776241140,7004.25,7004.5,7004,7004.25
1776241200,7004.5,7004.5,7004,7004.5
1776241260,7004.5,7005,7004.25,7005
1776241320,7005,7005.75,7004.5,7004.5
1776241380,7004.5,7005,7004.5,7004.75
1776241440,7005,7005.5,7004.75,7005.5
1776241500,7005.5,7007,7005.5,7007
1776241560,7006.75,7007.25,7006.5,7006.5
1776241620,7006.5,7007,7006.5,7006.75
1776241680,7007,7007.5,7006.5,7007.25
1776241740,7007.25,7008.25,7006.75,7007.5
1776241800,7007.5,7008.5,7007,7008.5
1776241860,7008.25,7008.5,7007.25,7007.5
1776241920,7007.75,7008,7007,7007.75
1776241980,7007.75,7008.75,7007.5,7008.5
1776242040,7008.25,7009.25,7008.25,7008.25
1776242100,7008.25,7008.75,7007.75,7008
1776242160,7008,7008,7007,7007.25
1776242220,7007.75,7008,7007.25,7007.75
1776242280,7008,7008.5,7007.75,7008
1776242340,7008,7008.5,7007.5,7007.75
1776242400,7007.5,7008.25,7007.5,7008
1776242460,7008,7008.5,7007.75,7008.25
1776242520,7008.25,7008.5,7008,7008.25
1776242580,7008,7008.5,7007.5,7008
1776242640,7007.75,7007.75,7007.25,7007.25
1776242700,7007.25,7007.25,7006.5,7006.75
1776242760,7006.5,7007.25,7006.5,7007
1776242820,7007.25,7008,7007.25,7007.75
1776242880,7008,7008.25,7007,7008.25
1776242940,7008.25,7008.25,7007.75,7008
1776243000,7008,7008,7007,7007.25
1776243060,7007.25,7007.25,7006.75,7007.25
1776243120,7007.5,7008,7007.25,7007.75
1776243180,7008,7009,7008,7008.75
1776243240,7008.75,7009.5,7008.25,7009.25
1776243300,7009.25,7009.75,7009.25,7009.25
1776243360,7009.25,7010.5,7009.25,7010.25
1776243420,7010,7010,7009.5,7009.75
1776243480,7009.75,7010.25,7009.5,7010
1776243540,7009.75,7010,7008.5,7008.75
1776243600,7008.75,7009.5,7008.75,7009.5
1776243660,7009.5,7010.25,7009.25,7010
1776243720,7010,7010,7004.25,7007
1776243780,7007,7007.25,7005,7006
1776243840,7006,7007.25,7005.5,7005.75
1776243900,7005.5,7005.5,7001.5,7004
1776243960,7003.75,7004,7002.75,7003.5
1776244020,7004,7004.25,7002,7002.25
1776244080,7002.75,7003,7001.5,7002.5
1776244140,7002.5,7003,7002,7002.75
1776244200,7002.5,7004,7001.5,7002.25
1776244260,7002,7002.25,6999.75,7001
1776244320,7000.75,7002,7000.5,7001.75
1776244380,7001.75,7003.25,7001.5,7002.5
1776244440,7003,7003,7001.5,7002.5
1776244500,7002.5,7003.5,7002,7002.25
1776244560,7002,7002.75,7001.75,7002
1776244620,7002.25,7002.75,7001.5,7001.75
1776244680,7002,7003,7001,7003
1776244740,7002.75,7003.25,7002.5,7003
1776244800,7002.75,7003,7001.5,7003
1776244860,7003.25,7004.75,7003,7004.5
1776244920,7004.25,7004.5,7003.75,7004.25
1776244980,7004,7004.5,7003.5,7004.25
1776245040,7004.25,7004.75,7003.75,7004
1776245100,7003.75,7004,7003,7004
1776245160,7004,7004,7001.75,7002.75
1776245220,7002.75,7003.25,7000.5,7001.75
1776245280,7001.75,7001.75,7000.5,7001.25
1776245340,7001.25,7002,7001.25,7002
1776245400,7002,7003,7001.25,7002.5
1776245460,7002.75,7002.75,7002,7002.75
1776245520,7002.5,7002.75,7001.75,7001.75
1776245580,7001.75,7002.5,7001.75,7002.25
1776245640,7002.25,7002.75,7002,7002.75
1776245700,7002.75,7003.25,7002.5,7003
1776245760,7002.75,7002.75,7002,7002
1776245820,7002,7002,7001.5,7002
1776245880,7002.25,7002.75,7002,7002
1776245940,7002,7002.25,6999.25,7000
1776246000,7000,7001.75,7000,7001.25
1776246060,7001.5,7001.75,7001,7001.75
1776246120,7001.75,7002.25,7001.5,7002
1776246180,7002,7002.25,7001.25,7002
1776246240,7001.75,7002,7000.5,7000.5
1776246300,7000.5,7001.25,7000.25,7001
1776246360,7001,7002.5,7000,7001.75
1776246420,7001.5,7001.75,7000.25,7001
1776246480,7001,7002.25,7001,7002
1776246540,7002,7002.25,7001,7001
1776246600,7001,7002.25,7001,7002
1776246660,7001.75,7002.5,7001.5,7002.25
1776246720,7002.25,7002.5,7001.75,7001.75
1776246780,7001.75,7001.75,7001,7001.5
1776246840,7001.5,7001.75,7001.25,7001.5
1776246900,7001.25,7001.75,7001,7001.25
1776246960,7001,7001.5,7000.75,7001.25
1776247020,7001,7001.25,7000.25,7001
1776247080,7001.25,7001.5,7000.75,7001
1776247140,7001.25,7001.25,7000,7000.25
1776247200,7000.5,7001,6999.5,6999.75
1776247260,6999.75,7002.5,6999.75,7001.75
1776247320,7001.75,7002.5,7001.25,7002
1776247380,7001.75,7002.25,7001.75,7001.75
1776247440,7001.5,7001.75,7001,7001.25
1776247500,7001,7003,7001,7002
1776247560,7002.25,7004,7002,7004
1776247620,7004,7005.25,7003.5,7003.75
1776247680,7003.75,7004.25,7003.5,7004
1776247740,7004.25,7005,7004,7004.5
1776247800,7004.75,7005,7003.5,7003.75
1776247860,7003.75,7003.75,7002.5,7003
1776247920,7003.25,7003.5,7002.5,7003.25
1776247980,7003.5,7003.5,7002.5,7002.75
1776248040,7002.75,7002.75,7001.75,7002
1776248100,7002,7002.25,6996.75,6998.75
1776248160,6999,7000.5,6996,7000.25
1776248220,7000,7000.25,6997,6999
1776248280,6999.25,6999.75,6998,6998
1776248340,6998.5,6998.75,6997.25,6998
1776248400,6998,6999.75,6997.25,6999.75
1776248460,6999.5,7000,6997.75,6998
1776248520,6998,6998,6994.5,6996
1776248580,6996,6996.75,6994.75,6995.25
1776248640,6995,6995.5,6994.25,6994.5
1776248700,6995,6996,6994.75,6994.75
1776248760,6994.5,6994.75,6992.75,6993.25
1776248820,6993.5,6994.25,6992.75,6993.5
1776248880,6993.5,6994,6992.75,6993.75
1776248940,6994,6995,6994,6995
1776249000,6994.75,6997,6994.5,6996.75
1776249060,6996.75,6997,6994.25,6995.5
1776249120,6995,6996.25,6994.5,6996.25
1776249180,6996,6996.25,6992,6992.75
1776249240,6992.75,6993.75,6992.25,6993
1776249300,6993,6993.5,6992.75,6993
1776249360,6993.25,6994,6992.25,6993.5
1776249420,6993.75,6994,6993.25,6993.75
1776249480,6993.75,6995.5,6993.75,6995.25
1776249540,6995.5,6996,6995.5,6995.75
1776249600,6996,6996.5,6995.75,6996.5
1776249660,6996.5,6998.25,6995.75,6996.5
1776249720,6996.25,7001.25,6995.25,6999.5
1776249780,6999.75,7002,6999,7000.5
1776249840,7000.5,7001.75,7000,7001.5
1776249900,7001.75,7002.75,7000.5,7002.5
1776249960,7002.5,7004.75,7002,7002.25
1776250020,7002.25,7002.5,7001.25,7001.75
1776250080,7001.25,7001.75,7000.5,7001
1776250140,7001,7001.25,7000.5,7001
1776250200,7000.75,7001.75,6999.75,7000.25
1776250260,7000,7000.25,6998.75,7000.25
1776250320,7000.25,7000.25,6999.25,6999.75
1776250380,7000,7002.25,6999.75,7001.25
1776250440,7001.25,7001.75,7001.25,7001.25
1776250500,7001.25,7001.25,7000.25,7001
1776250560,7001,7001.25,7000.25,7000.25
1776250620,7000.5,7002,7000,7001.75
1776250680,7001.75,7002,7001.5,7001.5
1776250740,7001.5,7002.25,7001.25,7001.75
1776250800,7002,7003,7001.75,7002.75
1776250860,7002.5,7003.5,7002.25,7003.25
1776250920,7003.25,7004.25,7002.75,7003
1776250980,7003,7004.25,7003,7003.75
1776251040,7003.75,7004,7003.25,7003.5
1776251100,7004,7004.25,7003,7003.25
1776251160,7003.25,7003.75,7001.5,7001.75
1776251220,7001.75,7003,7001.75,7002.5
1776251280,7002.75,7003.5,7002.75,7003.25
1776251340,7003,7004,7003,7003.5
1776251400,7003.75,7005.75,7003.75,7004.75
1776251460,7005,7005.75,7004.75,7004.75
1776251520,7005,7005.5,7004.5,7005.5
1776251580,7005.25,7006,7004.75,7005
1776251640,7004.75,7006,7004.75,7005.25
1776251700,7005.5,7005.75,7004,7004
1776251760,7004,7005,7003.75,7003.75
1776251820,7004,7004.25,7002.5,7002.5
1776251880,7002.5,7003.25,7002.5,7003
1776251940,7002.75,7003.25,7002.25,7002.5
1776252000,7002.75,7002.75,7001.5,7002.5
1776252060,7002.75,7003.75,7002.5,7003
1776252120,7003,7003.5,7002.5,7003.25
1776252180,7003.5,7004.5,7003,7004.25
1776252240,7004,7004.5,7004,7004.5
1776252300,7004,7005.5,7004,7005
1776252360,7005,7005.75,7004.75,7005.25
1776252420,7005,7006.25,7005,7005.75
1776252480,7005.75,7006,7004.75,7004.75
1776252540,7004.75,7005,7003,7003.25
1776252600,7003.5,7008,7003,7006.5
1776252660,7006.5,7007.75,7006.25,7006.5
1776252720,7006.5,7007.25,7006.25,7006.75
1776252780,7006.25,7006.5,7005,7005.75
1776252840,7005.75,7006,7004.25,7004.25
1776252900,7004.75,7005.5,7004,7005.25
1776252960,7005,7006.75,7004.75,7006.75
1776253020,7006.5,7007,7006.25,7006.75
1776253080,7006.75,7007.5,7006.5,7007
1776253140,7006.75,7007.25,7006.5,7007
1776253200,7006.75,7007,7005.25,7005.75
1776253260,7006,7006.5,7005,7005
1776253320,7005,7005.75,7004.75,7005.5
1776253380,7005.25,7005.75,7005.25,7005.5
1776253440,7005.25,7005.25,7004.75,7004.75
1776253500,7005,7005.5,7004.75,7005
1776253560,7005.5,7018.75,7004.75,7005.25
1776253620,7005,7008,7003.5,7007.5
1776253680,7007.25,7007.5,7005.5,7006
1776253740,7006,7009.25,7005.75,7008.25
1776253800,7008.25,7008.75,7007,7007.75
1776253860,7008,7009,7007,7008
1776253920,7007.75,7008.25,7006.25,7006.5
1776253980,7006.5,7007.75,7005.75,7007
1776254040,7007,7009,7007,7008.75
1776254100,7008.75,7010,7008,7009
1776254160,7009.25,7011.5,7009,7009.75
1776254220,7009.5,7010,7008.5,7008.5
1776254280,7009,7009.75,7008.75,7009.25
1776254340,7009.5,7010,7009,7009.25
1776254400,7009.25,7009.75,7008,7009.5
1776254460,7009.5,7010,7004.75,7008.25
1776254520,7008,7011,7007,7010.25
1776254580,7010,7010.5,7007,7007.75
1776254640,7008,7009.25,7007,7007.25
1776254700,7007,7007.25,7002.5,7004
1776254760,7004.25,7005.25,7003.25,7005
1776254820,7005.25,7007.5,7005.25,7006.75
1776254880,7006.75,7008.5,7006.5,7007.75
1776254940,7008,7008,7007,7007.75
1776255000,7007.75,7008,7006.75,7007.5
1776255060,7007.5,7008,7005.5,7006
1776255120,7006.25,7006.25,7004.5,7005.25
1776255180,7005,7006,7004.5,7005.75
1776255240,7005.5,7006,7004.75,7005
1776255300,7005.25,7005.25,7003.75,7003.75
1776255360,7003.75,7005.5,7003.75,7005.5
1776255420,7005.25,7005.5,7004.75,7005.25
1776255480,7005.25,7006.5,7005.25,7006.5
1776255540,7006.5,7007.25,7006.25,7006.5
1776255600,7006.5,7006.5,7005.25,7005.5
1776255660,7005.75,7007,7005.75,7006.25
1776255720,7006.25,7007.25,7006,7006.5
1776255780,7006.5,7006.75,7005,7005.5
1776255840,7005.5,7007.5,7005.5,7007.25
1776255900,7007,7007.5,7006,7006.5
1776255960,7006.5,7006.5,7002.75,7005
1776256020,7005,7006,7004.75,7004.75
1776256080,7004.75,7005,7004,7004.5
1776256140,7004.5,7005.25,7003.75,7004.75
1776256200,7004.75,7005.5,7004.5,7005.25
1776256260,7005.25,7005.5,7004.25,7004.75
1776256320,7004.75,7006,7004.75,7006
1776256380,7005.75,7008,7005.5,7007.5
1776256440,7008,7008.5,7007,7007.75
1776256500,7007.5,7008.75,7007.5,7008
1776256560,7007.75,7008.25,7006.5,7007.75
1776256620,7007.5,7008.25,7007.25,7008
1776256680,7008.25,7009.5,7008.25,7009
1776256740,7009,7010.5,7008.75,7010.25
1776256800,7010.25,7010.75,7009.25,7009.5
1776256860,7009.75,7012.25,7009.5,7011
1776256920,7010.75,7011,7008.75,7009
1776256980,7009.25,7010,7008.5,7009.5
1776257040,7009.5,7011.25,7009.5,7010.75
1776257100,7010.75,7010.75,7009.5,7010
1776257160,7009.75,7010.75,7008.75,7010.5
1776257220,7010.5,7011,7009.75,7010.25
1776257280,7010,7010.5,7009.75,7010.25
1776257340,7010.25,7010.25,7009.25,7009.25
1776257400,7009.25,7009.5,7008.75,7009.25
1776257460,7009.25,7009.25,7008,7008.5
1776257520,7008.5,7009.75,7008,7009.5
1776257580,7009.75,7010.75,7009.25,7010
1776257640,7010,7010.5,7009.5,7010
1776257700,7010.25,7010.75,7009.75,7010
1776257760,7010,7010.5,7009.5,7009.5
1776257820,7009.5,7010.25,7009.5,7009.75
1776257880,7010,7010.75,7009.75,7010.25
1776257940,7010,7010.25,7008.5,7008.5
1776258000,7008.75,7008.75,7007.5,7007.5
1776258060,7007.5,7008,7006.75,7007
1776258120,7006.75,7008,7006,7007
1776258180,7007.25,7007.75,7007,7007.25
1776258240,7007.75,7008.5,7007.25,7008.5
1776258300,7008.25,7008.5,7007.25,7008
1776258360,7008,7009.75,7007.5,7009.25
1776258420,7009,7009.25,7008,7008
1776258480,7007.75,7008.75,7007.75,7008.25
1776258540,7008.5,7009,7008,7009
1776258600,7009,7009.5,7008.5,7009.25
1776258660,7009,7009.75,7008.5,7009.25
1776258720,7009,7009.25,7008.5,7009
1776258780,7008.75,7010.25,7008.75,7010.25
1776258840,7010.25,7010.75,7010,7010.25
1776258900,7010.5,7011,7010,7010.75
1776258960,7010.5,7011,7010.25,7011
1776259020,7011,7011,7009.5,7009.75
1776259080,7010,7010,7008.5,7009
1776259140,7009,7010.5,7008.75,7010.25
1776259200,7010,7011,7009.75,7010.5
1776259260,7010.75,7011.75,7010.5,7011.25
1776259320,7011.25,7011.5,7010.25,7010.25
1776259380,7010.25,7011.5,7009.5,7011.25
1776259440,7011.5,7011.5,7008.75,7009.25
1776259500,7009.5,7014.5,7009.5,7014.25
1776259560,7014.25,7015,7013.25,7013.75
1776259620,7013.75,7014.5,7013.25,7014.25
1776259680,7014.5,7015,7014,7014.25
1776259740,7014.25,7014.5,7012.5,7014.25
1776259800,7014.25,7017.25,7013.5,7016
1776259860,7016,7018,7012,7012.75
1776259920,7012.75,7016.5,7012.5,7016.5
1776259980,7016.25,7019.25,7016.25,7018.25
1776260040,7018.25,7020,7016.75,7019
1776260100,7019.25,7020.75,7016.25,7017.75
1776260160,7017.75,7020.75,7016.5,7020.25
1776260220,7020.25,7021.5,7018.5,7020.75
1776260280,7020.5,7023.75,7019.5,7023.5
1776260340,7023.75,7024.25,7021.75,7024.25
1776260400,7024.25,7024.75,7021.75,7023.25
1776260460,7023.5,7023.75,7021.75,7022.75
1776260520,7023,7023,7018.25,7018.75
1776260580,7018.5,7019.5,7014,7014.25
1776260640,7014.25,7015.25,7003.75,7005.25
1776260700,7005.5,7009.75,7005.5,7007.5
1776260760,7007.75,7009.5,7006.25,7008.25
1776260820,7008.25,7014.25,7008.25,7014
1776260880,7014,7014.25,7011.75,7012.25
1776260940,7012,7013.25,7010.75,7011.25
1776261000,7011.5,7013.25,7010.5,7012.25
1776261060,7012,7012.75,7011,7011.25
1776261120,7011.25,7011.5,7006.25,7010.75
1776261180,7010.5,7013.25,7009.75,7012
1776261240,7012,7012,7010.25,7011.75
1776261300,7011.5,7013.75,7011.5,7012.25
1776261360,7012,7013.75,7011.75,7013
1776261420,7013,7016,7012,7015.75
1776261480,7015.75,7017.5,7015,7016.5
1776261540,7016.5,7018.25,7016.5,7018
1776261600,7018,7019,7012.5,7013.5
1776261660,7013.5,7015,7013.25,7014.75
1776261720,7014.75,7017,7014.5,7015.75
1776261780,7015.75,7017.25,7014.75,7016
1776261840,7016,7016.25,7014,7014
1776261900,7014.25,7015.5,7013,7014.25
1776261960,7014.25,7016,7009.5,7015.5
1776262020,7015.75,7016.5,7013.75,7015
1776262080,7014.75,7016.5,7013.75,7015.25
1776262140,7015.25,7017,7014.75,7015.75
1776262200,7016,7017.75,7015.5,7017.25
1776262260,7017,7018.25,7015,7016.5
1776262320,7016.5,7019,7016.25,7017
1776262380,7016.75,7019.75,7016.75,7019.5
1776262440,7019.5,7021.25,7018.5,7020.75
1776262500,7020.75,7023.5,7020.75,7022.75
1776262560,7022.5,7024.75,7021.5,7024.5
1776262620,7024.75,7025.5,7022.5,7022.75
1776262680,7022.75,7023.75,7022.25,7023.25
1776262740,7023,7023.5,7019.25,7020.25
1776262800,7020.5,7022.5,7020.5,7022.25
1776262860,7022.25,7025.25,7021.75,7024.5
1776262920,7024.5,7026.25,7024,7025.5
1776262980,7025.5,7027,7025,7025.75
1776263040,7025.75,7031,7025.5,7028.25
1776263100,7028,7029.75,7027.25,7029.25
1776263160,7029.25,7030.5,7028.75,7030
1776263220,7029.75,7030.75,7029,7029.25
1776263280,7029.25,7030.5,7027.5,7030.5
1776263340,7030.5,7031,7029.5,7030.75
1776263400,7031,7032.5,7029.25,7030
1776263460,7030,7031.75,7029.5,7031.25
1776263520,7031.5,7032.5,7030.5,7032.25
1776263580,7032.25,7032.5,7029.25,7029.25
1776263640,7029.25,7029.5,7026,7026.25
1776263700,7026.5,7029.25,7025.5,7028.5
1776263760,7028.5,7029,7027.5,7027.75
1776263820,7027.75,7029.25,7027.75,7028.25
1776263880,7028.5,7028.75,7024.75,7024.75
1776263940,7024.75,7025,7020.75,7021.75
1776264000,7022,7027.25,7021.75,7026.5
1776264060,7026.5,7028.25,7026.25,7027.5
1776264120,7028,7028.5,7025.5,7027.25
1776264180,7027,7029.75,7026.5,7029.25
1776264240,7029.25,7029.5,7028.25,7029.25
1776264300,7029.25,7030,7028.5,7029.75
1776264360,7030,7030,7029.25,7029.75
1776264420,7029.75,7029.75,7027.5,7029.25
1776264480,7029,7030.75,7028.75,7030.5
1776264540,7030.5,7032,7029.75,7032
1776264600,7031.75,7033,7031.25,7031.25
1776264660,7031.25,7031.5,7028.75,7029.5
1776264720,7029.25,7030,7028.5,7029.5
1776264780,7029.25,7030.75,7028.25,7028.5
1776264840,7028.5,7029.75,7028.25,7028.5
1776264900,7028.75,7030,7027.75,7029.75
1776264960,7029.75,7031.25,7029.25,7031.25
1776265020,7031,7031.75,7030.5,7031
1776265080,7031,7031.25,7030.25,7030.75
1776265140,7030.75,7031,7029,7029.25
1776265200,7029.25,7030,7027.25,7027.5
1776265260,7027.75,7030,7027,7030
1776265320,7030,7031.5,7029.25,7031
1776265380,7031,7031.5,7029.75,7030.75
1776265440,7030.5,7031,7029,7031
1776265500,7031,7032,7030.5,7031.75
1776265560,7031.75,7031.75,7029,7030
1776265620,7029.75,7030.5,7026.25,7026.75
1776265680,7026.5,7027.75,7026,7027.25
1776265740,7027.25,7029,7027,7028.5
1776265800,7028.5,7031,7028.25,7030.75
1776265860,7030.75,7031.75,7030.5,7030.75
1776265920,7030.5,7035,7030.5,7033.75
1776265980,7033.75,7034.5,7032.5,7033.25
1776266040,7033.25,7035,7033,7034.75
1776266100,7035,7036.75,7034,7036
1776266160,7035.75,7036.5,7034.75,7035.5
1776266220,7035.25,7035.5,7033.5,7035.25
1776266280,7035,7036.25,7034.5,7035.75
1776266340,7035.75,7036.25,7035,7035.5
1776266400,7035.75,7036.25,7034.5,7036
1776266460,7035.75,7036,7035,7035.5
1776266520,7035.75,7037,7035.75,7036.75
1776266580,7036.5,7036.75,7034,7034.75
1776266640,7035,7035.5,7034.5,7035.25
1776266700,7035.25,7036.25,7035,7035.5
1776266760,7035.75,7036.25,7035.25,7035.75
1776266820,7035.75,7037.25,7035.5,7037
1776266880,7037,7037.5,7036.5,7037
1776266940,7036.75,7037,7034.5,7035.5
1776267000,7035.75,7036,7032,7032.25
1776267060,7032.25,7033.75,7030.75,7032.25
1776267120,7032.25,7033.5,7030.25,7030.5
1776267180,7030.5,7032.25,7030,7031
1776267240,7030.75,7032,7030.5,7030.75
1776267300,7030.75,7032,7030.5,7031.25
1776267360,7031.5,7033.25,7030.25,7030.75
1776267420,7030.75,7033.75,7030.75,7033
1776267480,7033,7033.75,7032.25,7032.75
1776267540,7032.75,7033,7031.75,7032.75
1776267600,7033,7034.25,7032.75,7033.75
1776267660,7034,7036.75,7033.75,7036.5
1776267720,7036.75,7037.5,7035.75,7037.25
1776267780,7037.25,7037.75,7036.5,7037
1776267840,7037,7037.5,7036,7036.25
1776267900,7036.25,7037.5,7036,7037
1776267960,7037,7037.75,7036,7037.25
1776268020,7037.5,7037.5,7035.25,7035.75
1776268080,7035.75,7037,7035,7036.75
1776268140,7036.75,7037.5,7036,7036
1776268200,7036.5,7037.25,7035.25,7036.25
1776268260,7036.25,7036.75,7035.25,7036
1776268320,7036,7036.75,7035,7036.5
1776268380,7036.25,7036.25,7035,7035.25
1776268440,7035.25,7036,7033.75,7034
1776268500,7034,7034.5,7032.5,7032.75
1776268560,7032.75,7033,7031,7031.75
1776268620,7031.75,7032.75,7031,7032.25
1776268680,7032.25,7033.75,7032.25,7033.25
1776268740,7033.25,7034.25,7031.75,7031.75
1776268800,7032,7032,7029.75,7031.75
1776268860,7031.5,7032.5,7031,7032
1776268920,7032,7032.75,7031.5,7031.75
1776268980,7031.75,7033,7031.75,7032.75
1776269040,7032.75,7033.5,7032.25,7032.75
1776269100,7032.5,7033.25,7031.25,7032.5
1776269160,7032.75,7034.5,7032.75,7033.5
1776269220,7033.5,7035,7033.25,7035
1776269280,7034.75,7036,7034.75,7035.5
1776269340,7035.5,7036.75,7034.75,7036.25
1776269400,7036,7036.25,7034,7034.75
1776269460,7034.75,7035.75,7034.25,7035.25
1776269520,7035.5,7036,7034.25,7035.5
1776269580,7035.5,7036.5,7035.25,7036.25
1776269640,7036,7036.25,7035.25,7035.5
1776269700,7035.75,7036.25,7034.75,7034.75
1776269760,7034.75,7036.25,7034.25,7035.5
1776269820,7035.5,7036.75,7035.5,7036
1776269880,7036,7038.5,7036,7038
1776269940,7037.5,7038,7037,7037.75
1776270000,7038,7039.75,7038,7039.5
1776270060,7039.5,7040,7038.5,7039.5
1776270120,7039.25,7039.75,7038.5,7039
1776270180,7039,7040.25,7038.75,7040
1776270240,7039.75,7040.25,7039.25,7039.75
1776270300,7039.75,7039.75,7036.75,7037.25
1776270360,7037.25,7038.25,7037,7038
1776270420,7038,7039,7037.75,7038.25
1776270480,7038.25,7038.75,7037,7037.25
1776270540,7037.25,7037.75,7035.5,7035.75
1776270600,7035.5,7036.75,7033.25,7034.25
1776270660,7034.25,7036.5,7033.5,7035.5
1776270720,7035.5,7035.75,7033.5,7033.75
1776270780,7034,7035,7033.25,7034.5
1776270840,7034.5,7035.25,7033.5,7034.75
1776270900,7034.75,7036.25,7034.75,7035.75
1776270960,7035.5,7036.25,7035,7035.5
1776271020,7035.5,7037.25,7035.25,7036.25
1776271080,7036.25,7036.75,7035.75,7036.25
1776271140,7036,7036,7033.5,7033.5
1776271200,7033.5,7033.75,7029.25,7029.75
1776271260,7029.5,7030.25,7025.5,7026
1776271320,7026,7029.25,7025.75,7027.25
1776271380,7027.25,7029,7027.25,7028.5
1776271440,7028.5,7029.25,7025.75,7025.75
1776271500,7025.75,7027.25,7025.25,7026.25
1776271560,7026.25,7027,7025.25,7025.5
1776271620,7025.5,7026,7022.5,7024
1776271680,7024.25,7025.75,7021.75,7025.25
1776271740,7025,7029,7025,7029
1776271800,7028.75,7030,7028.25,7029.75
1776271860,7029.5,7029.75,7025.5,7026.25
1776271920,7026.5,7026.5,7023.5,7024.5
1776271980,7024.75,7025,7022.25,7024.75
1776272040,7024.5,7026.25,7023.5,7024
1776272100,7024,7024.5,7021.5,7023.75
1776272160,7023.75,7023.75,7019.25,7022.75
1776272220,7022.5,7026.25,7022.5,7026
1776272280,7026,7027.5,7025.75,7027
1776272340,7026.5,7028.5,7026.25,7027.25
1776272400,7027.5,7029.75,7026.25,7029.5
1776272460,7029.75,7030.25,7027.75,7028.25
1776272520,7028.25,7029.25,7027.75,7028.75
1776272580,7028.5,7031.75,7028,7031.25
1776272640,7031.5,7033,7031.25,7032.5
1776272700,7032.5,7034.5,7032,7033.25
1776272760,7033.5,7035,7033.25,7034.75
1776272820,7034.5,7036.25,7034,7035.25
1776272880,7035.25,7035.25,7032.75,7033.75
1776272940,7033.75,7034.5,7033.25,7034
1776273000,7034.5,7035,7033.75,7034.25
1776273060,7034.25,7034.5,7032.5,7034.5
1776273120,7034.25,7034.75,7032.25,7033
1776273180,7032.75,7034.25,7032.25,7034.25
1776273240,7034.25,7034.75,7033.5,7033.75
1776273300,7033.5,7035.25,7033.5,7035
1776273360,7035.25,7036.5,7035,7036.5
1776273420,7036.5,7036.5,7035.5,7036
1776273480,7035.75,7036.75,7035.25,7035.5
1776273540,7035.5,7036,7034.75,7034.75
1776273600,7034.75,7035.75,7034.5,7034.75
1776273660,7034.5,7034.75,7033.5,7034.5
1776273720,7034.25,7034.5,7032.75,7033
1776273780,7033,7034,7032.5,7033.25
1776273840,7033.5,7035.5,7033,7035
1776273900,7035,7036,7034.5,7036
1776273960,7035.75,7037.5,7035,7037.25
1776274020,7037.25,7038.25,7036.75,7036.75
1776274080,7036.75,7037.25,7035.75,7037
1776274140,7036.75,7037,7035.75,7036.25
1776274200,7036,7037,7035.75,7036.75
1776274260,7036.5,7037,7035.75,7036.5
1776274320,7036.5,7038.5,7036.5,7037.75
1776274380,7038,7039,7037.75,7038.5
1776274440,7038.25,7040.25,7038.25,7039.75
1776274500,7040,7040.25,7039.5,7040.25
1776274560,7040.25,7042.25,7039.75,7041.75
1776274620,7042,7042.25,7039.5,7039.75
1776274680,7039.5,7040.5,7039,7040
1776274740,7040,7040.25,7038.25,7038.5
1776274800,7038.5,7038.75,7037,7037.5
1776274860,7037.25,7037.75,7036,7036.25
1776274920,7036.25,7036.5,7035,7036
1776274980,7035.75,7036.5,7035,7036
1776275040,7036,7037,7035.5,7036.75
1776275100,7036.75,7038.25,7036.5,7038.25
1776275160,7038.25,7038.25,7037.25,7038
1776275220,7038.25,7039.25,7037.25,7038
1776275280,7038,7038.5,7037,7037.75
1776275340,7037.75,7038.5,7037,7037.75
1776275400,7037.5,7039,7037.5,7038.25
1776275460,7038.5,7039.5,7038.25,7039.25
1776275520,7039,7040,7038.75,7039
1776275580,7039.25,7040.75,7039,7040.25
1776275640,7040.25,7040.75,7039.25,7039.25
1776275700,7039.25,7040.5,7039.25,7039.75
1776275760,7040,7040.5,7039.5,7039.75
1776275820,7039.75,7040,7038.25,7038.75
1776275880,7038.5,7038.5,7037,7037.5
1776275940,7037.75,7038,7036.5,7037.25
1776276000,7037,7037,7033.75,7034.5
1776276060,7034.5,7041,7034.25,7036.75
1776276120,7036.75,7048.75,7036.5,7041.5
1776276180,7041.5,7042.75,7039,7041.75
1776276240,7041.75,7043,7041.25,7042.5
1776276300,7042,7043.75,7041.5,7042.25
1776276360,7042.25,7044.5,7042.25,7043.25
1776276420,7043.5,7043.75,7042.5,7043.25
1776276480,7043.5,7044.25,7042.75,7043
1776276540,7043,7043.75,7042,7043
1776276600,7043,7043.25,7040.5,7041.25
1776276660,7041.25,7043.75,7041,7043.5
1776276720,7043.75,7045.25,7043.25,7044.75
1776276780,7045,7046.5,7044.75,7046
1776276840,7046.25,7046.75,7045,7045
1776276900,7045,7047.5,7045,7047.25
1776276960,7047.5,7048.75,7046.75,7048.5
1776277020,7048.5,7048.75,7046.5,7047
1776277080,7046.75,7047.25,7045.25,7046
1776277140,7045.75,7046.25,7045,7045.75
1776277200,7045.75,7046.25,7044,7044.5
1776277260,7044.5,7046,7043.75,7046
1776277320,7045.75,7046.5,7045.5,7046
1776277380,7046.25,7046.75,7045.75,7046.75
1776277440,7046.75,7047.5,7046.5,7047
1776277500,7047,7047.5,7045,7045.5
1776277560,7045.25,7046.5,7045.25,7046.25
1776277620,7046.25,7047.5,7046.25,7047.25
1776277680,7047.25,7047.75,7046.5,7047.25
1776277740,7047,7047.25,7046.25,7046.75
1776277800,7047,7048.5,7046.75,7048
1776277860,7048,7049.75,7047.75,7049.25
1776277920,7049.25,7049.75,7048.25,7049.25
1776277980,7049.25,7051.25,7048.5,7051
1776278040,7051.25,7052.75,7051,7052.5
1776278100,7052.5,7054,7052.25,7053
1776278160,7053,7054,7053,7053.5
1776278220,7053.5,7054,7051.25,7051.5
1776278280,7051.75,7051.75,7050.75,7050.75
1776278340,7050.75,7052.25,7050,7052
1776278400,7052.25,7052.5,7048.75,7049.25
1776278460,7049.25,7050.5,7048.25,7048.25
1776278520,7048.25,7049,7048,7048.5
1776278580,7048.5,7050.75,7048.5,7050.75
1776278640,7050.75,7051.25,7050.25,7051
1776278700,7051,7053,7051,7052.75
1776278760,7052.75,7053.25,7051.75,7052.5
1776278820,7052.5,7054,7052.5,7053.75
1776278880,7053.75,7054,7053,7053.5
1776278940,7053.25,7054.75,7053.25,7054.75
1776279000,7054.75,7057.25,7054.5,7056.25
1776279060,7056.5,7057.75,7056.25,7057.75
1776279120,7057.5,7057.75,7055.5,7057
1776279180,7056.75,7056.75,7055.5,7056.75
1776279240,7056.5,7057.75,7056.5,7057.25
1776279300,7057,7057.75,7056.25,7057.5
1776279360,7057.5,7059.25,7057.5,7058.5
1776279420,7058.75,7060.5,7058.5,7059
1776279480,7059.25,7060.25,7058.5,7059.75
1776279540,7059.75,7060,7058.25,7058.25
1776279600,7058.5,7059.25,7057,7057.5
1776279660,7057.75,7058,7055.75,7056
1776279720,7056.25,7058.25,7055.75,7058
1776279780,7058,7059.5,7057.75,7058.5
1776279840,7058.75,7059.5,7058,7059.5
1776279900,7059.25,7061.25,7059.25,7060.25
1776279960,7060.5,7061.25,7060,7060.5
1776280020,7060.5,7061,7060.25,7060.75
1776280080,7060.75,7060.75,7059.25,7060.25
1776280140,7060.5,7061,7059.5,7060.25
1776280200,7060.25,7061.5,7060.25,7061.25
1776280260,7061.25,7061.5,7058.75,7059.5
1776280320,7059.5,7060.25,7059,7059.5
1776280380,7059.75,7060,7058.5,7058.5
1776280440,7058.5,7058.75,7055.75,7056.5
1776280500,7056.75,7058,7056.5,7057
1776280560,7057,7057.25,7056,7056.75
1776280620,7056.75,7057,7055.5,7056.75
1776280680,7057,7058.25,7056.5,7057.75
1776280740,7057.75,7058,7056.5,7058
1776280800,7058,7058,7057,7058
1776280860,7058.25,7058.25,7057,7057
1776280920,7057.25,7059.25,7057.25,7059.25
1776280980,7059,7060.5,7058.75,7059.75
1776281040,7059.75,7060.5,7059.5,7059.5
1776281100,7059.5,7061.75,7059.5,7061.25
1776281160,7061,7061.25,7059.5,7059.75
1776281220,7059.75,7061,7058.75,7060.5
1776281280,7060.5,7061.75,7060.5,7061.5
1776281340,7061.5,7062.25,7061.25,7061.75
1776281400,7061.5,7061.5,7060.25,7061.25
1776281460,7061.25,7061.25,7059.75,7059.75
1776281520,7060,7061,7059.25,7060.5
1776281580,7060.75,7060.75,7059.5,7060.25
1776281640,7060.25,7062,7060,7061.75
1776281700,7061.75,7063.25,7061.5,7062
1776281760,7062,7062.25,7060.75,7061.5
1776281820,7061.5,7061.5,7059.75,7060
1776281880,7060,7060.75,7058,7058.75
1776281940,7058.75,7058.75,7056.75,7056.75
1776282000,7057,7057,7054.25,7055.75
1776282060,7055.5,7056.75,7055.25,7055.25
1776282120,7055.5,7056.5,7054.75,7056.5
1776282180,7056.5,7058.75,7056.5,7057.5
1776282240,7057.5,7059,7056.5,7057
1776282300,7056.75,7057,7055.25,7055.25
1776282360,7055.25,7059,7055,7058.5
1776282420,7058.5,7059.75,7057.75,7059.25
1776282480,7059.25,7060.25,7058.75,7059.75
1776282540,7059.5,7059.5,7056.75,7056.75
1776282600,7057,7062.75,7057,7061.25
1776282660,7061,7062.25,7060.5,7061.25
1776282720,7061.25,7061.75,7058.5,7059.25
1776282780,7059.5,7059.75,7056.5,7057.5
1776282840,7057.75,7061.25,7057.75,7060.25
1776282900,7060.25,7064.5,7060,7063.5
1776282960,7063.5,7063.75,7061.5,7061.5
1776283020,7061.5,7063.5,7061,7063
1776283080,7063,7063.5,7062.25,7062.5
1776283140,7062.5,7064.5,7058.5,7060
1776283200,7060.25,7062.5,7056.75,7056.75
1776283260,7057,7059.25,7057,7059
1776283320,7059,7059,7056.5,7056.75
1776283380,7057,7058,7056.75,7057.25
1776283440,7057.25,7057.5,7055.5,7056.25
1776283500,7056.25,7056.25,7054.75,7055.25
1776283560,7055.25,7056.5,7055,7055
1776283620,7055,7055.75,7054.75,7055.5
1776283680,7055.5,7055.75,7054.25,7055.5
1776283740,7055.5,7056.75,7055.25,7055.75
1776283800,7056,7056.5,7055.25,7055.5
1776283860,7055.5,7055.5,7054.75,7055
1776283920,7055,7055.75,7054.75,7055.5
1776283980,7055.5,7055.75,7054.75,7055.5
1776284040,7055.5,7056.75,7055.25,7056
1776284100,7056,7058.25,7055.75,7058
1776284160,7058,7058.25,7057.5,7057.75
1776284220,7058,7058,7057.5,7057.5
1776284280,7057.5,7057.75,7057.25,7057.75
1776284340,7057.5,7058,7057.25,7057.25
1776284400,7057.5,7057.5,7057,7057.5
1776284460,7057.5,7058,7056.5,7057
1776284520,7057,7058,7056.75,7057.75
1776284580,7058,7058.75,7058,7058
1776284640,7058,7058.75,7057.75,7057.75
1776284700,7058,7058,7057.5,7057.5
1776284760,7057.5,7057.5,7056.75,7057
1776284820,7057.25,7057.75,7057,7057.5
1776284880,7057.25,7057.5,7056.5,7057
1776284940,7057,7057.5,7056.5,7057
1776285000,7057,7058.25,7057,7058
1776285060,7057.75,7057.75,7057.25,7057.5
1776285120,7057.5,7058.25,7057.25,7058
1776285180,7058.25,7058.5,7057.5,7057.5
1776285240,7057.75,7058.5,7057.5,7058.25
1776285300,7058.25,7060.25,7058,7059.5
1776285360,7059.25,7059.5,7058.25,7058.75
1776285420,7058.75,7059,7058,7058.25
1776285480,7058,7058.5,7057.5,7058
1776285540,7058,7058.75,7058,7058.5
1776285600,7058.25,7058.75,7058,7058.5
1776285660,7058.25,7059,7058.25,7058.75
1776285720,7058.5,7059.5,7057.75,7058
1776285780,7058,7058.75,7057.75,7058.25
1776285840,7058.25,7058.75,7058,7058.5
1776285900,7058.5,7058.75,7057.75,7057.75
1776285960,7057.5,7058,7057.25,7057.75
1776286020,7057.75,7058.25,7057.5,7058
1776286080,7058,7058,7057,7057.25
1776286140,7057.25,7057.5,7057,7057
1776286200,7057.25,7057.5,7057,7057.25
1776286260,7057.25,7057.75,7057,7057
1776286320,7056.75,7057.75,7056.75,7056.75
1776286380,7057,7057.25,7056.5,7056.5
1776286440,7056.75,7058.5,7056.5,7058
1776286500,7058.25,7059.75,7058.25,7058.75
1776286560,7058.75,7058.75,7058,7058.25
1776286620,7058.5,7058.75,7058,7058.75
1776286680,7059,7059.25,7057.5,7057.75
1776286740,7058,7058.5,7057.5,7058.25
1776290400,7057.75,7058.75,7055.5,7057
1776290460,7057.25,7057.5,7056.5,7056.75
1776290520,7056.75,7059,7056.5,7059
1776290580,7058.75,7060.5,7058.75,7060.25
1776290640,7060.5,7061.25,7059.75,7059.75
1776290700,7060.25,7061,7060,7060.5
1776290760,7060.5,7061,7060.25,7060.25
1776290820,7060,7061.5,7059.5,7061
1776290880,7061.25,7061.75,7060.5,7060.5
1776290940,7061,7061.25,7060.25,7060.75
1776291000,7061,7061.5,7060.75,7061
1776291060,7060.75,7062,7060.5,7061.5
1776291120,7061.5,7061.5,7061,7061.25
1776291180,7061,7061.5,7060.75,7061.25
1776291240,7061,7061.5,7061,7061
1776291300,7061,7061.25,7060.75,7061
1776291360,7061,7061,7060.5,7060.75
1776291420,7060.75,7062,7060.5,7061
1776291480,7061.25,7061.75,7060.75,7061
1776291540,7060.75,7061,7059.75,7060
1776291600,7060,7061,7060,7060.75
1776291660,7061,7061,7059.5,7060.25
1776291720,7060.5,7061.75,7060.25,7061.75
1776291780,7061.75,7062,7061,7061
1776291840,7061,7061.5,7061,7061.5
1776291900,7061.5,7061.5,7061,7061.5
1776291960,7061.5,7061.75,7061,7061.5
1776292020,7061.25,7062,7061,7062
1776292080,7061.75,7062.25,7061.25,7061.75
1776292140,7062.25,7062.25,7061.25,7062
1776292200,7062,7063.25,7061.75,7063.25
1776292260,7063.25,7063.75,7062.75,7063.5
1776292320,7063.5,7064,7063,7063.25
1776292380,7063.25,7063.5,7063,7063
1776292440,7063.25,7063.75,7063,7063.25
1776292500,7063.5,7064.5,7063,7064.5
1776292560,7064,7064.25,7063.25,7063.75
1776292620,7064,7064.5,7063.75,7064.5
1776292680,7064.25,7065.25,7064.25,7065
1776292740,7064.75,7065.75,7064.75,7065.75
1776292800,7065.5,7065.75,7064.75,7064.75
1776292860,7065,7065,7064.5,7064.5
1776292920,7064.75,7064.75,7063.75,7064
1776292980,7064,7064.25,7063.25,7064
1776293040,7063.75,7064.25,7063.75,7064.25
1776293100,7064.25,7064.5,7064,7064
1776293160,7064.25,7064.75,7064,7064.5
1776293220,7064.75,7065.25,7064.5,7064.75
1776293280,7064.75,7065.25,7064.5,7065.25
1776293340,7065,7065.25,7064.5,7064.75
1776293400,7064.75,7065,7064.5,7064.5
1776293460,7064.5,7064.75,7064,7064
1776293520,7064.25,7064.75,7064.25,7064.75
1776293580,7064.75,7064.75,7064.5,7064.5
1776293640,7064.75,7065,7064.5,7064.75
1776293700,7064.5,7064.75,7064.5,7064.75
1776293760,7064.75,7064.75,7064.5,7064.5
1776293820,7064.5,7065,7064.5,7064.75
1776293880,7065,7065.25,7064.75,7065.25
1776293940,7065,7065.5,7065,7065.5
1776294000,7065.5,7065.75,7064.75,7065
1776294060,7065,7065.5,7064.75,7065
1776294120,7065,7065.25,7064.5,7064.75
1776294180,7064.75,7065.25,7064.75,7065.25
1776294240,7065,7066.5,7065,7066.25
1776294300,7066.25,7066.25,7065.75,7066
1776294360,7066,7066.25,7065.75,7065.75
1776294420,7066,7066.5,7065.75,7066
1776294480,7066,7066.75,7066,7066.5
1776294540,7066,7066.25,7064.75,7064.75
1776294600,7065,7065.5,7064.75,7065
1776294660,7065.25,7065.25,7064.5,7064.75
1776294720,7064.5,7065.25,7064.5,7065.25
1776294780,7065.5,7065.75,7065.25,7065.5
1776294840,7065.25,7065.5,7065,7065.25
1776294900,7065.25,7065.5,7065,7065
1776294960,7065,7065.5,7064.75,7065.25
1776295020,7065.5,7066,7065.25,7065.75
1776295080,7066,7066.25,7065.75,7065.75
1776295140,7065.75,7065.75,7065,7065
1776295200,7065,7065.5,7065,7065.25
1776295260,7065.25,7065.5,7065,7065.5
1776295320,7065,7065.25,7064.75,7065
1776295380,7065,7065.5,7065,7065.25
1776295440,7065.25,7065.5,7065,7065
1776295500,7065,7065.5,7065,7065.5
1776295560,7065,7065.25,7064,7064.25
1776295620,7064,7064.5,7063.75,7064.25
1776295680,7064.5,7065.25,7064.5,7065.25
1776295740,7065,7065.25,7064.75,7065.25
1776295800,7065.25,7065.5,7064.75,7064.75
1776295860,7065,7065,7064.5,7064.5
1776295920,7064.75,7065.5,7064.75,7065.5
1776295980,7065.25,7065.75,7065,7065.75
1776296040,7066,7066,7065.5,7066
1776296100,7066,7066.75,7066,7066.25
1776296160,7066,7066.5,7066,7066.5
1776296220,7066.5,7067.25,7066.5,7067.25
1776296280,7067.25,7067.25,7066.5,7067
1776296340,7067,7067.25,7066.75,7066.75
1776296400,7066.75,7067,7066.25,7066.75
1776296460,7066.5,7067,7066.5,7067
1776296520,7066.75,7067.25,7066.75,7066.75
1776296580,7067.25,7067.5,7067,7067.25
1776296640,7067.25,7067.25,7067,7067.25
1776296700,7067.25,7067.25,7066.75,7067
1776296760,7067.25,7068.25,7067,7067.5
1776296820,7067.5,7068.5,7067.25,7068.25
1776296880,7068.25,7069.5,7068.25,7068.25
1776296940,7068.25,7069.5,7068.25,7069
1776297000,7068.75,7069.25,7068.5,7069.25
1776297060,7069,7069.75,7069,7069.75
1776297120,7069.75,7069.75,7068.75,7069.25
1776297180,7069,7069.25,7068.75,7069.25
1776297240,7069,7069.25,7068.75,7068.75
1776297300,7069,7069.75,7068.75,7069.25
1776297360,7069.5,7069.5,7069.25,7069.5
1776297420,7069.25,7069.75,7069,7069.5
1776297480,7069.25,7069.25,7068.75,7069.25
1776297540,7069.25,7069.25,7068.5,7069
1776297600,7069,7069.5,7068,7068.5
1776297660,7068.5,7070,7068.25,7070
1776297720,7070,7070,7068.75,7069.25
1776297780,7069,7069,7068.25,7068.25
1776297840,7068.25,7068.25,7066.5,7066.75
1776297900,7066.75,7067.5,7066.25,7066.25
1776297960,7066.5,7067.25,7066,7067.25
1776298020,7067,7067.75,7067,7067.5
1776298080,7067.5,7068,7066.5,7067
1776298140,7066.75,7067.5,7066.75,7067.25
1776298200,7067.5,7069.25,7067.5,7068.75
1776298260,7068.75,7069,7068.5,7068.75
1776298320,7068.75,7069.75,7068.5,7069.25
1776298380,7069.5,7070,7068.5,7069
1776298440,7069,7069.75,7068.75,7069.25
1776298500,7069,7069.75,7068.25,7069.75
1776298560,7069.5,7072.25,7069.5,7070.75
1776298620,7070.75,7071,7070,7070.5
1776298680,7070.75,7071.25,7070.5,7071
1776298740,7070.75,7071,7070.5,7070.75
1776298800,7070.5,7070.5,7069,7069.25
1776298860,7069.5,7069.5,7068.75,7068.75
1776298920,7069,7069.5,7068.75,7069.25
1776298980,7069.25,7069.75,7069,7069.25
1776299040,7069,7069.5,7068.75,7069
1776299100,7069.5,7069.75,7068,7068.75
1776299160,7069,7069.25,7068.75,7069
1776299220,7069,7069.25,7068.5,7068.75
1776299280,7069,7069,7068,7068.25
1776299340,7068.25,7068.5,7067.5,7068.25
1776299400,7068.25,7069,7068,7068.75
1776299460,7068.75,7069.25,7068.5,7069
1776299520,7069.25,7069.5,7069,7069.25
1776299580,7069.25,7069.5,7068.75,7069
1776299640,7069.25,7070.25,7069.25,7069.75
1776299700,7069.75,7070.75,7069.75,7070.75
1776299760,7070.75,7070.75,7070,7070.5
1776299820,7070.5,7071,7070.25,7070.75
1776299880,7070.75,7070.75,7070,7070.25
1776299940,7070.25,7071.5,7070.25,7071.25
1776300000,7071.25,7072,7071,7071.5
1776300060,7071.75,7071.75,7071.25,7071.25
1776300120,7071.25,7071.75,7071,7071.5
1776300180,7071.5,7072.25,7071,7071.75
1776300240,7072,7072,7071.5,7071.75
1776300300,7071.5,7071.75,7071,7071.5
1776300360,7071.75,7072.5,7071.5,7072.25
1776300420,7072.25,7072.75,7072.25,7072.5
1776300480,7072.25,7073.75,7072.25,7073.5
1776300540,7073.25,7074.25,7073.25,7074.25
1776300600,7074.25,7075.75,7074.25,7075.5
1776300660,7075.75,7075.75,7073.75,7074.25
1776300720,7074.5,7075,7074.25,7074.75
1776300780,7074.5,7074.75,7074.25,7074.25
1776300840,7074.25,7074.5,7073,7073.75
1776300900,7073.75,7074.25,7073.75,7074
1776300960,7074,7074.25,7073.25,7073.75
1776301020,7073.5,7073.75,7073.25,7073.75
1776301080,7074,7074.5,7074,7074.5
1776301140,7074.5,7074.5,7074,7074
1776301200,7073.75,7073.75,7072,7072.25
1776301260,7072.5,7073.25,7072.5,7072.75
1776301320,7072.75,7072.75,7072,7072.75
1776301380,7072.5,7073,7072.25,7072.25
1776301440,7072.25,7072.75,7071.75,7071.75
1776301500,7071.75,7071.75,7071,7071.5
1776301560,7071.75,7073,7071.5,7072.75
1776301620,7072.75,7073.25,7072.5,7073
1776301680,7072.5,7073.25,7072.5,7073.25
1776301740,7073,7074,7072.75,7073.25
1776301800,7073.25,7074,7073.25,7074
1776301860,7074,7074.5,7073.75,7074
1776301920,7074,7074.25,7073.5,7073.75
1776301980,7073.5,7074,7073.25,7073.5
1776302040,7073.5,7073.75,7073.25,7073.25
1776302100,7073.5,7074,7073.25,7073.75
1776302160,7073.75,7073.75,7073.25,7073.5
1776302220,7073.5,7075.25,7073.5,7074.25
1776302280,7074,7074.25,7073.75,7074
1776302340,7073.75,7074.5,7073.75,7074.25
1776302400,7074.75,7075.75,7074.5,7075.5
1776302460,7075.5,7075.75,7075,7075.25
1776302520,7075.25,7075.5,7074.75,7074.75
1776302580,7074.75,7075.25,7074.75,7075
1776302640,7075.25,7075.25,7073.75,7074
1776302700,7074,7074,7073.5,7073.75
1776302760,7073.5,7074.25,7073.5,7074.25
1776302820,7074.25,7074.25,7073.75,7073.75
1776302880,7073.75,7074,7073.25,7073.25
1776302940,7073.25,7074,7073.25,7073.75
1776303000,7073.75,7074,7073,7073.25
1776303060,7073.5,7074,7073.5,7073.75
1776303120,7073.75,7074,7073.5,7074
1776303180,7073.75,7073.75,7073,7073
1776303240,7073.25,7073.5,7073,7073.25
1776303300,7073.5,7073.5,7072.25,7072.5
1776303360,7072.25,7073,7072.25,7072.5
1776303420,7072.75,7073,7072,7072.75
1776303480,7072.5,7073.25,7072.5,7073
1776303540,7073,7073.75,7073,7073.75
1776303600,7073.75,7074.5,7073.5,7074.25
1776303660,7074.5,7075.25,7074.25,7075.25
1776303720,7075.25,7076.25,7075,7075.75
1776303780,7075.75,7077,7075.75,7076.75
1776303840,7076.25,7077.5,7075.25,7075.5
1776303900,7075.25,7075.75,7075,7075.5
1776303960,7075.5,7075.75,7074.75,7075
1776304020,7075.25,7075.5,7074.75,7075.25
1776304080,7075,7075.5,7074.75,7075
1776304140,7075,7075.75,7074.75,7075.25
1776304200,7075.25,7075.25,7074.5,7074.75
1776304260,7075,7075,7074.25,7074.5
1776304320,7074.5,7074.75,7074.25,7074.5
1776304380,7074.5,7075,7074.25,7074.75
1776304440,7075,7075,7074.25,7074.5
1776304500,7074.25,7074.25,7073.5,7073.75
1776304560,7073.75,7073.75,7072.5,7072.5
1776304620,7072.75,7073.5,7072.25,7073.5
1776304680,7073.5,7073.5,7072.75,7073.25
1776304740,7073,7073,7072.5,7072.75
1776304800,7072.5,7074,7072.5,7073.75
1776304860,7074,7075,7073.75,7074.75
1776304920,7074.5,7074.5,7073.75,7074.25
1776304980,7074,7074.25,7073.75,7074
1776305040,7074,7074.25,7074,7074
1776305100,7074,7074.25,7073.75,7074.25
1776305160,7074,7074.75,7074,7074.5
1776305220,7074.5,7074.75,7074.25,7074.5
1776305280,7074.25,7074.75,7074,7074.5
1776305340,7074.5,7074.5,7073.75,7074
1776305400,7074,7074.75,7074,7074.5
1776305460,7074.25,7074.5,7074,7074.25
1776305520,7074.25,7074.5,7074,7074.25
1776305580,7074.25,7074.25,7073.75,7074
1776305640,7074,7074,7073.25,7073.5
1776305700,7073.25,7073.75,7072.75,7072.75
1776305760,7072.75,7073.5,7072.75,7073
1776305820,7073,7073.25,7072.5,7072.75
1776305880,7072.75,7073.25,7072.5,7073
1776305940,7072.75,7072.75,7072.25,7072.25
1776306000,7072.5,7073.25,7072.25,7073
1776306060,7073.25,7073.5,7072.75,7073.25
1776306120,7073,7073.5,7073,7073.25
1776306180,7073.5,7074,7073.25,7073.75
1776306240,7073.75,7074,7073.25,7073.75
1776306300,7073.75,7074,7073,7073.25
1776306360,7073.5,7073.75,7073,7073.25
1776306420,7073.25,7073.5,7073,7073.25
1776306480,7073.5,7073.75,7073.25,7073.25
1776306540,7073.25,7074,7073.25,7073.75
1776306600,7073.75,7074.25,7073.5,7073.75
1776306660,7074,7074.5,7074,7074.25
1776306720,7074.5,7074.75,7074.25,7074.5
1776306780,7074.5,7074.5,7073.75,7074
1776306840,7074,7074.25,7072.75,7072.75
1776306900,7073.25,7073.75,7073,7073.25
1776306960,7073.5,7073.75,7072.75,7073.25
1776307020,7073.25,7073.5,7072.75,7073.5
1776307080,7073.25,7074.25,7073.25,7073.75
1776307140,7074,7074.75,7074,7074.75
1776307200,7074.75,7075.25,7074.25,7074.75
1776307260,7074.25,7075,7074.25,7075
1776307320,7075,7075.25,7074.75,7075.25
1776307380,7075,7075.75,7075,7075.5
1776307440,7075.25,7075.25,7074.5,7074.5
1776307500,7074.75,7075.25,7074.75,7075.25
1776307560,7075.25,7075.25,7074,7074
1776307620,7074,7074.25,7073.5,7073.5
1776307680,7073.75,7073.75,7073,7073.5
1776307740,7073.5,7073.75,7073.25,7073.5
1776307800,7073.75,7074,7073.25,7073.5
1776307860,7073.75,7073.75,7072.5,7072.75
1776307920,7073,7073,7072.5,7072.75
1776307980,7072.75,7073,7071.25,7072
1776308040,7072.25,7072.5,7071.75,7072
1776308100,7072,7072.5,7071.75,7072.25
1776308160,7072.5,7072.75,7072,7072.25
1776308220,7072.25,7072.5,7071.75,7072
1776308280,7072,7072.25,7071.75,7072.25
1776308340,7072.5,7072.75,7072,7072.25
1776308400,7072,7073.5,7071.75,7073.25
1776308460,7073,7074,7072.75,7074
1776308520,7073.75,7074.25,7073.5,7074
1776308580,7073.75,7074.25,7073.75,7074.25
1776308640,7074,7075,7073.75,7074.5
1776308700,7074.75,7075.75,7074.75,7074.75
1776308760,7074.75,7074.75,7074.25,7074.5
1776308820,7074.25,7075.25,7074.25,7075.25
1776308880,7075,7075.5,7074.75,7074.75
1776308940,7074.75,7074.75,7074.5,7074.5
1776309000,7074.25,7074.5,7074,7074.25
1776309060,7074.25,7074.25,7073.75,7074
1776309120,7073.75,7074,7073.5,7073.5
1776309180,7073.75,7073.75,7073.25,7073.25
1776309240,7073.25,7073.75,7073.25,7073.5
1776309300,7073.75,7074.5,7073.5,7074.25
1776309360,7074,7074,7073.5,7073.5
1776309420,7073.5,7073.5,7073,7073.25
1776309480,7073.25,7073.5,7072.5,7072.75
1776309540,7072.5,7073,7072.25,7073
1776309600,7072.75,7073.25,7072.5,7073.25
1776309660,7073,7073.5,7073,7073.5
1776309720,7073.5,7073.5,7072.75,7073
1776309780,7073.25,7073.5,7073.25,7073.25
1776309840,7073.5,7073.75,7073.25,7073.5
1776309900,7073.75,7074,7073.5,7074
1776309960,7073.75,7073.75,7073.25,7073.25
1776310020,7073.25,7073.5,7073,7073.25
1776310080,7073.25,7073.25,7073,7073
1776310140,7073,7073.25,7072.75,7072.75
1776310200,7072.75,7073.5,7072.75,7073.25
1776310260,7073.25,7073.5,7073,7073.25
1776310320,7073.25,7073.25,7072,7072.25
1776310380,7072.25,7072.25,7071.75,7072
1776310440,7072.25,7072.5,7071.5,7071.75
1776310500,7072,7072.25,7071.5,7072
1776310560,7072.25,7072.25,7071.5,7072
1776310620,7072.25,7072.25,7071.75,7072
1776310680,7072,7072.25,7072,7072
1776310740,7072,7072,7071.75,7071.75
1776310800,7072,7072.5,7071.75,7072.5
1776310860,7072.5,7072.75,7072.25,7072.75
1776310920,7072.75,7073,7072,7072
1776310980,7072.25,7072.25,7072,7072
1776311040,7072.25,7072.25,7072,7072.25
1776311100,7072,7072.5,7072,7072.25
1776311160,7072.5,7072.75,7072.5,7072.75
1776311220,7072.75,7073,7072.5,7072.75
1776311280,7072.5,7073.25,7072.5,7073.25
1776311340,7073,7073.25,7072.75,7073
1776311400,7072.75,7073,7072.75,7072.75
1776311460,7072.75,7072.75,7072,7072
1776311520,7072,7072.5,7072,7072.25
1776311580,7072,7072.25,7071.75,7071.75
1776311640,7071.5,7072.25,7071.5,7072.25
1776311700,7072.25,7072.25,7072,7072
1776311760,7072.25,7072.25,7071.5,7071.5
1776311820,7071.75,7072,7071.5,7072
1776311880,7071.75,7072,7071.75,7071.75
1776311940,7071.75,7071.75,7071.25,7071.5
1776312000,7071.25,7071.25,7070.25,7071
1776312060,7070.75,7071,7070.25,7070.5
1776312120,7070.5,7070.5,7070,7070.25
1776312180,7070.25,7070.5,7070,7070.25
1776312240,7070,7070.75,7070,7070.75
1776312300,7070.5,7070.75,7070,7070.25
1776312360,7070.5,7071,7070.25,7070.75
1776312420,7070.75,7071,7070.5,7070.75
1776312480,7071,7071.25,7070.5,7070.75
1776312540,7070.5,7071,7070.25,7071
1776312600,7070.75,7071.25,7070.5,7071
1776312660,7071,7071.5,7071,7071.25
1776312720,7071.25,7071.5,7071,7071.25
1776312780,7071,7071.25,7070.75,7071
1776312840,7071,7071.75,7071,7071.5
1776312900,7071.5,7072,7071.5,7071.75
1776312960,7071.75,7072.5,7071.5,7072.25
1776313020,7072.25,7072.75,7072,7072.75
1776313080,7072.5,7072.75,7072.5,7072.5
1776313140,7072.5,7072.5,7072,7072.25
1776313200,7072.25,7072.5,7071.75,7072
1776313260,7072,7072.5,7072,7072.25
1776313320,7072.25,7072.5,7072.25,7072.25
1776313380,7072,7072,7070.5,7070.75
1776313440,7070.75,7071,7070.75,7071
1776313500,7071,7071,7070.5,7070.75
1776313560,7070.75,7070.75,7070.25,7070.75
1776313620,7070.75,7071,7070.5,7071
1776313680,7070.75,7070.75,7070.25,7070.5
1776313740,7070.25,7070.75,7070.25,7070.5
1776313800,7070.5,7070.75,7070.25,7070.5
1776313860,7070.5,7070.5,7070,7070.25
1776313920,7070,7070.25,7070,7070.25
1776313980,7070.25,7070.25,7070,7070
1776314040,7070.25,7070.5,7070.25,7070.5
1776314100,7070.5,7070.5,7070.25,7070.5
1776314160,7070.5,7070.5,7070.25,7070.25
1776314220,7070.25,7070.5,7070,7070.25
1776314280,7070.5,7070.5,7070,7070
1776314340,7070,7070.25,7070,7070
1776314400,7070.25,7070.5,7070,7070.25
1776314460,7070.25,7070.5,7070,7070
1776314520,7070.25,7071,7070.25,7070.75
1776314580,7070.75,7071.25,7070.75,7071.25
1776314640,7071.25,7071.25,7070.75,7071.25
1776314700,7071,7071.5,7071,7071.5
1776314760,7071.5,7071.5,7071.25,7071.5
1776314820,7071.5,7071.5,7071,7071
1776314880,7071.25,7071.5,7070.75,7071
1776314940,7071,7071.25,7071,7071.25
1776315000,7071.5,7071.5,7070.75,7071
1776315060,7071,7071.25,7070.75,7071.25
1776315120,7071.25,7071.5,7070.75,7071.5
1776315180,7071.5,7071.5,7071.25,7071.5
1776315240,7071.5,7071.5,7071.25,7071.5
1776315300,7071.25,7071.75,7071.25,7071.5
1776315360,7071.5,7071.5,7071,7071.25
1776315420,7071.5,7071.5,7071,7071
1776315480,7071,7071.5,7071,7071.25
1776315540,7071.25,7071.5,7071.25,7071.5
1776315600,7071.5,7071.75,7070.25,7070.5
1776315660,7070.5,7070.75,7070,7070.5
1776315720,7070.5,7070.75,7068.5,7068.75
1776315780,7069,7070,7069,7069.5
1776315840,7069.25,7069.75,7069,7069.75
1776315900,7069.5,7070.25,7069.25,7069.75
1776315960,7069.75,7069.75,7069.5,7069.5
1776316020,7069.5,7069.75,7069.25,7069.5
1776316080,7069.5,7069.75,7069,7069.25
1776316140,7069,7069,7068.5,7069
1776316200,7069,7069.25,7068.25,7068.5
1776316260,7068.75,7069.25,7068.5,7068.5
1776316320,7068.75,7069,7068.5,7069
1776316380,7068.75,7068.75,7068.25,7068.25
1776316440,7068.5,7069,7068.5,7068.75
1776316500,7068.5,7069.25,7068.25,7069
1776316560,7069.25,7070.25,7069,7070
1776316620,7070,7070.25,7070,7070.25
1776316680,7070.25,7071,7070.25,7071
1776316740,7070.75,7071.25,7070.75,7071.25
1776316800,7071,7071.25,7070.75,7071.25
1776316860,7071.25,7072,7070.75,7071.75
1776316920,7072,7072,7071.5,7072
1776316980,7071.5,7071.75,7071.5,7071.75
1776317040,7071.75,7072,7071.25,7071.5
1776317100,7071.25,7071.5,7070.75,7071.25
1776317160,7071.25,7071.5,7071,7071.25
1776317220,7071.25,7072.5,7071.25,7072
1776317280,7072.25,7072.5,7071.75,7072.25
1776317340,7072.25,7072.75,7071.75,7072.25
1776317400,7072.25,7074.75,7072.25,7074
1776317460,7073.5,7074.25,7073,7073.5
1776317520,7073.5,7073.5,7072.5,7073.25
1776317580,7073.5,7074,7073.25,7073.5
1776317640,7073.5,7074,7072.75,7073.25
1776317700,7073.25,7073.75,7073,7073.5
1776317760,7073.25,7073.75,7073,7073.75
1776317820,7074,7074.25,7073,7073
1776317880,7073,7073.5,7072.75,7073
1776317940,7073.25,7073.5,7073,7073.5
1776318000,7073.5,7073.5,7073,7073.5
1776318060,7073.5,7073.75,7072.75,7073
1776318120,7073.25,7073.5,7072.75,7073
1776318180,7073,7073,7072,7072
1776318240,7072,7072.25,7071.75,7072.25
1776318300,7072,7072.25,7072,7072.25
1776318360,7072.25,7072.75,7072,7072
1776318420,7072.25,7072.5,7072.25,7072.5
1776318480,7072.5,7072.75,7072.5,7072.75
1776318540,7072.5,7072.75,7072.25,7072.5
1776318600,7072.75,7073,7072.5,7072.75
1776318660,7072.75,7073.5,7072.75,7073.5
1776318720,7073.75,7073.75,7073,7073.25
1776318780,7073.25,7074,7073.25,7074
1776318840,7074,7074.25,7073.5,7073.5
1776318900,7073.5,7073.5,7072.5,7072.75
1776318960,7072.75,7073.25,7072.75,7073.25
1776319020,7073,7073.25,7072.75,7073
1776319080,7073,7073.25,7073,7073
1776319140,7073,7073.5,7073,7073
1776319200,7073.25,7074.75,7073.25,7074
1776319260,7073.75,7075.25,7073.5,7075
1776319320,7074.75,7075.75,7074.5,7075
1776319380,7075.25,7075.5,7074.75,7074.75
1776319440,7074.75,7075,7074.25,7074.75
1776319500,7074.75,7074.75,7074,7074.25
1776319560,7074.5,7076.75,7074.5,7076.25
1776319620,7076.5,7077.25,7075.75,7076.25
1776319680,7076.25,7077,7076,7076.75
1776319740,7076.75,7077.5,7076.5,7076.5
1776319800,7076.5,7078.25,7076.25,7077.5
1776319860,7077.5,7077.5,7076.5,7077
1776319920,7076.5,7077.25,7076,7076.75
1776319980,7076.75,7077.25,7076.25,7077
1776320040,7076.75,7077.25,7076.5,7076.75
1776320100,7077,7077,7076,7076.25
1776320160,7076.5,7076.75,7076,7076.5
1776320220,7076.75,7077.75,7076.75,7077.5
1776320280,7077.5,7077.5,7077,7077
1776320340,7077,7077.5,7076.25,7076.5
1776320400,7076.25,7076.25,7074.5,7075.25
1776320460,7075.5,7075.75,7075,7075.25
1776320520,7075.25,7075.75,7075,7075
1776320580,7075.25,7076.25,7075.25,7076
1776320640,7076,7076.75,7075.75,7076
1776320700,7076,7077,7076,7076
1776320760,7076.5,7076.75,7076,7076.25
1776320820,7076.25,7076.5,7075.75,7075.75
1776320880,7075.75,7077.25,7075.75,7077
1776320940,7077,7077.75,7076.75,7076.75
1776321000,7076.75,7077.75,7076.5,7077.75
1776321060,7077.5,7078.5,7076.75,7076.75
1776321120,7076.75,7077.25,7076.5,7076.75
1776321180,7076.75,7077,7076.5,7076.75
1776321240,7076.75,7077,7076.25,7076.75
1776321300,7076.75,7077.5,7076.75,7076.75
1776321360,7076.5,7076.5,7075.5,7075.5
1776321420,7075.5,7075.75,7075,7075.25
1776321480,7075.25,7075.5,7075,7075.5
1776321540,7075.25,7075.75,7074.75,7074.75
1776321600,7074.75,7075,7074,7074.5
1776321660,7074.75,7075.25,7074.5,7074.75
1776321720,7075.25,7076.25,7075.25,7076
1776321780,7075.75,7077,7075.75,7076.75
1776321840,7076.75,7076.75,7076.25,7076.75
1776321900,7076.75,7076.75,7076.5,7076.75
1776321960,7076.75,7077,7076.5,7076.5
1776322020,7076.5,7077,7076.5,7077
1776322080,7076.75,7077.5,7076.75,7077
1776322140,7077.25,7077.75,7077.25,7077.25
1776322200,7077.5,7077.5,7077,7077.25
1776322260,7077.25,7078,7077,7077.25
1776322320,7077.5,7077.75,7077.25,7077.5
1776322380,7077.5,7077.5,7077,7077.25
1776322440,7077,7077.5,7077,7077.5
1776322500,7077.25,7077.5,7077,7077.25
1776322560,7077,7077.25,7076.75,7076.75
1776322620,7076.75,7077.25,7076.75,7077
1776322680,7076.75,7077.75,7076.75,7077.5
1776322740,7077.25,7077.5,7076.75,7077
1776322800,7077,7077.25,7076,7076.25
1776322860,7076.25,7076.75,7076,7076
1776322920,7076.5,7076.75,7075,7075
1776322980,7075.25,7075.5,7074.75,7075
1776323040,7075,7075.75,7074.75,7075.25
1776323100,7075.25,7075.25,7073.75,7073.75
1776323160,7073.75,7074.25,7073.25,7073.5
1776323220,7073.75,7074.25,7073.75,7074
1776323280,7073.75,7074.25,7073.5,7073.75
1776323340,7073.5,7074,7073.5,7073.75
1776323400,7074,7074.5,7073.75,7074
1776323460,7074,7074.25,7073.25,7073.25
1776323520,7073.25,7075,7073,7074.5
1776323580,7074.5,7074.5,7073.75,7074
1776323640,7074,7074,7072.75,7073
1776323700,7073,7073.5,7072.75,7073.5
1776323760,7073.5,7074.25,7072.75,7072.75
1776323820,7072.75,7073.75,7072.75,7073.5
1776323880,7073.5,7074.5,7073.25,7074.5
1776323940,7074,7075,7074,7074.75
1776324000,7075,7075.5,7074.75,7074.75
1776324060,7074.75,7075,7074.5,7074.75
1776324120,7075,7075.75,7074.5,7075.5
1776324180,7075.5,7076,7075.5,7076
1776324240,7076,7076.25,7075.5,7075.75
1776324300,7076,7076.25,7075.75,7076
1776324360,7076,7076.25,7075,7075
1776324420,7075.25,7075.25,7074,7074.25
1776324480,7074.5,7075.25,7074.25,7075
1776324540,7075,7075.5,7074.75,7075.25
1776324600,7075.5,7075.75,7075,7075.5
1776324660,7075.25,7075.75,7075.25,7075.75
1776324720,7075.5,7075.75,7074,7075
1776324780,7075,7075.5,7075,7075.25
1776324840,7075.25,7076.25,7075.25,7076
1776324900,7076,7076.25,7075.75,7076.25
1776324960,7076.5,7076.75,7075.75,7076
1776325020,7076.25,7076.75,7076.25,7076.5
1776325080,7076.5,7076.5,7075.5,7075.75
1776325140,7075.75,7076,7075.25,7075.25
1776325200,7075.25,7076.5,7074.75,7076.5
1776325260,7076.25,7076.5,7076,7076.5
1776325320,7076.5,7077.25,7076.25,7076.5
1776325380,7076.5,7076.75,7076,7076.75
1776325440,7076.5,7076.75,7074.75,7076
1776325500,7076.25,7076.5,7075.25,7075.75
1776325560,7075.25,7075.5,7074.5,7075
1776325620,7074.75,7075,7073.75,7074
1776325680,7074.25,7074.5,7074,7074.5
1776325740,7074.5,7075,7074,7074.25
1776325800,7074.25,7074.25,7073,7073.5
1776325860,7073.75,7073.75,7073,7073.5
1776325920,7073.5,7074.25,7073.5,7073.5
1776325980,7073.25,7073.5,7072.25,7072.5
1776326040,7072.5,7073,7072,7072
1776326100,7072.25,7072.25,7070,7070.5
1776326160,7070.75,7071,7070,7070
1776326220,7069.75,7070.25,7069.25,7070
1776326280,7070.25,7071,7070,7071
1776326340,7071,7071.25,7070.5,7071
1776326400,7070.75,7071.25,7070.5,7071
1776326460,7071,7072,7071,7071.5
1776326520,7071.5,7071.5,7070,7070
1776326580,7070.25,7070.5,7069.5,7070.5
1776326640,7070.5,7070.5,7068.75,7069
1776326700,7069,7069,7067.5,7067.5
1776326760,7067.75,7068.75,7067.5,7068.75
1776326820,7068.75,7069.25,7067.25,7067.5
1776326880,7067.5,7068.25,7066.5,7068.25
1776326940,7068,7068.25,7067.25,7067.75
1776327000,7067.75,7068.75,7067,7067.75
1776327060,7068.25,7069.75,7068.25,7069.25
1776327120,7069.25,7069.75,7068.5,7069.5
1776327180,7069.5,7069.5,7067.75,7068
1776327240,7068,7068,7065.75,7066.25
1776327300,7066,7067.25,7066,7067
1776327360,7067.25,7068,7067,7067.75
1776327420,7067.75,7067.75,7066,7066.5
1776327480,7066.5,7066.75,7065.75,7066.75
1776327540,7066.5,7067,7065.5,7065.75
1776327600,7066,7067.75,7065.75,7067
1776327660,7066.75,7067.5,7066.75,7067.25
1776327720,7066.75,7066.75,7066,7066.75
1776327780,7067,7067.5,7066.25,7066.25
1776327840,7066,7067,7065.25,7065.5
1776327900,7065.5,7065.75,7064.5,7064.5
1776327960,7064.75,7065.75,7064.75,7064.75
1776328020,7064.75,7065,7063.75,7063.75
1776328080,7064,7064.5,7063.5,7064
1776328140,7064,7065.25,7063.75,7065
1776328200,7065.25,7065.25,7064,7064.5
1776328260,7064.75,7065,7064,7064
1776328320,7063.75,7064.75,7063.5,7064.5
1776328380,7064.25,7064.75,7062.75,7063.25
1776328440,7063,7063.75,7062.75,7062.75
1776328500,7063,7063.25,7062,7062.5
1776328560,7062.75,7063,7062.25,7062.5
1776328620,7062.5,7063.5,7062.5,7063.25
1776328680,7063,7063.5,7062.75,7063.25
1776328740,7063.5,7064.25,7063.25,7063.75
1776328800,7063.75,7064,7063.25,7063.75
1776328860,7064,7064.5,7064,7064.5
1776328920,7064.5,7065.5,7064.25,7065
1776328980,7064.75,7065.5,7064.75,7065.25
1776329040,7065,7066.5,7065,7066.25
1776329100,7066,7067,7065.75,7066.75
1776329160,7066.5,7067.25,7066.25,7067.25
1776329220,7067,7067.75,7067,7067.75
1776329280,7067.75,7068,7067.25,7067.5
1776329340,7067.5,7067.5,7066,7066.5
1776329400,7066.75,7067,7066.5,7066.5
1776329460,7066.75,7066.75,7066,7066.25
1776329520,7066.5,7067.25,7066.25,7067
1776329580,7067,7067.5,7067,7067
1776329640,7067,7067,7066.5,7066.75
1776329700,7067,7067.5,7066.5,7067.5
1776329760,7067.5,7068.25,7067.25,7068.25
1776329820,7068.25,7068.25,7067.5,7068.25
1776329880,7068.25,7068.25,7067.75,7068
1776329940,7068,7068,7067.5,7067.5
1776330000,7067.5,7068.5,7067,7068.25
1776330060,7068.25,7068.5,7067,7067.75
1776330120,7067.75,7069.5,7067.25,7069.25
1776330180,7069.5,7069.75,7069,7069.25
1776330240,7069.5,7069.75,7068.75,7069
1776330300,7069,7069,7068.25,7068.25
1776330360,7068.25,7068.5,7067.75,7067.75
1776330420,7067.75,7068.25,7067.25,7068.25
1776330480,7068.25,7069.25,7068.25,7069
1776330540,7069,7069.75,7069,7069.75
1776330600,7069.5,7069.5,7068.75,7069
1776330660,7068.5,7069.5,7068.5,7069.25
1776330720,7069.5,7069.5,7068.75,7069.25
1776330780,7069.75,7070.25,7069,7069
1776330840,7069.25,7069.5,7068.75,7069
1776330900,7069,7069.25,7068.75,7069.25
1776330960,7069.5,7069.75,7068.75,7069
1776331020,7069,7069,7068.25,7069
1776331080,7069,7069,7068.5,7069
1776331140,7069,7069,7068,7068.5
1776331200,7068.5,7069,7068,7068
1776331260,7068.25,7068.75,7068,7068.25
1776331320,7068,7068.25,7067,7067.75
1776331380,7067.25,7067.25,7066.5,7067.25
1776331440,7067,7067.5,7067,7067
1776331500,7067,7068,7067,7067.25
1776331560,7067.25,7067.75,7067,7067.5
1776331620,7067.75,7067.75,7067.25,7067.25
1776331680,7067.25,7067.5,7067,7067.25
1776331740,7067.25,7067.5,7067,7067
1776331800,7067,7067.75,7067,7067.25
1776331860,7067,7067.5,7066.5,7066.75
1776331920,7066.75,7067.5,7066.5,7066.75
1776331980,7066.75,7067.25,7066.75,7066.75
1776332040,7066.75,7068,7066.75,7067.5
1776332100,7067.25,7067.75,7067.25,7067.5
1776332160,7067.75,7068,7067.25,7067.5
1776332220,7067.25,7067.75,7066.75,7067
1776332280,7067,7067.25,7066.75,7066.75
1776332340,7067.25,7067.75,7067,7067.5
1776332400,7068,7068.5,7067.75,7068
1776332460,7068,7068,7067.5,7067.75
1776332520,7067.25,7067.5,7066.5,7066.75
1776332580,7066.75,7067.5,7066.5,7067.25
1776332640,7067.5,7068,7067,7067.25
1776332700,7067,7067.25,7066.5,7066.75
1776332760,7067,7067,7066.25,7066.25
1776332820,7066.25,7066.5,7065.75,7066.25
1776332880,7066,7066,7065.5,7065.5
1776332940,7065.5,7066.25,7065,7065.75
1776333000,7065.75,7066.5,7065.75,7066.25
1776333060,7066.5,7067,7066.25,7067
1776333120,7066.75,7067.25,7066.5,7067
1776333180,7067,7067.25,7066.75,7066.75
1776333240,7066.75,7067.25,7066.5,7066.75
1776333300,7066.75,7067.25,7066.5,7067
1776333360,7067.25,7067.25,7066.75,7067
1776333420,7067,7067.75,7066.75,7067.75
1776333480,7067.75,7068.25,7067.75,7068.25
1776333540,7068.25,7068.5,7068,7068.5
1776333600,7068.5,7069,7068.25,7069
1776333660,7069,7069.75,7068.75,7069.5
1776333720,7069.5,7070.25,7069.25,7070
1776333780,7070.25,7070.25,7069.75,7070
1776333840,7070.25,7070.5,7069.75,7070
1776333900,7070,7071,7070,7070.5
1776333960,7070.25,7070.25,7069.75,7069.75
1776334020,7069.75,7070,7069.5,7069.75
1776334080,7069.5,7069.75,7069.25,7069.5
1776334140,7069.5,7070.5,7069.5,7070.25
1776334200,7070.5,7070.5,7069.5,7069.5
1776334260,7069.75,7069.75,7068.25,7069
1776334320,7069,7069.25,7068.5,7068.5
1776334380,7068.75,7069,7068.25,7068.25
1776334440,7068.5,7069,7068.25,7069
1776334500,7068.75,7069.5,7068.5,7069.5
1776334560,7069.25,7069.25,7068.25,7068.75
1776334620,7068.5,7069,7068.5,7069
1776334680,7068.5,7068.75,7067.5,7068
1776334740,7068.25,7068.25,7067.5,7067.5
1776334800,7067.5,7068,7067.5,7067.75
1776334860,7067.75,7068,7067.5,7067.75
1776334920,7067.75,7067.75,7067.25,7067.25
1776334980,7067.25,7067.75,7067,7067.5
1776335040,7067.25,7068.25,7067,7068.25
1776335100,7068.25,7068.5,7067.75,7068.5
1776335160,7068.25,7068.75,7068,7068.25
1776335220,7068,7068,7067,7067.75
1776335280,7067.25,7068,7067,7067.75
1776335340,7067.5,7067.5,7066.5,7067
1776335400,7067,7067,7065,7065
1776335460,7065,7066.5,7065,7065.75
1776335520,7065.5,7066.5,7065.5,7065.75
1776335580,7066,7066.25,7063.75,7064.25
1776335640,7064.25,7064.75,7062.75,7064.5
1776335700,7064.5,7064.75,7063.25,7063.75
1776335760,7063.5,7064.25,7063.25,7063.75
1776335820,7063.75,7064.75,7062.75,7063.5
1776335880,7063.25,7063.5,7062.5,7063
1776335940,7063,7064.5,7062.5,7064
1776336000,7064.25,7064.25,7063.25,7063.5
1776336060,7063.5,7064,7063,7063.5
1776336120,7063.5,7064,7063.25,7063.25
1776336180,7063.25,7063.75,7062.5,7062.5
1776336240,7062.5,7062.5,7061.5,7062.25
1776336300,7062.25,7062.25,7060.75,7060.75
1776336360,7060.75,7061.25,7060,7060.75
1776336420,7060.5,7061,7059,7059.25
1776336480,7059.25,7060.75,7059.25,7060
1776336540,7060,7061.5,7060,7061
1776336600,7061,7061,7060,7060.5
1776336660,7060.75,7061.75,7060.25,7061.75
1776336720,7061.75,7062.5,7061.25,7062
1776336780,7062.25,7063.25,7062,7063
1776336840,7063,7064.25,7063,7063.75
1776336900,7063.5,7064.25,7063.25,7064.25
1776336960,7063.75,7064.75,7063.75,7064.75
1776337020,7064.5,7065.25,7064.25,7064.75
1776337080,7064.75,7065,7064.25,7064.5
1776337140,7064.75,7065.5,7064.5,7064.75
1776337200,7064.75,7066,7064.75,7065.5
1776337260,7065.75,7066.5,7065.5,7065.75
1776337320,7065.75,7065.75,7064.75,7065.25
1776337380,7065.25,7065.75,7064.75,7065.25
1776337440,7065.5,7066.5,7064.75,7066.25
1776337500,7066.5,7067,7065.5,7066.5
1776337560,7066.5,7066.75,7066,7066.5
1776337620,7066.5,7066.75,7066,7066.5
1776337680,7066.25,7066.25,7065.75,7065.75
1776337740,7065.5,7066,7065.25,7066
1776337800,7066,7066.5,7065.75,7066.25
1776337860,7066.25,7067,7065.75,7067
1776337920,7066.75,7067,7065.25,7066.25
1776337980,7066,7066.5,7065.5,7065.5
1776338040,7065.75,7066.75,7065.5,7066.75
1776338100,7066.75,7068,7066.75,7067
1776338160,7067,7067.75,7066.5,7067.5
1776338220,7067.75,7067.75,7067.25,7067.25
1776338280,7067.5,7067.5,7066.5,7067
1776338340,7067,7067.5,7066.5,7066.75
1776338400,7066.75,7067.25,7066.5,7066.75
1776338460,7067,7067,7066.25,7066.25
1776338520,7066.25,7066.5,7065.75,7066
1776338580,7066.25,7066.25,7065.5,7065.75
1776338640,7066,7066.5,7064.5,7064.75
1776338700,7064.75,7064.75,7064.25,7064.5
1776338760,7064.25,7064.75,7063.25,7063.25
1776338820,7063.25,7063.5,7062.5,7063.5
1776338880,7063.75,7064.75,7063.25,7064.75
1776338940,7064.75,7065.25,7064.25,7065.25
1776339000,7065,7068.25,7064.75,7067.75
1776339060,7067.75,7068.25,7067.5,7068
1776339120,7068,7068.5,7067.5,7067.75
1776339180,7068,7068.25,7067.25,7067.75
1776339240,7068,7069.5,7067.75,7069
1776339300,7069.5,7069.5,7068.25,7068.5
1776339360,7068.5,7069,7067.75,7068
1776339420,7068,7068.75,7068,7068.75
1776339480,7068.75,7069,7067.75,7067.75
1776339540,7067.75,7068,7067,7067.25
1776339600,7067.25,7067.25,7066,7066.5
1776339660,7066.5,7067.5,7066.25,7067
1776339720,7066.5,7066.75,7065.75,7066.25
1776339780,7066.5,7067.25,7066.25,7066.75
1776339840,7066.5,7067,7066.25,7066.75
1776339900,7066.75,7067.75,7066.5,7067
1776339960,7067,7067.25,7066,7066.25
1776340020,7066,7066.25,7065.5,7066
1776340080,7066.25,7068,7065.75,7067.75
1776340140,7067.75,7067.75,7066.75,7067.25
1776340200,7067,7070,7067,7068.75
1776340260,7068.5,7068.75,7067.5,7067.5
1776340320,7067.5,7068.25,7067.25,7068
1776340380,7068,7068.75,7068,7068
1776340440,7068.5,7068.75,7067.75,7068.25
1776340500,7068.25,7069,7068.25,7068.75
1776340560,7068.5,7069,7068.25,7068.25
1776340620,7068.5,7068.5,7067.75,7067.75
1776340680,7067.75,7069,7067.75,7068.75
1776340740,7069,7069.5,7068.5,7068.5
1776340800,7068.75,7069.75,7068,7068
1776340860,7068.25,7069.75,7068.25,7069.75
1776340920,7069.75,7071,7069.25,7070.25
1776340980,7070.5,7070.75,7069.75,7069.75
1776341040,7070,7070.25,7069.25,7070
1776341100,7070,7070,7069.5,7069.75
1776341160,7069.75,7070,7068,7068.5
1776341220,7068.5,7069,7065.25,7067
1776341280,7067.25,7069.25,7066.5,7069
1776341340,7069,7069.75,7068.75,7069.25
1776341400,7069.25,7069.5,7067.25,7067.75
1776341460,7067.75,7068.25,7067.25,7067.75
1776341520,7067.5,7067.75,7066.75,7067.5
1776341580,7067.75,7068.25,7067.5,7067.5
1776341640,7067.25,7067.5,7066.75,7067.5
1776341700,7067.25,7067.75,7066.75,7067.25
1776341760,7067,7068,7067,7067.75
1776341820,7067.5,7068,7067,7067.5
1776341880,7067.25,7068.25,7067,7067
1776341940,7067.25,7068.25,7067,7067.5
1776342000,7067.5,7068,7067.25,7067.5
1776342060,7067.5,7068.75,7067.25,7068.75
1776342120,7068.5,7070,7068.5,7069.75
1776342180,7069.5,7069.75,7068.75,7069
1776342240,7069.25,7069.75,7068.75,7069.75
1776342300,7069.75,7070,7069.25,7069.5
1776342360,7069.25,7070,7069,7070
1776342420,7069.75,7069.75,7068.75,7069.75
1776342480,7070,7070.25,7069.5,7070.25
1776342540,7070.25,7071,7070,7070.75
1776342600,7070.75,7071,7068.5,7068.75
1776342660,7068.75,7069.75,7067.5,7069.5
1776342720,7069.75,7071,7069.5,7070.75
1776342780,7070.5,7072.25,7070.5,7072
1776342840,7071.75,7072.5,7071.25,7072.5
1776342900,7072.5,7073.25,7071,7071.5
1776342960,7071.25,7071.25,7070.25,7071
1776343020,7071,7071.5,7069.75,7071.25
1776343080,7071.5,7071.75,7069.5,7069.75
1776343140,7069.5,7071,7069.25,7071
1776343200,7070.75,7071,7069.75,7070
1776343260,7070,7070.25,7069.5,7070
1776343320,7070,7071.25,7070,7070.75
1776343380,7071,7071,7070.25,7070.75
1776343440,7071,7072,7071,7071.5
1776343500,7071.5,7071.5,7069.75,7070.5
1776343560,7070.5,7070.75,7069.75,7070
1776343620,7070.25,7071,7069.75,7070.75
1776343680,7070.75,7071.25,7070,7070
1776343740,7070,7070.5,7069.75,7070.25
1776343800,7070.25,7071.5,7069.75,7070.5
1776343860,7070.5,7070.75,7070.25,7070.25
1776343920,7070,7071,7069.75,7070.5
1776343980,7070.25,7070.25,7069.5,7069.75
1776344040,7070,7070,7067.25,7068.75
1776344100,7068.5,7070.25,7068.25,7070
1776344160,7070.25,7070.5,7069.25,7069.25
1776344220,7069.5,7069.5,7068.75,7069.25
1776344280,7069.25,7070.25,7069.25,7070.25
1776344340,7070,7070.25,7069.25,7069.5
1776344400,7069.75,7070.75,7069.5,7070
1776344460,7070,7072.5,7070,7072
1776344520,7071.75,7073,7071.5,7072.75
1776344580,7072.5,7073.5,7072.25,7072.75
1776344640,7072.75,7073,7072,7072.25
1776344700,7072.25,7072.75,7071.75,7072.75
1776344760,7072.5,7073.5,7072.25,7073.25
1776344820,7073.25,7073.5,7072.75,7073
1776344880,7073,7073.5,7072.75,7072.75
1776344940,7072.75,7073.25,7072.5,7072.75
1776345000,7072.75,7073,7071.75,7072.25
1776345060,7072.25,7072.75,7072,7072.5
1776345120,7072.5,7072.5,7070.75,7071.25
1776345180,7071.25,7071.75,7071,7071.5
1776345240,7071.5,7071.75,7070.75,7071.5
1776345300,7071.5,7071.75,7070.5,7071.25
1776345360,7071.25,7071.75,7070.75,7071.5
1776345420,7071.5,7071.5,7070.5,7070.5
1776345480,7070.5,7072,7070.25,7071.75
1776345540,7071.5,7072.5,7071.5,7072
1776345600,7072.25,7072.5,7069.5,7069.75
1776345660,7069.5,7070.5,7069.5,7070
1776345720,7069.75,7070,7068.75,7069
1776345780,7069.5,7069.5,7067.5,7068
1776345840,7068,7069,7068,7068.5
1776345900,7068.5,7070.5,7067.75,7070.25
1776345960,7070,7070.75,7069.75,7070.25
1776346020,7070.25,7071,7069.75,7071
1776346080,7071,7071.75,7069.5,7069.75
1776346140,7069.5,7072.75,7069.5,7071.75
1776346200,7071.5,7073.75,7068.25,7069.25
1776346260,7069.5,7070,7066.25,7068
1776346320,7068,7071,7067.75,7070.5
1776346380,7070.5,7072,7070,7070
1776346440,7070.25,7071.75,7069.5,7071.5
1776346500,7071.75,7072.5,7070.25,7070.75
1776346560,7070.75,7071.25,7068.5,7069.75
1776346620,7070,7071.25,7067.5,7069.75
1776346680,7069.75,7072,7068.25,7068.75
1776346740,7068.75,7069.5,7066.5,7067.5
1776346800,7067.25,7070.75,7067,7070.25
1776346860,7070.25,7070.75,7061.75,7063.75
1776346920,7063.75,7065.75,7063,7065
1776346980,7064.75,7067.25,7064,7067.25
1776347040,7067.25,7069.5,7066.75,7069.25
1776347100,7069.25,7069.5,7065.75,7068.5
1776347160,7068.75,7070,7067.25,7067.75
1776347220,7067.75,7068,7065,7066
1776347280,7066,7067,7064.75,7066.5
1776347340,7067,7067.75,7065,7067.5
1776347400,7067.25,7067.5,7064.5,7065.25
1776347460,7065,7065.5,7060.25,7061
1776347520,7061,7061.75,7055.25,7056.5
1776347580,7056.5,7058,7051.5,7052.25
1776347640,7052,7054,7048.5,7049
1776347700,7048.75,7051.75,7046.25,7051.5
1776347760,7051.5,7055.75,7050.75,7053.5
1776347820,7053.25,7053.75,7048.25,7050.75
1776347880,7050.75,7053.75,7050.25,7053.5
1776347940,7053.5,7057.5,7052.75,7056.25
1776348000,7056,7056.5,7051,7052.25
1776348060,7052.25,7052.25,7048.25,7052
1776348120,7051.75,7054.5,7051.75,7052.75
1776348180,7052.75,7054.75,7052.25,7054.25
1776348240,7054,7055.5,7051.75,7054.5
1776348300,7054.5,7056.75,7052.5,7056.25
1776348360,7056.25,7058.25,7054,7057
1776348420,7056.75,7058.5,7055.75,7058.25
1776348480,7058,7060.25,7057.25,7059
1776348540,7058.75,7058.75,7056.25,7057.5
1776348600,7057.75,7060.5,7057.5,7059
1776348660,7058.75,7059.75,7057,7057.25
1776348720,7057.25,7061.25,7056.75,7060.75
1776348780,7060.75,7062.5,7059,7059.75
1776348840,7059.5,7059.75,7057,7057.5
1776348900,7057.75,7059.75,7057.25,7058.75
1776348960,7059,7059.75,7055.25,7056
1776349020,7055.75,7056,7052.5,7053.25
1776349080,7053,7055,7050.5,7053.5
1776349140,7053.5,7053.75,7049.75,7050.25
1776349200,7050.5,7051.75,7048.25,7049.5
1776349260,7049.25,7053,7049.25,7052.25
1776349320,7052.25,7052.75,7049.5,7050
1776349380,7050,7050.5,7047.5,7050.5
1776349440,7050.25,7052.25,7048.75,7051.25
1776349500,7051.25,7051.5,7049.75,7050.25
1776349560,7050.5,7054.5,7049.25,7050.25
1776349620,7050.25,7053.25,7050,7051
1776349680,7051,7054.25,7051,7054
1776349740,7054,7055,7052.25,7052.5
1776349800,7052.5,7054.75,7051.25,7054.5
1776349860,7054.5,7055.75,7052.25,7052.5
1776349920,7052.5,7053,7050.25,7050.5
1776349980,7050.5,7053.75,7050.5,7053.75
1776350040,7053.5,7054.75,7052.75,7054
1776350100,7054,7054.5,7051.25,7052
1776350160,7052.25,7053.75,7051,7053.5
1776350220,7053.5,7055.5,7052.25,7054.5
1776350280,7054.5,7054.5,7051.25,7052.75
1776350340,7052.5,7053.25,7051.25,7051.75
1776350400,7051.75,7052.25,7049.5,7050.75
1776350460,7050.75,7052.75,7050.25,7051
1776350520,7050.75,7053,7050,7051.5
1776350580,7051.5,7054.75,7051.25,7053.5
1776350640,7053.5,7056.5,7053.25,7056
1776350700,7055.75,7059.5,7054.5,7059
1776350760,7059.25,7059.25,7057,7057.5
1776350820,7057.5,7059.5,7056.25,7059.25
1776350880,7059.25,7060,7058,7059.25
1776350940,7059.25,7060.75,7058.75,7060.75
1776351000,7060.5,7061.75,7059,7060.75
1776351060,7060.75,7063.25,7060.5,7062.25
1776351120,7062.25,7062.5,7059,7059.75
1776351180,7059.75,7061,7059.25,7060.5
1776351240,7060.5,7062,7059.5,7061.75
1776351300,7061.75,7062.5,7059,7059.5
1776351360,7059.25,7060.75,7057,7060.5
1776351420,7060.5,7061.5,7058.75,7059.5
1776351480,7059.5,7060.75,7058.5,7060.75
1776351540,7061,7061.5,7060.25,7060.5
1776351600,7060.25,7064,7060,7063
1776351660,7063.25,7063.75,7062.25,7062.5
1776351720,7062.25,7064.75,7062,7064.5
1776351780,7064.75,7066.5,7064.5,7066
1776351840,7065.75,7067.75,7065.75,7066.75
1776351900,7066.5,7067.75,7064.25,7067.5
1776351960,7067.5,7068.75,7066.25,7066.5
1776352020,7066.75,7067.75,7065.25,7067
1776352080,7067,7070,7067,7069.75
1776352140,7069.5,7072.75,7069.5,7071.25
1776352200,7071.25,7075,7071,7074
1776352260,7074,7076,7073.5,7074.5
1776352320,7074.75,7074.75,7073,7074.5
1776352380,7074.25,7074.75,7073.25,7073.75
1776352440,7073.75,7075.75,7073.75,7075.75
1776352500,7075.75,7081.75,7075.75,7079
1776352560,7079,7080,7078,7079
1776352620,7079,7079.75,7077.5,7079
1776352680,7078.75,7079.5,7077.5,7077.75
1776352740,7078,7078.75,7074.25,7074.75
1776352800,7075,7077.25,7075,7077.25
1776352860,7077,7078,7075.75,7077.75
1776352920,7077.75,7079.75,7077,7078.75
1776352980,7079,7079.5,7077.25,7077.75
1776353040,7077.5,7078.5,7077,7077.5
1776353100,7077.5,7079,7077.25,7077.5
1776353160,7077.5,7078.75,7077.25,7078.75
1776353220,7078.75,7078.75,7077,7078.5
1776353280,7078.5,7078.75,7075.75,7076.5
1776353340,7076.25,7076.75,7069,7069
1776353400,7069,7072.75,7067.5,7072.5
1776353460,7072.75,7073.25,7071.25,7071.5
1776353520,7071.75,7072.5,7070.25,7071.25
1776353580,7071.5,7071.75,7070,7070.5
1776353640,7070.5,7073,7070,7072.5
1776353700,7072.5,7075,7072,7073
1776353760,7073,7080.75,7072.25,7077.25
1776353820,7077.25,7085.25,7076.75,7081.5
1776353880,7081.25,7081.5,7078.25,7079.75
1776353940,7080,7080.25,7077,7078
1776354000,7078,7078.5,7074.75,7076.75
1776354060,7076.75,7077.75,7075,7076
1776354120,7076,7076.5,7071.25,7073.75
1776354180,7074,7076.5,7073.75,7075.5
1776354240,7075.25,7075.75,7074,7075.25
1776354300,7075.25,7077.25,7074.75,7077
1776354360,7077,7077.25,7073.25,7074.25
1776354420,7074.25,7075.75,7074,7075.75
1776354480,7075.75,7076.25,7073.5,7074.25
1776354540,7074.25,7074.25,7071,7074
1776354600,7074,7076.75,7073.5,7076.25
1776354660,7076.25,7079.5,7076.25,7078.5
1776354720,7078.5,7079.5,7077.75,7078.75
1776354780,7079,7079.5,7077.75,7078.75
1776354840,7079,7079.25,7077.75,7078.5
1776354900,7078.5,7081.5,7078.25,7081.5
1776354960,7081.5,7083,7081,7082.25
1776355020,7082.25,7083.25,7081,7083
1776355080,7083,7084.25,7082.75,7083.75
1776355140,7083.75,7084.75,7083.25,7083.75
1776355200,7084,7086.5,7083.75,7086
1776355260,7086,7086.75,7084.25,7084.5
1776355320,7084.75,7085,7083.5,7084.5
1776355380,7084.5,7086.5,7084.25,7086
1776355440,7086,7086.25,7085,7085.75
1776355500,7085.75,7085.75,7084.25,7084.25
1776355560,7084.25,7084.5,7082,7083.75
1776355620,7083.75,7085,7083,7085
1776355680,7084.75,7086.5,7084.75,7085.75
1776355740,7085.5,7086,7083.5,7084.75
1776355800,7084.5,7085.5,7084.25,7085.25
1776355860,7085,7086.5,7084,7086
1776355920,7086,7086.75,7085.25,7085.75
1776355980,7085.75,7085.75,7084.5,7085.5
1776356040,7085.5,7086.25,7085.25,7086
1776356100,7085.75,7087.75,7085.75,7087
1776356160,7087.25,7087.75,7086.5,7087.75
1776356220,7087.75,7087.75,7086.25,7087.25
1776356280,7087.25,7088.5,7087,7088
1776356340,7088.25,7089,7088,7088.5
1776356400,7088.75,7088.75,7086.25,7086.75
1776356460,7086.5,7086.5,7084.5,7085.5
1776356520,7085.5,7085.75,7083.5,7084
1776356580,7084.25,7084.25,7080.5,7081.5
1776356640,7081.75,7083.5,7081.25,7083
1776356700,7083,7084.25,7082.5,7082.75
1776356760,7082.75,7084.5,7082.75,7083.25
1776356820,7083.5,7084.5,7082.75,7083.25
1776356880,7083.5,7084.25,7082.75,7082.75
1776356940,7082.75,7082.75,7081,7081.5
1776357000,7081.5,7082.25,7079.75,7080
1776357060,7080,7080.25,7077,7078.75
1776357120,7078.75,7079.25,7077.25,7078.25
1776357180,7078.25,7078.25,7063.25,7065.75
1776357240,7065.75,7072.25,7065.5,7071.75
1776357300,7071.75,7073.5,7070,7071.25
1776357360,7071.75,7075.75,7071.5,7074.5
1776357420,7074.25,7075.75,7072.75,7074.25
1776357480,7074.25,7077.5,7073.5,7076.5
1776357540,7076.5,7078,7076,7077.5
1776357600,7077.5,7079.5,7076.75,7078.25
1776357660,7078.5,7078.5,7074,7075
1776357720,7075,7075.5,7072.75,7075.25
1776357780,7075.25,7075.5,7072,7072.5
1776357840,7072.75,7075.25,7072.5,7075.25
1776357900,7075,7076.5,7074.25,7074.75
1776357960,7074.75,7078,7074,7077
1776358020,7077,7077.25,7076,7077
1776358080,7076.75,7077.5,7075.75,7076.25
1776358140,7076.5,7076.75,7074.25,7075.25
1776358200,7075.25,7077.5,7074.75,7076.5
1776358260,7077,7077.25,7075.75,7075.75
1776358320,7075.75,7075.75,7072,7072.5
1776358380,7072.25,7074.25,7070.25,7071.75
1776358440,7071.75,7072.5,7069.25,7070.5
1776358500,7070.5,7071.75,7070.25,7071.5
1776358560,7071.5,7073,7070.25,7072.75
1776358620,7072.5,7073.25,7071.5,7071.5
1776358680,7071.25,7072,7070.25,7070.75
1776358740,7071,7071.25,7068.75,7069.25
1776358800,7069.5,7070.25,7068,7069
1776358860,7069,7069.5,7067.5,7067.5
1776358920,7067.5,7068.25,7065.75,7067.25
1776358980,7067.25,7069.25,7066.5,7068.5
1776359040,7068.5,7069,7066.5,7067.25
1776359100,7067,7068.25,7064.25,7064.75
1776359160,7064.75,7064.75,7062.5,7063.75
1776359220,7063.75,7066.25,7063.5,7065.75
1776359280,7065.75,7066.75,7063.75,7064
1776359340,7064,7068.25,7064,7067.5
1776359400,7067.5,7069.5,7067,7068.75
1776359460,7068.75,7069.25,7067,7068.75
1776359520,7068.75,7069,7067.5,7068.75
1776359580,7068.75,7069,7065.5,7066.75
1776359640,7066.5,7066.5,7061.75,7062
1776359700,7062,7063.25,7060,7061
1776359760,7061,7063.25,7059.25,7063.25
1776359820,7063.5,7064,7061.25,7061.75
1776359880,7061.75,7063.5,7061.25,7062.25
1776359940,7062.5,7063.5,7062,7063
1776360000,7063,7064.25,7061.75,7062.75
1776360060,7062.75,7063.75,7061.5,7062.25
1776360120,7062.25,7062.75,7061.25,7061.75
1776360180,7062,7064.5,7061.25,7064.25
1776360240,7064.25,7069.25,7064.25,7069
1776360300,7068.75,7071,7068.75,7070.25
1776360360,7070,7070.25,7068.25,7068.5
1776360420,7068.5,7068.75,7067,7067.5
1776360480,7067.75,7069,7067.25,7068
1776360540,7068,7069.5,7068,7068.5
1776360600,7068.5,7070,7067.75,7068.25
1776360660,7068.5,7071.5,7068.25,7071.5
1776360720,7071.5,7072.75,7070.5,7071.5
1776360780,7071.25,7072.5,7070.75,7072
1776360840,7072.25,7072.25,7069,7069.5
1776360900,7069.25,7069.5,7067.5,7068
1776360960,7067.75,7069.25,7067.5,7068.5
1776361020,7068.5,7069,7067.25,7067.75
1776361080,7068,7069.5,7067.5,7069.5
1776361140,7069.5,7071.5,7069.25,7070.75
1776361200,7071,7074,7070.5,7073.75
1776361260,7073.5,7073.75,7072.25,7073.25
1776361320,7073.5,7075,7072.75,7074.5
1776361380,7074.5,7075.5,7073.5,7074.75
1776361440,7075,7075.75,7074.75,7075
1776361500,7075,7075.25,7073,7073.5
1776361560,7073.25,7074.5,7072.75,7074.25
1776361620,7074.25,7076,7074,7075.75
1776361680,7076,7076.75,7074.75,7074.75
1776361740,7075,7076.25,7074.5,7076
1776361800,7076.25,7076.25,7073.5,7074.5
1776361860,7074.5,7075.25,7074,7074
1776361920,7074,7074.5,7072.75,7074
1776361980,7074,7074.75,7073.75,7074.25
1776362040,7074.25,7074.5,7072,7072.5
1776362100,7072.5,7072.75,7067.25,7068
1776362160,7068.25,7069,7066.75,7068
1776362220,7067.75,7068.75,7065.25,7067.75
1776362280,7067.75,7067.75,7063,7065.25
1776362340,7065.5,7068.5,7065,7067.75
1776362400,7067.5,7070.75,7065.25,7069.75
1776362460,7069.5,7073.75,7068.75,7070.25
1776362520,7070,7072.5,7070,7071.25
1776362580,7071.5,7072,7068.25,7070.25
1776362640,7070,7070.5,7068,7068.25
1776362700,7068.5,7070,7067.5,7069
1776362760,7069,7070,7068.25,7068.25
1776362820,7068.25,7069.25,7065,7065
1776362880,7065,7066.25,7063,7065.25
1776362940,7065.5,7065.75,7061,7063.75
1776363000,7063.75,7065.75,7061,7061.75
1776363060,7062,7064.5,7061.25,7064.5
1776363120,7064.25,7066.75,7064.25,7066.5
1776363180,7066.5,7067,7064.5,7065.5
1776363240,7065,7067.75,7065,7067
1776363300,7066.75,7069,7066,7066.5
1776363360,7066.5,7066.75,7065,7066.25
1776363420,7066,7066.5,7064.75,7065
1776363480,7065,7066.75,7064.5,7066.25
1776363540,7066.25,7067.5,7065,7065.25
1776363600,7065.5,7068,7064.75,7068
1776363660,7067.75,7068,7065.25,7065.5
1776363720,7065.5,7066,7063,7063.5
1776363780,7063.5,7064,7061.25,7061.5
1776363840,7061.5,7061.75,7059.5,7060.5
1776363900,7060.75,7062.25,7060.25,7060.75
1776363960,7060.75,7060.75,7059.25,7059.75
1776364020,7059.75,7060,7056.75,7058.25
1776364080,7058.25,7058.5,7056.25,7058
1776364140,7057.75,7059.75,7057.25,7059.5
1776364200,7059.5,7062.25,7059,7061
1776364260,7061.25,7064.5,7060.25,7063.25
1776364320,7063.5,7065.5,7063,7065
1776364380,7065,7066.5,7063.75,7066.25
1776364440,7066.25,7067.5,7065.75,7066.25
1776364500,7066.25,7066.5,7065,7066
1776364560,7066,7067.25,7065.25,7066.75
1776364620,7067,7067.75,7066.5,7066.5
1776364680,7066.75,7067.75,7066.25,7067.5
1776364740,7067.5,7069.75,7067,7067.75
1776364800,7068,7069.5,7068,7069.25
1776364860,7069.25,7070.5,7068.75,7070.25
1776364920,7070,7071,7067.5,7068.25
1776364980,7068.25,7068.75,7067.25,7068.25
1776365040,7068.25,7069.5,7068,7069.25
1776365100,7069.5,7070.75,7069,7069.75
1776365160,7070,7071.25,7070,7071
1776365220,7071,7071.75,7069.75,7070.5
1776365280,7070.5,7070.5,7069,7069.5
1776365340,7069.5,7069.5,7068.5,7069.25
1776365400,7069.25,7069.25,7066.75,7068.25
1776365460,7068.25,7068.5,7066.5,7067.25
1776365520,7067.25,7069.5,7067.25,7068.5
1776365580,7068.5,7069.5,7068,7069.25
1776365640,7069.25,7069.5,7067.5,7067.75
1776365700,7067.75,7068,7066,7066.25
1776365760,7066,7067.75,7065.25,7067
1776365820,7067.25,7068.25,7066.5,7066.5
1776365880,7066.5,7067.75,7066,7066.75
1776365940,7066.75,7069,7066.5,7068.5
1776366000,7068.75,7072,7068.75,7070.5
1776366060,7070.5,7072.25,7070.5,7071.75
1776366120,7072,7073.25,7071.25,7072
1776366180,7072,7073.25,7071.25,7072.25
1776366240,7072.5,7072.5,7070.5,7071.5
1776366300,7071.5,7072.25,7070.75,7071
1776366360,7071.25,7072.25,7069.25,7069.25
1776366420,7069.5,7070.5,7068.75,7070
1776366480,7070,7071.25,7069.25,7071.25
1776366540,7071,7071.25,7069.75,7070.25
1776366600,7070.25,7071.5,7069.5,7070.5
1776366660,7071,7071.5,7069.5,7069.5
1776366720,7069.5,7069.75,7067.75,7069.25
1776366780,7069,7070.25,7067.75,7067.75
1776366840,7068,7070,7067.5,7069.75
1776366900,7069.75,7072,7069.75,7071.75
1776366960,7071.75,7072,7070.5,7071.5
1776367020,7071.25,7072,7071,7071.25
1776367080,7071.5,7072.5,7070.5,7072.5
1776367140,7072.25,7073.75,7071.75,7072.25
1776367200,7072.5,7073,7071.75,7072.5
1776367260,7072.25,7073.25,7071.5,7072.5
1776367320,7072.25,7072.5,7071.25,7071.75
1776367380,7071.75,7072.25,7070.25,7071
1776367440,7071,7072.25,7070.5,7072
1776367500,7072,7072.75,7071.75,7072.25
1776367560,7072,7072.75,7071.5,7072.5
1776367620,7072.25,7072.5,7071.75,7072
1776367680,7072,7073,7071.5,7072.5
1776367740,7072.25,7072.5,7070.5,7070.5
1776367800,7070.5,7072,7069.75,7071.25
1776367860,7071.25,7072.5,7070.75,7072.25
1776367920,7072.25,7074,7072,7073
1776367980,7073,7073.25,7071.75,7073
1776368040,7072.75,7073.5,7072.5,7073
1776368100,7073,7075.5,7072,7075.25
1776368160,7075,7075.25,7073.25,7074
1776368220,7073.75,7074.5,7072.75,7073
1776368280,7073,7074.75,7072.75,7074.75
1776368340,7074.5,7075.75,7073.5,7075.75
1776368400,7075.5,7076.25,7074.75,7075.5
1776368460,7075.75,7077.5,7075.25,7076
1776368520,7075.75,7077.75,7075.5,7076.5
1776368580,7076.25,7077,7076.25,7077
1776368640,7076.75,7077,7074.5,7074.75
1776368700,7074.75,7077,7072.75,7076.75
1776368760,7076.5,7077.75,7076.5,7076.5
1776368820,7076.5,7077.5,7076.25,7076.25
1776368880,7076.25,7078.25,7076.25,7078.25
1776368940,7078,7078.25,7076.75,7077.75
1776369000,7078,7081,7075,7077.75
1776369060,7077.5,7079.25,7076.75,7077.75
1776369120,7077.75,7079,7077.25,7078.5
1776369180,7078.5,7078.75,7076.5,7076.5
1776369240,7076.75,7078.25,7076.25,7077.75
1776369300,7078,7079.75,7076.25,7077.75
1776369360,7077.75,7078.25,7077,7078
1776369420,7077.75,7078.75,7077.5,7078.25
1776369480,7078,7079.5,7078,7078.25
1776369540,7078.5,7080.75,7075.25,7076.75
1776369600,7076.5,7078.5,7075.5,7077
1776369660,7076.5,7077.75,7075.75,7077
1776369720,7077,7077.5,7075.75,7075.75
1776369780,7076,7076.5,7075,7076.25
1776369840,7076.25,7076.5,7075.25,7076
1776369900,7075.75,7076,7074.5,7075.25
1776369960,7075.75,7076,7074.5,7074.5
1776370020,7074.75,7075.5,7074.5,7075.25
1776370080,7075.25,7075.75,7074.75,7075.25
1776370140,7075.25,7075.25,7074.75,7075
1776370200,7075,7076.75,7074.75,7075.75
1776370260,7075.75,7075.75,7075.25,7075.5
1776370320,7075.5,7076.75,7075.5,7076.5
1776370380,7076.25,7076.5,7075.75,7075.75
1776370440,7075.75,7076.25,7075,7075.25
1776370500,7075.25,7076.5,7075,7076
1776370560,7075.75,7075.75,7074.75,7075
1776370620,7075.25,7075.5,7075,7075.25
1776370680,7075.5,7076.75,7075.25,7076.75
1776370740,7076.75,7077,7076,7076
1776370800,7076.25,7076.25,7075.75,7076
1776370860,7076,7076.5,7076,7076.5
1776370920,7076.25,7076.75,7076.25,7076.75
1776370980,7076.75,7077,7076.5,7076.75
1776371040,7076.75,7077.25,7076.5,7076.5
1776371100,7076.25,7076.5,7076,7076.25
1776371160,7076.5,7076.5,7075.75,7076.25
1776371220,7076,7076.75,7076,7076.25
1776371280,7076.25,7076.5,7075.75,7076.5
1776371340,7076.5,7076.75,7076.25,7076.5
1776371400,7076.5,7076.75,7076.25,7076.5
1776371460,7076.75,7077,7076.25,7076.5
1776371520,7076.5,7076.5,7076.25,7076.25
1776371580,7076.5,7077.5,7076.25,7077.5
1776371640,7077.5,7078,7077.25,7077.75
1776371700,7078,7079,7077.75,7078.75
1776371760,7078.75,7079.5,7078.5,7079.25
1776371820,7079.25,7079.75,7079,7079.5
1776371880,7079.5,7079.75,7079,7079.25
1776371940,7079.25,7079.5,7079,7079.25
1776372000,7079,7079.5,7078.75,7079
1776372060,7079.25,7079.25,7078.5,7079
1776372120,7079,7079.25,7078,7078
1776372180,7078,7078.25,7077.5,7077.75
1776372240,7078.25,7079,7078.25,7079
1776372300,7078.5,7079,7078,7078.25
1776372360,7078.5,7080,7078.25,7079.5
1776372420,7079.75,7079.75,7079.25,7079.5
1776372480,7079.25,7079.75,7079.25,7079.5
1776372540,7079.5,7079.75,7079,7079
1776372600,7079,7079.5,7079,7079
1776372660,7079.25,7079.5,7079,7079.25
1776372720,7079.25,7079.5,7079,7079.25
1776372780,7079,7079.25,7078,7078.5
1776372840,7078.5,7079.5,7078.5,7079.5
1776372900,7079.25,7079.75,7079,7079.5
1776372960,7079.5,7079.75,7079.25,7079.25
1776373020,7079.5,7079.5,7079,7079
1776373080,7079.25,7079.5,7079,7079
1776373140,7079.25,7079.25,7078.25,7078.5
1776376800,7077.75,7078.75,7075.5,7077.25
1776376860,7077,7078.5,7076.5,7078.5
1776376920,7078.25,7079.25,7078,7079
1776376980,7079,7079.5,7078.75,7079.25
1776377040,7079.25,7079.5,7078.5,7078.5
1776377100,7078.75,7080.5,7078.25,7080.25
1776377160,7080.25,7080.75,7080,7080.5
1776377220,7080.5,7081,7080.25,7080.5
1776377280,7080.5,7080.5,7079.75,7080.25
1776377340,7080,7080.25,7079.5,7079.75
1776377400,7079.75,7081.25,7079.75,7081.25
1776377460,7081.25,7081.5,7080.5,7080.75
1776377520,7080.75,7081.25,7080.5,7080.75
1776377580,7080.75,7081.5,7080.5,7080.75
1776377640,7080.75,7081,7080.5,7080.75
1776377700,7080.75,7081.75,7080.25,7081
1776377760,7081,7081,7080.25,7080.5
1776377820,7080.5,7080.5,7080,7080
1776377880,7080.25,7080.5,7080,7080.25
1776377940,7080.5,7081,7080.25,7080.5
1776378000,7080.5,7080.5,7080,7080.25
1776378060,7080,7080.75,7079.75,7080.25
1776378120,7080.25,7081.5,7080.25,7081.25
1776378180,7081.5,7081.5,7081,7081
1776378240,7081.5,7081.5,7081,7081
1776378300,7081.25,7081.5,7080.5,7081
1776378360,7081,7081,7080.5,7081
1776378420,7081,7081,7080.5,7081
1776378480,7081,7081.25,7080.75,7081.25
1776378540,7081.25,7082.5,7081.25,7082
1776378600,7082.25,7083,7081.5,7081.75
1776378660,7081.5,7082.5,7081.5,7082
1776378720,7082.25,7083,7082,7082.75
1776378780,7082.75,7083,7082.25,7082.75
1776378840,7082.5,7083.25,7082.25,7082.5
1776378900,7082.5,7082.75,7082.25,7082.5
1776378960,7082.5,7082.75,7082.25,7082.5
1776379020,7082.5,7082.75,7082.25,7082.75
1776379080,7082.5,7082.5,7082,7082
1776379140,7082,7082.5,7081.75,7082.25
1776379200,7082,7083,7081.75,7083
1776379260,7083,7083,7082.5,7083
1776379320,7083,7083,7082.25,7082.5
1776379380,7082.5,7082.5,7082.25,7082.25
1776379440,7082.25,7082.75,7082.25,7082.75
1776379500,7082.5,7082.75,7082,7082
1776379560,7082.25,7082.5,7081.75,7082.25
1776379620,7082,7083,7082,7082.75
1776379680,7082.75,7083,7082.5,7082.75
1776379740,7082.5,7083,7082.25,7082.25
1776379800,7082.25,7082.5,7082,7082.5
1776379860,7082.25,7083,7082.25,7082.5
1776379920,7082.75,7082.75,7082,7082
1776379980,7082,7082.25,7081.5,7081.75
1776380040,7081.5,7082.5,7081.5,7082.5
1776380100,7082.25,7082.75,7082.25,7082.75
1776380160,7082.5,7082.75,7082.25,7082.75
1776380220,7082.5,7082.5,7082.25,7082.5
1776380280,7082.5,7082.75,7082.25,7082.25
1776380340,7082.5,7082.5,7081.75,7082
1776380400,7082.25,7082.5,7081.75,7082.5
1776380460,7082.75,7083.5,7082.75,7083
1776380520,7083,7083.5,7082.75,7083.25
1776380580,7083.5,7083.5,7082.25,7082.25
1776380640,7082,7082.5,7082,7082.25
1776380700,7082.25,7082.5,7082,7082.25
1776380760,7082.25,7082.5,7082,7082.5
1776380820,7082.5,7082.5,7082.25,7082.25
1776380880,7082,7082,7081.25,7081.5
1776380940,7081.75,7082,7081.5,7081.5
1776381000,7081.75,7082,7081.5,7081.75
1776381060,7081.5,7082,7081.5,7082
1776381120,7081.75,7082,7081.5,7081.5
1776381180,7081.5,7081.75,7081.25,7081.25
1776381240,7081.25,7081.75,7081.25,7081.5
1776381300,7081.5,7081.75,7081.25,7081.5
1776381360,7081.5,7082,7081.5,7082
1776381420,7082,7083,7082,7082.75
1776381480,7082.75,7083,7082.25,7082.75
1776381540,7082.75,7083.75,7082.5,7083.75
1776381600,7083.75,7083.75,7083.5,7083.75
1776381660,7084,7084.5,7083.5,7084
1776381720,7084.5,7084.5,7084,7084.25
1776381780,7084.25,7084.5,7084,7084.5
1776381840,7084.5,7084.75,7084.25,7084.5
1776381900,7084.75,7084.75,7084.25,7084.25
1776381960,7084,7084.25,7083.75,7083.75
1776382020,7084.25,7084.25,7083.5,7083.75
1776382080,7083.75,7083.75,7083.5,7083.5
1776382140,7083.25,7083.5,7082.75,7083
1776382200,7082.75,7082.75,7082,7082.5
1776382260,7082.5,7083,7082.25,7082.75
1776382320,7082.75,7083.25,7082.75,7083
1776382380,7083,7083.5,7082.75,7083.25
1776382440,7083.25,7084,7083.25,7083.75
1776382500,7083.75,7084.5,7083.25,7084.25
1776382560,7084.5,7084.75,7084,7084
1776382620,7084.25,7084.5,7084,7084.5
1776382680,7084.5,7084.75,7084,7084.5
1776382740,7084.5,7085.25,7084.5,7085
1776382800,7085.25,7085.5,7084.75,7084.75
1776382860,7084.75,7085,7084.5,7084.5
1776382920,7084.5,7085,7084.25,7084.25
1776382980,7084.25,7084.5,7084,7084
1776383040,7084,7084.5,7083.75,7084
1776383100,7084,7084.25,7084,7084
1776383160,7084,7084,7082.5,7083
1776383220,7083,7083,7082.25,7082.25
1776383280,7082.25,7083.75,7082.25,7083.5
1776383340,7083.75,7083.75,7083,7083.25
1776383400,7083,7084,7083,7084
1776383460,7084,7084,7083.5,7084
1776383520,7083.75,7084.25,7083.5,7084
1776383580,7083.75,7084,7082.75,7083.25
1776383640,7083,7083.5,7083,7083.25
1776383700,7083.5,7083.5,7083,7083.5
1776383760,7083.25,7083.25,7082.5,7082.75
1776383820,7082.75,7083.25,7082.75,7083.25
1776383880,7083,7084,7083,7083.5
1776383940,7083.75,7083.75,7083.5,7083.5
1776384000,7083.5,7083.75,7082,7082
1776384060,7082.25,7082.75,7081.5,7082
1776384120,7082.25,7083.5,7082.25,7083.25
1776384180,7083.25,7083.5,7082.25,7083
1776384240,7082.75,7082.75,7082.25,7082.5
1776384300,7082.25,7082.25,7079,7079.25
1776384360,7079.25,7080,7078,7079.75
1776384420,7079.5,7080,7078.75,7079.25
1776384480,7079,7079.75,7078.75,7079.5
1776384540,7079.25,7081.25,7079.25,7081
1776384600,7081,7082.25,7080.75,7081.75
1776384660,7082,7082.5,7079.5,7080
1776384720,7079.75,7080,7078.5,7079.25
1776384780,7079,7079,7078.25,7078.5
1776384840,7078.75,7079.25,7078.5,7079
1776384900,7078.5,7079,7077.75,7077.75
1776384960,7077.75,7078.75,7077.75,7078.75
1776385020,7078.25,7079,7078.25,7079
1776385080,7079,7081,7079,7081
1776385140,7081,7082.5,7080.75,7082
1776385200,7082,7083.5,7081.5,7083.25
1776385260,7083,7083.75,7082.25,7083
1776385320,7083.25,7083.5,7081.75,7082.5
1776385380,7082.5,7083.25,7082.25,7083
1776385440,7082.75,7083,7081.75,7081.75
1776385500,7081.75,7082.75,7081.5,7082.25
1776385560,7082.75,7083.5,7082.25,7083.25
1776385620,7083.75,7084,7083,7083.25
1776385680,7083.25,7083.25,7082.75,7083
1776385740,7083.25,7083.5,7083,7083
1776385800,7083.25,7084.25,7083,7083.25
1776385860,7083.5,7083.5,7082.5,7083.25
1776385920,7083.25,7084,7083.25,7083.5
1776385980,7083.5,7084.25,7083.5,7083.75
1776386040,7083.75,7083.75,7083.25,7083.5
1776386100,7083.5,7084,7083.5,7084
1776386160,7083.75,7083.75,7082.5,7082.75
1776386220,7083,7083.75,7082.75,7083
1776386280,7082.75,7083,7082,7082.25
1776386340,7082.5,7082.75,7082.25,7082.25
1776386400,7082.5,7082.75,7082.25,7082.5
1776386460,7082.5,7083.25,7082.25,7083.25
1776386520,7083,7083.5,7082.75,7083
1776386580,7083,7083.25,7082.5,7082.75
1776386640,7082.5,7082.75,7082.25,7082.25
1776386700,7082.5,7082.75,7082.25,7082.25
1776386760,7082,7082.5,7082,7082.5
1776386820,7082.25,7083.5,7082.25,7083.25
1776386880,7083.25,7083.25,7082.75,7083
1776386940,7083,7083.75,7083,7083.25
1776387000,7083.5,7083.5,7082.5,7082.75
1776387060,7082.5,7083,7082.5,7082.5
1776387120,7082.5,7082.75,7082.25,7082.75
1776387180,7082.75,7083,7082.5,7082.75
1776387240,7082.75,7083,7082.5,7082.5
1776387300,7082.75,7083.25,7082.75,7083
1776387360,7083.5,7083.5,7082.5,7082.75
1776387420,7082.75,7083.25,7082.75,7083
1776387480,7082.75,7083.25,7082.75,7082.75
1776387540,7083,7083,7082.5,7082.5
1776387600,7082.75,7083.5,7082.5,7083.25
1776387660,7083,7083,7082,7082.5
1776387720,7082,7082.75,7082,7082.5
1776387780,7082.5,7083,7082.5,7082.5
1776387840,7082.5,7082.5,7082,7082.25
1776387900,7082.25,7082.5,7081.75,7082.25
1776387960,7082.25,7083,7082,7082.75
1776388020,7083,7084.25,7082.25,7084
1776388080,7084,7084.25,7083.5,7084.25
1776388140,7084,7084,7083,7083.25
1776388200,7083,7083.75,7083,7083.25
1776388260,7083.75,7083.75,7081.75,7082.75
1776388320,7082.5,7083,7082.25,7083
1776388380,7083.25,7083.25,7082.75,7083.25
1776388440,7083.25,7083.5,7083,7083.5
1776388500,7083.25,7083.5,7082.75,7083
1776388560,7083.25,7083.5,7083.25,7083.5
1776388620,7083.75,7084,7083.25,7083.75
1776388680,7083.5,7084.25,7083.5,7084.25
1776388740,7084.25,7084.5,7083.5,7083.75
1776388800,7083.75,7084.5,7083.75,7084.5
1776388860,7084.25,7084.25,7083.75,7084.25
1776388920,7084.25,7084.5,7081.75,7082.25
1776388980,7082,7082,7081.25,7081.5
1776389040,7081.5,7082,7081.25,7081.5
1776389100,7081.75,7082.5,7081.5,7082.25
1776389160,7082.5,7082.75,7082.5,7082.5
1776389220,7082.5,7082.5,7082,7082
1776389280,7082,7082.25,7081.75,7082.25
1776389340,7082,7082.25,7081.5,7082
1776389400,7082.25,7082.75,7081.75,7082.25
1776389460,7082,7083,7082,7082.5
1776389520,7082.5,7083.25,7082.25,7082.5
1776389580,7082.5,7082.5,7082,7082.25
1776389640,7082.25,7082.75,7082,7082.25
1776389700,7082.5,7083.25,7082.5,7082.75
1776389760,7082.75,7083.25,7082.75,7083.25
1776389820,7083.25,7083.75,7083,7083.5
1776389880,7083.5,7084.25,7083.25,7084.25
1776389940,7084.25,7084.25,7083.5,7083.75
1776390000,7084,7084.25,7083.5,7083.75
1776390060,7084,7084,7083.25,7083.25
1776390120,7083.25,7083.5,7083.25,7083.5
1776390180,7083.5,7083.5,7083.25,7083.25
1776390240,7083.5,7083.75,7083.5,7083.75
1776390300,7083.5,7083.75,7083.25,7083.5
1776390360,7083.75,7084.25,7083.5,7083.5
1776390420,7083.25,7084.25,7083.25,7083.75
1776390480,7084.25,7084.5,7083.75,7084.25
1776390540,7084,7084.75,7082.75,7083.25
1776390600,7083,7083.5,7082.5,7083.25
1776390660,7083.25,7083.25,7082.75,7082.75
1776390720,7082.75,7082.75,7082.25,7082.5
1776390780,7082.75,7083,7082.5,7082.75
1776390840,7082.75,7083,7082.5,7083
1776390900,7083,7084.25,7083,7084.25
1776390960,7084,7084,7083.5,7083.5
1776391020,7083.5,7083.75,7083.25,7083.5
1776391080,7083.25,7083.25,7083,7083.25
1776391140,7083.25,7083.5,7083,7083.25
1776391200,7083.25,7083.75,7082.75,7082.75
1776391260,7083,7083.25,7083,7083.25
1776391320,7083.25,7083.5,7083,7083.25
1776391380,7083.25,7084,7083,7084
1776391440,7083.75,7084,7082.75,7083.75
1776391500,7083.5,7083.5,7083,7083
1776391560,7083.25,7083.25,7082.75,7082.75
1776391620,7083,7083,7081.5,7081.75
1776391680,7081.75,7081.75,7080.25,7080.5
1776391740,7080.5,7080.75,7079.75,7080.5
1776391800,7080.25,7081,7080.25,7080.75
1776391860,7081,7081.5,7080.5,7080.75
1776391920,7080.75,7081.5,7080.5,7081.5
1776391980,7081.25,7081.5,7080.75,7080.75
1776392040,7080.75,7081.25,7080.5,7080.75
1776392100,7081,7081.5,7080.75,7081
1776392160,7081,7081,7080.25,7080.5
1776392220,7080.75,7081,7080.5,7081
1776392280,7080.75,7081,7080,7080.5
1776392340,7080.5,7081,7080.25,7080.75
1776392400,7080.75,7081.25,7080.5,7081.25
1776392460,7081.25,7081.25,7080.5,7080.75
1776392520,7080.5,7081,7080.25,7080.25
1776392580,7080.5,7080.75,7080.25,7080.75
1776392640,7080.75,7080.75,7078.25,7078.25
1776392700,7078.5,7079,7077.25,7078.75
1776392760,7078.5,7079,7078.25,7078.75
1776392820,7078.5,7079.5,7078.5,7079.25
1776392880,7079,7079,7078.5,7079
1776392940,7078.75,7079.25,7078.5,7078.75
1776393000,7078.75,7079,7078.5,7078.75
1776393060,7078.75,7080,7078.75,7080
1776393120,7079.75,7080.5,7079.5,7080.25
1776393180,7080.25,7080.25,7079.75,7079.75
1776393240,7079.75,7080,7079.5,7079.5
1776393300,7079.75,7079.75,7078.75,7079
1776393360,7079.25,7079.75,7079,7079.25
1776393420,7079.25,7080,7079.25,7079.75
1776393480,7079.75,7080.25,7079.75,7080
1776393540,7079.75,7080,7079.75,7080
1776393600,7080.25,7080.75,7080,7080.25
1776393660,7080.5,7080.5,7079.75,7080.25
1776393720,7080.25,7080.25,7079.75,7079.75
1776393780,7080,7080,7079.25,7079.5
1776393840,7079.5,7079.75,7078.75,7079
1776393900,7079,7079.5,7078.75,7079.5
1776393960,7079.25,7079.75,7079.25,7079.25
1776394020,7079,7079.25,7078.75,7079
1776394080,7079,7079.25,7078.75,7079.25
1776394140,7079,7079.25,7079,7079
1776394200,7079,7079,7078,7078.5
1776394260,7078.75,7078.75,7078.5,7078.75
1776394320,7078.5,7078.75,7078.25,7078.75
1776394380,7078.5,7079,7078.5,7079
1776394440,7079,7079,7078.75,7078.75
1776394500,7078.75,7079.25,7078.75,7079.25
1776394560,7079.25,7079.25,7078.75,7079
1776394620,7079,7079.25,7078.75,7079
1776394680,7079,7079,7078.75,7078.75
1776394740,7079,7079,7078.5,7078.5
1776394800,7078.75,7079.5,7078.5,7079
1776394860,7079,7079.25,7078.75,7079
1776394920,7079,7079,7078.75,7078.75
1776394980,7078.75,7079,7078.5,7078.5
1776395040,7078.5,7079,7078,7078
1776395100,7078.25,7078.5,7078,7078.25
1776395160,7078.25,7078.25,7077.5,7077.75
1776395220,7078,7078,7077,7077
1776395280,7077,7077.5,7077,7077.25
1776395340,7077.25,7077.5,7077.25,7077.5
1776395400,7077.5,7078,7077.5,7078
1776395460,7077.75,7077.75,7077.5,7077.5
1776395520,7077.25,7077.5,7077,7077.25
1776395580,7077,7077.25,7076.75,7076.75
1776395640,7076.75,7077.25,7076.5,7077.25
1776395700,7077,7077.5,7076.25,7076.75
1776395760,7076.75,7077.5,7076.5,7077.25
1776395820,7077.5,7077.75,7077,7077.5
1776395880,7077.25,7078,7077,7077.5
1776395940,7077.75,7078.25,7077.75,7078.25
1776396000,7078,7078.25,7077.75,7078
1776396060,7078,7078,7078,7078
1776396120,7077.75,7078.25,7077.5,7078.25
1776396180,7078.25,7078.25,7078,7078.25
1776396240,7078.25,7078.75,7078,7078.25
1776396300,7078.5,7078.75,7078.25,7078.25
1776396360,7078.25,7078.25,7077.75,7077.75
1776396420,7077.5,7077.75,7077,7077
1776396480,7077,7077.5,7076.75,7077.25
1776396540,7077.25,7078,7077.25,7077.75
1776396600,7077.75,7078,7077.25,7077.25
1776396660,7077.5,7077.75,7077.25,7077.5
1776396720,7077.5,7077.75,7077.5,7077.75
1776396780,7077.75,7077.75,7077,7077
1776396840,7077.25,7077.5,7077,7077
1776396900,7077,7077.5,7076.75,7077.25
1776396960,7077,7077.25,7076.5,7076.5
1776397020,7076.75,7077,7076.5,7076.75
1776397080,7076.5,7078,7076.5,7077.75
1776397140,7077.5,7078,7077.5,7078
1776397200,7078,7078,7077.25,7077.5
1776397260,7077.5,7077.5,7077.25,7077.5
1776397320,7077.5,7078,7077.5,7077.75
1776397380,7077.75,7078,7077.75,7077.75
1776397440,7077.75,7078,7077.25,7077.25
1776397500,7077.5,7078,7077.25,7077.75
1776397560,7078,7078.5,7078,7078
1776397620,7078,7078,7077.75,7077.75
1776397680,7077.75,7077.75,7077.25,7077.75
1776397740,7077.75,7077.75,7077.25,7077.75
1776397800,7077.5,7077.75,7077.5,7077.75
1776397860,7077.75,7078.25,7077.75,7077.75
1776397920,7078,7078.25,7077.75,7077.75
1776397980,7078,7078.25,7078,7078
1776398040,7078.25,7078.5,7077.75,7078
1776398100,7077.75,7078,7077.75,7077.75
1776398160,7078,7078,7077.5,7078
1776398220,7078.25,7078.5,7078.25,7078.25
1776398280,7078.25,7078.5,7078,7078.25
1776398340,7078,7078.25,7078,7078
1776398400,7078.25,7078.25,7077.5,7078
1776398460,7077.75,7078.25,7077.5,7078
1776398520,7078,7078.25,7077.75,7078.25
1776398580,7078.25,7078.5,7078.25,7078.5
1776398640,7078.5,7078.75,7078.25,7078.75
1776398700,7079,7080,7079,7079.75
1776398760,7079.75,7080.5,7079.25,7080.25
1776398820,7080.25,7080.5,7080,7080
1776398880,7080,7081,7080,7080.5
1776398940,7080.5,7080.75,7080.5,7080.75
1776399000,7080.75,7080.75,7080,7080
1776399060,7080,7080.75,7080,7080.75
1776399120,7080.75,7080.75,7080.25,7080.5
1776399180,7080.5,7080.75,7080.5,7080.75
1776399240,7080.5,7080.75,7080.25,7080.5
1776399300,7080.75,7081.5,7080.75,7081
1776399360,7081.25,7081.75,7081,7081.25
1776399420,7081.75,7081.75,7081.25,7081.5
1776399480,7081.75,7082,7081.5,7082
1776399540,7081.75,7082.25,7081.75,7082.25
1776399600,7082.25,7082.5,7082,7082.25
1776399660,7082,7082.25,7081.5,7081.75
1776399720,7082,7082,7081.25,7081.25
1776399780,7081.75,7082,7081.25,7082
1776399840,7081.75,7082,7081.5,7081.75
1776399900,7081.75,7082,7081.25,7081.75
1776399960,7081.75,7082,7081.5,7082
1776400020,7082,7082.75,7081.75,7082.75
1776400080,7082.75,7082.75,7082.25,7082.25
1776400140,7082.5,7082.5,7081.75,7081.75
1776400200,7081.75,7082,7081.5,7081.75
1776400260,7081.5,7082.25,7081.5,7081.75
1776400320,7081.75,7082,7081.75,7081.75
1776400380,7082,7082.25,7081.75,7082.25
1776400440,7082.25,7082.75,7082.25,7082.5
1776400500,7082.5,7082.75,7082.25,7082.5
1776400560,7082.25,7082.5,7081.75,7082
1776400620,7082.5,7082.5,7082,7082.5
1776400680,7082.25,7082.5,7081.5,7081.5
1776400740,7081.5,7082,7081.5,7081.75
1776400800,7081.75,7081.75,7081.5,7081.5
1776400860,7081.5,7081.75,7081.25,7081.75
1776400920,7082,7082,7081,7081.25
1776400980,7081.5,7081.5,7081,7081
1776401040,7081,7081.25,7080.75,7081
1776401100,7080.75,7081.5,7080.75,7081.25
1776401160,7081.25,7082,7081.25,7082
1776401220,7081.75,7082.25,7081.5,7081.75
1776401280,7081.75,7082,7081.5,7081.5
1776401340,7081.5,7081.5,7081.25,7081.5
1776401400,7081.5,7082,7081.5,7081.75
1776401460,7081.75,7082,7081.25,7081.25
1776401520,7081.5,7081.5,7081.25,7081.25
1776401580,7081,7081,7080.5,7080.5
1776401640,7080.5,7081,7080.5,7080.5
1776401700,7081,7081,7080.5,7080.5
1776401760,7080.5,7080.75,7080.5,7080.75
1776401820,7080.5,7080.75,7079,7079.5
1776401880,7079.5,7079.75,7079.5,7079.5
1776401940,7079.5,7079.75,7079.25,7079.25
1776402000,7079.5,7079.75,7078.5,7078.75
1776402060,7078.75,7079,7077.75,7077.75
1776402120,7077.5,7078,7076.25,7076.25
1776402180,7076.25,7076.5,7075.25,7075.25
1776402240,7075.75,7076.5,7075.25,7076.5
1776402300,7076.5,7077.25,7076.25,7077.25
1776402360,7077,7077.5,7076.75,7077.25
1776402420,7077.25,7077.5,7077,7077.5
1776402480,7077.25,7078,7077,7077.75
1776402540,7077.75,7078,7077.25,7077.5
1776402600,7077.5,7077.5,7077.25,7077.5
1776402660,7077.25,7077.5,7077,7077
1776402720,7077,7077,7076.5,7077
1776402780,7077.25,7078.25,7077,7078
1776402840,7077.75,7078.25,7077.25,7077.75
1776402900,7077.5,7078,7077.5,7078
1776402960,7077.75,7078,7077.75,7077.75
1776403020,7077.75,7078,7077.5,7077.5
1776403080,7077.25,7077.5,7077,7077.5
1776403140,7077.25,7077.5,7077,7077
1776403200,7077,7078,7077,7077.5
1776403260,7077.5,7077.5,7077.25,7077.5
1776403320,7077.5,7078,7077.5,7078
1776403380,7078.25,7078.5,7078,7078.5
1776403440,7078.5,7079,7078.25,7079
1776403500,7079,7079.5,7078.75,7079
1776403560,7079,7079,7078.5,7078.5
1776403620,7078.75,7079,7078.75,7078.75
1776403680,7078.75,7079,7078.75,7079
1776403740,7078.75,7079.25,7078.75,7079.25
1776403800,7079,7079.25,7078.25,7078.5
1776403860,7078.5,7078.5,7077.5,7077.5
1776403920,7077.75,7078.25,7077.25,7077.25
1776403980,7077.25,7077.75,7076.75,7077.25
1776404040,7077.25,7077.5,7076.75,7077
1776404100,7076.75,7077.75,7076.75,7077.5
1776404160,7077.75,7078.25,7077.5,7078
1776404220,7077.75,7080.25,7077.75,7080.25
1776404280,7080.25,7080.75,7079.75,7080.75
1776404340,7080.75,7080.75,7079.25,7079.5
1776404400,7079.5,7080.75,7079,7080.75
1776404460,7080.75,7081.5,7080.75,7081
1776404520,7080.75,7081.25,7080.5,7081.25
1776404580,7081.25,7082,7080.75,7080.75
1776404640,7080.75,7081.25,7080.5,7081.25
1776404700,7081.25,7081.75,7081,7081.5
1776404760,7081.5,7081.75,7080.75,7081.25
1776404820,7081.25,7081.5,7081,7081.5
1776404880,7081.25,7081.5,7081.25,7081.25
1776404940,7081.5,7081.75,7081.5,7081.75
1776405000,7081.5,7081.5,7081,7081.5
1776405060,7081.25,7081.25,7081,7081.25
1776405120,7081.25,7081.75,7081,7081.5
1776405180,7081.25,7081.25,7080.75,7081.25
1776405240,7081.25,7081.5,7081,7081.25
1776405300,7081.25,7081.5,7080.75,7081.5
1776405360,7081.5,7081.5,7080.75,7081.25
1776405420,7081.25,7081.5,7081,7081.5
1776405480,7081.5,7081.5,7081.25,7081.25
1776405540,7081.5,7081.75,7081,7081.25
1776405600,7081.5,7082.75,7081.25,7081.75
1776405660,7081.5,7082.5,7081.5,7082.5
1776405720,7082.75,7082.75,7081.75,7081.75
1776405780,7082,7082.25,7081.25,7081.25
1776405840,7081.25,7081.75,7080.5,7081.75
1776405900,7081.5,7082,7081.25,7081.75
1776405960,7081.75,7083.25,7081.75,7082.5
1776406020,7082.75,7083.75,7082.5,7083
1776406080,7082.75,7083,7082.25,7082.25
1776406140,7082.25,7082.25,7081.25,7081.5
1776406200,7081.5,7083,7081.5,7082.5
1776406260,7082.25,7082.25,7081.75,7082
1776406320,7082,7082.75,7082,7082.75
1776406380,7082.75,7083.25,7082.5,7083
1776406440,7083.25,7083.5,7082.75,7082.75
1776406500,7082.5,7083.5,7082.25,7083.5
1776406560,7083.5,7083.5,7083,7083.25
1776406620,7083.25,7083.5,7083,7083
1776406680,7083,7083,7082,7082.75
1776406740,7082.75,7082.75,7081.75,7081.75
1776406800,7081.75,7082,7081.75,7082
1776406860,7081.5,7081.5,7080.75,7081.25
1776406920,7081.25,7081.5,7080.5,7080.75
1776406980,7080.5,7081.25,7080.5,7081
1776407040,7080.75,7082,7080.75,7082
1776407100,7082,7082,7080.75,7081
1776407160,7080.75,7080.75,7079.75,7079.75
1776407220,7079.75,7081.25,7079.75,7080.75
1776407280,7081,7081.25,7080.5,7080.5
1776407340,7080.75,7080.75,7080.25,7080.5
1776407400,7080.25,7080.25,7078.25,7078.5
1776407460,7078.5,7079,7077.75,7078.25
1776407520,7078.5,7078.75,7078.25,7078.25
1776407580,7078.5,7078.75,7078,7078.5
1776407640,7078.25,7078.5,7077.75,7078
1776407700,7078,7078.25,7077.5,7077.75
1776407760,7078,7078,7077.25,7077.75
1776407820,7077.5,7078,7077.25,7078
1776407880,7078,7079,7078,7078.75
1776407940,7078.75,7079.5,7078.5,7079.25
1776408000,7079,7079.5,7078.25,7078.5
1776408060,7078.75,7079,7078,7078.25
1776408120,7078.25,7079,7078.25,7079
1776408180,7079,7079.5,7078.5,7079.25
1776408240,7079.5,7079.75,7079.25,7079.5
1776408300,7079.5,7080.25,7079.25,7080
1776408360,7080,7080.75,7080,7080.25
1776408420,7080.75,7081,7080.5,7081
1776408480,7080.75,7081.75,7080.75,7081.75
1776408540,7081.75,7081.75,7081,7081.25
1776408600,7081.25,7082,7081,7081.5
1776408660,7081.25,7081.5,7080.75,7081.25
1776408720,7081,7081.5,7080.75,7081.25
1776408780,7081.5,7081.75,7081.25,7081.75
1776408840,7081.5,7081.75,7081.5,7081.5
1776408900,7081.75,7081.75,7081,7081.25
1776408960,7081.25,7081.25,7081,7081
1776409020,7081,7081,7080,7080.25
1776409080,7080.75,7080.75,7080,7080
1776409140,7080.25,7080.5,7079.5,7079.75
1776409200,7080,7082,7080,7081.5
1776409260,7081.5,7083.25,7081.25,7082.75
1776409320,7082.5,7083.5,7082.25,7083.25
1776409380,7083,7083.75,7082.75,7083.25
1776409440,7083.5,7084.5,7083.5,7084.25
1776409500,7084.25,7084.5,7083.75,7084.25
1776409560,7084,7084.5,7083.5,7083.75
1776409620,7084,7086.5,7084,7084.75
1776409680,7084.5,7085,7084,7084.75
1776409740,7084.5,7085,7084,7084.5
1776409800,7084,7084.5,7083.5,7083.5
1776409860,7083.5,7084.5,7083.5,7084.25
1776409920,7084.75,7085,7084.25,7085
1776409980,7085,7085.5,7084.75,7084.75
1776410040,7084.75,7085,7083.5,7083.75
1776410100,7084,7084.25,7083.5,7084
1776410160,7084,7084,7083,7083.5
1776410220,7083,7083.5,7082.5,7082.5
1776410280,7082.75,7083.25,7082,7082
1776410340,7082.25,7083.5,7082,7083.25
1776410400,7083.5,7083.5,7082.25,7082.25
1776410460,7082,7082,7080.75,7080.75
1776410520,7080.75,7082.5,7080.75,7082.5
1776410580,7082.25,7082.75,7082.25,7082.5
1776410640,7082.5,7082.75,7082,7082
1776410700,7081.75,7082.75,7081.75,7082.75
1776410760,7082.75,7083.25,7082.5,7083.25
1776410820,7083,7083,7082,7082.25
1776410880,7082,7082.25,7081.25,7082.25
1776410940,7082.25,7082.75,7081.75,7082.75
1776411000,7082.75,7083,7082.5,7083
1776411060,7083.25,7083.5,7082.75,7083
1776411120,7083,7083.25,7082.5,7082.5
1776411180,7083,7083.25,7082.25,7082.5
1776411240,7082.5,7084.5,7082.25,7084.25
1776411300,7084,7084.5,7083.25,7083.5
1776411360,7084,7084.25,7083.75,7084
1776411420,7083.5,7084,7083.25,7083.75
1776411480,7084,7084.25,7082.75,7083
1776411540,7082.75,7084,7082.25,7082.75
1776411600,7082.5,7082.75,7082.25,7082.75
1776411660,7082.5,7082.75,7082,7082.75
1776411720,7082.5,7083,7082.25,7083
1776411780,7083,7083.25,7082.75,7082.75
1776411840,7083,7084.25,7083,7084
1776411900,7083.75,7084,7083.25,7083.25
1776411960,7083.5,7083.5,7082.5,7083.5
1776412020,7083,7083,7081.75,7082.5
1776412080,7082.5,7083,7082.25,7082.75
1776412140,7082.75,7083.75,7082.75,7083.5
1776412200,7083.25,7084.5,7083,7084.5
1776412260,7084,7084.5,7083.75,7084.5
1776412320,7084.5,7084.75,7083.75,7084
1776412380,7084,7084.5,7084,7084.5
1776412440,7084.75,7086.75,7084.5,7086.5
1776412500,7086,7086.5,7085.5,7086.25
1776412560,7086.25,7086.5,7085.75,7086.25
1776412620,7086.25,7087.25,7085.5,7086.75
1776412680,7086.75,7087.5,7086.75,7087.5
1776412740,7087.25,7087.25,7086,7086.5
1776412800,7086.5,7087,7086,7086.5
1776412860,7086.25,7087.25,7085.75,7087.25
1776412920,7087,7087.75,7086.5,7086.5
1776412980,7086.75,7087.25,7086.25,7087
1776413040,7087.25,7087.25,7086.75,7087.25
1776413100,7087.25,7087.25,7086.5,7086.75
1776413160,7086.5,7087,7086.25,7086.25
1776413220,7086.5,7087.25,7086.5,7087
1776413280,7087.25,7087.75,7087,7087.75
1776413340,7087.5,7087.75,7086,7086.25
1776413400,7086.25,7086.25,7085.75,7085.75
1776413460,7086,7086.25,7085.5,7086
1776413520,7086.25,7086.5,7085.75,7085.75
1776413580,7085.5,7085.5,7084.25,7085.25
1776413640,7085.25,7086.5,7085.25,7085.75
1776413700,7085.75,7086.25,7085.25,7085.25
1776413760,7085.5,7086.25,7084.75,7086
1776413820,7086.5,7086.75,7086.25,7086.5
1776413880,7086.25,7087.25,7086.25,7086.5
1776413940,7086.5,7086.75,7086.25,7086.5
1776414000,7086.5,7088,7086.25,7086.75
1776414060,7086.75,7087,7086.25,7086.5
1776414120,7086.25,7086.25,7085.75,7086.25
1776414180,7086.25,7086.5,7085.75,7086.25
1776414240,7086.25,7086.75,7086,7086.5
1776414300,7086.5,7086.75,7086.25,7086.5
1776414360,7086.5,7086.75,7085.75,7086.5
1776414420,7086.25,7086.75,7086.25,7086.75
1776414480,7086.75,7087.5,7086.5,7087.25
1776414540,7087.5,7088.25,7087.25,7087.25
1776414600,7087.5,7088.5,7087.5,7088.25
1776414660,7088.25,7088.25,7087.25,7087.5
1776414720,7087.5,7087.75,7087,7087.75
1776414780,7087.75,7087.75,7087.5,7087.5
1776414840,7087.25,7087.25,7087,7087.25
1776414900,7087.5,7087.75,7086.75,7087
1776414960,7086.75,7086.75,7086,7086
1776415020,7086.25,7086.5,7085.75,7085.75
1776415080,7085.75,7086.25,7085.75,7086.25
1776415140,7086.25,7086.75,7086,7086.75
1776415200,7086.75,7088.5,7086.5,7087.75
1776415260,7087.75,7089.5,7087.75,7089
1776415320,7089.25,7090,7089,7089.5
1776415380,7089.5,7090.5,7089.5,7090
1776415440,7090.25,7090.25,7089.5,7090
1776415500,7090.25,7090.25,7089.25,7089.75
1776415560,7089.5,7089.5,7088.5,7088.75
1776415620,7088.75,7089.25,7088.75,7089
1776415680,7089.25,7089.5,7088.75,7089.5
1776415740,7089.25,7089.75,7089,7089.75
1776415800,7089.75,7090.5,7089.75,7090.25
1776415860,7090,7090.5,7089.75,7090
1776415920,7089.75,7090.25,7089.75,7090
1776415980,7090,7090,7089,7089.5
1776416040,7089.25,7090.25,7089,7090.25
1776416100,7090.25,7090.25,7089.5,7089.75
1776416160,7089.75,7090.75,7089.75,7090.5
1776416220,7090.5,7091,7089.75,7090.25
1776416280,7090.25,7090.5,7090,7090
1776416340,7090,7090.75,7090,7090.5
1776416400,7090.5,7090.75,7090.25,7090.5
1776416460,7090.5,7090.75,7090.25,7090.75
1776416520,7090.5,7090.75,7090.5,7090.75
1776416580,7090.75,7091.25,7090.5,7091.25
1776416640,7091.25,7091.25,7090.75,7091
1776416700,7090.75,7091,7090.25,7090.5
1776416760,7090.75,7091,7090.5,7090.75
1776416820,7091,7091.5,7091,7091.25
1776416880,7091.25,7092.5,7090.75,7091
1776416940,7091,7091.25,7089.5,7089.5
1776417000,7089.5,7090,7089,7089
1776417060,7089.25,7089.75,7088.75,7089.5
1776417120,7089.25,7090,7089.25,7090
1776417180,7089.75,7090,7089.5,7089.5
1776417240,7089.5,7089.75,7089.25,7089.75
1776417300,7089.75,7089.75,7089.5,7089.75
1776417360,7089.75,7090.25,7089.25,7090
1776417420,7090,7090,7088.25,7088.5
1776417480,7088.5,7088.75,7087.75,7088
1776417540,7088,7088.75,7088,7088.5
1776417600,7088.5,7089.25,7088.25,7088.75
1776417660,7088.75,7089.75,7088.5,7089.75
1776417720,7089.5,7089.75,7089,7089.25
1776417780,7089,7089.5,7088.75,7089
1776417840,7088.75,7089.25,7088.75,7089
1776417900,7089,7089.75,7088.75,7089.75
1776417960,7089.5,7089.75,7089.5,7089.75
1776418020,7089.5,7090.75,7089.25,7090.75
1776418080,7090.5,7091.75,7090.5,7091.25
1776418140,7091,7091.75,7091,7091.5
1776418200,7091.75,7092,7091,7091
1776418260,7091,7091.25,7089.5,7089.75
1776418320,7089.75,7089.75,7088.75,7089.25
1776418380,7089,7089.5,7088.75,7089.5
1776418440,7089.5,7090.25,7089,7090
1776418500,7090,7090.5,7089.5,7090.25
1776418560,7090.25,7091,7090,7090
1776418620,7090,7090.25,7089.5,7089.75
1776418680,7089.75,7090,7089.5,7090
1776418740,7089.75,7090.5,7089.75,7090.5
1776418800,7090.5,7090.75,7090,7090.25
1776418860,7090.5,7091.5,7090.5,7091.5
1776418920,7091.25,7091.5,7091,7091.25
1776418980,7091.25,7091.75,7090.75,7090.75
1776419040,7091.25,7091.25,7091,7091.25
1776419100,7091.5,7092,7091.25,7091.25
1776419160,7091,7091,7089.75,7090.5
1776419220,7090.75,7091.5,7090.75,7091.25
1776419280,7091.25,7091.75,7091.25,7091.75
1776419340,7091.75,7091.75,7091.25,7091.75
1776419400,7091.5,7091.5,7091,7091.5
1776419460,7091.5,7093.25,7091.5,7092.75
1776419520,7092.75,7092.75,7092,7092.25
1776419580,7092.25,7093.5,7092,7093
1776419640,7093,7094,7092,7092.25
1776419700,7092.25,7093.5,7092.25,7093
1776419760,7093.25,7093.5,7092.25,7092.5
1776419820,7092.75,7093.75,7092.5,7093.5
1776419880,7093.25,7093.75,7092.5,7093
1776419940,7093.25,7093.75,7093,7093.25
1776420000,7093,7093.25,7092,7092
1776420060,7092.25,7092.75,7092,7092.25
1776420120,7092.25,7093,7092,7093
1776420180,7093,7093.75,7093,7093.5
1776420240,7093.75,7094.25,7093.75,7093.75
1776420300,7093.5,7094.25,7093.5,7094.25
1776420360,7094.25,7094.5,7093.75,7094
1776420420,7094,7094.5,7094,7094.25
1776420480,7094.25,7094.5,7094.25,7094.25
1776420540,7094.25,7094.75,7094.25,7094.5
1776420600,7094.5,7095,7093.75,7094
1776420660,7093.75,7093.75,7093,7093.25
1776420720,7093.25,7093.5,7093,7093.5
1776420780,7093.75,7095.25,7093.5,7094.75
1776420840,7094.5,7095.25,7094.25,7094.75
1776420900,7094.75,7094.75,7093.75,7094
1776420960,7094,7094.5,7093.25,7093.5
1776421020,7093.5,7093.5,7092.5,7092.75
1776421080,7092.75,7092.75,7092,7092.5
1776421140,7092.25,7092.5,7091.5,7091.5
1776421200,7092,7092.5,7091.75,7092
1776421260,7092.25,7093,7092,7092.75
1776421320,7092.75,7093,7092.25,7092.5
1776421380,7092.5,7092.5,7091.75,7092
1776421440,7092,7092.25,7091.75,7092
1776421500,7092.25,7092.25,7091.25,7091.25
1776421560,7091.25,7091.25,7090.75,7091
1776421620,7091,7091.25,7090.75,7091.25
1776421680,7091,7091.25,7090.5,7090.5
1776421740,7090.75,7091.5,7090.75,7091
1776421800,7091,7091.25,7090.5,7090.5
1776421860,7090.5,7090.75,7090.25,7090.75
1776421920,7090.5,7090.5,7089.25,7089.5
1776421980,7089.5,7090.25,7089.25,7090
1776422040,7089.75,7090.25,7089.75,7090
1776422100,7090,7090.75,7090,7090.75
1776422160,7090.75,7090.75,7090.25,7090.75
1776422220,7090.5,7090.75,7090.25,7090.75
1776422280,7090.75,7090.75,7089.75,7090
1776422340,7090,7090,7089.75,7089.75
1776422400,7090,7090,7088,7088.25
1776422460,7088.5,7089,7088.25,7089
1776422520,7088.75,7089.5,7088.75,7089
1776422580,7088.75,7089.25,7088.5,7089
1776422640,7089,7089.75,7089,7089.25
1776422700,7089.5,7089.75,7088.5,7089.75
1776422760,7089.25,7090,7089.25,7089.75
1776422820,7089.75,7091,7089.5,7091
1776422880,7091,7091.25,7090.25,7090.5
1776422940,7090.75,7091,7090.5,7090.75
1776423000,7091,7091.5,7090.25,7091
1776423060,7091.25,7091.75,7091.25,7091.25
1776423120,7091.25,7091.5,7090.75,7091.5
1776423180,7091.25,7092,7091.25,7091.5
1776423240,7091.75,7092.25,7091.75,7092
1776423300,7092.25,7092.75,7092,7092.25
1776423360,7092.5,7092.5,7091.75,7092
1776423420,7092,7092.75,7092,7092.5
1776423480,7092.25,7092.5,7091.75,7092
1776423540,7092,7092.5,7091.75,7091.75
1776423600,7091.5,7092.75,7091.25,7091.75
1776423660,7092.25,7094,7092.25,7093.75
1776423720,7093.75,7094,7093.5,7094
1776423780,7094,7094.5,7093,7093.25
1776423840,7093.25,7093.5,7092.75,7093
1776423900,7093.25,7093.5,7092.25,7092.75
1776423960,7092.5,7094,7092.5,7093.5
1776424020,7093.5,7094.75,7093.5,7094.25
1776424080,7094.5,7094.75,7094,7094.25
1776424140,7094.25,7094.5,7094.25,7094.5
1776424200,7094.5,7094.75,7094,7094.25
1776424260,7094,7094.75,7094,7094.75
1776424320,7094.5,7094.5,7094,7094.25
1776424380,7094.25,7094.5,7093.75,7094
1776424440,7094,7094.25,7093.5,7093.5
1776424500,7093.5,7094,7093.5,7093.75
1776424560,7093.75,7094.25,7093.75,7094
1776424620,7094,7095.25,7093.75,7094.75
1776424680,7094.75,7095,7094.25,7094.5
1776424740,7094.5,7096,7094.25,7095.75
1776424800,7095.5,7096.25,7095,7095.75
1776424860,7096,7096.25,7095.25,7095.25
1776424920,7095,7096,7095,7095.5
1776424980,7095.5,7096,7095.25,7095.75
1776425040,7095.75,7095.75,7095,7095
1776425100,7095.25,7095.5,7094,7094.5
1776425160,7094.75,7095.25,7094.5,7095
1776425220,7095,7095,7093.25,7093.75
1776425280,7093.75,7094.75,7093.75,7094.75
1776425340,7094.5,7095.5,7094.25,7095.25
1776425400,7095.5,7096.75,7095.25,7096.75
1776425460,7096.75,7097.5,7096,7097
1776425520,7097,7098,7096.75,7097.25
1776425580,7097.5,7097.5,7096.75,7097
1776425640,7097.25,7097.75,7097,7097.75
1776425700,7097.5,7098.25,7097.25,7097.75
1776425760,7097.5,7098.5,7097.25,7097.75
1776425820,7097.5,7098,7096.75,7097.75
1776425880,7098,7098,7097,7097.25
1776425940,7097.5,7098.25,7097.25,7097.25
1776426000,7097.25,7097.75,7096,7096.25
1776426060,7096.25,7097.5,7095.75,7097
1776426120,7097.25,7097.75,7096.75,7097.25
1776426180,7097.25,7098.25,7097.25,7097.25
1776426240,7097.25,7098.5,7097.25,7098.25
1776426300,7098.25,7098.5,7097.5,7098
1776426360,7097.75,7098.25,7097.5,7097.5
1776426420,7097.5,7098.75,7097.5,7098.25
1776426480,7098.25,7099.25,7098.25,7098.75
1776426540,7098.75,7099.25,7098.5,7099.25
1776426600,7099,7100.5,7098.75,7099.75
1776426660,7099.75,7100.5,7099.5,7100
1776426720,7100.25,7100.25,7099.25,7099.5
1776426780,7099.75,7101.25,7099.5,7100.5
1776426840,7100.25,7101.75,7100.25,7101.5
1776426900,7101.5,7102.25,7101.25,7101.25
1776426960,7101.25,7101.25,7100,7100.75
1776427020,7100.5,7101.5,7100,7101
1776427080,7101,7101.5,7100.75,7101.5
1776427140,7101.25,7101.5,7100.5,7101
1776427200,7101.25,7101.25,7099.5,7099.75
1776427260,7099.75,7101.25,7099.75,7100.5
1776427320,7100.5,7102.25,7100.5,7102
1776427380,7102,7104,7102,7103.5
1776427440,7103.75,7104.25,7103.25,7103.75
1776427500,7103.75,7105.25,7103.75,7104.25
1776427560,7104,7105,7104,7104.75
1776427620,7104.75,7104.75,7103,7103
1776427680,7103,7104.25,7102.75,7103.5
1776427740,7103.75,7104.25,7103.25,7103.5
1776427800,7103.25,7103.25,7102.5,7102.75
1776427860,7103,7104.5,7102.75,7104.5
1776427920,7104.25,7106,7104.25,7105.75
1776427980,7105.75,7106.75,7105.25,7105.25
1776428040,7105.5,7106,7105,7105.5
1776428100,7105.75,7106,7104.75,7105.25
1776428160,7105.25,7105.75,7104.5,7105
1776428220,7105,7105.25,7104.25,7104.5
1776428280,7104.75,7105.75,7104.5,7105.5
1776428340,7105.5,7106.25,7105.5,7105.5
1776428400,7105.5,7105.5,7104.25,7105.25
1776428460,7105,7105.75,7104.75,7104.75
1776428520,7104.75,7105,7102,7102.25
1776428580,7102.25,7103.5,7102,7103.25
1776428640,7103.5,7108,7103,7106.5
1776428700,7106.5,7114,7105.25,7111.25
1776428760,7111.25,7111.25,7107.5,7108
1776428820,7108,7111.25,7106.75,7110.5
1776428880,7110.5,7112.25,7110.25,7111.25
1776428940,7111.25,7114.25,7109.75,7114
1776429000,7114,7119.25,7112.5,7117.75
1776429060,7118,7118.25,7116.5,7117.75
1776429120,7117.5,7117.75,7114.25,7114.5
1776429180,7114.5,7116,7113.75,7115.25
1776429240,7115,7115.75,7113.5,7113.75
1776429300,7114,7116.25,7113.5,7114.75
1776429360,7115,7115.5,7114,7114.25
1776429420,7114.25,7114.25,7112.75,7113.25
1776429480,7113.25,7114,7112.25,7112.75
1776429540,7112.75,7113.75,7112.5,7112.75
1776429600,7113.25,7113.5,7111.5,7111.75
1776429660,7111.75,7112.25,7110.5,7112
1776429720,7112,7112.25,7110.5,7110.75
1776429780,7110.5,7111.25,7110,7110.25
1776429840,7110.25,7111,7109.75,7110.25
1776429900,7110.25,7117.25,7109.25,7115.25
1776429960,7115,7121,7113,7116.5
1776430020,7116.25,7124,7115.5,7119.5
1776430080,7119.5,7127.75,7118.25,7125.75
1776430140,7125.5,7133.25,7125.5,7132.25
1776430200,7132.5,7135.25,7129.75,7133.25
1776430260,7133.75,7133.75,7127.5,7130.25
1776430320,7130.25,7131.25,7127.5,7130.25
1776430380,7130,7133.5,7129.25,7129.75
1776430440,7129.75,7133,7129,7132
1776430500,7131.75,7132.75,7128.5,7131.5
1776430560,7131.5,7132.5,7129.25,7131.5
1776430620,7131.75,7133,7130,7132
1776430680,7132,7133.75,7131.5,7133
1776430740,7132.75,7137,7132.5,7135.75
1776430800,7136,7136.5,7130.75,7131
1776430860,7130.75,7133,7129.5,7129.75
1776430920,7129.5,7130.5,7127.5,7130.5
1776430980,7130.5,7131.5,7128.25,7131
1776431040,7131,7135.25,7131,7134.25
1776431100,7134.5,7134.75,7131,7131.5
1776431160,7131,7138.5,7130.75,7135.25
1776431220,7135.25,7140.75,7134,7140
1776431280,7139.75,7142.75,7139.5,7141.5
1776431340,7141.5,7145,7141.5,7144.25
1776431400,7144.25,7147,7143.75,7147
1776431460,7147.25,7147.5,7142.75,7144
1776431520,7144,7146.25,7142.5,7143.25
1776431580,7143,7144,7140.75,7142.75
1776431640,7142.75,7146.5,7142,7145.5
1776431700,7145.5,7145.5,7141.25,7141.5
1776431760,7141.5,7142,7139,7140.5
1776431820,7140.75,7141.25,7138,7138.75
1776431880,7139,7141.5,7138,7140.75
1776431940,7140.5,7142.25,7139.5,7140
1776432000,7140,7140.25,7135,7136.25
1776432060,7136.25,7136.75,7134.25,7136
1776432120,7135.75,7136,7133.5,7133.75
1776432180,7134,7135,7133,7135
1776432240,7135,7138.25,7134.5,7135.75
1776432300,7135.75,7136,7131.75,7133.75
1776432360,7133.5,7134.5,7126.75,7129.25
1776432420,7129.5,7133.5,7121,7121.25
1776432480,7121.5,7126.25,7121.25,7123.5
1776432540,7123.5,7125.5,7119,7121
1776432600,7121.25,7126.75,7119,7121.75
1776432660,7121.75,7128.75,7121.5,7126.25
1776432720,7126.25,7129.5,7125.25,7128.75
1776432780,7128.5,7128.5,7122.5,7124.25
1776432840,7124.5,7130.75,7124.5,7129
1776432900,7129.25,7132.5,7128,7132
1776432960,7132,7134,7129.25,7133
1776433020,7133.25,7135.5,7132,7134
1776433080,7134,7134.25,7129.5,7133.25
1776433140,7133.25,7133.25,7129.25,7130
1776433200,7130.25,7130.25,7126.75,7127.75
1776433260,7127.5,7128.75,7126.5,7128
1776433320,7128.25,7130.75,7126,7129.75
1776433380,7129.75,7130.5,7124.5,7128.25
1776433440,7128.5,7132.75,7126,7131
1776433500,7131,7133,7127.5,7132.75
1776433560,7132.75,7134.5,7122.75,7125.5
1776433620,7125.5,7126,7120,7123.25
1776433680,7123,7127.75,7117,7127.25
1776433740,7127.25,7131.25,7126.5,7130.25
1776433800,7130.25,7134.5,7129,7131.25
1776433860,7131.25,7137.75,7130,7136.5
1776433920,7136.5,7137.75,7134.75,7136
1776433980,7135.75,7138.25,7135,7137.25
1776434040,7137.25,7138,7133,7137.25
1776434100,7137.25,7138.25,7135.5,7136.75
1776434160,7136.75,7140.25,7135,7139
1776434220,7138.75,7143,7138.25,7141
1776434280,7141,7141.75,7137,7140.75
1776434340,7140.75,7143.75,7140.75,7143.5
1776434400,7143.5,7145.75,7141.5,7145.5
1776434460,7145.5,7147.25,7144.5,7146.5
1776434520,7146.5,7147,7144.25,7145.75
1776434580,7146,7147.25,7144.75,7146.25
1776434640,7146,7149.5,7145.75,7148.75
1776434700,7149,7151.5,7148.25,7149
1776434760,7149,7151.25,7148.25,7149.5
1776434820,7149.75,7151.5,7148.25,7150.5
1776434880,7150.75,7151.75,7149.25,7150.5
1776434940,7150.5,7152.25,7149.5,7152
1776435000,7152,7154.5,7151,7153.5
1776435060,7153.75,7153.75,7150,7150.5
1776435120,7150.5,7151.25,7147.5,7149.75
1776435180,7149.5,7152.75,7148.75,7150.75
1776435240,7150.75,7152.25,7150.5,7152
1776435300,7152,7153.5,7150,7153.25
1776435360,7153.25,7153.75,7151.5,7153.25
1776435420,7153.25,7153.5,7149,7150.25
1776435480,7150,7152.5,7149,7151
1776435540,7150.75,7151.5,7150,7150.25
1776435600,7150.25,7153.25,7145.5,7152
1776435660,7152,7154,7150.25,7153.5
1776435720,7153.5,7154.25,7151.5,7152
1776435780,7152.25,7153,7149.75,7151.75
1776435840,7151.75,7154.5,7150.75,7153.25
1776435900,7153.5,7154.5,7152.25,7153.25
1776435960,7153.5,7156,7152.25,7152.5
1776436020,7152.75,7153.5,7150.25,7152.5
1776436080,7152.5,7154.75,7152.25,7153
1776436140,7153,7155,7152,7153.25
1776436200,7153.5,7155.25,7153,7153.25
1776436260,7153.25,7157,7153,7157
1776436320,7157,7158.25,7156.25,7157.25
1776436380,7157.5,7163.5,7157.25,7162.75
1776436440,7162.75,7163,7161.5,7162.5
1776436500,7162.5,7162.5,7157.25,7159.25
1776436560,7159.25,7162,7158.5,7161.75
1776436620,7161.5,7162.5,7160.5,7161.75
1776436680,7161.75,7163.75,7161.5,7162.75
1776436740,7162.75,7164.5,7161.25,7164
1776436800,7164.25,7168.75,7163.75,7166.75
1776436860,7166.75,7169,7166.5,7168.25
1776436920,7168.25,7171,7168,7170.75
1776436980,7170.5,7171.25,7168,7169
1776437040,7169,7171,7168.5,7170
1776437100,7170,7171,7168.75,7170.75
1776437160,7170.75,7171.25,7168.25,7169.5
1776437220,7169.75,7171,7168.75,7170
1776437280,7169.75,7172.25,7169,7171.75
1776437340,7171.75,7174.5,7171.5,7173.75
1776437400,7173.75,7174.75,7169,7169.5
1776437460,7169.5,7173,7169.25,7172.25
1776437520,7172.25,7173.75,7172,7172.5
1776437580,7172.75,7173,7170.5,7171.25
1776437640,7171.5,7171.75,7169.25,7169.75
1776437700,7169.75,7169.75,7163,7163.75
1776437760,7163.5,7168.5,7163,7168
1776437820,7168.25,7169.25,7167,7169
1776437880,7169,7169,7167,7168.75
1776437940,7169,7169,7164.75,7165.75
1776438000,7165.75,7166.5,7163,7165
1776438060,7165.25,7167.75,7165,7167.5
1776438120,7167.25,7170.75,7166.75,7170
1776438180,7170,7173,7164,7167.5
1776438240,7167.75,7169.75,7164.25,7168
1776438300,7168.5,7170.5,7167.5,7169.75
1776438360,7170,7172.75,7168.5,7172.25
1776438420,7172.25,7172.75,7170.5,7171.25
1776438480,7171.25,7171.5,7168.75,7170.25
1776438540,7170.25,7171.25,7169.5,7170
1776438600,7169.75,7171.5,7167.5,7168.25
1776438660,7168,7168,7165,7165.5
1776438720,7165.5,7167.25,7163.75,7164.5
1776438780,7164.25,7165.25,7163,7164
1776438840,7163.75,7165.5,7162.25,7163.5
1776438900,7163.5,7167,7163,7165.5
1776438960,7165.75,7168.5,7165.5,7167.5
1776439020,7167.5,7168.5,7166.75,7167.5
1776439080,7167.75,7167.75,7164,7164
1776439140,7164,7164.25,7159.5,7162.5
1776439200,7162.5,7163.25,7159.75,7162
1776439260,7161.75,7165.5,7160.75,7164
1776439320,7164,7165,7163.25,7164.5
1776439380,7164.5,7167.5,7164.25,7166.5
1776439440,7166.5,7166.75,7165,7166.25
1776439500,7166,7167,7163.75,7164.25
1776439560,7164.25,7167.5,7163.75,7167.25
1776439620,7167.25,7167.75,7164.75,7165.25
1776439680,7165.25,7168.5,7164.75,7167.25
1776439740,7167.25,7168,7166.25,7167.5
1776439800,7167.5,7169.75,7167,7168.25
1776439860,7168.25,7172.25,7167.25,7171.75
1776439920,7171.75,7172.5,7169.25,7170.75
1776439980,7170.75,7172.5,7170,7172.5
1776440040,7172.25,7174.25,7171,7174
1776440100,7173.75,7173.75,7172.75,7173.5
1776440160,7173.25,7175,7172.5,7173.25
1776440220,7173.5,7173.75,7169.75,7171.5
1776440280,7171.25,7174.25,7170.5,7173.75
1776440340,7173.75,7174.5,7173,7174
1776440400,7173.75,7174.5,7172,7172.75
1776440460,7172.75,7173.25,7169.25,7171.5
1776440520,7171.5,7172,7168.25,7168.5
1776440580,7168.5,7169,7166,7166.75
1776440640,7166.75,7167.25,7165.5,7165.75
1776440700,7166,7169.5,7166,7168.75
1776440760,7168.75,7169,7166.5,7166.75
1776440820,7166.75,7168.5,7166,7167.5
1776440880,7167.5,7168.25,7166.25,7167.75
1776440940,7167.75,7174.25,7166.5,7169.5
1776441000,7169.5,7174.5,7168.75,7173.5
1776441060,7173.25,7175,7172.5,7174.25
1776441120,7174,7174.5,7171.25,7172
1776441180,7171.5,7173,7171.25,7172.75
1776441240,7172.75,7174.25,7172,7172
1776441300,7172,7173.75,7171.75,7172
1776441360,7172.25,7173.75,7171.25,7173
1776441420,7173,7174.25,7172,7172.5
1776441480,7172.5,7173,7169.5,7170.5
1776441540,7170.25,7170.75,7168.25,7169
1776441600,7169,7169.25,7167,7168
1776441660,7168,7171.75,7168,7171.25
1776441720,7171.5,7174.75,7171.5,7173.75
1776441780,7173.75,7176.5,7173.25,7174.75
1776441840,7175,7175.5,7173.5,7173.75
1776441900,7173.75,7175.25,7173.25,7175
1776441960,7175.25,7175.25,7174,7174.5
1776442020,7174.75,7175.75,7174,7175.25
1776442080,7175.25,7178.25,7175.25,7176.75
1776442140,7176.75,7176.75,7173,7173
1776442200,7173.25,7175.25,7172,7174.75
1776442260,7175,7177.5,7175,7177
1776442320,7177.25,7177.75,7176.75,7177.25
1776442380,7177.5,7177.5,7175,7175.75
1776442440,7175.75,7176.75,7175,7175.25
1776442500,7175.25,7176.75,7174.5,7176
1776442560,7176.25,7176.5,7173.75,7173.75
1776442620,7173.75,7174,7171,7171.5
1776442680,7171.5,7176,7171.25,7174.5
1776442740,7174.25,7175.25,7174,7174.25
1776442800,7174.25,7175.5,7173.25,7174
1776442860,7174,7175.5,7173.75,7175.25
1776442920,7175.25,7175.5,7174.25,7174.75
1776442980,7174.75,7176.75,7174.75,7176.75
1776443040,7176.75,7177.25,7175.5,7177
1776443100,7177,7177.25,7176,7176.5
1776443160,7176.5,7177.5,7176,7177
1776443220,7177,7177.5,7176,7176.25
1776443280,7176.25,7177.25,7176,7176.25
1776443340,7176,7177.25,7175.5,7177
1776443400,7177.25,7180.5,7177,7180
1776443460,7180,7181.25,7179,7181.25
1776443520,7181.25,7181.75,7180,7181.5
1776443580,7181.5,7182,7180,7180
1776443640,7180,7181.25,7180,7181.25
1776443700,7181,7182.25,7180.5,7181.25
1776443760,7181.25,7183.75,7181.25,7182.75
1776443820,7182.75,7183.75,7182,7182.25
1776443880,7182,7183.5,7181.5,7183
1776443940,7183.25,7183.75,7182.5,7182.5
1776444000,7182.5,7183.25,7181.75,7182.5
1776444060,7182.25,7182.25,7180.5,7180.75
1776444120,7180.5,7182,7180.5,7182
1776444180,7182,7182.75,7181.75,7182.25
1776444240,7182.5,7184.25,7182.5,7184
1776444300,7183.75,7185.5,7183.25,7185
1776444360,7185,7185.75,7184.75,7185.25
1776444420,7185.5,7185.5,7184.25,7184.25
1776444480,7184.25,7185.25,7184,7185
1776444540,7185,7185.25,7183.25,7183.75
1776444600,7184,7184.75,7183.25,7184.5
1776444660,7184.5,7185.5,7184,7185.25
1776444720,7185.5,7185.5,7183.75,7183.75
1776444780,7184,7184.5,7182.5,7184.25
1776444840,7184.25,7184.5,7182.75,7183.25
1776444900,7183,7183.25,7182.25,7182.25
1776444960,7182.25,7182.75,7181.5,7181.5
1776445020,7181.5,7182.25,7181.25,7181.75
1776445080,7182,7183,7181.5,7181.5
1776445140,7181.5,7182,7181,7181
1776445200,7181.25,7182.75,7180.5,7181.25
1776445260,7181.25,7183,7180.75,7182.75
1776445320,7182.75,7183,7181.25,7183
1776445380,7183,7183.75,7182.5,7183
1776445440,7183,7183.75,7182.5,7182.75
1776445500,7182.75,7183,7181.5,7182.5
1776445560,7182.75,7182.75,7181.25,7181.5
1776445620,7181.5,7181.75,7180,7180.25
1776445680,7180.25,7180.25,7168.75,7171.5
1776445740,7171.5,7176.5,7171.25,7176
1776445800,7176.25,7176.5,7173.75,7174
1776445860,7174,7174.5,7170.5,7172.5
1776445920,7172.5,7174,7171,7173
1776445980,7173.25,7174.75,7172,7173.5
1776446040,7173.5,7175.25,7172.75,7174.25
1776446100,7174.25,7175.75,7172.5,7173.25
1776446160,7173,7174.75,7172.75,7174.5
1776446220,7174.5,7174.75,7171.25,7171.5
1776446280,7171.75,7173.25,7170.75,7173
1776446340,7173.25,7173.25,7170.25,7170.5
1776446400,7170.75,7170.75,7166,7166.5
1776446460,7166.5,7166.75,7162.75,7165
1776446520,7165,7168.5,7164.75,7168
1776446580,7168,7172.25,7167.5,7171.5
1776446640,7171.25,7171.25,7151.75,7157
1776446700,7157.25,7162,7157.25,7159.75
1776446760,7160,7160,7153.25,7158.75
1776446820,7159,7163,7156.75,7162
1776446880,7162,7162.5,7156.75,7158.5
1776446940,7158.75,7161.75,7158.5,7160.5
1776447000,7160.25,7164,7159.75,7163.25
1776447060,7163,7164.75,7160,7160.5
1776447120,7160.25,7161.25,7158.25,7161
1776447180,7161,7161,7158.25,7159.5
1776447240,7160,7161.75,7159.5,7159.75
1776447300,7159.5,7161,7157.5,7158.25
1776447360,7158,7159.25,7157.25,7158
1776447420,7158.25,7164.75,7158.25,7164.75
1776447480,7164.75,7165.5,7162.25,7163.75
1776447540,7164,7164,7160,7161.75
1776447600,7161.75,7163,7160.5,7160.75
1776447660,7160.5,7162.25,7159.75,7160.5
1776447720,7160.5,7163.25,7160,7162
1776447780,7161.75,7162.25,7159.75,7160
1776447840,7159.75,7161.75,7159.25,7160.5
1776447900,7160.5,7164.5,7160,7164
1776447960,7164,7167.75,7164,7167
1776448020,7167,7169,7166.5,7168.5
1776448080,7168.25,7168.5,7166.5,7167
1776448140,7167,7167.75,7165.75,7166.25
1776448200,7166,7167.75,7165,7167.75
1776448260,7167.75,7168.25,7166,7167
1776448320,7167.25,7168,7166.5,7166.75
1776448380,7166.75,7168.5,7166.5,7168.25
1776448440,7168,7168.5,7166.75,7167.5
1776448500,7167.25,7168.25,7166.75,7167.25
1776448560,7167.25,7168.75,7165.75,7168.5
1776448620,7168.5,7168.75,7167,7167
1776448680,7167,7167.75,7164.25,7164.75
1776448740,7164.75,7165.5,7163.75,7164.5
1776448800,7164.75,7166.5,7163.5,7163.75
1776448860,7163.75,7166.5,7163,7166.5
1776448920,7166.25,7166.75,7163.75,7163.75
1776448980,7163.75,7165.5,7161,7162.5
1776449040,7162.5,7163.25,7161.25,7162.25
1776449100,7162.25,7162.75,7160.25,7161.75
1776449160,7161.5,7162.5,7159.25,7162.25
1776449220,7162,7162.25,7159.25,7159.75
1776449280,7160.25,7160.25,7157.5,7158
1776449340,7158.25,7159,7156.75,7157.5
1776449400,7157.75,7159.75,7156.25,7157
1776449460,7157,7159.25,7156.25,7157.5
1776449520,7157.5,7159.75,7157.25,7159
1776449580,7159,7159.75,7156.25,7156.75
1776449640,7156.75,7156.75,7155,7156.5
1776449700,7156.25,7159.75,7155.5,7158.5
1776449760,7158.25,7158.75,7157,7158.5
1776449820,7158.25,7159.5,7157.25,7159.5
1776449880,7159.5,7160,7158.5,7159
1776449940,7159.25,7160,7157,7158
1776450000,7158,7158,7155,7155.25
1776450060,7155.25,7156.5,7154,7154.5
1776450120,7154.5,7155.75,7152.75,7155.5
1776450180,7155.25,7159,7153.5,7157.75
1776450240,7158,7161,7157.5,7159.5
1776450300,7159.5,7165,7159,7162.75
1776450360,7162.75,7164.5,7161.25,7162.25
1776450420,7162.5,7163.75,7161.75,7162.5
1776450480,7162.25,7162.75,7159.25,7160.5
1776450540,7160.25,7160.25,7158,7159.75
1776450600,7159.5,7163.5,7159.5,7163
1776450660,7162.75,7163.25,7160.75,7162.75
1776450720,7163,7164.25,7162.75,7163.25
1776450780,7163.25,7165.5,7162.75,7164.5
1776450840,7164.5,7165.5,7164.25,7164.75
1776450900,7164.75,7165,7163.5,7164.5
1776450960,7164.75,7165.5,7164.25,7164.75
1776451020,7164.5,7165,7163.25,7163.75
1776451080,7163.75,7164.5,7163,7164.25
1776451140,7164.25,7164.25,7161.75,7163
1776451200,7163.25,7164,7162.25,7162.75
1776451260,7162.75,7162.75,7161.5,7161.75
1776451320,7161.75,7162,7159,7160.5
1776451380,7160.25,7161.25,7159.5,7160.75
1776451440,7161,7163,7160.5,7162.75
1776451500,7163,7163.25,7161.75,7162
1776451560,7162.25,7162.25,7161,7162.25
1776451620,7162,7163.5,7160.75,7161
1776451680,7161.25,7162.25,7160.75,7161.25
1776451740,7161.25,7161.75,7159.5,7160.5
1776451800,7160.5,7161,7158.75,7159
1776451860,7159,7160,7157.75,7158.25
1776451920,7158,7158.5,7155.25,7157.75
1776451980,7157.75,7158,7155.5,7157.75
1776452040,7157.5,7157.75,7153.5,7156.75
1776452100,7156.75,7159.75,7156.25,7159.25
1776452160,7159.25,7161.25,7158.25,7159
1776452220,7158.75,7159.5,7157.5,7159
1776452280,7158.75,7160,7158,7158.5
1776452340,7158.5,7159.75,7157.75,7158
1776452400,7157.75,7159.5,7157.75,7158.75
1776452460,7158.75,7160.5,7158,7160
1776452520,7160.25,7160.5,7159,7159.25
1776452580,7159,7159.25,7158,7158.5
1776452640,7158.5,7158.75,7157.5,7158.25
1776452700,7158.25,7158.25,7156.25,7156.25
1776452760,7156.25,7157,7154.5,7156.75
1776452820,7156.75,7158.25,7156,7156
1776452880,7156,7157,7155.25,7157
1776452940,7156.75,7157,7154.25,7155.75
1776453000,7155.75,7156.25,7153.5,7153.75
1776453060,7153.75,7155.25,7153.25,7153.25
1776453120,7153.5,7154,7152.25,7153.75
1776453180,7153.75,7154,7151.5,7151.75
1776453240,7151.5,7153.75,7151.25,7152.75
1776453300,7152.75,7156.25,7152,7155.75
1776453360,7156,7157.5,7155.75,7157
1776453420,7157,7157,7154.75,7155.25
1776453480,7155.25,7156.5,7155.25,7156
1776453540,7155.75,7156.5,7154.5,7155.75
1776453600,7155.75,7157.25,7154.75,7155.5
1776453660,7155.5,7156.5,7154.5,7155.5
1776453720,7155.5,7155.75,7154.25,7154.5
1776453780,7154.5,7155,7153.75,7154
1776453840,7154,7155,7153,7154.75
1776453900,7154.75,7157,7154.25,7155
1776453960,7155,7156,7154.5,7155.5
1776454020,7155.5,7155.5,7154,7155
1776454080,7155,7155.75,7153.75,7153.75
1776454140,7153.75,7154.75,7153.25,7154
1776454200,7154,7156,7153.75,7155.75
1776454260,7155.75,7157.5,7155.75,7156.5
1776454320,7156.25,7159,7156.25,7158.5
1776454380,7158.5,7160.25,7158.5,7160
1776454440,7160,7160.75,7159,7159
1776454500,7159,7160,7158,7158.5
1776454560,7158.5,7159,7157,7158.5
1776454620,7158.5,7159.25,7157.5,7159.25
1776454680,7159.25,7162.75,7159.25,7161.5
1776454740,7161.5,7163,7161,7161.5
1776454800,7161.5,7164.25,7159.5,7162.5
1776454860,7162.25,7162.5,7160.5,7161.5
1776454920,7161.75,7165,7161.5,7164.25
1776454980,7164,7165,7163.5,7164.5
1776455040,7164.25,7164.75,7163,7164.25
1776455100,7164.25,7164.5,7160.75,7161
1776455160,7160.75,7162,7160.75,7161.5
1776455220,7161.5,7161.75,7158.75,7159.75
1776455280,7159.5,7160.75,7159,7159.75
1776455340,7159.5,7160,7158.75,7159.75
1776455400,7160,7163.75,7158.5,7160
1776455460,7160,7161.5,7158.25,7160.75
1776455520,7160.75,7162,7158.75,7159.5
1776455580,7159.25,7162.25,7158,7161.5
1776455640,7161.25,7163.75,7161,7163
1776455700,7163,7165.5,7161,7162.5
1776455760,7162.5,7164.5,7161.25,7161.5
1776455820,7161.75,7163,7159.5,7162.75
1776455880,7162.75,7163.75,7161.75,7163.25
1776455940,7163,7164.5,7160.25,7161.25
1776456000,7161.25,7163.5,7160.75,7162
1776456060,7162.25,7163.75,7162,7163.75
1776456120,7163.75,7164.5,7163.5,7164
1776456180,7164.25,7164.25,7162.25,7162.75
1776456240,7162.75,7164.25,7162.5,7163.5
1776456300,7163.75,7164,7163,7164
1776456360,7163.75,7164.75,7163.5,7163.5
1776456420,7163.5,7164,7163.25,7164
1776456480,7164,7165,7163.75,7164.5
1776456540,7164.25,7164.5,7163.25,7163.5
1776456600,7163.5,7164.25,7163.25,7164
1776456660,7164,7164.75,7163.75,7164
1776456720,7164.25,7165.75,7164,7165.25
1776456780,7165.5,7166.25,7165.25,7166
1776456840,7165.75,7166.25,7165.25,7165.25
1776456900,7165.5,7166,7165,7165.75
1776456960,7166,7166.5,7165.5,7165.75
1776457020,7165.75,7166,7165,7165.25
1776457080,7165.25,7165.25,7163.75,7163.75
1776457140,7163.5,7164.25,7163.25,7163.75
1776457200,7164,7164,7162.25,7162.25
1776457260,7162.25,7163,7159.25,7162.25
1776457320,7162.5,7162.5,7161.25,7161.25
1776457380,7161.25,7162.75,7160.75,7162.25
1776457440,7162.25,7163.25,7162,7162
1776457500,7162,7162.25,7161.25,7161.75
1776457560,7161.75,7162.75,7161.25,7162.5
1776457620,7162.5,7163,7161.75,7162
1776457680,7162,7162.5,7161.25,7162.25
1776457740,7162,7162.25,7161.5,7161.5
1776457800,7161.5,7161.75,7161.5,7161.5
1776457860,7161.25,7161.5,7160.75,7161
1776457920,7160.75,7161.25,7160.75,7161
1776457980,7161.25,7162.5,7161.25,7162.25
1776458040,7162.25,7163.25,7162,7162.75
1776458100,7163,7163.25,7162.75,7163
1776458160,7163.25,7163.5,7162.75,7162.75
1776458220,7162.75,7164.25,7162.5,7164
1776458280,7163.75,7164.75,7163.75,7164.5
1776458340,7164.5,7165,7164,7165
1776458400,7165,7165,7163.5,7163.5
1776458460,7163.75,7164,7163.25,7163.25
1776458520,7163.5,7164,7163.25,7163.5
1776458580,7163.5,7163.5,7162.75,7163
1776458640,7163.25,7163.25,7162.5,7162.5
1776458700,7162.5,7162.75,7162,7162.25
1776458760,7162,7162.75,7162,7162.75
1776458820,7163,7163.25,7162.75,7163
1776458880,7163,7163.25,7162.25,7162.5
1776458940,7162.5,7162.75,7162,7162.25
1776459000,7162.25,7163,7162,7162.5
1776459060,7162.5,7163,7162,7162.75
1776459120,7162.75,7163,7162.25,7162.25
1776459180,7162.25,7164.75,7162,7164.25
1776459240,7164.5,7165.25,7163.75,7165
1776459300,7164.75,7164.75,7163.75,7164
1776459360,7164,7164.25,7163.5,7163.75
1776459420,7163.5,7164,7163.5,7163.5
1776459480,7163.75,7164.5,7163.5,7164
1776459540,7164,7164.75,7163.75,7164
1776636000,7103.25,7106.75,7085.25,7089.75
1776636060,7090.5,7095.5,7088.5,7095.5
1776636120,7095,7104.5,7094.25,7102.75
1776636180,7102.75,7110.25,7100.5,7100.75
1776636240,7101,7104.5,7096.75,7097.5
1776636300,7098,7100.5,7097.5,7100.5
1776636360,7100.5,7104.5,7100,7104.25
1776636420,7104.25,7108.25,7103,7108
1776636480,7108.25,7110.25,7106,7108.25
1776636540,7107.75,7111,7107.75,7109.5
1776636600,7109.75,7112,7108,7110.5
1776636660,7110,7110.5,7106.25,7107
1776636720,7107,7108.75,7104,7104.75
1776636780,7104.75,7107,7104.5,7106
1776636840,7106.5,7106.5,7103.5,7103.5
1776636900,7103.75,7103.75,7101.75,7102.75
1776636960,7103,7105,7103,7104
1776637020,7104,7104.5,7102.75,7103.25
1776637080,7103.25,7105.25,7102.5,7105
1776637140,7105,7106.25,7103.5,7105
1776637200,7104.75,7105.75,7104.5,7105
1776637260,7105,7106.5,7104,7106.25
1776637320,7106.5,7107.75,7106,7107.5
1776637380,7107.25,7107.75,7106.25,7106.25
1776637440,7106.5,7106.5,7103,7103.75
1776637500,7104.25,7105.75,7103,7104.5
1776637560,7104,7106.5,7103,7106
1776637620,7106.25,7106.5,7103.25,7103.75
1776637680,7104,7106,7104,7104.75
1776637740,7104.75,7104.75,7102.25,7102.75
1776637800,7102.5,7103.75,7102,7102.5
1776637860,7102.75,7105.5,7101.25,7105.25
1776637920,7105.25,7106.75,7105,7106.5
1776637980,7106.75,7107.5,7105.5,7107.25
1776638040,7107.25,7107.25,7105.5,7106.75
1776638100,7107,7108,7106.75,7108
1776638160,7108,7109.25,7107.5,7109
1776638220,7108.75,7109.25,7106.75,7107
1776638280,7107.25,7109.25,7107,7108
1776638340,7108,7109.5,7107.75,7109.25
1776638400,7109.5,7109.75,7108.25,7108.75
1776638460,7109,7109.75,7108.5,7109.75
1776638520,7109.75,7111.5,7109.75,7111.5
1776638580,7111.25,7114.75,7110.75,7114
1776638640,7114,7115.25,7113,7113.5
1776638700,7113.75,7114.25,7111.75,7112.75
1776638760,7112.75,7114,7112,7113
1776638820,7113,7113.75,7112.5,7113.25
1776638880,7113.25,7114.75,7113,7113.75
1776638940,7113.75,7115,7113,7114.5
1776639000,7114.75,7115.75,7114.5,7115
1776639060,7115,7115.5,7114.25,7115.25
1776639120,7115,7116,7114.75,7115.25
1776639180,7115.5,7115.75,7114.25,7114.25
1776639240,7114.25,7114.5,7112.75,7113
1776639300,7112.75,7114,7111.25,7112
1776639360,7112.25,7112.25,7110.25,7110.5
1776639420,7110.5,7112,7110.5,7112
1776639480,7112,7112.5,7110.75,7110.75
1776639540,7110.75,7111,7110.25,7110.5
1776639600,7110.5,7111.5,7110,7111.25
1776639660,7111,7111.25,7110,7110.75
1776639720,7111,7112.5,7110.75,7111.75
1776639780,7112,7112.25,7110.75,7111.5
1776639840,7111.5,7112.25,7111.25,7112
1776639900,7112.25,7112.5,7111.25,7112
1776639960,7112.25,7112.25,7110.25,7111.25
1776640020,7111.25,7111.5,7110.25,7110.75
1776640080,7110.75,7112.75,7110,7112.25
1776640140,7112.5,7113.5,7111.75,7112.75
1776640200,7112.5,7114.25,7112.5,7113.5
1776640260,7113.5,7113.5,7111.75,7112
1776640320,7112.25,7112.75,7110,7110
1776640380,7110.25,7110.5,7105,7107.5
1776640440,7107.75,7108.5,7107.25,7107.75
1776640500,7107.5,7109,7107.25,7108.25
1776640560,7108.5,7108.75,7107.5,7107.75
1776640620,7108,7108.5,7107.5,7108.5
1776640680,7108.75,7109,7108,7108.75
1776640740,7108.75,7108.75,7106.5,7107
1776640800,7107,7107.75,7106,7107.75
1776640860,7107.75,7107.75,7106.25,7107.25
1776640920,7107.25,7107.5,7106.5,7106.75
1776640980,7107,7108,7106.75,7107.5
1776641040,7107.5,7108,7107,7107.25
1776641100,7107,7107.75,7106.75,7107.75
1776641160,7107.75,7107.75,7106.75,7107
1776641220,7106.75,7107.25,7106.5,7107.25
1776641280,7107.25,7109,7107,7108
1776641340,7108,7108.5,7107.75,7108
1776641400,7108,7108.5,7107,7107.75
1776641460,7107.5,7108,7106.75,7107.25
1776641520,7107.25,7108.25,7105.25,7107
1776641580,7107,7108,7107,7107.5
1776641640,7107.5,7107.5,7106.5,7107
1776641700,7107,7107.25,7106,7106.5
1776641760,7106.25,7107.5,7106.25,7107
1776641820,7106.75,7108,7106.5,7108
1776641880,7107.75,7108,7106.75,7107
1776641940,7107.25,7107.25,7106,7106.5
1776642000,7106.5,7107.5,7106.25,7107.5
1776642060,7107.25,7107.5,7105.25,7105.75
1776642120,7105.75,7106.25,7105,7105.5
1776642180,7105.5,7105.75,7104.25,7105.25
1776642240,7105.25,7106.5,7105,7106.5
1776642300,7106.5,7106.5,7102.5,7103
1776642360,7102.75,7104.25,7102.5,7103.75
1776642420,7103.5,7103.75,7102.5,7103
1776642480,7103,7104.25,7103,7104
1776642540,7104,7105.25,7103.75,7105
1776642600,7105,7105.75,7104.5,7105.5
1776642660,7105.5,7106.75,7105.25,7106.5
1776642720,7106.25,7107.75,7105.25,7107.5
1776642780,7107.25,7108.5,7106,7106
1776642840,7105.75,7106.75,7105.5,7106.5
1776642900,7106.75,7107.75,7106,7107.5
1776642960,7107.25,7107.5,7106.75,7107
1776643020,7106.75,7107.5,7106.25,7107
1776643080,7107.25,7107.25,7105.5,7106
1776643140,7106.25,7107,7106,7106.75
1776643200,7106.75,7107.5,7101.5,7103.25
1776643260,7103.25,7104.75,7102.5,7103.5
1776643320,7103.5,7104,7103.25,7103.5
1776643380,7103.75,7105.5,7103.25,7104.75
1776643440,7105,7105.75,7104.25,7105.25
1776643500,7105.25,7107.5,7104.75,7106.75
1776643560,7106.5,7106.75,7104.25,7105.5
1776643620,7105.25,7105.75,7102.25,7102.75
1776643680,7102.75,7105.25,7102.5,7105
1776643740,7105.25,7106,7104.75,7105.5
1776643800,7105.5,7107.75,7105.25,7107.25
1776643860,7107,7108.25,7106.5,7108
1776643920,7107.75,7108.75,7107,7108
1776643980,7107.75,7107.75,7104,7105.5
1776644040,7105.5,7107,7104.5,7104.5
1776644100,7104.5,7110.5,7104.25,7109.75
1776644160,7109.75,7112.5,7108.25,7109.25
1776644220,7109.25,7110.5,7108.75,7108.75
1776644280,7109,7110.75,7108.75,7110.5
1776644340,7110.25,7111,7109.25,7110.5
1776644400,7110.75,7111.25,7109.75,7111
1776644460,7111,7111.25,7109,7109.25
1776644520,7109,7110.25,7108.75,7109.5
1776644580,7109.75,7110.75,7109.5,7110.25
1776644640,7110.25,7110.5,7109.25,7109.5
1776644700,7109.5,7110,7107.5,7109.5
1776644760,7109.5,7110.75,7109.5,7110
1776644820,7109.75,7110.75,7109.5,7110.75
1776644880,7110.75,7112.5,7110.5,7111.75
1776644940,7111.75,7112.25,7111,7111.75
1776645000,7111.5,7112.75,7111.5,7112
1776645060,7112,7112,7109.25,7111.25
1776645120,7111.25,7111.75,7110.75,7111.5
1776645180,7111.25,7113.25,7111.25,7113
1776645240,7113,7113.25,7112.25,7112.75
1776645300,7112.5,7113,7111.75,7112.5
1776645360,7112.5,7112.5,7110.75,7111.75
1776645420,7111.5,7111.75,7109,7109
1776645480,7109,7110.25,7108.75,7109.25
1776645540,7109.25,7110,7109,7109.5
1776645600,7109.5,7111.5,7109.5,7111.5
1776645660,7111.5,7111.5,7110.25,7111
1776645720,7110.75,7111.5,7110.5,7111.5
1776645780,7111.25,7112,7111,7111.75
1776645840,7111.5,7111.75,7110.75,7111
1776645900,7111.25,7112,7110.75,7111.75
1776645960,7111.5,7112,7110.75,7112
1776646020,7111.75,7112.5,7111.75,7112
1776646080,7112,7112.75,7111.5,7112.75
1776646140,7112.75,7113.75,7112.5,7113.25
1776646200,7113.25,7113.75,7112.75,7112.75
1776646260,7113,7113.5,7112.5,7113.25
1776646320,7113.5,7113.5,7112.5,7113.25
1776646380,7113,7114,7112.5,7113
1776646440,7113.25,7113.25,7112,7112.5
1776646500,7112.25,7112.75,7111.25,7111.25
1776646560,7111.25,7112,7111.25,7111.5
1776646620,7111.75,7112.75,7111.5,7112.25
1776646680,7112.5,7112.75,7112,7112.5
1776646740,7112.75,7113,7112,7112.75
1776646800,7112.75,7114,7112.75,7113.25
1776646860,7113.5,7116.75,7112,7116.25
1776646920,7116.25,7118,7115.5,7117
1776646980,7117,7117.5,7116,7117.25
1776647040,7117,7117.25,7116.25,7116.75
1776647100,7116.75,7118,7116.5,7116.5
1776647160,7116.5,7116.75,7115,7116.5
1776647220,7116.25,7118,7115.75,7117.75
1776647280,7117.75,7118.75,7117.5,7118.5
1776647340,7118.25,7119.5,7118.25,7119.25
1776647400,7119,7121.5,7118.25,7121
1776647460,7120.75,7121.5,7120.75,7120.75
1776647520,7120.75,7120.75,7120,7120.75
1776647580,7121,7121.5,7120.5,7121.5
1776647640,7121.5,7121.5,7120.5,7121.25
1776647700,7121,7121.5,7119.5,7119.5
1776647760,7119.25,7120.25,7118.75,7119.75
1776647820,7119.5,7119.5,7118.75,7119.25
1776647880,7119.25,7119.5,7118.75,7119.25
1776647940,7119.5,7119.75,7118.75,7119
1776648000,7118.75,7119.25,7118.25,7119.25
1776648060,7119.25,7120.5,7119,7120.25
1776648120,7120.25,7121.5,7120.25,7121.25
1776648180,7121.25,7121.75,7120,7120.25
1776648240,7120,7120.75,7119.5,7120.75
1776648300,7120.5,7121.25,7120.25,7120.75
1776648360,7120.5,7121,7119.75,7120.25
1776648420,7120.25,7120.5,7119.25,7119.75
1776648480,7120,7120,7118.75,7119
1776648540,7119,7119.5,7119,7119.25
1776648600,7119.5,7120.5,7119.25,7119.75
1776648660,7120,7120.25,7119.75,7120
1776648720,7120,7121.5,7120,7121
1776648780,7121,7121.75,7120.5,7121
1776648840,7120.5,7121.75,7120.5,7121.75
1776648900,7121.75,7122.5,7121.5,7122
1776648960,7122,7122.25,7120.25,7121
1776649020,7121.25,7122,7121,7122
1776649080,7122,7122.5,7121.75,7122.25
1776649140,7122,7124.25,7122,7124
1776649200,7124,7124.75,7123.5,7123.75
1776649260,7124,7124.25,7123,7124.25
1776649320,7124,7125,7124,7125
1776649380,7125,7125.25,7124.25,7124.25
1776649440,7124.25,7124.75,7124,7124
1776649500,7124.25,7124.5,7123.75,7124
1776649560,7123.75,7124.25,7123.5,7124.25
1776649620,7124.25,7125,7124.25,7124.75
1776649680,7124.75,7124.75,7124,7124.5
1776649740,7124,7124.75,7124,7124.25
1776649800,7124.25,7124.25,7124,7124.25
1776649860,7124.25,7124.5,7123.75,7124.25
1776649920,7124.25,7125.5,7124,7125.25
1776649980,7125.5,7126,7125,7125.5
1776650040,7125.5,7125.5,7124.5,7125.25
1776650100,7125.25,7126,7125,7125.75
1776650160,7126,7126.5,7124.75,7125
1776650220,7124.75,7125.25,7124.25,7124.5
1776650280,7124.5,7124.75,7124.25,7124.75
1776650340,7124.75,7125,7124.25,7124.5
1776650400,7124.5,7124.75,7123.5,7123.75
1776650460,7123.75,7123.75,7123,7123.75
1776650520,7124,7124,7122.25,7123.25
1776650580,7123,7123.75,7122.75,7122.75
1776650640,7122.5,7123.25,7122.25,7122.75
1776650700,7122.75,7123,7122.5,7122.5
1776650760,7122.75,7122.75,7122,7122.25
1776650820,7122.25,7122.25,7121.25,7121.5
1776650880,7121.5,7122.5,7121.5,7121.5
1776650940,7121.75,7123,7121.25,7122.75
1776651000,7122.5,7123,7122,7122.25
1776651060,7122.25,7122.5,7121.5,7121.75
1776651120,7121.75,7122,7121.5,7121.75
1776651180,7121.75,7122,7121.5,7121.5
1776651240,7121.5,7122,7121,7122
1776651300,7121.5,7122.5,7121.25,7122.5
1776651360,7122.5,7123,7121.5,7122.5
1776651420,7122.5,7123,7122,7123
1776651480,7123,7123.25,7122.25,7122.5
1776651540,7122.75,7123.25,7122.25,7122.75
1776651600,7123,7123.25,7122.5,7122.75
1776651660,7122.75,7123,7121,7121.25
1776651720,7121.5,7122,7121.25,7121.75
1776651780,7121.75,7122.75,7121.75,7122.75
1776651840,7122.5,7123,7122.25,7123
1776651900,7123.25,7123.75,7123,7123.25
1776651960,7123.5,7123.75,7122,7122.75
1776652020,7122.5,7122.75,7122,7122.5
1776652080,7122.5,7122.75,7122.25,7122.75
1776652140,7123,7123,7122.5,7122.5
1776652200,7122.75,7123,7122.75,7123
1776652260,7123,7123,7122,7122.25
1776652320,7122.25,7122.75,7122,7122.5
1776652380,7122.5,7123,7122.5,7123
1776652440,7122.75,7123,7122.5,7122.75
1776652500,7122.5,7123,7122.5,7122.75
1776652560,7122.75,7123,7122.25,7122.25
1776652620,7122.5,7122.75,7122.25,7122.75
1776652680,7122.5,7122.75,7122.25,7122.75
1776652740,7122.5,7122.5,7121.25,7121.5
1776652800,7121.75,7122,7121.25,7121.75
1776652860,7122,7122,7121.5,7121.5
1776652920,7121.75,7122,7121.25,7121.75
1776652980,7121.5,7121.5,7121,7121.5
1776653040,7121.25,7122,7121.25,7121.75
1776653100,7121.75,7122.5,7121.5,7122.5
1776653160,7122.25,7122.5,7121,7121.25
1776653220,7121.5,7121.5,7120.25,7120.25
1776653280,7120.25,7120.5,7119.75,7120
1776653340,7120,7120.5,7120,7120.25
1776653400,7120.5,7121.25,7120,7121.25
1776653460,7121.25,7121.5,7120.25,7120.5
1776653520,7120.25,7120.75,7120,7120.5
1776653580,7120.75,7121.5,7120.75,7121.25
1776653640,7121.25,7121.5,7121,7121.5
1776653700,7121.5,7122.25,7121.5,7121.75
1776653760,7121.5,7121.75,7120.25,7121
1776653820,7120.75,7121.5,7120.75,7121.5
1776653880,7121.25,7122,7121.25,7121.75
1776653940,7122,7122.25,7121.75,7122
1776654000,7122,7123.25,7121.75,7122.75
1776654060,7123,7123,7121.75,7122.25
1776654120,7122.5,7122.75,7122,7122.5
1776654180,7122.5,7123,7122.25,7122.25
1776654240,7122.5,7122.5,7121.75,7122
1776654300,7122,7123,7121.75,7122.75
1776654360,7123,7123,7121.75,7122
1776654420,7121.75,7122.5,7121.75,7122
1776654480,7122,7122,7121.25,7121.25
1776654540,7121.5,7122,7121.5,7121.5
1776654600,7121.75,7122,7121.25,7121.75
1776654660,7121.5,7121.75,7120.25,7121.25
1776654720,7121.25,7122,7121,7121.75
1776654780,7121.75,7121.75,7120.75,7121
1776654840,7121,7121.5,7120.75,7121
1776654900,7121,7121.25,7120.75,7121.25
1776654960,7121.25,7121.25,7120.75,7120.75
1776655020,7120.75,7121.25,7119.75,7120
1776655080,7120,7120.5,7119.75,7119.75
1776655140,7119.75,7120.75,7119.75,7120.75
1776655200,7120.75,7122.75,7120.75,7122.75
1776655260,7122.5,7122.75,7122,7122
1776655320,7122,7122.5,7122,7122
1776655380,7122.25,7122.25,7121.75,7122
1776655440,7122.25,7122.25,7122,7122.25
1776655500,7122.25,7123,7122.25,7123
1776655560,7123,7123,7121.5,7121.75
1776655620,7121.75,7122,7121.5,7121.75
1776655680,7122.25,7122.25,7121.75,7121.75
1776655740,7121.75,7122.25,7121.5,7122.25
1776655800,7122,7123.75,7122,7123.5
1776655860,7123.5,7123.5,7122.25,7122.5
1776655920,7122.75,7123,7122,7122
1776655980,7122.25,7123,7122.25,7122.5
1776656040,7122.75,7123,7122.25,7122.25
1776656100,7122.25,7122.75,7122.25,7122.25
1776656160,7122.25,7122.25,7121,7121.25
1776656220,7121.25,7121.75,7121.25,7121.5
1776656280,7121.5,7121.75,7121.25,7121.5
1776656340,7121.75,7122.25,7121.5,7121.5
1776656400,7121.75,7122,7121.5,7121.5
1776656460,7121.75,7122,7121.25,7121.25
1776656520,7121.5,7121.75,7120.75,7121.25
1776656580,7121,7121.25,7120.5,7121
1776656640,7121.25,7121.25,7121,7121.25
1776656700,7121,7121,7118.75,7120
1776656760,7119.75,7120,7119.25,7119.75
1776656820,7119.75,7119.75,7119,7119.5
1776656880,7119.5,7120,7119.25,7119.5
1776656940,7119.75,7119.75,7119.25,7119.25
1776657000,7119.5,7120.75,7119.25,7120.75
1776657060,7120.5,7120.75,7120,7120
1776657120,7120.25,7120.25,7119.75,7119.75
1776657180,7120,7120.25,7119.75,7120
1776657240,7120,7120,7119.5,7119.75
1776657300,7119.75,7120.25,7119.75,7120
1776657360,7120,7120,7119,7119.25
1776657420,7119,7119.5,7118.75,7119.25
1776657480,7119.5,7119.5,7118.75,7119.5
1776657540,7119.25,7119.5,7119,7119
1776657600,7119.25,7119.5,7118.25,7118.75
1776657660,7119,7119,7118.25,7118.5
1776657720,7118.25,7118.75,7117.25,7118
1776657780,7118,7119,7117.75,7119
1776657840,7118.75,7119.25,7118.5,7119
1776657900,7118.5,7119,7118.25,7119
1776657960,7119,7119,7118.25,7118.25
1776658020,7118.25,7119.75,7118.25,7119.75
1776658080,7119.5,7120.75,7119.5,7120
1776658140,7120,7120.25,7120,7120
1776658200,7120.25,7120.5,7119.75,7119.75
1776658260,7120,7120,7119,7119.25
1776658320,7119.25,7120,7119.25,7120
1776658380,7120,7120,7119.5,7119.75
1776658440,7119.25,7119.5,7118.25,7119.25
1776658500,7119.5,7119.5,7119.25,7119.5
1776658560,7119.25,7119.25,7118,7118.5
1776658620,7118.5,7119.5,7118.5,7119.5
1776658680,7119.25,7119.25,7118.75,7118.75
1776658740,7118.75,7119,7118,7118.5
1776658800,7118.5,7118.5,7118,7118
1776658860,7118,7118.25,7117.5,7117.75
1776658920,7117.75,7118.5,7117.75,7118.25
1776658980,7118,7118.25,7117.75,7118
1776659040,7117.75,7119.75,7117.75,7119.75
1776659100,7119.5,7119.5,7119.25,7119.25
1776659160,7119.25,7119.25,7118.25,7118.5
1776659220,7118.25,7118.75,7118.25,7118.75
1776659280,7118.5,7118.75,7118.5,7118.75
1776659340,7118.5,7118.75,7118.25,7118.25
1776659400,7118.25,7118.5,7118,7118.25
1776659460,7118.25,7118.25,7117.5,7118
1776659520,7118,7118,7117.5,7118
1776659580,7118,7118.5,7117.5,7117.75
1776659640,7118,7118,7117.5,7117.75
1776659700,7117.75,7118,7116.25,7117.5
1776659760,7117.5,7117.5,7116.5,7116.75
1776659820,7116.75,7117,7116.25,7116.5
1776659880,7116.5,7117,7115.75,7116.75
1776659940,7116.5,7118,7116.5,7118
1776660000,7118.25,7119,7118,7119
1776660060,7119,7119.25,7118.5,7118.5
1776660120,7118.5,7118.75,7118.25,7118.25
1776660180,7118,7118.75,7118,7118.75
1776660240,7118.75,7119.5,7118.25,7119.25
1776660300,7119.25,7120.5,7119.25,7120.25
1776660360,7120,7121.25,7120,7120.75
1776660420,7121,7121.25,7120.75,7120.75
1776660480,7120.75,7121.25,7120.25,7120.5
1776660540,7120.75,7121.5,7120.25,7120.75
1776660600,7120.5,7121,7119.75,7119.75
1776660660,7120,7120.25,7117.75,7119
1776660720,7119,7119.25,7118.5,7119.25
1776660780,7119.5,7120,7119,7119.5
1776660840,7119.75,7120.25,7119.25,7119.5
1776660900,7119.5,7119.75,7119,7119.5
1776660960,7119.25,7119.5,7119,7119.5
1776661020,7119.5,7119.5,7119,7119.25
1776661080,7119.25,7120,7119.25,7119.75
1776661140,7120,7120.5,7120,7120.5
1776661200,7120.5,7121,7120.25,7120.5
1776661260,7120.5,7120.5,7119.5,7120
1776661320,7120,7120.5,7119.5,7119.75
1776661380,7119.75,7120.75,7119.75,7120.5
1776661440,7120.5,7121,7120.25,7120.75
1776661500,7120.75,7121,7119.5,7120
1776661560,7120,7120,7118.75,7119
1776661620,7119,7120.25,7119,7120
1776661680,7120,7120.5,7119.75,7120
1776661740,7120,7120.25,7119.75,7119.75
1776661800,7119.5,7119.75,7118.5,7119.5
1776661860,7119.5,7119.75,7119,7119.5
1776661920,7119.5,7119.75,7119.25,7119.5
1776661980,7119.25,7119.5,7118.5,7119
1776662040,7118.75,7119.25,7118.5,7119.25
1776662100,7119.25,7119.75,7118.75,7119.5
1776662160,7119.75,7120,7119.25,7119.5
1776662220,7119.5,7120.5,7119.5,7120.5
1776662280,7120.25,7120.25,7119.5,7120
1776662340,7120,7120,7118.75,7119
1776662400,7118.75,7119.25,7118,7118.25
1776662460,7118.25,7119,7118,7118
1776662520,7118.25,7118.5,7117.25,7117.75
1776662580,7117.75,7118,7117.5,7118
1776662640,7118,7118.5,7117.75,7117.75
1776662700,7117.75,7118.25,7117.25,7117.25
1776662760,7117.25,7117.5,7113.5,7115.75
1776662820,7116,7116.25,7115.25,7115.5
1776662880,7115.5,7116.5,7115.5,7116.25
1776662940,7116,7116.25,7115.25,7115.25
1776663000,7115.5,7115.5,7112.75,7113.25
1776663060,7113.25,7114.75,7112,7114.75
1776663120,7114.5,7114.5,7113.75,7114
1776663180,7114,7115,7114,7114.75
1776663240,7114.5,7114.75,7113.75,7114.75
1776663300,7115,7115.25,7114.5,7115.25
1776663360,7115.25,7116.25,7115,7115.5
1776663420,7115.5,7115.75,7114.25,7114.5
1776663480,7114.75,7114.75,7113.25,7113.5
1776663540,7113.25,7114.25,7113.25,7113.5
1776663600,7113.5,7113.5,7112,7113.25
1776663660,7113.25,7113.5,7112,7112.25
1776663720,7112.5,7112.75,7111.75,7111.75
1776663780,7112,7112.25,7111.25,7111.5
1776663840,7111.25,7111.5,7109.5,7109.75
1776663900,7109.75,7111.75,7109.5,7111.75
1776663960,7111.75,7112.25,7111.25,7111.5
1776664020,7111.5,7112.25,7111.5,7112
1776664080,7112,7113.25,7112,7112.5
1776664140,7112.75,7112.75,7110.5,7111.25
1776664200,7111.25,7111.75,7110.75,7111.25
1776664260,7111.25,7111.25,7109.5,7111.25
1776664320,7111.25,7111.5,7110.25,7110.75
1776664380,7110.5,7112,7110.25,7112
1776664440,7112,7114.25,7112,7113.5
1776664500,7113.75,7115.25,7113.5,7114.75
1776664560,7114.5,7115,7113.75,7114.75
1776664620,7114.75,7114.75,7112.75,7113
1776664680,7112.75,7113.75,7112.75,7113.5
1776664740,7113.75,7114.25,7113.5,7113.75
1776664800,7114,7115.5,7114,7114
1776664860,7114,7115.25,7113.5,7114.75
1776664920,7114.5,7117.5,7114.25,7116.75
1776664980,7117,7119,7116.5,7117.75
1776665040,7118,7119.75,7117.5,7118.25
1776665100,7118,7118.5,7117,7118
1776665160,7117.75,7118,7116.5,7116.75
1776665220,7116.75,7117.5,7116.75,7117.5
1776665280,7117,7117.5,7116.25,7116.5
1776665340,7116.5,7117,7116,7117
1776665400,7116.75,7117.25,7116.25,7116.75
1776665460,7116.5,7117.25,7115.75,7117.25
1776665520,7117.25,7118,7117,7117.5
1776665580,7117.25,7117.5,7116.75,7117
1776665640,7117.25,7118,7116.75,7117
1776665700,7117,7117,7116.25,7117
1776665760,7117.5,7117.75,7116.5,7116.75
1776665820,7117,7117.5,7116.75,7117
1776665880,7116.75,7117,7115.75,7116.5
1776665940,7116.5,7117.75,7116,7117.5
1776666000,7117.5,7118,7116.5,7116.5
1776666060,7116.75,7117.25,7116.25,7117
1776666120,7116.75,7117,7116.25,7117
1776666180,7117,7117.25,7116.5,7116.75
1776666240,7116.75,7117.25,7116.5,7117.25
1776666300,7117,7118,7116.75,7118
1776666360,7118,7118.25,7116.75,7117
1776666420,7116.75,7117.25,7116.5,7117
1776666480,7117.25,7117.5,7117,7117.25
1776666540,7117,7117.75,7116.25,7117.75
1776666600,7117.75,7121.25,7117.75,7120
1776666660,7120,7120.5,7118.5,7119.5
1776666720,7119.25,7120.75,7119,7120.75
1776666780,7120.75,7120.75,7119.25,7119.75
1776666840,7119.75,7120,7119.25,7119.75
1776666900,7119.5,7120,7119,7119.75
1776666960,7119.75,7119.75,7118.75,7119.5
1776667020,7119.75,7119.75,7117,7117.75
1776667080,7117.75,7118.25,7117.25,7118
1776667140,7118.25,7118.25,7117,7118.25
1776667200,7118.25,7118.5,7117.75,7117.75
1776667260,7118.5,7119,7117.75,7118.25
1776667320,7118,7119,7117.75,7118
1776667380,7118.25,7118.25,7116.75,7117.25
1776667440,7117,7118,7117,7118
1776667500,7117.75,7118.25,7117.5,7118
1776667560,7117.75,7117.75,7116.5,7117
1776667620,7117,7117.25,7116,7117
1776667680,7116.75,7119.25,7116.75,7119
1776667740,7118.75,7118.75,7117.5,7118
1776667800,7117.75,7117.75,7116.5,7116.75
1776667860,7117,7117,7116.25,7116.5
1776667920,7116.25,7117,7116.25,7116.75
1776667980,7117,7118.25,7116.75,7117.5
1776668040,7117.75,7118.25,7117,7117
1776668100,7117.5,7118,7117.25,7117.75
1776668160,7117.75,7125.5,7116,7124.75
1776668220,7124.5,7128.75,7122.25,7125.5
1776668280,7125.5,7125.5,7122.25,7122.75
1776668340,7123,7124.5,7122.5,7124.25
1776668400,7124.5,7129.75,7123.25,7125.75
1776668460,7125.5,7126.5,7123.25,7125.75
1776668520,7126,7127.75,7125.5,7127.5
1776668580,7127.25,7130,7126.5,7126.75
1776668640,7126.25,7128,7125.75,7127.5
1776668700,7127.5,7128.75,7127.25,7128.25
1776668760,7128,7128.5,7125.5,7126.5
1776668820,7126.5,7127.25,7125,7125.5
1776668880,7125.5,7128.75,7124.75,7128
1776668940,7127.75,7129,7127.25,7127.5
1776669000,7127.5,7128.5,7127.25,7128
1776669060,7127.75,7128.5,7126,7127.5
1776669120,7127.5,7127.75,7126.75,7127.25
1776669180,7127.5,7128.25,7127,7127.25
1776669240,7127.25,7128.25,7126.75,7128.25
1776669300,7128,7128,7124.75,7125.25
1776669360,7125.25,7126,7124.25,7126
1776669420,7125.75,7128.5,7125.75,7127.5
1776669480,7127.5,7128,7126.75,7127.5
1776669540,7127.25,7127.25,7126,7126.75
1776669600,7126.5,7127.75,7125,7127.75
1776669660,7127.75,7131.25,7127,7130
1776669720,7130.25,7131,7130,7130.25
1776669780,7130.25,7130.5,7128.25,7130
1776669840,7129.75,7129.75,7127.25,7128
1776669900,7128,7128.5,7127,7127.5
1776669960,7127.25,7127.5,7124.5,7124.5
1776670020,7124.5,7125.25,7123.5,7124.5
1776670080,7124.75,7124.75,7123.25,7123.25
1776670140,7123.25,7124,7122.75,7124
1776670200,7124,7125.25,7114.5,7121.5
1776670260,7121.75,7122,7117.5,7119.25
1776670320,7119.25,7122,7118.5,7122
1776670380,7121.5,7122,7118,7119.75
1776670440,7119.75,7121,7118.5,7120.75
1776670500,7121,7121.75,7119.75,7119.75
1776670560,7120,7120,7116.25,7118.5
1776670620,7118.5,7119,7117,7119
1776670680,7118.75,7120,7117.75,7118.75
1776670740,7119,7120.25,7119,7119.75
1776670800,7120,7122,7119.5,7120.75
1776670860,7120.75,7121,7117.5,7119.25
1776670920,7119.5,7120,7117.75,7118.25
1776670980,7118.25,7119,7118,7118.75
1776671040,7119,7119.25,7118.5,7118.5
1776671100,7118.5,7118.75,7115,7115.25
1776671160,7115.25,7117,7115,7116.5
1776671220,7116.5,7117.5,7116.25,7117
1776671280,7117,7118.75,7116,7118.75
1776671340,7119,7119,7116.5,7117.25
1776671400,7117,7117.75,7115.75,7117.5
1776671460,7117.25,7117.75,7116.25,7117.5
1776671520,7117.75,7119,7117.25,7118
1776671580,7118,7118,7117,7117.25
1776671640,7117.25,7117.25,7115.5,7116
1776671700,7115.75,7117,7114.75,7115.25
1776671760,7115,7115.5,7114.5,7115.5
1776671820,7115.5,7116.5,7115.25,7116.5
1776671880,7116.25,7117.5,7115.75,7117
1776671940,7117.25,7119,7117.25,7119
1776672000,7118.75,7119.75,7118.5,7119.75
1776672060,7119.5,7119.75,7117.75,7118.75
1776672120,7118.75,7119,7116,7116.5
1776672180,7117,7117.75,7116.25,7116.5
1776672240,7116.5,7116.75,7114.75,7115.25
1776672300,7115.25,7116,7114.75,7115.5
1776672360,7115.5,7115.5,7112,7112
1776672420,7112,7113,7110.25,7110.5
1776672480,7110.75,7112.25,7110.25,7111.5
1776672540,7111.5,7112,7110.75,7111.25
1776672600,7111.5,7114.5,7111,7114.5
1776672660,7114.5,7115,7113.25,7114
1776672720,7114,7116.75,7113.75,7116.25
1776672780,7116.25,7118.25,7116,7118
1776672840,7118,7119.25,7116.5,7116.75
1776672900,7116.75,7117.75,7116,7116
1776672960,7116,7117.5,7114.75,7116
1776673020,7116.25,7117,7115.5,7115.75
1776673080,7116,7116,7114.75,7115.5
1776673140,7115.5,7117.5,7115.25,7116.75
1776673200,7116.75,7116.75,7116,7116.5
1776673260,7116.75,7120.5,7115.75,7116.75
1776673320,7116.75,7117.75,7116,7116.5
1776673380,7116.5,7118.25,7116.25,7116.75
1776673440,7116.25,7119,7115.75,7118.5
1776673500,7118.5,7119.75,7118.5,7118.75
1776673560,7118.75,7119.25,7117.75,7119.25
1776673620,7119.25,7121,7119,7120
1776673680,7120.25,7121.5,7120.25,7120.5
1776673740,7120.75,7122.75,7120.75,7122
1776673800,7121.75,7122.25,7120.25,7120.25
1776673860,7120.25,7120.25,7118.75,7119.75
1776673920,7119.5,7121.5,7118.75,7121.5
1776673980,7121.5,7122.25,7121,7121.75
1776674040,7121.75,7122.25,7121.25,7122
1776674100,7122.25,7122.25,7121,7121.5
1776674160,7121.25,7121.75,7121,7121.5
1776674220,7121.25,7122.5,7121.25,7122
1776674280,7121.75,7122.25,7121.25,7121.75
1776674340,7121.75,7122.75,7121.75,7122.5
1776674400,7123,7123.75,7122,7122.5
1776674460,7123,7123.5,7122,7122.25
1776674520,7122.25,7123,7122,7122.25
1776674580,7122.25,7122.25,7121.5,7121.75
1776674640,7122,7123,7121.25,7122.5
1776674700,7122.75,7124.75,7122.25,7123.75
1776674760,7124,7124,7123.25,7123.5
1776674820,7123.5,7124.75,7123.25,7124
1776674880,7124,7124,7122.25,7122.5
1776674940,7122.75,7124.25,7122.75,7124.25
1776675000,7124,7126,7124,7125.75
1776675060,7125.5,7125.5,7124.25,7124.5
1776675120,7124.5,7124.5,7123.75,7124.25
1776675180,7124.25,7125.25,7123.75,7125.25
1776675240,7125.5,7127,7125.5,7126.25
1776675300,7126.25,7127,7126,7126.5
1776675360,7126.5,7127.25,7125.25,7126.5
1776675420,7126.5,7130.25,7126.25,7128.75
1776675480,7128.75,7131.25,7128.5,7129
1776675540,7128.75,7129.75,7128.5,7129.25
1776675600,7129.25,7130.5,7128,7130.25
1776675660,7130.5,7131.25,7129.25,7130
1776675720,7129.75,7130.25,7128.5,7129
1776675780,7128.75,7129.75,7128.25,7129.5
1776675840,7129.75,7130.5,7128.75,7130.5
1776675900,7130.5,7132,7129.75,7131
1776675960,7131.25,7134,7131.25,7131.5
1776676020,7131.75,7132,7130.5,7131.75
1776676080,7131.75,7131.75,7130.25,7130.5
1776676140,7130.25,7130.25,7129,7129.75
1776676200,7130.25,7130.5,7128,7128.25
1776676260,7128,7128,7127,7127.5
1776676320,7127.25,7127.75,7127,7127.5
1776676380,7127.5,7128.5,7127.5,7128.5
1776676440,7128.25,7128.5,7127.75,7128
1776676500,7128.25,7128.5,7127.25,7127.25
1776676560,7127.25,7127.75,7126.25,7127
1776676620,7127.25,7127.75,7126.5,7126.5
1776676680,7126.5,7126.5,7125.5,7126.5
1776676740,7126.25,7127.75,7126.25,7127
1776676800,7127,7127.5,7126.5,7127.5
1776676860,7127.5,7129,7127.25,7128.5
1776676920,7128.75,7128.75,7126.75,7127.5
1776676980,7127.5,7129.25,7127,7128.75
1776677040,7129,7129,7128,7128.5
1776677100,7128.25,7128.75,7127.75,7128
1776677160,7128,7128,7126.75,7127.75
1776677220,7127.5,7127.75,7126.75,7127.25
1776677280,7127.25,7128,7127,7127.75
1776677340,7127.75,7128.75,7127.75,7128.25
1776677400,7128,7130.25,7128,7130.25
1776677460,7130.25,7131,7129,7129.75
1776677520,7130,7130,7129.5,7130
1776677580,7130,7130.25,7128.5,7128.75
1776677640,7128.5,7128.5,7127.25,7128
1776677700,7127.75,7128.75,7127.75,7128
1776677760,7128,7128,7127,7128
1776677820,7128,7128.5,7127.75,7128
1776677880,7128,7129.5,7128,7129
1776677940,7129,7129.25,7128.5,7128.5
1776678000,7128.75,7130.75,7128.5,7130.5
1776678060,7130.5,7130.75,7129.5,7129.75
1776678120,7129.75,7130.75,7129.5,7130.75
1776678180,7130.75,7130.75,7130.5,7130.5
1776678240,7130.5,7131,7129.75,7131
1776678300,7130.75,7131,7130,7130.25
1776678360,7130.25,7130.5,7130,7130
1776678420,7130.25,7131,7130.25,7131
1776678480,7130.75,7131,7130,7130
1776678540,7129.75,7130.25,7129,7130.25
1776678600,7130,7130,7129.25,7129.5
1776678660,7129.5,7130,7129.25,7129.25
1776678720,7129,7129.25,7128.5,7128.75
1776678780,7128.75,7130.25,7128.75,7129.5
1776678840,7129.75,7130.25,7128.75,7129
1776678900,7129.25,7129.5,7129,7129.5
1776678960,7129.75,7130,7128.25,7129.25
1776679020,7129.25,7129.25,7128.5,7128.75
1776679080,7128.75,7129,7128.5,7128.5
1776679140,7128.5,7128.75,7128,7128.25
1776679200,7128.25,7128.75,7127.75,7128.25
1776679260,7128,7129,7127.5,7128.75
1776679320,7128.5,7130,7128.25,7130
1776679380,7130,7130.5,7129.5,7130.25
1776679440,7130.25,7131,7130,7130.25
1776679500,7130,7131.25,7130,7131.25
1776679560,7131.25,7132,7130.75,7131.5
1776679620,7131.75,7132.75,7131.75,7132
1776679680,7132.25,7133.75,7131.75,7133.25
1776679740,7133.5,7134.75,7133.25,7134.25
1776679800,7134.25,7135.25,7134,7134.5
1776679860,7134.5,7136.25,7133.75,7134.25
1776679920,7134.25,7134.5,7132.75,7133
1776679980,7133,7133.5,7132,7132.5
1776680040,7132.75,7132.75,7132,7132.75
1776680100,7132.25,7132.75,7132,7132.5
1776680160,7132.75,7133.25,7131.75,7132.75
1776680220,7132.75,7134.75,7132.75,7134.25
1776680280,7133.75,7135.5,7132.75,7134.75
1776680340,7134.75,7135,7133.25,7134.5
1776680400,7134.5,7134.5,7133.75,7133.75
1776680460,7133.75,7134.25,7133,7134
1776680520,7133.75,7134.5,7133.25,7134.25
1776680580,7134,7134,7131.5,7131.5
1776680640,7131.75,7132,7130,7130
1776680700,7130,7130.25,7129,7129.5
1776680760,7129.5,7130,7129,7129.5
1776680820,7129.75,7130.75,7129.5,7130.5
1776680880,7130.5,7131.25,7130.5,7130.75
1776680940,7130.75,7130.75,7130,7130.5
1776681000,7130.5,7131,7129.75,7129.75
1776681060,7129.75,7130.25,7128.25,7128.5
1776681120,7128.75,7129,7128,7128.25
1776681180,7128,7128.25,7127.5,7128
1776681240,7127.75,7128,7127.5,7127.75
1776681300,7127.75,7128.25,7127.5,7128
1776681360,7127.75,7128.5,7127.75,7128.25
1776681420,7128.25,7128.25,7127.5,7127.75
1776681480,7127.5,7129.25,7127.5,7129.25
1776681540,7129.25,7129.25,7128.25,7128.75
1776681600,7128.75,7128.75,7127.75,7128.25
1776681660,7128,7128,7126.25,7126.5
1776681720,7126.5,7127.25,7126.25,7126.25
1776681780,7126.25,7127,7126,7127
1776681840,7126.75,7127,7126.5,7127
1776681900,7127.5,7127.75,7127.25,7127.5
1776681960,7127.75,7127.75,7126.75,7127
1776682020,7127,7127.75,7127,7127.25
1776682080,7127,7127.5,7126.75,7127.25
1776682140,7127,7127.25,7126.5,7126.75
1776682200,7126.75,7127.75,7126.5,7127.25
1776682260,7127.25,7127.25,7126,7126.25
1776682320,7126.5,7128.75,7126,7127
1776682380,7126.75,7127,7126.5,7127
1776682440,7127,7127.5,7126.75,7127.25
1776682500,7127.25,7127.75,7127,7127.25
1776682560,7127.25,7127.5,7126.75,7127.25
1776682620,7127,7127.5,7126,7126.25
1776682680,7126,7126.75,7125.5,7126.5
1776682740,7126.25,7127.5,7125.5,7126.25
1776682800,7126.25,7127,7125.25,7125.75
1776682860,7125.5,7125.5,7123.25,7123.5
1776682920,7123.5,7124.25,7123,7123
1776682980,7123.25,7123.5,7121.25,7121.75
1776683040,7121.75,7123.25,7121,7123
1776683100,7122.75,7123.75,7122.5,7123
1776683160,7123,7123.5,7122.5,7123.5
1776683220,7123.5,7124.5,7123.5,7124
1776683280,7124.25,7125.75,7124.25,7125.5
1776683340,7125.5,7126,7125,7125.75
1776683400,7125.5,7126.25,7124.25,7124.5
1776683460,7124.75,7125,7123,7123.75
1776683520,7123.75,7123.75,7122.25,7122.75
1776683580,7122.5,7123.75,7122.5,7123.25
1776683640,7123.5,7126.25,7123.25,7126
1776683700,7126.25,7127,7125.75,7125.75
1776683760,7125.5,7126.25,7124.75,7125
1776683820,7124.75,7125.5,7124.25,7124.5
1776683880,7124.5,7125.5,7124.5,7124.5
1776683940,7124.75,7125.25,7124.25,7124.5
1776684000,7124.75,7125,7123.25,7123.75
1776684060,7123.25,7123.5,7122.75,7123.25
1776684120,7123.25,7123.75,7122.5,7123.25
1776684180,7123.25,7124.25,7123,7123.75
1776684240,7123.5,7123.75,7122.75,7123.25
1776684300,7123.25,7123.5,7122.75,7123
1776684360,7123.25,7124.75,7122.5,7124.25
1776684420,7124,7124.5,7123.5,7123.75
1776684480,7124,7124.5,7124,7124
1776684540,7123.75,7124.25,7121.75,7122
1776684600,7122.25,7122.5,7121.5,7122
1776684660,7121.5,7122.5,7121.25,7122.25
1776684720,7122.25,7126.75,7121.5,7123.25
1776684780,7123,7127.5,7122.25,7125.25
1776684840,7125.25,7126.75,7124.25,7124.25
1776684900,7124.25,7125.75,7124,7125
1776684960,7124.75,7124.75,7121.5,7123.5
1776685020,7123,7124.5,7123,7124.25
1776685080,7124,7124.25,7123,7123.5
1776685140,7123.25,7127,7122.75,7126.25
1776685200,7126,7126.75,7125,7125.25
1776685260,7125.25,7126,7124.75,7125.25
1776685320,7125,7125.75,7124.25,7125.5
1776685380,7125.5,7126.75,7125.5,7126.25
1776685440,7126.25,7127.5,7126.25,7127.25
1776685500,7127.5,7129.25,7127,7128.25
1776685560,7128.5,7130.25,7128.5,7130
1776685620,7129.75,7130.75,7129.25,7129.25
1776685680,7129.25,7130,7129,7129.75
1776685740,7129.5,7129.75,7128.5,7128.75
1776685800,7128.75,7129.75,7127.5,7128
1776685860,7128.25,7128.5,7126.75,7127.5
1776685920,7127.25,7127.75,7126.75,7127.25
1776685980,7127.25,7129,7127.25,7128.25
1776686040,7128.75,7129,7127.25,7127.5
1776686100,7127.5,7128.75,7127,7127.75
1776686160,7128,7129.5,7127.25,7128.5
1776686220,7128.25,7128.75,7127.75,7127.75
1776686280,7128,7128.5,7128,7128.5
1776686340,7128.5,7130,7128,7129.25
1776686400,7129.5,7130,7129,7129.75
1776686460,7129.75,7130,7128.5,7129
1776686520,7128.75,7129.5,7128,7128.75
1776686580,7128.75,7129.25,7126.5,7129
1776686640,7129.25,7134,7128.75,7130
1776686700,7130,7133,7129,7131.75
1776686760,7131.75,7132.5,7130.75,7130.75
1776686820,7130.5,7131.75,7130,7131.25
1776686880,7131.25,7131.5,7129.75,7130.25
1776686940,7130.25,7130.75,7129,7129.25
1776687000,7129,7130,7129,7129.25
1776687060,7129.5,7130,7128.75,7129
1776687120,7128.75,7130.5,7128,7130
1776687180,7130.25,7130.5,7129.5,7130.5
1776687240,7130.25,7130.5,7129.25,7129.25
1776687300,7129.5,7130,7127.75,7129
1776687360,7128.75,7131.5,7128.5,7131.5
1776687420,7131.5,7132,7131,7131.75
1776687480,7132,7133,7131.5,7132.25
1776687540,7132.25,7133,7131.5,7132
1776687600,7132.25,7132.75,7131.75,7131.75
1776687660,7131.75,7133.75,7130.5,7132.25
1776687720,7132.25,7132.75,7131.75,7131.75
1776687780,7131.5,7131.5,7129.25,7129.75
1776687840,7129.75,7130.75,7129,7130.5
1776687900,7130.25,7130.75,7129.75,7130.25
1776687960,7130.25,7130.25,7129.25,7129.5
1776688020,7129.5,7130.5,7129.25,7130
1776688080,7130,7131,7129.75,7130.5
1776688140,7130.5,7131,7130,7130.25
1776688200,7130.5,7133.25,7130.5,7132.25
1776688260,7133,7133.5,7130.75,7131.75
1776688320,7132,7133.25,7131.5,7132.25
1776688380,7132.25,7133.75,7131.75,7133.5
1776688440,7133.5,7134,7132.75,7133.75
1776688500,7133.75,7134.5,7132.75,7134.25
1776688560,7134.25,7134.75,7133,7133.5
1776688620,7133.5,7133.5,7131,7131.25
1776688680,7131,7131.75,7129.75,7131
1776688740,7131,7132,7130.75,7131.75
1776688800,7131.75,7133,7131.75,7133
1776688860,7133,7134,7132.75,7133.25
1776688920,7133.25,7133.75,7132.25,7132.25
1776688980,7132.5,7135.75,7132.25,7134.75
1776689040,7135,7135.25,7134,7134.5
1776689100,7134.5,7136.25,7134.25,7134.75
1776689160,7135,7136.25,7134.5,7136.25
1776689220,7136.25,7137.75,7136,7137
1776689280,7137.25,7138.75,7137.25,7138.5
1776689340,7138.25,7139.25,7138.25,7138.75
1776689400,7138.5,7140.75,7138,7140.75
1776689460,7140.75,7141,7138.25,7139
1776689520,7138.75,7139,7136.75,7136.75
1776689580,7137,7137.75,7136.75,7137.25
1776689640,7137.25,7138.5,7136.75,7138
1776689700,7137.75,7138,7136,7136.5
1776689760,7136.25,7137,7136,7136.75
1776689820,7136.75,7137,7136.25,7136.25
1776689880,7136.5,7137.75,7135.75,7136.5
1776689940,7136.75,7137.25,7136.25,7136.25
1776690000,7136.5,7137.5,7135.75,7137.25
1776690060,7137,7137.5,7136.25,7137
1776690120,7137,7138,7136.25,7138
1776690180,7138,7138,7137,7137.5
1776690240,7137.25,7137.75,7137,7137.5
1776690300,7137.25,7138.75,7137,7138.25
1776690360,7138.5,7139.5,7137.5,7137.5
1776690420,7137.75,7137.75,7136.5,7136.75
1776690480,7137,7147.5,7134.75,7143.25
1776690540,7143.25,7144.5,7139,7140.25
1776690600,7140.75,7141.75,7140.25,7141
1776690660,7141,7142,7139.5,7141.25
1776690720,7141.25,7143,7140.5,7141.25
1776690780,7141.25,7142.25,7140.25,7141.5
1776690840,7141.25,7142.25,7140.25,7141
1776690900,7141,7142.25,7141,7142
1776690960,7142,7142.25,7140.5,7141.5
1776691020,7141.25,7141.5,7139.75,7139.75
1776691080,7140,7141.5,7139.5,7141
1776691140,7141.25,7142.25,7140.25,7140.5
1776691200,7140.5,7141,7139.75,7140.5
1776691260,7140.5,7141.5,7139.5,7140.75
1776691320,7141,7144.5,7140.5,7143.5
1776691380,7143.5,7144.5,7142,7143.5
1776691440,7143.5,7144.25,7142,7143.25
1776691500,7143,7143,7141.5,7142.25
1776691560,7142.25,7143,7141.5,7142.75
1776691620,7142.75,7146.25,7142.75,7144.5
1776691680,7144.75,7146.5,7144.75,7145.75
1776691740,7146,7148.25,7145.75,7148.25
1776691800,7148.5,7153.5,7148,7150.75
1776691860,7150.5,7150.5,7143.75,7149
1776691920,7149,7150.25,7147.5,7149.5
1776691980,7149.5,7150.75,7147.75,7150.25
1776692040,7150.25,7152.25,7148.25,7151.25
1776692100,7151,7152.5,7150.25,7151.5
1776692160,7151.5,7154,7149.75,7152.25
1776692220,7152.5,7154.25,7151.5,7152.25
1776692280,7152,7153.5,7147,7147
1776692340,7147,7148.25,7144,7146.25
1776692400,7146.25,7146.5,7142.25,7145.25
1776692460,7145.25,7149.25,7144.5,7145.75
1776692520,7145.75,7148.25,7144.75,7147.75
1776692580,7147.25,7150.25,7146,7148.75
1776692640,7149,7149.5,7147.5,7148.75
1776692700,7148.25,7150.5,7146.5,7150.25
1776692760,7150.5,7150.5,7147.25,7147.75
1776692820,7148,7150.5,7146.75,7149.25
1776692880,7149.25,7152.75,7147.5,7148
1776692940,7148,7148,7144.5,7146.5
1776693000,7146.5,7147.75,7145.5,7146.75
1776693060,7147,7149.5,7146.25,7148.75
1776693120,7148.5,7152.25,7147,7150.75
1776693180,7150.5,7151.75,7149,7150.5
1776693240,7150.25,7154.75,7150.25,7153.5
1776693300,7153.75,7156.5,7153.25,7156.25
1776693360,7156.25,7159.5,7155.25,7159
1776693420,7159.25,7159.25,7157.25,7158.75
1776693480,7158.5,7159.5,7156.5,7157
1776693540,7157,7157.5,7154.5,7157
1776693600,7157,7157.5,7155.5,7156.75
1776693660,7156.5,7157.5,7153.5,7155.25
1776693720,7155.25,7155.5,7151.5,7155.25
1776693780,7155,7155.5,7150.5,7154
1776693840,7153.75,7154.75,7151,7152.75
1776693900,7153,7155.5,7152.5,7155
1776693960,7155,7156.5,7154.25,7156.25
1776694020,7156,7156.5,7153.5,7154
1776694080,7153.5,7154.25,7149.25,7151.25
1776694140,7151.25,7154.5,7150.25,7154.25
1776694200,7154.25,7156.25,7154,7154
1776694260,7154.5,7154.5,7148.5,7149
1776694320,7149,7151.5,7146.75,7151.25
1776694380,7151.25,7154.75,7151.25,7152.75
1776694440,7152.5,7153.75,7151,7152.75
1776694500,7152.75,7153,7149.75,7150.25
1776694560,7150.5,7152.75,7150,7150.25
1776694620,7150.25,7151.75,7149,7149.75
1776694680,7149.75,7151.5,7149,7149.75
1776694740,7150,7154,7148,7151
1776694800,7151,7153.5,7149.5,7151
1776694860,7151,7154.5,7150.75,7153.5
1776694920,7153.25,7155,7151.75,7154
1776694980,7154,7156,7153.75,7155.25
1776695040,7155.25,7155.5,7153.75,7155.5
1776695100,7155.25,7155.75,7153.25,7154.5
1776695160,7154.5,7156.75,7154.5,7156.5
1776695220,7156.25,7156.75,7152,7152.5
1776695280,7152.25,7153,7149,7149.75
1776695340,7149.75,7150.75,7148.5,7149.75
1776695400,7149.75,7150.5,7148.5,7149
1776695460,7149.5,7149.5,7142.75,7149
1776695520,7149,7150,7145.75,7147
1776695580,7147,7148.75,7145.25,7145.75
1776695640,7145.75,7147.25,7143.5,7146.75
1776695700,7146.75,7147.5,7142.75,7144
1776695760,7144.25,7145.5,7143,7143.75
1776695820,7144,7148,7143.75,7146.25
1776695880,7146.5,7147.75,7145.5,7146.5
1776695940,7146.75,7147.5,7144.75,7145.25
1776696000,7145.25,7145.5,7140.25,7143.25
1776696060,7143.25,7143.5,7140.25,7142
1776696120,7142,7142.75,7140.25,7141
1776696180,7141.5,7142,7139.5,7140.5
1776696240,7140.5,7143.25,7139.5,7141.5
1776696300,7141.5,7141.75,7140.25,7140.5
1776696360,7140.5,7142.25,7139.5,7141.75
1776696420,7142,7144.5,7141.5,7143
1776696480,7143,7145,7142.25,7144.25
1776696540,7144,7148.25,7144,7147
1776696600,7147.25,7148.25,7143.75,7144
1776696660,7144,7144,7125,7136.75
1776696720,7136.5,7141.25,7134.25,7137
1776696780,7136.75,7140.75,7136,7137.5
1776696840,7137.75,7138.5,7134.25,7138
1776696900,7137.75,7137.75,7132,7133.25
1776696960,7133.25,7134,7129.75,7131.75
1776697020,7131.5,7135.5,7131.5,7133.25
1776697080,7133.5,7133.75,7130.25,7131
1776697140,7130.75,7132.25,7129.25,7131.75
1776697200,7132,7136.5,7131.75,7132.25
1776697260,7132,7132.75,7130,7130.25
1776697320,7130.25,7132.25,7129.5,7131.5
1776697380,7131.5,7132.75,7127.25,7128
1776697440,7128.25,7128.5,7125,7127.25
1776697500,7127,7130,7125.5,7125.5
1776697560,7125.75,7126.25,7123,7124.25
1776697620,7124.25,7124.5,7121.5,7122.75
1776697680,7122.75,7126.75,7122.75,7126.75
1776697740,7126.5,7127.25,7124.5,7125.5
1776697800,7125.5,7129.75,7125,7128.75
1776697860,7128.75,7131.25,7127.5,7130
1776697920,7129.75,7130.25,7125.5,7126
1776697980,7126,7127,7123,7125.25
1776698040,7125,7128,7124.5,7127.5
1776698100,7127.25,7128,7124.5,7125.5
1776698160,7125.5,7127.25,7124.25,7124.75
1776698220,7124.75,7127,7124.75,7126.25
1776698280,7126.5,7130.25,7126.25,7129.75
1776698340,7129.75,7131.75,7128.5,7129.5
1776698400,7129.5,7130,7128.25,7128.75
1776698460,7128.75,7136.75,7127.75,7132.25
1776698520,7132.5,7138.75,7132,7135.5
1776698580,7135.75,7138.25,7134.5,7136.25
1776698640,7136.25,7141.25,7136,7136.5
1776698700,7136,7138.5,7135.25,7137.75
1776698760,7137.75,7142.25,7137.75,7139.75
1776698820,7139.5,7140.5,7138.25,7139.5
1776698880,7139.5,7139.5,7137,7138
1776698940,7138,7145.25,7136.5,7143
1776699000,7143.25,7143.25,7139,7139.75
1776699060,7139.75,7140.5,7138,7138
1776699120,7138,7140,7137.25,7137.75
1776699180,7137.5,7139.5,7137.25,7138.75
1776699240,7139,7139.25,7134,7135.75
1776699300,7135.75,7137.25,7135,7136.75
1776699360,7137,7137.25,7132.75,7133.75
1776699420,7133.75,7135.25,7132.5,7135
1776699480,7135,7136.75,7134.75,7136
1776699540,7136,7137,7135.5,7136.5
1776699600,7136.5,7139.5,7136,7139
1776699660,7139.5,7140.75,7138.75,7139.5
1776699720,7140,7140,7137,7137
1776699780,7137.25,7138,7136,7136.75
1776699840,7137,7137,7134.5,7135.5
1776699900,7135.75,7135.75,7133.25,7135
1776699960,7134.75,7136.75,7134.75,7135.75
1776700020,7136,7138.25,7135.5,7137.5
1776700080,7137.5,7139,7136.75,7137.5
1776700140,7137.5,7138,7135,7135
1776700200,7135,7135.5,7132.5,7132.5
1776700260,7132.75,7133.75,7131.25,7133.5
1776700320,7133.5,7134.5,7132.75,7132.75
1776700380,7132.75,7135.25,7132.25,7134
1776700440,7134,7135.75,7133.75,7135.5
1776700500,7135.25,7137.5,7135,7137.25
1776700560,7137.25,7137.75,7136.25,7137
1776700620,7137,7137.75,7135.75,7136
1776700680,7136,7136.75,7135.25,7136
1776700740,7136,7137.25,7136,7136.25
1776700800,7136.25,7137.5,7134.5,7135.25
1776700860,7135,7135.75,7133,7134.25
1776700920,7134,7134.5,7132,7133
1776700980,7133,7133.5,7131,7131.5
1776701040,7131.25,7132,7130.5,7131.5
1776701100,7131.5,7135.5,7130.75,7135.25
1776701160,7135,7136.5,7134.75,7135.25
1776701220,7135.25,7135.5,7133.25,7134
1776701280,7134,7136,7134,7134.75
1776701340,7134.75,7135.75,7133.75,7134.75
1776701400,7134.75,7137,7134.75,7135.75
1776701460,7135.75,7137.5,7135.75,7137.25
1776701520,7137,7137.75,7136,7136.75
1776701580,7136.75,7137.75,7135.75,7136.25
1776701640,7136,7136.75,7135.5,7136
1776701700,7136,7136.5,7134,7134.5
1776701760,7134.25,7134.25,7130.75,7131.5
1776701820,7131.5,7132.75,7130.25,7132.5
1776701880,7132.25,7133.75,7132,7133.25
1776701940,7133,7136.25,7133,7135.5
1776702000,7135.5,7137.75,7135.5,7137.25
1776702060,7137,7138,7135.75,7136
1776702120,7135.75,7136.25,7134.5,7134.75
1776702180,7134.75,7138,7134,7137.25
1776702240,7137.5,7138,7135.75,7136
1776702300,7136.25,7137.5,7135.75,7135.75
1776702360,7135.75,7136.75,7135.5,7136
1776702420,7135.75,7137.5,7135.75,7137.25
1776702480,7137.5,7138.25,7137,7137.75
1776702540,7137.5,7138,7136.25,7136.75
1776702600,7136.5,7138.75,7136.5,7138
1776702660,7138,7139,7137.25,7138.5
1776702720,7138.25,7138.5,7137.25,7138.25
1776702780,7138.25,7140.25,7138,7140
1776702840,7139.75,7141.25,7139.25,7139.25
1776702900,7139.5,7140,7137.5,7137.75
1776702960,7137.5,7138,7136.25,7137.25
1776703020,7137,7137,7134.5,7134.75
1776703080,7134.5,7136.5,7134,7135.75
1776703140,7136,7136.5,7135,7135.75
1776703200,7136,7136.25,7134,7136
1776703260,7136.25,7139.5,7136.25,7138.75
1776703320,7138.75,7140.75,7137.5,7138.75
1776703380,7139,7139.25,7138,7138
1776703440,7138,7139,7136.75,7137.25
1776703500,7137,7138,7136.75,7137.5
1776703560,7137.5,7138.75,7137,7138
1776703620,7137.75,7139,7137.25,7138.5
1776703680,7138.75,7139.25,7138.25,7138.5
1776703740,7138.5,7138.5,7136.75,7137.5
1776703800,7137.5,7138.25,7135.5,7136.5
1776703860,7136.5,7137,7135.5,7136.25
1776703920,7136.25,7138,7136.25,7138
1776703980,7138,7138.25,7136.25,7137.25
1776704040,7137.5,7138.25,7137.5,7138
1776704100,7137.75,7138,7135.5,7135.75
1776704160,7135.75,7136.25,7135.5,7136
1776704220,7136.25,7136.5,7135.25,7135.25
1776704280,7135.5,7137,7135,7136.25
1776704340,7136.25,7137.5,7135.75,7136.75
1776704400,7136.75,7137.75,7136,7137.25
1776704460,7137.25,7137.25,7134.75,7134.75
1776704520,7135,7139,7132.75,7137.25
1776704580,7137.25,7137.5,7134.5,7135.5
1776704640,7135.5,7137,7134.25,7134.5
1776704700,7134.75,7135.5,7134,7135
1776704760,7135,7137.75,7134.75,7136.5
1776704820,7136.75,7138.25,7136.25,7137
1776704880,7137,7138.5,7137,7138.25
1776704940,7138.25,7138.75,7137.5,7138.25
1776705000,7138.25,7139.5,7137,7137.75
1776705060,7137.75,7138.75,7137.5,7138
1776705120,7138.25,7139.5,7137.5,7139.25
1776705180,7139.25,7140,7139,7140
1776705240,7140,7141.75,7139.75,7141
1776705300,7140.75,7141.25,7139.75,7140.5
1776705360,7140.5,7141.5,7140,7141.25
1776705420,7141,7142.75,7140.5,7142.25
1776705480,7142.75,7143.5,7141.75,7143
1776705540,7143,7144,7142.75,7143.25
1776705600,7143.25,7143.25,7140.75,7140.75
1776705660,7140.75,7141.75,7140.5,7141
1776705720,7141,7143,7141,7143
1776705780,7143,7144,7142.25,7143.75
1776705840,7143.5,7144.5,7142.5,7142.75
1776705900,7142.75,7143.5,7142,7143
1776705960,7142.75,7143.25,7142.25,7142.5
1776706020,7142.25,7142.75,7141.25,7142
1776706080,7142,7142,7140.25,7141.75
1776706140,7141.5,7141.5,7139.75,7140.25
1776706200,7140,7140.5,7138,7138.75
1776706260,7138.75,7139,7138,7138.25
1776706320,7138.5,7138.75,7136.5,7137.25
1776706380,7137.25,7138.75,7136.5,7136.75
1776706440,7136.5,7138,7136.25,7136.75
1776706500,7136.75,7139.75,7136,7137.5
1776706560,7137.5,7138.75,7136,7138.75
1776706620,7138.5,7139.75,7137.5,7137.5
1776706680,7137.75,7138.75,7137,7138.5
1776706740,7138.5,7139.75,7137.5,7139.25
1776706800,7139,7143,7138,7139.75
1776706860,7139.75,7140.25,7137.5,7137.75
1776706920,7137.5,7138.25,7136.25,7137
1776706980,7137,7139.25,7136.75,7138.75
1776707040,7138.5,7140,7138.5,7139.75
1776707100,7139.75,7140.5,7139,7139.75
1776707160,7140,7140.25,7138.75,7139.75
1776707220,7140,7140,7138.75,7139
1776707280,7139.25,7140.5,7138.5,7140.25
1776707340,7140.25,7141,7139.5,7140
1776707400,7140,7140.5,7138.5,7139.5
1776707460,7139.5,7140.5,7138.75,7140
1776707520,7140,7140,7138.5,7139.25
1776707580,7139.5,7140,7139.25,7139.5
1776707640,7139.5,7141,7139.5,7140.5
1776707700,7140.5,7140.75,7138.5,7138.75
1776707760,7139,7139.75,7137.75,7138.5
1776707820,7138.25,7138.25,7137.25,7137.75
1776707880,7138,7138.5,7137.5,7138
1776707940,7138,7138,7137,7137.75
1776708000,7137.75,7138.25,7136.5,7136.75
1776708060,7136.75,7137.25,7135.5,7136
1776708120,7136,7137,7135,7136.75
1776708180,7137,7137.75,7136.75,7137.5
1776708240,7137.25,7137.75,7136.25,7137.5
1776708300,7137.25,7140.75,7137.25,7140.25
1776708360,7140.5,7141.75,7140,7141
1776708420,7141.25,7141.75,7140.5,7140.75
1776708480,7140.75,7143,7139.75,7140.75
1776708540,7140.75,7142.25,7140.5,7142
1776708600,7142.25,7142.75,7141,7141.25
1776708660,7141.25,7142.25,7136,7138.75
1776708720,7139.25,7141.25,7138.25,7140.5
1776708780,7140.75,7142,7140.25,7141.75
1776708840,7141.75,7142.75,7141.5,7142.25
1776708900,7142.25,7142.75,7141.5,7141.5
1776708960,7141.75,7142.25,7141,7142
1776709020,7142,7143.5,7141.75,7142.75
1776709080,7142.75,7143.75,7142.5,7143.5
1776709140,7143.5,7145,7143.25,7144.5
1776709200,7144.5,7146.25,7144.5,7145.75
1776709260,7145.5,7146,7143.25,7143.75
1776709320,7143.75,7145.5,7143.5,7144.75
1776709380,7144.75,7146.25,7144.75,7145.75
1776709440,7145.75,7146.75,7145.75,7146.5
1776709500,7146.5,7146.75,7144.5,7144.75
1776709560,7145,7145.5,7143.25,7145.5
1776709620,7145.25,7145.75,7144.75,7145.25
1776709680,7145.5,7146.25,7140.25,7144
1776709740,7144.25,7145,7143,7143.25
1776709800,7143.5,7144.5,7140.75,7141.75
1776709860,7141.5,7142.75,7141.25,7141.25
1776709920,7141.25,7141.5,7140,7141.5
1776709980,7141.25,7143,7141.25,7142.25
1776710040,7142.25,7143.5,7142.25,7143.5
1776710100,7143.5,7144,7142.75,7143
1776710160,7143.25,7143.75,7139.5,7141.5
1776710220,7141.25,7142.25,7140.75,7141.25
1776710280,7141.25,7141.75,7140,7140
1776710340,7140,7140.5,7139.5,7139.5
1776710400,7139.5,7142,7139,7141
1776710460,7141,7141.75,7140.5,7141.5
1776710520,7141.5,7142.5,7141,7141.75
1776710580,7141.75,7143.25,7141.5,7142.5
1776710640,7142.75,7142.75,7141.5,7141.5
1776710700,7141.75,7142,7140.75,7141.75
1776710760,7141.5,7143,7141.5,7142.5
1776710820,7142.5,7143.25,7142.25,7143
1776710880,7142.75,7143.75,7142.25,7143.5
1776710940,7143.5,7144.25,7143.5,7144
1776711000,7144,7145.5,7143.75,7145
1776711060,7145,7145.5,7144.75,7145.25
1776711120,7145,7145.5,7144.5,7144.75
1776711180,7144.75,7146,7144.75,7146
1776711240,7146,7146.5,7145,7146.25
1776711300,7146.25,7146.5,7144.75,7145.25
1776711360,7145.25,7146.25,7145,7145.25
1776711420,7145.25,7145.25,7143.75,7144
1776711480,7144,7144.25,7143,7143.75
1776711540,7143.5,7143.5,7142.5,7143
1776711600,7143.25,7145,7143,7144.5
1776711660,7144.5,7144.75,7143.75,7144
1776711720,7144,7144.25,7143.5,7143.5
1776711780,7143.5,7144,7142.25,7142.75
1776711840,7142.75,7143.25,7142.5,7143
1776711900,7143,7144.5,7142.75,7144.25
1776711960,7144.25,7146,7144,7145.5
1776712020,7145.75,7145.75,7144.5,7145
1776712080,7145,7145.25,7144,7144.5
1776712140,7144.75,7145,7144.25,7144.75
1776712200,7144.75,7145,7143.5,7144.25
1776712260,7144.25,7144.75,7143.75,7144.25
1776712320,7144.25,7145,7144,7144.5
1776712380,7144.25,7145.5,7144.25,7144.75
1776712440,7144.75,7145.5,7144.25,7145
1776712500,7145,7145.5,7144.25,7144.25
1776712560,7144.25,7144.5,7143.25,7143.5
1776712620,7143.5,7144.25,7143.25,7143.75
1776712680,7143.75,7144,7143.25,7144
1776712740,7144,7144,7143.5,7143.5
1776712800,7143.75,7144.25,7142.25,7142.25
1776712860,7142.25,7143.25,7142.25,7142.75
1776712920,7142.75,7143.5,7142.5,7143
1776712980,7142.75,7142.75,7141.5,7142
1776713040,7141.75,7142.25,7141.75,7142
1776713100,7142,7142,7140.25,7140.5
1776713160,7140.75,7141,7140,7140.5
1776713220,7140.25,7141.25,7140,7140.75
1776713280,7140.5,7142,7140.5,7140.5
1776713340,7140.75,7141.5,7140.25,7140.5
1776713400,7140.5,7141,7140,7140.5
1776713460,7140.5,7141.75,7140.25,7141.5
1776713520,7141.75,7142.5,7141,7141
1776713580,7141,7141.25,7139,7139
1776713640,7139,7139.75,7138.25,7138.5
1776713700,7138.5,7140,7137.5,7139.25
1776713760,7139.5,7141,7139.25,7139.75
1776713820,7140,7140.25,7139.5,7139.75
1776713880,7140,7140.75,7139,7139.25
1776713940,7139,7140,7139,7140
1776714000,7140,7141,7139.25,7139.25
1776714060,7139,7139.5,7138.5,7139.25
1776714120,7139.25,7139.5,7138.5,7139
1776714180,7139,7139.75,7138,7138
1776714240,7138.25,7138.5,7136.75,7137.75
1776714300,7137.75,7138.5,7137.25,7137.25
1776714360,7137.5,7138.25,7136.5,7137.75
1776714420,7137.75,7139,7137.5,7139
1776714480,7138.75,7139.25,7138,7139
1776714540,7139,7140,7138,7139.75
1776714600,7139.75,7141.25,7138.75,7138.75
1776714660,7139,7140.75,7138.25,7138.75
1776714720,7139,7139.25,7138,7138.75
1776714780,7138.75,7141.25,7138.5,7141
1776714840,7140.75,7143,7140,7141
1776714900,7141,7142.5,7139.25,7141.5
1776714960,7141.5,7143.5,7141.25,7143.25
1776715020,7143,7144.25,7142.75,7143.75
1776715080,7143.5,7146.5,7143.5,7145.5
1776715140,7145.5,7149.25,7145.5,7148.25
1776715200,7148.25,7149,7147,7147.25
1776715260,7147.25,7148.5,7147,7147.25
1776715320,7147,7148,7146.75,7148
1776715380,7148,7149.75,7147.75,7149.25
1776715440,7149.25,7149.25,7148,7148
1776715500,7148,7148.25,7147,7147.75
1776715560,7147.75,7148,7147.25,7147.75
1776715620,7147.75,7147.75,7147.25,7147.75
1776715680,7147.75,7148.25,7147.5,7147.5
1776715740,7147.5,7147.5,7147,7147
1776715800,7147.25,7147.5,7147,7147.25
1776715860,7147.25,7147.75,7147.25,7147.75
1776715920,7147.5,7147.75,7147,7147
1776715980,7147.25,7147.25,7147,7147.25
1776716040,7147.25,7147.25,7146.5,7146.5
1776716100,7146.5,7147,7145.25,7145.5
1776716160,7145.75,7146.75,7145.75,7146.25
1776716220,7146,7146.25,7146,7146
1776716280,7146.25,7146.5,7146,7146.25
1776716340,7146.5,7146.5,7146,7146.25
1776716400,7146.25,7146.25,7145.75,7145.75
1776716460,7145.75,7146.75,7145.75,7146.75
1776716520,7147,7147.5,7146.75,7147.25
1776716580,7147.25,7148.25,7147.25,7147.5
1776716640,7147.5,7148,7147.5,7148
1776716700,7147.75,7148.25,7147.5,7147.5
1776716760,7147.75,7148.25,7147.5,7147.5
1776716820,7147.25,7148,7147.25,7147.5
1776716880,7147.5,7148.25,7147.25,7147.5
1776716940,7147.5,7147.75,7147.25,7147.5
1776717000,7147.5,7147.5,7145,7145.75
1776717060,7145.75,7148.5,7145.75,7148.5
1776717120,7148.5,7149,7146.25,7147.5
1776717180,7147.5,7150.75,7147.5,7150
1776717240,7149.75,7155.75,7149.5,7155.5
1776717300,7155.5,7159.25,7155,7158.5
1776717360,7158.25,7159.25,7158,7158.75
1776717420,7158.5,7160,7158,7158.5
1776717480,7158.25,7160,7157.75,7159
1776717540,7159.25,7160.5,7158.25,7158.5
1776717600,7158.5,7159.25,7157.75,7158.75
1776717660,7158.75,7159.75,7158.25,7159
1776717720,7159,7160,7158.5,7158.5
1776717780,7158.75,7159,7158.5,7158.75
1776717840,7158.5,7158.5,7157,7157.75
1776717900,7157.5,7157.75,7154.5,7155
1776717960,7154.5,7155.25,7153.5,7154
1776718020,7154,7154,7152.75,7153.5
1776718080,7153.25,7153.25,7151.5,7152
1776718140,7151.75,7153,7151.5,7153
1776718200,7153,7154.5,7152.75,7153.5
1776718260,7153.5,7154.25,7153.25,7153.75
1776718320,7153.5,7154,7152.25,7152.5
1776718380,7152.75,7154.5,7152.75,7154
1776718440,7154,7154.5,7153,7153.75
1776718500,7153.75,7154.25,7152.75,7153.75
1776718560,7153.75,7154,7151.5,7152.75
1776718620,7153.25,7153.5,7152.5,7152.5
1776718680,7152.5,7152.75,7152,7152
1776718740,7152,7152.5,7151.5,7152.25
1776722400,7152,7154.75,7149.5,7154.75
1776722460,7154.25,7156.25,7153.75,7156.25
1776722520,7156.25,7157.5,7156,7157.5
1776722580,7157.75,7158.5,7156.25,7156.5
1776722640,7156.5,7157,7155.75,7156.75
1776722700,7157,7159.5,7156.75,7159.25
1776722760,7159.5,7160.75,7159,7160.75
1776722820,7160.75,7160.75,7159.25,7159.5
1776722880,7159.25,7159.5,7158.5,7159.5
1776722940,7159.25,7159.75,7158.25,7158.25
1776723000,7158.5,7159.5,7158,7158.75
1776723060,7158.75,7159,7158,7158
1776723120,7158,7158.25,7157.25,7157.25
1776723180,7157.25,7158,7156.75,7157.25
1776723240,7157,7157.75,7157,7157.25
1776723300,7157.25,7157.75,7156.75,7157.25
1776723360,7157.25,7157.75,7157.25,7157.5
1776723420,7157.5,7157.75,7156.75,7156.75
1776723480,7157,7157.5,7156.25,7157
1776723540,7157,7157,7156.5,7157
1776723600,7156.75,7157.25,7156.25,7157.25
1776723660,7157,7158.25,7157,7158
1776723720,7158,7158.25,7157.5,7157.5
1776723780,7157.75,7158.25,7157.25,7157.25
1776723840,7157.5,7157.75,7157,7157.5
1776723900,7157.5,7157.75,7157,7157
1776723960,7157.25,7157.75,7157.25,7157.5
1776724020,7157.25,7157.5,7155.5,7156.25
1776724080,7156.25,7157,7156.25,7156.75
1776724140,7156.5,7156.75,7156.25,7156.5
1776724200,7156.25,7156.5,7155.25,7155.75
1776724260,7155.75,7156.25,7155.5,7155.5
1776724320,7155.5,7155.75,7155,7155.75
1776724380,7155.5,7156,7155,7155.75
1776724440,7155.75,7157.25,7155.75,7157.25
1776724500,7157.25,7157.5,7156.5,7156.5
1776724560,7156.5,7156.5,7156.25,7156.5
1776724620,7156.25,7156.5,7155.75,7156
1776724680,7156.25,7156.5,7156,7156.5
1776724740,7156.25,7156.25,7155.75,7155.75
1776724800,7156,7157.25,7155.75,7157.25
1776724860,7157.25,7157.25,7156.75,7157
1776724920,7156.75,7157.5,7156.75,7157.5
1776724980,7157.5,7157.75,7157,7157
1776725040,7156.75,7157.25,7156.75,7157
1776725100,7156.75,7157.25,7156.75,7157
1776725160,7157,7157.5,7156.75,7157.25
1776725220,7157.25,7157.75,7156.75,7157
1776725280,7157.25,7157.25,7157,7157
1776725340,7157.25,7157.5,7157,7157
1776725400,7157.5,7158.75,7157.5,7158
1776725460,7158,7158.5,7157.75,7158.5
1776725520,7158.5,7158.75,7157.75,7158.5
1776725580,7158.5,7158.5,7158,7158.5
1776725640,7158.5,7158.75,7158.25,7158.25
1776725700,7158.5,7158.75,7157.75,7157.75
1776725760,7157.5,7157.75,7157.25,7157.75
1776725820,7157.5,7158,7157.5,7158
1776725880,7158,7158.25,7157.75,7158
1776725940,7158,7158.5,7157.75,7158.25
1776726000,7158.25,7158.5,7157.5,7158
1776726060,7157.75,7158.25,7157.5,7157.75
1776726120,7157.75,7158,7157.5,7157.5
1776726180,7157.75,7158,7157.25,7157.75
1776726240,7158,7158,7157.5,7157.75
1776726300,7157.75,7157.75,7157.5,7157.75
1776726360,7157.5,7158,7157.25,7158
1776726420,7157.75,7157.75,7156.75,7157.5
1776726480,7157.25,7158,7157.25,7157.75
1776726540,7157.75,7157.75,7157,7157.25
1776726600,7157.5,7158,7157.5,7157.5
1776726660,7157.75,7158.25,7157.5,7158
1776726720,7158,7158,7157.25,7157.25
1776726780,7157.5,7157.75,7157.5,7157.5
1776726840,7158,7158,7157.5,7157.75
1776726900,7158,7158.25,7157.5,7158.25
1776726960,7158.25,7158.25,7157.25,7157.25
1776727020,7157.25,7157.5,7157,7157
1776727080,7156.75,7157,7156.25,7156.5
1776727140,7156.5,7157.25,7156.5,7157.25
1776727200,7157.5,7157.5,7157,7157.25
1776727260,7157.25,7157.5,7157,7157
1776727320,7157,7157,7156.75,7156.75
1776727380,7156.75,7156.75,7155.25,7156.25
1776727440,7156,7156.5,7156,7156.5
1776727500,7156.25,7156.5,7156.25,7156.5
1776727560,7156.5,7156.5,7156,7156
1776727620,7156.25,7156.5,7156,7156.25
1776727680,7156.25,7156.25,7155.5,7155.5
1776727740,7155.5,7156,7155.5,7155.5
1776727800,7155.5,7156,7155.25,7155.5
1776727860,7155.5,7155.5,7154.75,7155
1776727920,7155,7155.75,7155,7155.75
1776727980,7156,7156.5,7155.75,7155.75
1776728040,7156,7156,7155.5,7155.5
1776728100,7155.5,7155.75,7155,7155.75
1776728160,7155.5,7156.25,7155.5,7155.75
1776728220,7156.25,7156.75,7155.75,7156.25
1776728280,7156,7156.25,7156,7156
1776728340,7156,7156,7155.5,7155.75
1776728400,7156,7156,7155.75,7155.75
1776728460,7155.5,7156,7155.25,7155.5
1776728520,7155.5,7156,7155.25,7155.5
1776728580,7155.5,7155.5,7155.25,7155.25
1776728640,7155.25,7156,7155.25,7156
1776728700,7155.75,7156,7155,7155.25
1776728760,7155.5,7155.75,7155,7155
1776728820,7155.25,7155.25,7154.75,7155
1776728880,7155,7155.25,7155,7155
1776728940,7154.75,7155.25,7154.75,7155
1776729000,7155,7155,7154,7154.5
1776729060,7154.5,7155.25,7154.5,7154.75
1776729120,7155,7155.25,7154.75,7155.25
1776729180,7155,7155.5,7155,7155
1776729240,7155.25,7155.25,7155,7155
1776729300,7154.75,7155,7154.5,7154.5
1776729360,7154.25,7154.75,7154,7154.5
1776729420,7154.5,7155.25,7154.5,7155
1776729480,7154.75,7155.5,7154.5,7154.5
1776729540,7154.75,7155,7154.75,7155
1776729600,7155,7156.75,7155,7155.25
1776729660,7155.25,7156,7155.25,7155.75
1776729720,7155.75,7156.75,7155.5,7156.25
1776729780,7156,7156,7155.25,7155.5
1776729840,7155.5,7155.5,7154.5,7155.5
1776729900,7155.5,7157,7155.25,7156.5
1776729960,7156.75,7157.75,7155.5,7155.5
1776730020,7155.25,7156.5,7154.75,7156
1776730080,7156.25,7156.25,7154,7155
1776730140,7155,7155.5,7154.75,7155.5
1776730200,7155.5,7157.75,7155.5,7157.25
1776730260,7157.25,7157.5,7156.5,7157
1776730320,7156.75,7157,7156.25,7156.75
1776730380,7156.75,7157.5,7156.5,7157
1776730440,7157.25,7157.25,7156,7156
1776730500,7155.75,7156.5,7155.5,7156
1776730560,7156,7157,7155.75,7156.5
1776730620,7156.5,7156.5,7154.5,7155.25
1776730680,7155.25,7155.25,7154.75,7155
1776730740,7155,7155.25,7154.25,7154.25
1776730800,7154.5,7155,7154,7154.5
1776730860,7154.25,7155.25,7154.25,7155
1776730920,7155.25,7156,7155,7155
1776730980,7155.25,7155.75,7155,7155.5
1776731040,7155.5,7155.75,7155.25,7155.25
1776731100,7155.25,7155.25,7153.25,7153.5
1776731160,7153.25,7153.5,7152.25,7153
1776731220,7153.25,7154.25,7153,7153.25
1776731280,7153,7153.75,7152.75,7153.25
1776731340,7153,7153.5,7152,7152.5
1776731400,7152.25,7153,7152,7152.5
1776731460,7152.75,7153,7151.25,7151.25
1776731520,7151.5,7151.5,7150.75,7151.5
1776731580,7151.25,7152,7150.5,7151.75
1776731640,7151.75,7152,7151.25,7151.25
1776731700,7151.5,7152.25,7151.25,7151.75
1776731760,7151.75,7151.75,7150.75,7150.75
1776731820,7151,7151.5,7150.75,7150.75
1776731880,7150.75,7151.25,7150,7150.75
1776731940,7150.5,7150.75,7150,7150.75
1776732000,7150.75,7152,7150.75,7151.75
1776732060,7152,7153.25,7152,7153
1776732120,7152.75,7153.75,7152.25,7153.5
1776732180,7153.5,7153.75,7153,7153.5
1776732240,7153.5,7153.5,7152.75,7153
1776732300,7153,7153.75,7153,7153.5
1776732360,7153.75,7155.25,7152.75,7153.25
1776732420,7153.5,7160.25,7153.25,7157.5
1776732480,7157.25,7159.25,7157,7158.25
1776732540,7158.25,7158.25,7156.5,7157
1776732600,7156.75,7157.75,7156.5,7157
1776732660,7156.75,7157.75,7156.25,7157.25
1776732720,7157.25,7157.5,7156.5,7156.5
1776732780,7156.5,7157.25,7156,7156.75
1776732840,7157,7157.25,7156.75,7157
1776732900,7156.75,7159,7156.75,7158.25
1776732960,7158.25,7158.5,7157.5,7158.25
1776733020,7158.25,7159.25,7158,7158.75
1776733080,7158.5,7159,7158,7158.5
1776733140,7158.5,7158.75,7158.25,7158.25
1776733200,7158.5,7158.75,7157.5,7157.75
1776733260,7157.5,7158.5,7157,7158.25
1776733320,7158.5,7158.5,7156.75,7157
1776733380,7157,7157.75,7156.75,7157.25
1776733440,7157.5,7157.5,7157,7157.5
1776733500,7157.25,7158.5,7157,7158
1776733560,7157.5,7157.5,7157,7157.25
1776733620,7157.5,7157.5,7157,7157.25
1776733680,7157.25,7158.25,7157.25,7157.75
1776733740,7157.75,7158,7157.25,7157.75
1776733800,7157.5,7157.5,7156.25,7156.75
1776733860,7156.5,7157,7155.75,7156.75
1776733920,7156.5,7156.5,7155.75,7155.75
1776733980,7155.75,7157.25,7155.75,7157.25
1776734040,7157.5,7157.75,7156.25,7156.25
1776734100,7156.25,7156.5,7155.5,7156
1776734160,7156.25,7156.25,7155.75,7156
1776734220,7156,7158.5,7156,7158
1776734280,7157.75,7158.25,7157.5,7158.25
1776734340,7158,7158.5,7157.75,7158.25
1776734400,7158.25,7158.5,7157.5,7157.75
1776734460,7157.75,7158.5,7157.75,7158.25
1776734520,7158.5,7158.75,7158.25,7158.25
1776734580,7158.25,7158.75,7158.25,7158.25
1776734640,7158,7158,7157.5,7157.75
1776734700,7158,7158.25,7157.75,7158
1776734760,7158,7158.75,7158,7158.5
1776734820,7158.25,7158.5,7158,7158.25
1776734880,7158.5,7159,7158,7159
1776734940,7159,7160,7159,7160
1776735000,7159.75,7162,7159.25,7161.75
1776735060,7161.5,7162,7161,7161
1776735120,7161,7161.5,7160.75,7161
1776735180,7161,7161.5,7160.25,7161
1776735240,7161,7161.75,7161,7161.75
1776735300,7161.5,7162,7161,7162
1776735360,7162,7162.25,7161.5,7161.75
1776735420,7161.5,7162.25,7161.5,7162
1776735480,7162,7162.5,7161.75,7162.25
1776735540,7162.5,7162.5,7161.75,7161.75
1776735600,7161.75,7162,7160.75,7161.25
1776735660,7161.25,7161.25,7160.75,7161.25
1776735720,7161.25,7161.5,7161,7161
1776735780,7161,7161,7160.25,7160.25
1776735840,7160.25,7162.25,7160.25,7162
1776735900,7162,7162.5,7161.75,7162
1776735960,7161.75,7162,7161.25,7161.5
1776736020,7161.5,7161.75,7161,7161.25
1776736080,7161.5,7161.75,7161.25,7161.25
1776736140,7161.25,7161.5,7161,7161
1776736200,7161,7162,7161,7161.5
1776736260,7161.75,7161.75,7161.25,7161.25
1776736320,7161.5,7161.5,7159.75,7160.5
1776736380,7160.5,7160.75,7160.25,7160.75
1776736440,7160.5,7160.5,7159.75,7159.75
1776736500,7159.75,7160.25,7158.5,7158.75
1776736560,7158.75,7158.75,7157.5,7158
1776736620,7158,7159,7157.25,7157.5
1776736680,7157.75,7158,7157.25,7158
1776736740,7158,7158.75,7158,7158.75
1776736800,7158.75,7159.25,7158.5,7159
1776736860,7159,7159,7158,7158.5
1776736920,7158.75,7159.5,7158.5,7159.25
1776736980,7159.25,7159.5,7159,7159
1776737040,7159,7159.25,7158.75,7159
1776737100,7158.75,7159.5,7158.75,7159.25
1776737160,7159.25,7160,7159.25,7159.75
1776737220,7159.75,7160.25,7159.25,7159.5
1776737280,7159.5,7159.5,7158.5,7158.75
1776737340,7159,7159.75,7159,7159.75
1776737400,7159.75,7160.25,7159.25,7160
1776737460,7160,7160.25,7159.75,7160.25
1776737520,7160.25,7160.25,7159,7159.25
1776737580,7159,7159.75,7159,7159.75
1776737640,7159.5,7160.25,7159.5,7160.25
1776737700,7160,7160.25,7159.5,7159.75
1776737760,7159.5,7160.25,7159.5,7160.25
1776737820,7160.25,7160.25,7159.75,7160
1776737880,7159.75,7160.25,7159.75,7160.25
1776737940,7160,7160.5,7159.75,7160.25
1776738000,7160.25,7160.5,7160,7160
1776738060,7160,7160,7159.75,7159.75
1776738120,7160,7160,7158.75,7159.25
1776738180,7159.5,7160,7159.5,7159.75
1776738240,7159.5,7160,7159.5,7159.75
1776738300,7159.5,7159.75,7159.25,7159.5
1776738360,7159.75,7160,7159.25,7159.5
1776738420,7159.75,7160.25,7159.75,7160
1776738480,7160,7160.5,7160,7160.5
1776738540,7160.25,7160.5,7160,7160.25
1776738600,7160.25,7160.25,7159.75,7159.75
1776738660,7160,7160.5,7159.75,7160.5
1776738720,7160.25,7160.5,7160,7160
1776738780,7160,7160,7159.25,7159.25
1776738840,7159,7159.25,7158.5,7158.75
1776738900,7158.5,7159,7158.25,7158.5
1776738960,7158.5,7159,7158,7158.75
1776739020,7159,7159.25,7158.5,7159.25
1776739080,7159.25,7159.25,7158.25,7158.25
1776739140,7158.25,7159.75,7158.25,7159.75
1776739200,7159.75,7160.25,7159.5,7160
1776739260,7160.25,7160.5,7160,7160.25
1776739320,7160.25,7160.5,7160,7160.25
1776739380,7160,7160.5,7160,7160.25
1776739440,7160.25,7160.5,7160,7160
1776739500,7160.25,7160.25,7159.75,7160
1776739560,7160.25,7160.5,7160,7160
1776739620,7159.75,7160,7159.75,7160
1776739680,7160,7160,7159.75,7160
1776739740,7160,7160,7159,7159
1776739800,7159,7159.5,7158.75,7158.75
1776739860,7158.75,7159.25,7158.75,7158.75
1776739920,7159,7159,7158.75,7158.75
1776739980,7158.75,7159.25,7158.5,7159
1776740040,7159.25,7159.75,7159,7159.5
1776740100,7159.5,7159.75,7159.5,7159.5
1776740160,7159.25,7159.5,7158.75,7159
1776740220,7158.75,7158.75,7158.5,7158.75
1776740280,7158.75,7159,7157.75,7157.75
1776740340,7157.75,7158.25,7157.5,7157.75
1776740400,7158.25,7158.75,7158,7158
1776740460,7158,7158.25,7157.75,7157.75
1776740520,7157.75,7157.75,7157.5,7157.5
1776740580,7157.75,7158.25,7157.75,7158.25
1776740640,7158,7158.25,7158,7158.25
1776740700,7158.5,7158.75,7158,7158.25
1776740760,7158,7158.5,7158,7158.25
1776740820,7158.25,7158.5,7158.25,7158.5
1776740880,7158.25,7158.25,7157.75,7158
1776740940,7158.25,7158.5,7158,7158.25
1776741000,7158,7158.5,7158,7158
1776741060,7158,7158.25,7157.25,7157.5
1776741120,7157.5,7157.75,7157,7157
1776741180,7157.25,7157.25,7156.5,7156.5
1776741240,7156.5,7157,7156.5,7156.5
1776741300,7156.75,7156.75,7156.5,7156.5
1776741360,7156.5,7157,7156.5,7156.5
1776741420,7156.5,7157,7156.5,7156.5
1776741480,7156.5,7156.5,7155.75,7156
1776741540,7156,7156,7154.75,7155.5
1776741600,7155.25,7155.75,7155,7155.5
1776741660,7155.5,7155.5,7155,7155.25
1776741720,7155,7155.5,7153.5,7154
1776741780,7153.75,7154.5,7153.5,7154.25
1776741840,7154,7154.75,7154,7154.75
1776741900,7154.75,7155,7153.75,7154
1776741960,7154,7154.75,7153.75,7154.5
1776742020,7154.5,7155,7154.25,7154.75
1776742080,7154.5,7155,7154.5,7154.75
1776742140,7154.75,7155.5,7154.5,7155.5
1776742200,7155.25,7156,7155.25,7155.75
1776742260,7155.75,7155.75,7155.25,7155.25
1776742320,7155.5,7155.75,7155.25,7155.75
1776742380,7155.5,7155.75,7155.25,7155.75
1776742440,7155.5,7155.5,7155.25,7155.5
1776742500,7155.25,7155.75,7155.25,7155.5
1776742560,7155.75,7155.75,7155.25,7155.5
1776742620,7155.5,7156.25,7155.5,7155.75
1776742680,7155.75,7156,7155.25,7155.25
1776742740,7155.25,7155.5,7155,7155.25
1776742800,7155.25,7155.5,7155,7155.25
1776742860,7155,7155.25,7154.75,7154.75
1776742920,7154.75,7154.75,7154.25,7154.25
1776742980,7154.25,7155.25,7154.25,7155
1776743040,7155,7155.25,7154.75,7155
1776743100,7155.25,7155.75,7155.25,7155.5
1776743160,7155.5,7155.75,7155.5,7155.75
1776743220,7155.75,7156.25,7155.5,7155.75
1776743280,7156,7156,7155.75,7156
1776743340,7156,7156.5,7155.5,7156.25
1776743400,7156,7156.25,7156,7156
1776743460,7156.25,7157,7156.25,7156.75
1776743520,7156.75,7156.75,7156.5,7156.5
1776743580,7156.75,7157,7156.5,7157
1776743640,7157,7157.25,7156.5,7156.75
1776743700,7156.5,7156.75,7156,7156.5
1776743760,7156.25,7156.75,7156,7156.5
1776743820,7156.5,7157.25,7156.5,7156.75
1776743880,7156.75,7156.75,7156.5,7156.5
1776743940,7156.75,7157,7156.75,7157
1776744000,7157,7157.75,7156.75,7157.75
1776744060,7157.5,7157.75,7157.5,7157.75
1776744120,7157.75,7158,7157.5,7157.75
1776744180,7158,7158.25,7157.75,7158.25
1776744240,7158.25,7158.5,7158,7158.5
1776744300,7158.5,7158.5,7158,7158.25
1776744360,7158.25,7158.5,7158.25,7158.5
1776744420,7158.5,7158.75,7158.25,7158.5
1776744480,7158.5,7158.5,7158,7158.25
1776744540,7158,7158.25,7157.5,7157.5
1776744600,7157.25,7157.75,7157,7157.5
1776744660,7157.5,7158.25,7157.5,7158.25
1776744720,7158,7158.25,7157.75,7158.25
1776744780,7157.75,7158,7157.5,7157.75
1776744840,7157.75,7158.25,7157.75,7158
1776744900,7157.75,7159,7157.75,7158.75
1776744960,7158.75,7159,7158.5,7158.75
1776745020,7158.75,7159,7158.5,7158.5
1776745080,7158.5,7158.5,7158.25,7158.5
1776745140,7158.75,7158.75,7158.25,7158.25
1776745200,7158.25,7159,7158.25,7159
1776745260,7159,7159,7158.75,7159
1776745320,7159,7159.25,7159,7159
1776745380,7159.25,7159.5,7159,7159.25
1776745440,7159.5,7159.75,7159.25,7159.75
1776745500,7159.75,7159.75,7159.5,7159.75
1776745560,7159.5,7160.5,7159.5,7160.25
1776745620,7160.25,7160.5,7160,7160.25
1776745680,7160.25,7160.5,7159.75,7160
1776745740,7159.75,7160,7159.75,7159.75
1776745800,7160,7160.5,7159.75,7160
1776745860,7160,7161,7160,7161
1776745920,7160.75,7161,7160.25,7160.75
1776745980,7160.75,7161,7160.75,7161
1776746040,7161,7161,7160.5,7160.5
1776746100,7160.75,7160.75,7160.5,7160.75
1776746160,7160.75,7161.25,7160.75,7161
1776746220,7161,7161.25,7160.75,7161.25
1776746280,7161.25,7161.25,7160.75,7160.75
1776746340,7160.75,7161,7160.75,7160.75
1776746400,7161,7161.25,7160.75,7160.75
1776746460,7160.75,7161,7160.75,7160.75
1776746520,7161,7161,7160.25,7160.5
1776746580,7160.5,7160.5,7160.25,7160.25
1776746640,7160.25,7160.25,7159.75,7160
1776746700,7160,7160.5,7160,7160.5
1776746760,7160.5,7160.5,7160.25,7160.25
1776746820,7160.5,7160.5,7160.25,7160.25
1776746880,7160.25,7161,7160.25,7160.5
1776746940,7160.5,7160.5,7160.25,7160.25
1776747000,7160.5,7160.75,7160.5,7160.75
1776747060,7160.75,7161.25,7160.5,7161.25
1776747120,7161.25,7161.25,7160.75,7160.75
1776747180,7161,7161.25,7160.75,7161.25
1776747240,7161,7161.25,7160.75,7160.75
1776747300,7160.75,7160.75,7160.5,7160.5
1776747360,7160.75,7160.75,7160.5,7160.75
1776747420,7161,7161.25,7160.75,7161
1776747480,7161,7161.25,7160.75,7160.75
1776747540,7160.75,7160.75,7160.25,7160.5
1776747600,7160.75,7161.25,7160.5,7161
1776747660,7160.75,7161,7160,7160.25
1776747720,7160.25,7161.5,7160.25,7161.5
1776747780,7161.75,7162.5,7161.75,7161.75
1776747840,7161.75,7162.25,7161.5,7162.25
1776747900,7162.25,7163.5,7162.25,7163
1776747960,7163.25,7164.5,7163.25,7163.5
1776748020,7163.5,7163.5,7162.75,7163.25
1776748080,7163.25,7164,7163.25,7163.75
1776748140,7163.75,7164,7163.25,7163.5
1776748200,7163.25,7163.5,7163,7163
1776748260,7163,7164,7163,7163.5
1776748320,7163.25,7163.75,7163.25,7163.25
1776748380,7163,7163.25,7163,7163.25
1776748440,7163.5,7164.5,7163.5,7164
1776748500,7164.25,7164.75,7164,7164.25
1776748560,7164.5,7165,7164.25,7164.75
1776748620,7164.75,7164.75,7164,7164.25
1776748680,7164.25,7164.5,7164,7164.25
1776748740,7164.25,7164.25,7163.75,7163.75
1776748800,7163.75,7164.5,7163.5,7163.75
1776748860,7164,7164.25,7163.5,7163.75
1776748920,7163.75,7164,7162.75,7163
1776748980,7163,7163.5,7163,7163.5
1776749040,7163.5,7164,7163.25,7164
1776749100,7164,7164.5,7164,7164.5
1776749160,7164.25,7165.25,7164.25,7165
1776749220,7165,7165.25,7164.5,7164.75
1776749280,7164.75,7165.25,7164.5,7165
1776749340,7165.25,7165.25,7163.75,7163.75
1776749400,7163.75,7164,7163,7163.25
1776749460,7163.25,7163.25,7162.25,7162.25
1776749520,7162.5,7163.25,7162.5,7163
1776749580,7163,7163.25,7162.5,7162.5
1776749640,7162.5,7163,7162.5,7163
1776749700,7163,7163.5,7162.75,7163.25
1776749760,7163,7163.5,7163,7163.25
1776749820,7163.25,7163.25,7163,7163.25
1776749880,7163,7163.5,7163,7163.25
1776749940,7163.25,7163.5,7162.75,7163
1776750000,7162.75,7163,7162.75,7163
1776750060,7163,7163,7162.75,7162.75
1776750120,7163,7163,7162.75,7162.75
1776750180,7163.25,7163.25,7162.5,7162.5
1776750240,7162.75,7163,7162.5,7162.75
1776750300,7162.5,7162.5,7161.5,7161.75
1776750360,7161.75,7162,7161,7161.25
1776750420,7161,7161.25,7161,7161.25
1776750480,7161.25,7161.5,7161,7161
1776750540,7161,7161.25,7160.75,7161
1776750600,7160.75,7161.75,7160,7161.75
1776750660,7161.5,7161.75,7160.75,7160.75
1776750720,7160.75,7161,7160.75,7161
1776750780,7161,7161.75,7161,7161.5
1776750840,7161.25,7162,7161.25,7161.5
1776750900,7161.5,7161.75,7161,7161.5
1776750960,7161.25,7161.5,7160.75,7161.25
1776751020,7161,7161,7160.5,7160.75
1776751080,7160.75,7161,7160.25,7160.5
1776751140,7160.75,7161,7160.5,7160.5
1776751200,7160.5,7161.75,7160.25,7161.25
1776751260,7161.5,7161.5,7160.75,7161
1776751320,7161,7161.25,7159.75,7159.75
1776751380,7159.5,7161,7159,7160.75
1776751440,7160.5,7161,7160.25,7160.5
1776751500,7160.75,7161.25,7159.75,7160.25
1776751560,7160.5,7161.5,7160.25,7161.25
1776751620,7161,7163,7161,7162.75
1776751680,7162.5,7165,7162.5,7164
1776751740,7164.25,7164.5,7164,7164
1776751800,7163.75,7165.5,7163.5,7165
1776751860,7165,7165.5,7164,7164.75
1776751920,7164.75,7165,7163.25,7163.5
1776751980,7163.5,7163.75,7163.25,7163.5
1776752040,7163.75,7165,7163.75,7164.5
1776752100,7164.5,7165,7164.25,7164.25
1776752160,7164.25,7164.25,7163.75,7164
1776752220,7164.25,7164.25,7164,7164.25
1776752280,7164.25,7164.5,7163.5,7164.25
1776752340,7164.5,7164.5,7163.75,7164.25
1776752400,7164.5,7164.75,7164,7164
1776752460,7164,7164.75,7164,7164.75
1776752520,7165,7165.5,7164.5,7164.75
1776752580,7164.75,7165.75,7164.5,7165.75
1776752640,7165.75,7165.75,7165,7165.5
1776752700,7165.25,7165.25,7164,7164
1776752760,7164.25,7164.25,7163.25,7163.75
1776752820,7163.5,7163.75,7162.75,7163.5
1776752880,7163.75,7164,7163.5,7163.75
1776752940,7163.5,7163.5,7163,7163.25
1776753000,7163.5,7164.25,7163.25,7163.75
1776753060,7163.75,7164.25,7163.25,7164.25
1776753120,7164.25,7164.25,7163.75,7163.75
1776753180,7164,7164.75,7163.75,7164.25
1776753240,7164.5,7164.75,7164,7164.5
1776753300,7164.5,7164.5,7164,7164
1776753360,7164,7164.5,7164,7164.25
1776753420,7164.25,7164.25,7163.25,7163.25
1776753480,7163.5,7164.25,7163.25,7164
1776753540,7164,7164.5,7164,7164
1776753600,7164,7164.25,7163.75,7164.25
1776753660,7164.5,7164.75,7164,7164.5
1776753720,7164.25,7165,7164.25,7164.75
1776753780,7164.75,7164.75,7164.5,7164.75
1776753840,7164.75,7164.75,7163.75,7163.75
1776753900,7163.5,7164.5,7163.5,7163.75
1776753960,7163.75,7164.5,7163.5,7163.5
1776754020,7163.25,7164.25,7163.25,7163.75
1776754080,7163.75,7163.75,7163.25,7163.25
1776754140,7163.5,7164,7163.5,7163.5
1776754200,7163.5,7164,7162.75,7163.75
1776754260,7163.5,7163.5,7162.75,7163
1776754320,7163,7163.25,7162.5,7163.25
1776754380,7163.25,7164,7163,7163.75
1776754440,7163.5,7163.75,7163.25,7163.25
1776754500,7163.25,7164,7163.25,7164
1776754560,7164,7164,7163.5,7163.5
1776754620,7163.25,7163.5,7163,7163.25
1776754680,7163.5,7163.75,7163,7163
1776754740,7162.75,7163.25,7162.5,7162.75
1776754800,7162.75,7163,7161.75,7162
1776754860,7162,7162.25,7161.25,7161.5
1776754920,7161.5,7161.75,7159.25,7159.75
1776754980,7159.75,7160.75,7157.25,7157.75
1776755040,7157.75,7157.75,7156.25,7157.5
1776755100,7157.5,7158.5,7156.75,7158.25
1776755160,7158.25,7159,7157.75,7158.25
1776755220,7158,7158.5,7157.75,7157.75
1776755280,7158,7158.5,7157.5,7158
1776755340,7157.75,7158.25,7157,7158
1776755400,7158.25,7159,7157.75,7158.5
1776755460,7158.5,7159.25,7158.25,7159.25
1776755520,7159,7159.25,7158,7159.25
1776755580,7159.25,7159.5,7158.5,7159
1776755640,7158.75,7159.25,7157.5,7157.5
1776755700,7158.25,7158.75,7158,7158.25
1776755760,7158.5,7159.25,7158,7158.75
1776755820,7158.5,7158.5,7157.25,7158.25
1776755880,7158.5,7159.25,7158,7158.25
1776755940,7158.5,7159,7158.5,7158.5
1776756000,7159,7159.75,7158.75,7159
1776756060,7159.25,7159.75,7158.75,7159.75
1776756120,7159.75,7160,7159.25,7159.5
1776756180,7159.5,7159.75,7159,7159
1776756240,7159.5,7159.5,7159,7159.25
1776756300,7159.5,7160.75,7159.5,7160.5
1776756360,7160.25,7161,7159.75,7159.75
1776756420,7159.75,7160.25,7159.25,7159.75
1776756480,7160,7160.25,7158.25,7158.5
1776756540,7158.25,7159,7157.75,7159
1776756600,7159,7160.5,7159,7159.25
1776756660,7159,7159,7158.25,7158.5
1776756720,7158.5,7158.5,7157,7157.25
1776756780,7157,7158,7156.75,7157.5
1776756840,7157.75,7158,7157,7157
1776756900,7156.75,7158.25,7156.75,7158
1776756960,7158.25,7158.75,7157.5,7158.5
1776757020,7158.25,7158.5,7157.5,7157.75
1776757080,7157.25,7158,7157.25,7158
1776757140,7158.25,7158.75,7158,7158.5
1776757200,7158.5,7158.75,7158,7158.25
1776757260,7158.25,7159,7158.25,7158.75
1776757320,7158.75,7159.75,7158.25,7159.75
1776757380,7159.75,7160.25,7159.75,7160
1776757440,7160,7160.25,7159.5,7159.5
1776757500,7159.25,7159.5,7158.75,7159
1776757560,7159.5,7160,7159.25,7159.5
1776757620,7159.5,7159.5,7159.25,7159.25
1776757680,7159,7160,7159,7159.75
1776757740,7159.5,7161,7159.5,7161
1776757800,7161,7163.25,7160.75,7161.75
1776757860,7161.75,7161.75,7160.5,7161.5
1776757920,7161,7162,7160.75,7160.75
1776757980,7160.75,7160.75,7159.75,7160.75
1776758040,7160.75,7160.75,7159,7159.75
1776758100,7159.5,7160.25,7159,7159
1776758160,7159.25,7160,7158.75,7159.5
1776758220,7159.25,7160.25,7159.25,7159.75
1776758280,7159.5,7159.75,7158.75,7159
1776758340,7158.75,7159,7158,7158.25
1776758400,7158,7158.5,7157,7157.5
1776758460,7157.75,7158,7157.25,7157.75
1776758520,7158,7159.25,7158,7158.75
1776758580,7158.75,7159,7158,7158.75
1776758640,7158.75,7158.75,7157.25,7158
1776758700,7158.25,7158.5,7156.75,7157.5
1776758760,7157.75,7158.5,7154.5,7155.25
1776758820,7155.5,7156.25,7154.75,7155.5
1776758880,7155.5,7156.25,7155.25,7156
1776758940,7156,7157.25,7156,7157
1776759000,7157,7157.25,7156.5,7157
1776759060,7157.25,7157.5,7155.25,7155.25
1776759120,7155.25,7156,7155.25,7155.75
1776759180,7155.5,7155.75,7155,7155.5
1776759240,7155.25,7155.5,7155,7155.25
1776759300,7155.25,7156.25,7155,7156.25
1776759360,7156.25,7156.75,7155.75,7156.25
1776759420,7156,7156.5,7155.75,7156.25
1776759480,7156.25,7156.25,7155.5,7155.75
1776759540,7156,7157,7156,7156.75
1776759600,7156.75,7157.75,7156.5,7157.5
1776759660,7157.5,7158.5,7157.5,7158.25
1776759720,7158.25,7158.5,7158,7158
1776759780,7158.25,7158.5,7157.75,7158.25
1776759840,7158,7159,7158,7158.5
1776759900,7158.5,7159,7158.25,7159
1776759960,7159,7160.75,7159,7160.25
1776760020,7160.5,7161,7160.25,7160.75
1776760080,7161,7162,7160.75,7161.25
1776760140,7161.5,7162.5,7161,7161.5
1776760200,7161.5,7161.5,7160.5,7160.5
1776760260,7160.5,7161,7160,7161
1776760320,7161,7161.25,7160.5,7160.75
1776760380,7160.75,7161.25,7160.5,7161.25
1776760440,7161.25,7162,7161,7161.75
1776760500,7161.5,7161.75,7160.75,7160.75
1776760560,7160.5,7161,7160.25,7161
1776760620,7161,7161.25,7160.75,7161.25
1776760680,7161,7161.25,7161,7161
1776760740,7161,7162,7161,7162
1776760800,7162,7162.25,7161.5,7161.5
1776760860,7161.75,7163,7161.75,7162.25
1776760920,7162.75,7163.75,7162.5,7163.5
1776760980,7163.25,7167,7163.25,7164.25
1776761040,7164,7165.75,7163.5,7165.25
1776761100,7165.25,7166,7164.5,7165.75
1776761160,7165.5,7166,7164.75,7165.25
1776761220,7165.25,7166.5,7164.75,7166
1776761280,7166,7166.5,7165.5,7165.75
1776761340,7165.5,7166,7165.25,7165.75
1776761400,7165.5,7166,7165.25,7165.25
1776761460,7165.25,7165.5,7165,7165.25
1776761520,7165,7165.25,7164.5,7164.5
1776761580,7164.5,7165.75,7164.5,7165.25
1776761640,7165.25,7166,7165,7165.75
1776761700,7165.5,7165.5,7164.75,7164.75
1776761760,7164.75,7164.75,7163.75,7164.5
1776761820,7164,7164.5,7163.5,7163.75
1776761880,7163.75,7164.5,7163.75,7163.75
1776761940,7163.75,7164.25,7163.75,7164
1776762000,7164,7164,7162.75,7163
1776762060,7163,7163.25,7161.75,7161.75
1776762120,7161.75,7162.75,7161.75,7162
1776762180,7162.25,7162.5,7159.5,7160.5
1776762240,7160.25,7161,7160,7160.75
1776762300,7160.75,7161.25,7160.5,7161.25
1776762360,7161.25,7162,7161,7162
1776762420,7161.75,7162,7159.75,7159.75
1776762480,7159.5,7159.5,7158.5,7159.5
1776762540,7159.25,7159.75,7159,7159.25
1776762600,7159.25,7160.5,7159.25,7160.5
1776762660,7160.5,7160.75,7160,7160.5
1776762720,7160.5,7161,7160,7160.75
1776762780,7160.75,7160.75,7160.25,7160.25
1776762840,7160.25,7161,7160,7160
1776762900,7159.75,7160.75,7159.5,7160.25
1776762960,7160,7160.25,7159.75,7160
1776763020,7159.75,7161.25,7159.25,7161.25
1776763080,7161.25,7161.75,7161,7161.25
1776763140,7161.25,7161.5,7160.75,7161.5
1776763200,7161.25,7161.75,7161.25,7161.75
1776763260,7161.5,7162,7160,7160.25
1776763320,7160,7160.75,7159.75,7160.5
1776763380,7160.5,7161,7160.25,7160.25
1776763440,7160.25,7160.5,7160,7160.25
1776763500,7160.5,7161,7160.25,7160.25
1776763560,7160.25,7160.5,7159.75,7160.25
1776763620,7160.5,7160.75,7160.25,7160.5
1776763680,7160.5,7161,7160.25,7160.5
1776763740,7160.5,7161,7160.25,7161
1776763800,7161.25,7162.25,7161,7161.75
1776763860,7162,7162.5,7161.75,7162
1776763920,7162,7162,7161.5,7162
1776763980,7162,7162.5,7161.5,7161.75
1776764040,7162,7162.25,7161.5,7161.5
1776764100,7161.75,7162,7161.5,7162
1776764160,7161.75,7162.25,7161.75,7162
1776764220,7162.25,7162.5,7161,7161.75
1776764280,7162,7162.5,7161.75,7162.25
1776764340,7162.5,7162.5,7162,7162.25
1776764400,7162,7162.5,7161.5,7162.5
1776764460,7162.75,7163,7162.5,7163
1776764520,7163,7163,7162,7162.25
1776764580,7162,7162,7161.25,7162
1776764640,7162,7162.5,7161.5,7162.25
1776764700,7162.25,7162.5,7162.25,7162.25
1776764760,7162.25,7162.25,7161.75,7162
1776764820,7162,7162.5,7161.75,7161.75
1776764880,7161.75,7162.25,7161.5,7162.25
1776764940,7162.25,7163,7162.25,7163
1776765000,7163,7163.75,7162.75,7163.75
1776765060,7163.25,7164.25,7163.25,7164
1776765120,7164,7164.5,7163.5,7164.5
1776765180,7164.5,7164.75,7163.75,7163.75
1776765240,7163.75,7164.25,7163.5,7164
1776765300,7164.25,7169.5,7164.25,7167.5
1776765360,7167.75,7168,7166.75,7167.75
1776765420,7167.75,7168.5,7167,7168.25
1776765480,7168.25,7168.75,7167.75,7167.75
1776765540,7168,7168.75,7167.5,7168.75
1776765600,7168.75,7169.25,7168,7168.25
1776765660,7168.5,7169.25,7168.25,7169
1776765720,7168.75,7170,7168.75,7169.25
1776765780,7169,7169.5,7168.5,7168.5
1776765840,7168.75,7169,7168.25,7169
1776765900,7169,7169.75,7168.75,7169.75
1776765960,7169.5,7170,7169,7169.75
1776766020,7169.75,7170,7169,7169.5
1776766080,7169.25,7171,7169.25,7170.75
1776766140,7170.75,7172,7170.75,7171
1776766200,7171,7171.25,7169.25,7170.5
1776766260,7170,7171.25,7170,7170.25
1776766320,7170.5,7170.75,7169.5,7170
1776766380,7170,7170.25,7168.75,7169
1776766440,7169,7169.75,7168.75,7169.5
1776766500,7169.5,7169.75,7169,7169.75
1776766560,7169.5,7170,7169.25,7169.75
1776766620,7169.5,7170,7169.25,7169.5
1776766680,7169.5,7169.5,7169,7169
1776766740,7169,7169.25,7168.75,7169
1776766800,7169.5,7169.5,7168,7168
1776766860,7168,7169,7168,7168.75
1776766920,7168.5,7169.25,7168.5,7169.25
1776766980,7168.75,7169.5,7168.75,7169.25
1776767040,7169.25,7169.5,7169,7169
1776767100,7169,7169.25,7168.5,7169
1776767160,7169,7170,7168.75,7169
1776767220,7169,7169.25,7168.5,7169
1776767280,7169,7169.25,7168.75,7169
1776767340,7169,7169.75,7168.75,7169.5
1776767400,7169.5,7170.25,7169,7170
1776767460,7170,7171,7169.75,7170.75
1776767520,7171,7171.75,7170.75,7171.5
1776767580,7171.5,7171.5,7170.75,7171
1776767640,7170.75,7171.25,7170.75,7171
1776767700,7170.75,7171.25,7170.75,7171
1776767760,7170.75,7171.5,7170.75,7171.25
1776767820,7171.25,7172.25,7171.25,7172
1776767880,7172,7173.5,7172,7173.5
1776767940,7173.5,7173.75,7172.75,7173
1776768000,7173,7173.25,7172.5,7173
1776768060,7172.75,7173,7172.25,7172.25
1776768120,7172.25,7172.25,7171.5,7172.25
1776768180,7172.25,7173,7172,7172.75
1776768240,7172.75,7173,7172.25,7173
1776768300,7173,7173.75,7172.75,7173.75
1776768360,7173.75,7174.25,7173.5,7173.75
1776768420,7173.75,7174.75,7173.25,7173.75
1776768480,7173.75,7174.75,7173.5,7174.5
1776768540,7174.25,7174.75,7174.25,7174.5
1776768600,7174.75,7175.5,7174.5,7175
1776768660,7175,7176.5,7175,7176.25
1776768720,7176.25,7176.75,7175.75,7176.5
1776768780,7176.25,7176.75,7176,7176.5
1776768840,7176.25,7176.75,7176.25,7176.5
1776768900,7176.5,7177.5,7176.25,7177.25
1776768960,7177.25,7177.5,7176.75,7176.75
1776769020,7177,7177.25,7176.25,7176.25
1776769080,7176.25,7176.75,7175.75,7176.25
1776769140,7176.5,7176.5,7175.75,7175.75
1776769200,7175.75,7176.5,7175.25,7176.25
1776769260,7176.25,7176.75,7175.75,7176
1776769320,7176.25,7176.75,7174.5,7176.25
1776769380,7176.25,7176.25,7174.5,7174.5
1776769440,7174.75,7176.25,7174.5,7176
1776769500,7176,7176.25,7175.5,7176
1776769560,7176,7177.75,7176,7177.5
1776769620,7177.25,7177.75,7176.5,7176.75
1776769680,7176.75,7176.75,7175,7175.5
1776769740,7175.25,7176,7169.25,7173.75
1776769800,7174,7174.75,7172.5,7173.25
1776769860,7173.5,7175,7173.25,7175
1776769920,7175,7175,7172.75,7173
1776769980,7173,7173,7171.5,7171.75
1776770040,7172,7172.75,7171.75,7172.5
1776770100,7173,7173,7171,7171.75
1776770160,7171.75,7173,7171.75,7172.5
1776770220,7172.5,7174,7172,7173.75
1776770280,7173.75,7174.25,7173.25,7173.75
1776770340,7174,7174.25,7173.5,7174.25
1776770400,7174,7175.25,7173.75,7174.75
1776770460,7175,7176.75,7174.25,7176
1776770520,7176,7176,7174,7174.5
1776770580,7174.75,7175.25,7174.25,7174.5
1776770640,7174.75,7175.5,7174.5,7175.25
1776770700,7175,7175.5,7174.5,7175
1776770760,7174.75,7176.75,7173.75,7176.5
1776770820,7176.5,7177.75,7176,7177.25
1776770880,7177.25,7178,7177.25,7177.75
1776770940,7177.75,7178.75,7177.5,7178.75
1776771000,7178.75,7180,7178.25,7179.5
1776771060,7179.75,7180.25,7179,7179.75
1776771120,7179.75,7181.5,7179.5,7181.25
1776771180,7181.25,7181.75,7181,7181
1776771240,7181,7181.25,7180.25,7180.5
1776771300,7180.5,7181.25,7180.25,7181
1776771360,7181.25,7182.25,7180.75,7182
1776771420,7181.75,7182.25,7180.75,7181
1776771480,7180.75,7181,7180.25,7180.5
1776771540,7180.5,7182.75,7180.5,7181.75
1776771600,7182,7183,7181.5,7182.75
1776771660,7182.5,7182.75,7182.25,7182.5
1776771720,7182.5,7182.75,7181.5,7181.75
1776771780,7182,7182,7180.75,7180.75
1776771840,7180.75,7180.75,7179.5,7180.25
1776771900,7180.25,7180.5,7178.75,7179.25
1776771960,7179.5,7180,7179.25,7180
1776772020,7180,7181,7179.75,7180.75
1776772080,7180.75,7181.25,7180.5,7180.75
1776772140,7180.75,7180.75,7179.75,7179.75
1776772200,7180,7180.75,7180,7180.25
1776772260,7180.25,7180.75,7180.25,7180.5
1776772320,7180.5,7180.5,7179.5,7179.75
1776772380,7179.75,7180,7179,7179.25
1776772440,7179,7179.5,7178,7178.5
1776772500,7178.5,7178.75,7177.5,7177.5
1776772560,7177.75,7177.75,7177,7177.75
1776772620,7177.75,7178,7176.75,7177
1776772680,7177.5,7177.75,7177,7177.5
1776772740,7177.25,7177.75,7175,7175.5
1776772800,7176,7177,7175.5,7176.5
1776772860,7176.75,7176.75,7175.75,7176.25
1776772920,7176.25,7176.75,7176,7176
1776772980,7176,7176,7175,7175.25
1776773040,7175.25,7175.5,7173.75,7174.5
1776773100,7174.5,7175.5,7174.25,7174.75
1776773160,7175,7175.5,7174.5,7175
1776773220,7175.25,7175.75,7175,7175.75
1776773280,7175.75,7176.25,7175.25,7175.5
1776773340,7175.75,7177.25,7175.25,7177.25
1776773400,7177,7177,7176,7176.25
1776773460,7176.25,7176.5,7173.75,7173.75
1776773520,7173.75,7174.75,7172.5,7173.75
1776773580,7174,7174.75,7173,7173.75
1776773640,7173.75,7173.75,7172.25,7172.25
1776773700,7172.5,7173.25,7168.25,7169
1776773760,7168.75,7170.5,7168.75,7170
1776773820,7170.5,7171,7169.5,7170.25
1776773880,7170.25,7170.5,7168.5,7168.75
1776773940,7169,7169,7167,7167
1776774000,7167.25,7169,7166.5,7168.5
1776774060,7168.75,7170,7168.25,7169.75
1776774120,7170,7171.5,7169.75,7171.25
1776774180,7171.25,7171.5,7170.25,7171.5
1776774240,7171.25,7172,7170.75,7171
1776774300,7171,7171.25,7170,7170.5
1776774360,7170.75,7171.75,7170.75,7171.5
1776774420,7171.25,7171.75,7170.5,7171
1776774480,7171,7173.25,7171,7173
1776774540,7173.25,7174.5,7172.75,7174
1776774600,7173.75,7177,7171.5,7173.75
1776774660,7173.25,7173.75,7171.5,7172.25
1776774720,7172.25,7176.25,7172,7174.25
1776774780,7174.5,7175,7173,7174
1776774840,7174,7175.5,7173.75,7174
1776774900,7174.25,7174.5,7172.75,7173.25
1776774960,7173,7174.25,7172.75,7174
1776775020,7174.25,7174.5,7169.25,7171
1776775080,7170.5,7171.5,7163.75,7167.25
1776775140,7167.25,7167.25,7164,7164.75
1776775200,7164.75,7166.25,7163.75,7166
1776775260,7165.75,7167,7165.5,7166.25
1776775320,7166.5,7167.75,7165.5,7166
1776775380,7165.75,7166,7162.75,7163.25
1776775440,7163.5,7165.25,7162,7165
1776775500,7165,7166.5,7164,7164.5
1776775560,7164.75,7166.75,7164.5,7166
1776775620,7165.75,7168,7165.75,7166.75
1776775680,7166.5,7167.25,7164.25,7165.25
1776775740,7165.25,7166.5,7162,7162.5
1776775800,7162.75,7163,7160.75,7162.75
1776775860,7163,7164.5,7162.75,7163.75
1776775920,7164,7165.25,7163.75,7164.25
1776775980,7164.25,7165.5,7164.25,7165
1776776040,7164.75,7165.75,7164.25,7165.5
1776776100,7166,7167,7165.25,7165.5
1776776160,7165.5,7165.75,7163.5,7163.75
1776776220,7164,7164,7161.75,7163
1776776280,7163,7163.75,7162.5,7163.75
1776776340,7163.75,7164.75,7163.25,7164
1776776400,7164,7165.75,7163.75,7165
1776776460,7165,7165.25,7163.75,7164
1776776520,7164.25,7165.5,7164,7165.5
1776776580,7165.25,7165.25,7163.5,7164
1776776640,7164,7164,7161.5,7161.75
1776776700,7162,7162,7160.25,7161.75
1776776760,7161.25,7163,7161,7162
1776776820,7161.75,7162.5,7161.5,7162
1776776880,7162.25,7162.25,7160.25,7161
1776776940,7161,7162.25,7160.5,7160.5
1776777000,7160.75,7162.75,7160.75,7162.25
1776777120,7162.5,7163.25,7162,7162.75
1776777180,7162.75,7163.5,7162.25,7162.5
1776777240,7162.5,7162.75,7161,7161.25
1776777300,7161.25,7162.25,7161.25,7162.25
1776777360,7162.25,7163,7161.5,7161.75
1776777420,7161.75,7162.75,7161.5,7162.75
1776777480,7162.75,7162.75,7161.25,7161.75
1776777540,7162,7162.5,7161.75,7162
1776777600,7162,7162.5,7161.5,7162.25
1776777660,7162.5,7162.75,7161.75,7162
1776777720,7162,7162.75,7161.5,7161.75
1776777780,7162,7164,7157,7161.75
1776777840,7162,7162.25,7160,7161.25
1776777900,7161.5,7162.25,7161,7161.25
1776777960,7161.25,7162.25,7160.5,7160.5
1776778020,7160.75,7162.5,7160.5,7162.25
1776778080,7162.25,7163.5,7161.25,7162.5
1776778140,7162.5,7163,7161.75,7162.5
1776778200,7162.25,7164,7154.75,7155.25
1776778260,7155,7155.5,7150.25,7152.5
1776778320,7152.75,7155.25,7152,7153.25
1776778380,7153.25,7156,7151.5,7153
1776778440,7153,7154.5,7151,7153.5
1776778500,7153.75,7154,7147,7150.25
1776778560,7150,7152.75,7150,7150.5
1776778620,7150.5,7152,7148.75,7149.25
1776778680,7149.25,7151.5,7148.5,7149
1776778740,7149.25,7151,7147,7150
1776778800,7150.25,7154.5,7149.5,7153.75
1776778860,7154,7155,7150.5,7152.75
1776778920,7152.5,7154.75,7151.75,7153.75
1776778980,7153.75,7156.25,7153,7154.75
1776779040,7154.75,7156.75,7152.75,7156.5
1776779100,7156.25,7158.5,7153.25,7155
1776779160,7155,7159,7153.75,7158.75
1776779220,7158.5,7161.5,7158.25,7160.5
1776779280,7160.75,7164,7160.5,7163.75
1776779340,7163.75,7164,7160.75,7162
1776779400,7161.75,7163.5,7161.25,7162.5
1776779460,7162.75,7163,7160.75,7162.5
1776779520,7162.5,7166.5,7162,7165.25
1776779580,7165.5,7168.5,7164.75,7168
1776779640,7168.25,7168.25,7165,7166.25
1776779700,7166.25,7168.5,7165.5,7167
1776779760,7167.25,7168.5,7165.75,7167.5
1776779820,7167.5,7168,7166,7166.25
1776779880,7166.25,7167.75,7165.25,7166.5
1776779940,7166.75,7167.75,7166,7167.75
1776780000,7167.5,7169.25,7164.5,7166.75
1776780060,7166.75,7169.75,7166.25,7169.5
1776780120,7169.5,7169.5,7166.75,7168.75
1776780180,7168.5,7168.5,7165.75,7166
1776780240,7166.25,7167,7165.25,7165.75
1776780300,7165.75,7168.25,7165.25,7167.5
1776780360,7167.5,7168,7166.5,7166.75
1776780420,7166.75,7169.5,7166.5,7168.75
1776780480,7168.75,7171,7168.5,7171
1776780540,7170.75,7171.75,7169.75,7170
1776780600,7170,7170.75,7166.75,7169.25
1776780660,7169.25,7171.75,7169,7171.5
1776780720,7171.25,7171.5,7169.25,7170.75
1776780780,7170.75,7171.5,7169.5,7170.75
1776780840,7170.75,7171.75,7169.75,7170.25
1776780900,7170.25,7172.5,7170,7171.25
1776780960,7171.25,7171.75,7170,7171
1776781020,7171.5,7172.5,7170.75,7171.25
1776781080,7171.5,7171.5,7169,7170
1776781140,7170,7170.75,7167.75,7167.75
1776781200,7167.75,7168.5,7163.25,7165
1776781260,7164.75,7166.25,7164.25,7165
1776781320,7164.75,7166.25,7164.5,7165.5
1776781380,7165.75,7166.5,7161.5,7162.25
1776781440,7162.25,7163.75,7161.25,7162.75
1776781500,7162.75,7164.5,7162.25,7164
1776781560,7164,7165.75,7163,7165
1776781620,7164.75,7166.5,7163.25,7164.75
1776781680,7164.75,7165.75,7162.75,7163.75
1776781740,7163.75,7165.75,7162.75,7165.25
1776781800,7165.5,7167.75,7163.25,7164.75
1776781860,7164.75,7165.75,7163,7163.5
1776781920,7163.25,7164.5,7161.75,7163
1776781980,7163.25,7163.75,7159.25,7162
1776782040,7162,7162.75,7159.25,7161.5
1776782100,7161.5,7162.75,7160,7162.5
1776782160,7162.25,7162.75,7160,7161
1776782220,7161,7161.25,7157.75,7159.25
1776782280,7159.5,7160.75,7159,7160.5
1776782340,7160.75,7160.75,7158.25,7159.25
1776782400,7159,7160.25,7156.75,7159.5
1776782460,7159.5,7165,7157.75,7159.75
1776782520,7159.75,7161.75,7157.75,7160.25
1776782580,7160,7161.75,7158.75,7159.75
1776782640,7160,7160.75,7157.75,7158.25
1776782700,7158.25,7159,7155,7155.5
1776782760,7155.5,7156,7150.75,7154
1776782820,7153.75,7154.25,7149.5,7151.25
1776782880,7151.25,7152.25,7148.5,7151.75
1776782940,7151.75,7153.5,7150.5,7151
1776783000,7151.25,7152.5,7149,7149.5
1776783060,7149.5,7151,7145.5,7149
1776783120,7148.75,7150.5,7147,7149
1776783180,7149.5,7151.75,7149.25,7151.75
1776783240,7151.75,7152,7149.5,7150
1776783300,7149.75,7149.75,7146.5,7148
1776783360,7148,7149,7146.25,7147.25
1776783420,7147.5,7147.75,7142.25,7143.25
1776783480,7143.25,7143.5,7138,7139.5
1776783540,7139.5,7140.5,7134,7135.5
1776783600,7135.25,7138.5,7128.5,7131.75
1776783660,7131.75,7133.5,7125.75,7128.25
1776783720,7128,7131.25,7125.5,7126
1776783780,7125.75,7126.5,7121.5,7122.5
1776783840,7122.75,7129.5,7121.75,7126.5
1776783900,7126.5,7127.5,7120.75,7122.75
1776783960,7122.5,7126,7122.25,7125.25
1776784020,7125.5,7133.75,7124.5,7132.5
1776784080,7132.5,7136,7131,7134
1776784140,7134,7138,7133,7137
1776784200,7136.75,7140.25,7136.25,7139.75
1776784260,7139.75,7140,7137.25,7137.5
1776784320,7137.25,7139.75,7136.5,7137.5
1776784380,7137.75,7138.75,7136.75,7137.5
1776784440,7137.75,7140,7137.5,7138.5
1776784500,7138.25,7141.25,7138,7138.75
1776784560,7139,7139.5,7133.5,7134.75
1776784620,7134.75,7135.25,7132.75,7135.25
1776784680,7135.25,7136.25,7132.5,7135.25
1776784740,7135.25,7139.25,7134.5,7137.75
1776784800,7137.75,7139.5,7136.5,7136.75
1776784860,7137,7137.25,7134.25,7137.25
1776784920,7137.25,7137.75,7133.5,7135.5
1776784980,7135.5,7136.5,7130.75,7132.5
1776785040,7132.25,7133.25,7130.5,7131.75
1776785100,7132,7132,7128.25,7129.5
1776785160,7129.5,7129.5,7124.5,7126.25
1776785220,7126,7126.25,7121.75,7125.5
1776785280,7125.75,7128.25,7124.25,7125
1776785340,7125.25,7127,7123.5,7126.25
1776785400,7126,7128.5,7125.25,7127.75
1776785460,7128,7130.25,7127.25,7129
1776785520,7128.75,7132.5,7128,7132
1776785580,7132,7133.5,7129,7130
1776785640,7129.75,7130.25,7127.5,7128
1776785700,7128.25,7128.75,7123.75,7124.75
1776785760,7125,7125.25,7119,7121.25
1776785820,7121.5,7125.75,7120.5,7125.25
1776785880,7125,7125.75,7121.25,7124
1776785940,7124,7125.5,7123.75,7124.75