time,open,high,low,close
1774821600,4520,4521,4490.7,4510.9
1774821660,4510.9,4513,4501.3,4513
1774821720,4513.2,4525.9,4511.8,4524
1774821780,4523.3,4525.1,4519,4521
1774821840,4521.9,4539.6,4521.9,4537.2
1774821900,4537.1,4538.1,4527.8,4529.6
1774821960,4528.9,4533.4,4522.9,4529.9
1774822020,4530,4530.3,4521.6,4524
1774822080,4525.1,4527.5,4511.8,4512
1774822140,4513.7,4518.4,4505,4511.5
1774822200,4510.1,4517,4508.6,4513.5
1774822260,4514.3,4519.8,4506.3,4507
1774822320,4507.6,4514.4,4507.6,4510
1774822380,4509.7,4516.5,4509.7,4514.3
1774822440,4513.8,4527.2,4513.8,4522.3
1774822500,4523.1,4523.3,4515.2,4519.1
1774822560,4518.9,4530.6,4518.9,4526.8
1774822620,4527.5,4528.2,4518.9,4519.7
1774822680,4518.9,4525.3,4518.3,4525.3
1774822740,4525.9,4531.7,4524.7,4531.7
1774822800,4530,4534,4528.5,4531.5
1774822860,4532,4537.9,4530.5,4533.3
1774822920,4533.2,4536.9,4527.5,4529.7
1774822980,4530.1,4531.3,4527.4,4530.4
1774823040,4531.4,4533.5,4529.9,4532.1
1774823100,4531.8,4531.8,4526.9,4530.3
1774823160,4529.9,4533.2,4529.9,4531.3
1774823220,4531.2,4535.2,4530.3,4534.8
1774823280,4534.3,4537.8,4534.2,4536.7
1774823340,4537.3,4538,4533.1,4534.6
1774823400,4535.4,4538.9,4535.4,4537
1774823460,4536,4536,4529.7,4532.8
1774823520,4532.8,4536.4,4531.2,4533.7
1774823580,4533,4537.9,4531.4,4536.9
1774823640,4536.6,4537,4532.4,4532.7
1774823700,4533.6,4537.7,4533.5,4537.6
1774823760,4536.8,4538.9,4535.9,4537.4
1774823820,4536.4,4537.7,4534.3,4534.3
1774823880,4534,4534,4529,4531.9
1774823940,4531.5,4532.1,4527.1,4528.7
1774824000,4528.1,4528.8,4525,4528
1774824060,4527.4,4531.3,4527.4,4529.5
1774824120,4527.8,4529.7,4524.8,4524.8
1774824180,4526.3,4528,4523.7,4524.3
1774824240,4523.5,4525.3,4516.6,4518.3
1774824300,4520,4522.4,4519,4520.6
1774824360,4521,4523.1,4521,4523.1
1774824420,4523.3,4523.3,4520.7,4520.7
1774824480,4520.6,4520.6,4513.9,4513.9
1774824540,4514.4,4517.8,4514.3,4515.7
1774824600,4515.4,4515.4,4512.8,4514.4
1774824660,4514.7,4522.5,4513.8,4516.4
1774824720,4515.7,4516.8,4514.1,4516.8
1774824780,4517.5,4520,4513.9,4515.4
1774824840,4515.7,4519.6,4515.7,4516.5
1774824900,4516.3,4518.4,4514.5,4517.7
1774824960,4516.9,4516.9,4512.2,4513.3
1774825020,4512.7,4514.6,4512,4512.8
1774825080,4512.7,4515,4512.7,4513.2
1774825140,4513.1,4513.3,4507.6,4512.3
1774825200,4513.4,4521.1,4511.9,4520.7
1774825260,4520.7,4521,4517.5,4518.2
1774825320,4519.2,4519.4,4514.4,4516.1
1774825380,4516.5,4519.6,4516.5,4517
1774825440,4517,4517.4,4515,4516.1
1774825500,4515.8,4516.1,4505.4,4505.4
1774825560,4505.1,4507.8,4493,4498.1
1774825620,4498,4502.9,4497.8,4499
1774825680,4499,4504.8,4499,4503.6
1774825740,4503.6,4507.5,4503.4,4506.6
1774825800,4505.9,4505.9,4500.1,4503.6
1774825860,4502.8,4504.7,4500.9,4503.8
1774825920,4502.4,4506,4501.6,4506
1774825980,4506.8,4507.8,4506.7,4506.8
1774826040,4506.9,4507.8,4505.4,4506.6
1774826100,4506.6,4511.3,4506.5,4510.5
1774826160,4510.5,4513.2,4508.9,4510.3
1774826220,4510,4510.2,4508.5,4509.7
1774826280,4509.9,4511.2,4509.6,4510.2
1774826340,4509.5,4510,4503,4503.5
1774826400,4504.3,4507.2,4503.3,4506.4
1774826460,4506.1,4506.8,4505.3,4505.7
1774826520,4505.6,4505.9,4504.1,4504.9
1774826580,4504.6,4504.6,4501.5,4503.6
1774826640,4501.4,4502.3,4499.6,4502.1
1774826700,4502.8,4506.5,4502.7,4506.5
1774826760,4506.8,4506.8,4504.6,4505
1774826820,4505.1,4509.2,4505,4505
1774826880,4504.7,4504.7,4502,4502.5
1774826940,4502.6,4503.1,4500,4500
1774827000,4500,4500.5,4498,4498.3
1774827060,4498.7,4499.5,4495.8,4495.8
1774827120,4496.7,4497.4,4479.9,4489.4
1774827180,4489.2,4493,4486.1,4488.2
1774827240,4488.6,4491.5,4487.1,4487.9
1774827300,4487.7,4488.3,4475.2,4478.1
1774827360,4478.2,4481,4477,4480.3
1774827420,4479.5,4483,4473,4474.6
1774827480,4475.3,4478,4474,4476.6
1774827540,4476.3,4480.8,4476.3,4479.8
1774827600,4480.1,4482.8,4480.1,4481.4
1774827660,4480,4483.3,4479.4,4479.7
1774827720,4479.3,4482.5,4479.3,4482.1
1774827780,4482.4,4482.6,4478.5,4479.2
1774827840,4479.5,4481.6,4479.2,4479.7
1774827900,4481,4482,4480.4,4480.7
1774827960,4481.9,4482,4473.9,4477.5
1774828020,4477.3,4480,4476,4478.8
1774828080,4478.6,4483.9,4478.6,4480.3
1774828140,4480.7,4482.5,4472.1,4473.2
1774828200,4473.9,4477.1,4473.9,4475.6
1774828260,4475.7,4476.7,4472.1,4473.8
1774828320,4474.1,4478.3,4472,4477.6
1774828380,4477.9,4480.8,4477.9,4479.5
1774828440,4480.2,4481.1,4476.5,4478.3
1774828500,4477.9,4481.1,4476.3,4477.1
1774828560,4478,4479.1,4476.3,4477.1
1774828620,4476.3,4476.5,4473.7,4473.7
1774828680,4473,4477.5,4472.5,4477
1774828740,4477,4479.3,4474.6,4476.9
1774828800,4477,4479.7,4459.1,4464
1774828860,4463,4470,4462.6,4464
1774828920,4463.2,4466,4460.5,4463.8
1774828980,4464,4468.9,4460.4,4468.6
1774829040,4468.1,4468.1,4460.5,4463
1774829100,4463.1,4468.9,4463.1,4465.1
1774829160,4464.4,4467,4462.6,4464.8
1774829220,4464.5,4465,4460.8,4463.7
1774829280,4463.2,4463.6,4451.4,4456
1774829340,4456.6,4458.5,4454.4,4456.9
1774829400,4456.7,4459.4,4456.7,4457
1774829460,4455.6,4459.5,4455.2,4457.8
1774829520,4457.5,4457.5,4451.4,4452.7
1774829580,4453.1,4455.9,4444.7,4455.2
1774829640,4455.3,4457.7,4453.3,4453.5
1774829700,4453.8,4455.4,4451.1,4453.9
1774829760,4453.7,4457,4453,4456.6
1774829820,4456.8,4466.1,4456.5,4462.1
1774829880,4462.4,4466,4454.5,4465.5
1774829940,4465,4473.5,4463.4,4472.7
1774830000,4473.4,4481.8,4470.3,4481.2
1774830060,4481,4493.1,4478.6,4487.8
1774830120,4488.3,4488.4,4480.3,4485.8
1774830180,4485.8,4486.7,4482.7,4485.3
1774830240,4485.2,4490.6,4484.1,4489.1
1774830300,4489,4490.5,4482.4,4486.7
1774830360,4486.4,4493.2,4484.7,4492.7
1774830420,4493.5,4494.2,4485.3,4486.5
1774830480,4487.1,4489.1,4483,4484.8
1774830540,4483.3,4483.5,4473.1,4477.4
1774830600,4477.5,4480,4473.9,4477.6
1774830660,4477.6,4479.7,4476.1,4478.7
1774830720,4480,4486.6,4480,4485.9
1774830780,4484.8,4486.5,4483,4484.8
1774830840,4484.1,4484.1,4477.3,4480.7
1774830900,4480.3,4480.3,4475.8,4476
1774830960,4476.1,4478.3,4475.5,4478.3
1774831020,4478.5,4480.1,4473.5,4473.7
1774831080,4474.8,4479.2,4474.8,4479.2
1774831140,4478.4,4478.6,4475.3,4476.4
1774831200,4476,4477.1,4463.3,4465.9
1774831260,4466.4,4468.9,4463.4,4465.2
1774831320,4465.1,4468.5,4464.9,4465.7
1774831380,4467.2,4471.6,4465.9,4468.9
1774831440,4468.9,4468.9,4465.8,4466.5
1774831500,4467.1,4469.1,4465.6,4466.1
1774831560,4466.7,4468.4,4466.3,4467.3
1774831620,4467.2,4467.8,4461.2,4461.6
1774831680,4462.1,4469.6,4462.1,4469.2
1774831740,4469.2,4469.4,4465.9,4469
1774831800,4469.6,4471,4465.6,4465.7
1774831860,4465,4467,4462.9,4464.8
1774831920,4464.7,4468.6,4464.7,4466.3
1774831980,4465.6,4466.3,4465.3,4466.1
1774832040,4465,4466,4460,4462.6
1774832100,4462.3,4465.3,4459.8,4462.4
1774832160,4462.7,4463.7,4461.3,4462.8
1774832220,4462.3,4462.3,4459.4,4460.7
1774832280,4460.5,4462.2,4458.7,4459.1
1774832340,4459.7,4463.8,4458.7,4461.2
1774832400,4460.6,4475.6,4460.3,4472.2
1774832460,4471.8,4477.3,4468.4,4472.8
1774832520,4473.5,4478,4469,4471.5
1774832580,4471.7,4475.9,4469.8,4473
1774832640,4472.3,4480.4,4471,4471.2
1774832700,4471.5,4477,4469.9,4475
1774832760,4474.5,4479.5,4473.2,4479.1
1774832820,4479.8,4484.9,4477.4,4478.5
1774832880,4479,4483.6,4474,4477.4
1774832940,4478.2,4486.6,4478.2,4485.8
1774833000,4486.2,4491.2,4485.7,4487.2
1774833060,4487.3,4490,4486.3,4489.4
1774833120,4489.1,4489.8,4485.1,4485.9
1774833180,4486.3,4486.6,4483.5,4484.4
1774833240,4484.6,4488.1,4483.2,4488.1
1774833300,4488.7,4489,4479.4,4479.5
1774833360,4480.8,4482.5,4479,4481.7
1774833420,4480.9,4483.9,4480.9,4483.9
1774833480,4485,4486.8,4482.2,4483.5
1774833540,4483.5,4485.1,4480.9,4485.1
1774833600,4485,4488.1,4484.7,4487.4
1774833660,4487.5,4495.6,4487.3,4491.4
1774833720,4491.3,4492.7,4486.5,4489.5
1774833780,4489,4489,4484.7,4487.1
1774833840,4486.1,4486.7,4483.5,4483.8
1774833900,4482.8,4486.6,4481.8,4484.8
1774833960,4485.4,4488.5,4482.9,4484.9
1774834020,4484.8,4484.9,4480.8,4482.9
1774834080,4482.3,4483.8,4478.7,4478.8
1774834140,4478.8,4479.9,4475,4477.3
1774834200,4477.7,4478.1,4474.5,4476.6
1774834260,4475.6,4483.7,4475.6,4483
1774834320,4483.1,4484.6,4480.7,4483.1
1774834380,4483.9,4488.3,4483.5,4488.1
1774834440,4486.9,4498.3,4486.2,4497.1
1774834500,4496.6,4506.4,4495.4,4502.8
1774834560,4503.2,4505.5,4500,4505.1
1774834620,4504.7,4504.7,4501.4,4504
1774834680,4503.8,4505.3,4501.2,4502.1
1774834740,4502.7,4503.4,4496.1,4496.8
1774834800,4496,4496.2,4492.8,4493.4
1774834860,4493.1,4503.6,4491.5,4499.7
1774834920,4499.8,4501.9,4498.5,4499.6
1774834980,4499.2,4499.3,4493.5,4494.5
1774835040,4494.8,4500.2,4494.4,4500.1
1774835100,4501,4504.4,4500.4,4502.9
1774835160,4502.2,4504.6,4502.2,4503.4
1774835220,4502.1,4504.9,4500.1,4504.2
1774835280,4503.3,4505,4503.1,4503.8
1774835340,4503.8,4503.9,4502.6,4502.6
1774835400,4502.4,4502.4,4500,4500.6
1774835460,4500.1,4501.3,4495,4496.5
1774835520,4495.6,4499.6,4494.7,4497.5
1774835580,4498,4498.7,4492.8,4494.4
1774835640,4494.4,4495.9,4491.7,4493.5
1774835700,4493.6,4496,4493.6,4495.3
1774835760,4495.6,4498.9,4494.5,4498
1774835820,4497.1,4501.3,4497.1,4500.7
1774835880,4500.5,4500.5,4498,4499.1
1774835940,4497.9,4499.9,4497.5,4498.5
1774836000,4498.8,4503.6,4497.5,4502.2
1774836060,4502.1,4503.2,4501.3,4502.5
1774836120,4501.8,4502.1,4498.8,4502
1774836180,4501.9,4503.7,4501.1,4501.6
1774836240,4501.6,4501.6,4496.5,4498.8
1774836300,4497.2,4498.6,4496.4,4497.8
1774836360,4498.3,4499.5,4495.3,4499.1
1774836420,4498.5,4503.5,4498.5,4503.5
1774836480,4502.5,4503.2,4500,4500
1774836540,4499.7,4500.3,4495,4498.4
1774836600,4498.4,4499.5,4497.4,4499.5
1774836660,4498.5,4498.8,4494.5,4495.9
1774836720,4496.8,4500.6,4496.8,4500.5
1774836780,4499.7,4501.1,4498.8,4500.5
1774836840,4500,4503.1,4499.7,4502.5
1774836900,4502.4,4503.7,4501.7,4503
1774836960,4502.9,4503,4500.8,4502
1774837020,4501.8,4502.6,4497,4498.5
1774837080,4498.4,4499,4495.6,4495.6
1774837140,4495.6,4499,4495.6,4498.4
1774837200,4496.1,4497.6,4496.1,4496.7
1774837260,4496.3,4499,4496,4496.9
1774837320,4496.3,4499.9,4496.3,4499.4
1774837380,4499.2,4501.7,4499.2,4500.8
1774837440,4501.4,4502.8,4500.1,4500.1
1774837500,4499.8,4501.3,4498.3,4501.3
1774837560,4500.2,4502.6,4500.1,4502.6
1774837620,4502.3,4502.5,4499,4500.7
1774837680,4500.3,4500.8,4498.7,4498.7
1774837740,4498.8,4502.1,4498.3,4502.1
1774837800,4501,4504.2,4500.5,4503.2
1774837860,4503.8,4505.1,4502.9,4503.7
1774837920,4503.2,4503.2,4497.4,4497.7
1774837980,4498.4,4498.4,4487.8,4490.4
1774838040,4491.1,4495.3,4489.4,4494.3
1774838100,4494.1,4494.7,4492,4492.3
1774838160,4491.2,4494.5,4491.1,4494.5
1774838220,4494.7,4496.3,4492.6,4496.3
1774838280,4496.9,4497,4494.5,4494.8
1774838340,4495,4500.1,4494.6,4499.7
1774838400,4499.9,4505.2,4499.5,4503.3
1774838460,4502.8,4514.5,4502.8,4514.3
1774838520,4513.9,4522.2,4511,4521.3
1774838580,4520.6,4522.3,4517.5,4521.1
1774838640,4520.7,4528.7,4520.6,4524.1
1774838700,4523.3,4525.2,4518.8,4524.2
1774838760,4524.4,4524.8,4521.7,4522.5
1774838820,4523.9,4525.7,4520,4520.5
1774838880,4520.4,4521.1,4518.6,4520.5
1774838940,4520.7,4522.9,4518.9,4520.7
1774839000,4520.6,4522,4519,4519.6
1774839060,4519.8,4521.8,4519.1,4519.6
1774839120,4520.1,4520.5,4516,4516
1774839180,4516.9,4517.5,4514.3,4516.5
1774839240,4516.5,4516.5,4514,4514.3
1774839300,4514,4514.9,4511.1,4511.3
1774839360,4511.6,4511.7,4509.6,4510
1774839420,4509.6,4512,4508.7,4510.4
1774839480,4509.7,4514.6,4509.5,4512.3
1774839540,4512.4,4513.7,4510,4510.9
1774839600,4510.4,4517.9,4508.1,4517.9
1774839660,4517.7,4519.9,4516.1,4519.1
1774839720,4519.2,4520.8,4517.9,4518.3
1774839780,4518.4,4521.1,4518.2,4520
1774839840,4521.3,4524.9,4521.3,4524
1774839900,4524.3,4527.6,4523.3,4524.6
1774839960,4525,4530,4524.9,4527.8
1774840020,4528.1,4533.4,4528.1,4531.7
1774840080,4531.9,4537.1,4530.7,4536.1
1774840140,4535,4536.5,4532.2,4535.5
1774840200,4536.3,4538.5,4534.5,4536.3
1774840260,4535.3,4538.8,4533.5,4537.9
1774840320,4536.6,4537.8,4534.5,4536.3
1774840380,4535.2,4535.4,4532.8,4532.9
1774840440,4532.8,4535.1,4531.8,4534.4
1774840500,4534.9,4536.9,4534.4,4536.2
1774840560,4536.2,4537,4533.9,4535.9
1774840620,4536.7,4536.9,4533.8,4534.6
1774840680,4534.8,4539,4534,4534.9
1774840740,4534.6,4537.2,4534,4536.1
1774840800,4536.8,4542.2,4535.6,4542
1774840860,4542,4542.1,4539.1,4541.7
1774840920,4542.5,4543.6,4541.5,4541.5
1774840980,4541.7,4548,4541.7,4545.6
1774841040,4545.6,4547.6,4541.3,4541.8
1774841100,4541.9,4542.9,4539.4,4540.3
1774841160,4540.6,4541.5,4538.9,4540.1
1774841220,4539.7,4540.5,4537,4537.4
1774841280,4536.9,4540.6,4536.3,4537.8
1774841340,4538.3,4538.3,4536.1,4536.8
1774841400,4536.6,4537.4,4535.9,4536.2
1774841460,4536.7,4537.8,4533.9,4535
1774841520,4534.8,4536.6,4534,4536.6
1774841580,4536,4536.5,4535,4536.5
1774841640,4535.3,4536.2,4533.6,4535
1774841700,4535.2,4535.5,4534.3,4534.9
1774841760,4534.2,4535.7,4533.3,4533.6
1774841820,4534,4534.2,4533.3,4534.1
1774841880,4534.4,4534.7,4533.6,4533.8
1774841940,4534.3,4535.6,4532.2,4533
1774842000,4533.6,4534.1,4531.8,4532.9
1774842060,4533.9,4533.9,4530.2,4530.6
1774842120,4530.9,4533.4,4529.8,4530.6
1774842180,4530,4533.8,4530,4533.8
1774842240,4533.7,4535,4532.9,4533.5
1774842300,4533,4533.2,4531.5,4531.6
1774842360,4531,4532.4,4530.6,4532.4
1774842420,4532.1,4536.1,4532,4533.8
1774842480,4534.9,4537.6,4534.3,4535
1774842540,4534.8,4536.8,4534.8,4535.5
1774842600,4535.3,4535.8,4534.1,4534.6
1774842660,4535,4535.7,4534.9,4535.7
1774842720,4535.6,4536.3,4535.6,4536.3
1774842780,4536,4536,4532.5,4533.1
1774842840,4533,4534.3,4532.4,4534.3
1774842900,4533.8,4533.9,4529.9,4530
1774842960,4530.2,4531.2,4526.2,4526.7
1774843020,4526.8,4528.7,4526,4527.6
1774843080,4528.5,4529.4,4527.5,4528.1
1774843140,4527.3,4527.6,4523.2,4525.9
1774843200,4526.5,4528.5,4525.5,4525.5
1774843260,4525.6,4526.9,4524.7,4525.6
1774843320,4525.6,4526,4524.8,4525.3
1774843380,4524.7,4526.1,4524.6,4524.6
1774843440,4524.8,4527.3,4524.1,4524.5
1774843500,4524.6,4524.6,4520.1,4523.9
1774843560,4523.4,4524.2,4520.7,4520.7
1774843620,4520.9,4521.6,4518.9,4519.7
1774843680,4519.6,4521.2,4519.1,4520.2
1774843740,4521,4521,4519.6,4520.7
1774843800,4520.6,4521,4518,4518.7
1774843860,4518.2,4520.8,4518.2,4519.6
1774843920,4520.2,4520.5,4519,4519
1774843980,4518.7,4519.7,4517.4,4517.4
1774844040,4517,4517.9,4516.3,4517.8
1774844100,4518,4519.3,4518,4519.3
1774844160,4519.5,4521,4519.5,4519.8
1774844220,4520,4521.4,4519.7,4521.2
1774844280,4520.6,4521.3,4519.6,4519.6
1774844340,4519.8,4520.4,4518,4518.5
1774844400,4518.1,4518.7,4517.2,4518.7
1774844460,4518.9,4522.2,4518.9,4521.8
1774844520,4521.3,4522,4521.2,4521.5
1774844580,4521.8,4523.7,4521.2,4523.1
1774844640,4523.1,4525.2,4523.1,4524.1
1774844700,4524.1,4524.3,4520.2,4522.9
1774844760,4522.8,4522.9,4521.5,4521.9
1774844820,4522.5,4522.6,4521.7,4522.6
1774844880,4522.6,4522.6,4520.4,4520.6
1774844940,4520.6,4521.4,4520.4,4520.6
1774845000,4520.8,4521.1,4518.5,4520.6
1774845060,4520.2,4520.6,4518.3,4518.3
1774845120,4519.1,4519.1,4517,4517.3
1774845180,4518.7,4519.3,4517.1,4517.6
1774845240,4518.2,4518.8,4517.5,4518.1
1774845300,4517.7,4518.8,4514.9,4518.3
1774845360,4518.5,4519.5,4516.6,4517
1774845420,4517,4519,4516.8,4518.5
1774845480,4519.3,4519.6,4517.3,4518.3
1774845540,4518.7,4518.9,4517.7,4517.9
1774845600,4517.3,4517.3,4516.3,4517
1774845660,4517.6,4517.6,4516.9,4517.6
1774845720,4517.2,4519.5,4516.7,4519.1
1774845780,4518.5,4518.5,4515.6,4516
1774845840,4516.2,4518.2,4515.5,4517.9
1774845900,4517.6,4518.9,4517.4,4517.6
1774845960,4517.7,4520.8,4517.2,4517.3
1774846020,4517,4518.2,4516.3,4518.2
1774846080,4518.6,4520.9,4517,4518
1774846140,4517.5,4519.4,4517.3,4518.4
1774846200,4518.2,4521.6,4518,4520.6
1774846260,4520.4,4521.5,4519.4,4520.3
1774846320,4520.4,4521.3,4520.4,4521.3
1774846380,4520.8,4521.6,4520.4,4521.1
1774846440,4521.2,4522.1,4521.1,4522.1
1774846500,4522.1,4525,4521.9,4525
1774846560,4524.5,4526.2,4524.4,4525.1
1774846620,4524.4,4528.5,4524.2,4528.4
1774846680,4527.9,4528,4526.5,4526.6
1774846740,4527.3,4527.8,4526,4526.8
1774846800,4526.8,4528.7,4526.8,4528.7
1774846860,4528.8,4530.6,4528.5,4529.2
1774846920,4529,4530.6,4528.8,4530.1
1774846980,4530.2,4530.9,4527.6,4527.7
1774847040,4527.5,4529.6,4526.6,4529.2
1774847100,4529.4,4531.2,4529.4,4529.5
1774847160,4530,4530.1,4528.8,4528.9
1774847220,4530.1,4531.4,4529.4,4529.6
1774847280,4529.3,4529.6,4528.4,4529.4
1774847340,4530.5,4535.9,4530.5,4534.6
1774847400,4534.8,4537.5,4534.7,4534.8
1774847460,4535.3,4536,4533.8,4534.4
1774847520,4534,4536.8,4533.8,4535.8
1774847580,4536.1,4537.8,4536,4537.1
1774847640,4536.6,4536.8,4533.4,4534.3
1774847700,4535.3,4535.7,4534.6,4535.7
1774847760,4534.8,4537.5,4534.8,4536.8
1774847820,4536.9,4538.5,4536,4538.5
1774847880,4538.5,4542.9,4538.5,4540.6
1774847940,4540.5,4541,4539.5,4541
1774848000,4541.1,4542.8,4540.8,4542.5
1774848060,4542.6,4544.4,4542.5,4543.8
1774848120,4543.6,4543.7,4540.3,4540.3
1774848180,4541.2,4543.3,4541,4542.9
1774848240,4542.8,4545.5,4542.3,4543.5
1774848300,4543.8,4543.8,4538.7,4538.7
1774848360,4538.7,4539.3,4536.3,4538.8
1774848420,4538.2,4540,4537.6,4539.3
1774848480,4538.6,4538.7,4534.5,4536.1
1774848540,4536.1,4536.2,4533.4,4534.9
1774848600,4534.9,4539.5,4532.3,4538.3
1774848660,4537.2,4538.4,4535,4536.2
1774848720,4536.4,4539,4535.7,4536.7
1774848780,4536.5,4542.2,4536.5,4540
1774848840,4539.6,4541.5,4539,4541
1774848900,4541.1,4544.5,4541.1,4542.1
1774848960,4541.1,4541.8,4537.9,4541.6
1774849020,4541.1,4541.1,4538,4538.4
1774849080,4538.2,4539,4536.8,4536.9
1774849140,4537.4,4537.6,4535,4535
1774849200,4536,4536.5,4533.7,4535.6
1774849260,4535.9,4537,4533.6,4536.5
1774849320,4536.1,4539,4536,4538.8
1774849380,4538.6,4539.5,4538.6,4539.3
1774849440,4538.2,4539.1,4536.7,4539.1
1774849500,4540,4544,4539.9,4542.2
1774849560,4542.5,4542.5,4539.4,4541
1774849620,4540.9,4543,4540.9,4542.8
1774849680,4542,4542.8,4540.8,4542.8
1774849740,4542.5,4551,4542.5,4549.5
1774849800,4550,4551.1,4547.5,4547.5
1774849860,4547.1,4551.9,4547.1,4551.6
1774849920,4552,4555,4552,4553.3
1774849980,4553.2,4557.4,4552.4,4556.6
1774850040,4556.6,4557.4,4554.4,4555.3
1774850100,4554.8,4554.8,4551.4,4552.6
1774850160,4552.7,4554.9,4552.2,4554.3
1774850220,4554.7,4556.6,4554.4,4556.6
1774850280,4555.9,4555.9,4551.2,4551.9
1774850340,4552.1,4552.3,4550.2,4551.5
1774850400,4551.6,4551.7,4545.7,4547.8
1774850460,4547.6,4553,4546.3,4552
1774850520,4551.8,4554.7,4550,4554.1
1774850580,4554.3,4554.5,4550.2,4551.5
1774850640,4552.1,4555.5,4551.9,4554.9
1774850700,4555,4557,4552.8,4552.8
1774850760,4553,4556.1,4551.7,4555.1
1774850820,4555.2,4557,4554,4556.2
1774850880,4556.6,4559,4556.2,4558.4
1774850940,4559,4561.8,4556.6,4557.2
1774851000,4557.1,4562,4554.9,4561.6
1774851060,4561.6,4562.3,4560.3,4562.2
1774851120,4562.3,4562.8,4560.4,4560.5
1774851180,4560.6,4560.7,4558.2,4558.2
1774851240,4558.8,4560.4,4557.1,4558.6
1774851300,4558.5,4560.9,4556.5,4557
1774851360,4557.1,4557.1,4554.9,4555.5
1774851420,4555.8,4559.8,4555.8,4558.9
1774851480,4558.3,4559.5,4558.1,4559.3
1774851540,4560.3,4563.7,4560.1,4561.2
1774851600,4560.6,4560.6,4555.3,4557.9
1774851660,4558.2,4558.6,4557,4558
1774851720,4557.2,4559.8,4557.2,4559.5
1774851780,4558.6,4558.9,4556.1,4558
1774851840,4557.8,4560.4,4557.8,4560.4
1774851900,4560.4,4560.6,4557.9,4559.9
1774851960,4559.9,4560.5,4559.1,4559.5
1774852020,4557.5,4561.8,4556,4561.4
1774852080,4561.3,4561.3,4556.6,4556.6
1774852140,4556.2,4558.2,4555.8,4556.8
1774852200,4557.6,4557.6,4554.2,4554.8
1774852260,4554.8,4557.1,4554.8,4557.1
1774852320,4556.8,4557.7,4555.2,4557.1
1774852380,4556.5,4561.6,4556.5,4560
1774852440,4560.6,4564.8,4560.5,4562.5
1774852500,4563.1,4568.8,4563.1,4568.3
1774852560,4568.6,4569.3,4565.5,4568.9
1774852620,4569.4,4570,4565,4565
1774852680,4565,4565.9,4561.6,4561.6
1774852740,4561.7,4565.4,4560,4564.6
1774852800,4564.8,4567.7,4564,4566.8
1774852860,4567.5,4567.9,4565,4565
1774852920,4564.9,4566.1,4563.9,4565.1
1774852980,4565.5,4566.7,4565,4566.6
1774853040,4566.5,4570.2,4566.1,4569
1774853100,4568.7,4571.9,4567.5,4571.3
1774853160,4571.3,4572.5,4570.2,4570.9
1774853220,4571.8,4574.3,4571.6,4573.7
1774853280,4573.1,4576.8,4572.6,4576.6
1774853340,4576,4579.2,4573.4,4574.4
1774853400,4574.8,4574.8,4571.2,4573
1774853460,4572.5,4572.7,4569.7,4569.7
1774853520,4570,4570.3,4568,4568
1774853580,4568,4568.1,4564.3,4564.6
1774853640,4564.6,4566,4564,4564.6
1774853700,4564,4565.6,4563.4,4565
1774853760,4564.9,4565.6,4562.5,4564.1
1774853820,4563.9,4564.2,4560.3,4561.3
1774853880,4560.9,4560.9,4559.2,4560
1774853940,4559.8,4561.6,4558.7,4560
1774854000,4559.6,4560.9,4556.3,4557
1774854060,4557.7,4559.6,4556.5,4556.5
1774854120,4556,4557,4553,4554.8
1774854180,4555.3,4556.2,4553.7,4554.7
1774854240,4554.2,4556.6,4551.8,4551.9
1774854300,4552.2,4554.8,4551.4,4554.3
1774854360,4554.8,4557.8,4553.2,4557.4
1774854420,4558,4559.7,4556.5,4558.6
1774854480,4558.6,4559.7,4557.2,4558.2
1774854540,4557.5,4561.2,4557.4,4560.4
1774854600,4560.4,4561.6,4559.4,4561.5
1774854660,4561.6,4562.3,4558.5,4559.3
1774854720,4559.3,4560.3,4557.3,4560
1774854780,4559.6,4560,4556.9,4557.4
1774854840,4558.8,4562.1,4558,4562.1
1774854900,4561.9,4562.1,4560.5,4560.9
1774854960,4560.6,4562.8,4559,4559.6
1774855020,4560.8,4560.9,4554.7,4556
1774855080,4556.6,4557.9,4555.9,4557.2
1774855140,4557.1,4558.2,4554.1,4557.4
1774855200,4557.3,4558.5,4556,4557.5
1774855260,4557.5,4560.3,4557.5,4558
1774855320,4558.5,4559.6,4557.6,4558.2
1774855380,4558.4,4558.4,4553.5,4554
1774855440,4553.9,4556.7,4553.4,4556.1
1774855500,4555.6,4556.3,4554,4554.3
1774855560,4554,4555.3,4551.5,4551.6
1774855620,4551.4,4553.6,4548.4,4552.2
1774855680,4551.9,4551.9,4548,4549.7
1774855740,4550.3,4551.3,4548.6,4550.6
1774855800,4550,4553.5,4549.5,4549.8
1774855860,4549.5,4550.8,4547.6,4549.8
1774855920,4549.7,4550.3,4549.2,4550.3
1774855980,4550.7,4550.7,4547.3,4547.3
1774856040,4548.1,4549.8,4543.3,4544.9
1774856100,4544.8,4547.2,4543.6,4545.6
1774856160,4544.9,4546.2,4544.9,4546
1774856220,4545.7,4547.6,4545.3,4547
1774856280,4547.3,4551.4,4547.1,4551
1774856340,4551.2,4551.2,4550.2,4551
1774856400,4550.6,4550.8,4546.4,4547.2
1774856460,4547.8,4550,4545.6,4548.6
1774856520,4548.6,4552.3,4547.2,4547.5
1774856580,4547,4547.2,4545,4546.5
1774856640,4545.5,4549.5,4545.2,4548.9
1774856700,4549.5,4549.5,4547.6,4548.6
1774856760,4548.8,4548.8,4548.1,4548.2
1774856820,4549,4549,4546.9,4547.6
1774856880,4547.9,4548.5,4547.1,4548.5
1774856940,4547.8,4548.3,4547.3,4547.8
1774857000,4549.3,4550.2,4546.8,4548.6
1774857060,4548.2,4552.2,4548.2,4552.2
1774857120,4551.8,4553.6,4551.7,4553.4
1774857180,4553.3,4554,4552.3,4552.3
1774857240,4552.8,4553.4,4550.4,4552
1774857300,4552.4,4555.2,4552.4,4555.2
1774857360,4555.3,4555.6,4552.9,4555.1
1774857420,4555.2,4555.7,4554.2,4554.2
1774857480,4554.4,4554.6,4552.2,4552.9
1774857540,4553.4,4555.2,4553.4,4555.2
1774857600,4555.1,4555.1,4552.7,4555
1774857660,4554.5,4556.2,4553.7,4555.3
1774857720,4555.3,4557.5,4555,4556.6
1774857780,4556.2,4558.1,4555.6,4556.7
1774857840,4556.8,4558,4553.8,4555.3
1774857900,4554.8,4560.4,4554.3,4559.7
1774857960,4560.4,4561.4,4557.9,4560.2
1774858020,4559.7,4562.1,4558.9,4561.7
1774858080,4561.7,4563.6,4561.2,4563
1774858140,4563,4563,4561.4,4562.8
1774858200,4562.6,4565,4561.8,4562.7
1774858260,4562.5,4563,4559.8,4562.4
1774858320,4562,4562.2,4560,4560.1
1774858380,4559.6,4561.5,4559.4,4560.7
1774858440,4561.6,4561.7,4560.7,4561.6
1774858500,4561.4,4561.8,4559.3,4559.3
1774858560,4559.3,4560.9,4559.3,4560.3
1774858620,4560.6,4561,4559.7,4559.7
1774858680,4559.7,4560.4,4559.3,4560.1
1774858740,4560.2,4560.7,4559.9,4560.1
1774858800,4560,4560,4558.1,4559.9
1774858860,4560.2,4560.8,4557.8,4560.5
1774858920,4560.4,4563.7,4560,4560
1774858980,4560.2,4560.2,4553.1,4556.2
1774859040,4556,4558.7,4555.9,4557.5
1774859100,4557.9,4559.8,4557.3,4557.3
1774859160,4556.9,4556.9,4553.9,4555.7
1774859220,4555.1,4556.6,4554.2,4556.6
1774859280,4556.4,4557.2,4554.8,4556.5
1774859340,4556.7,4557.5,4556.2,4556.5
1774859400,4556.3,4562.9,4556.3,4562.2
1774859460,4562.2,4564.4,4561.5,4563.5
1774859520,4563.7,4566,4563.7,4565.7
1774859580,4566,4566,4564,4564.2
1774859640,4564.2,4564.5,4560.3,4560.3
1774859700,4560.2,4560.5,4558.2,4560.5
1774859760,4560.5,4562.4,4560.5,4561.4
1774859820,4561.9,4562.4,4558.9,4559.4
1774859880,4559.7,4563.6,4559.7,4563.6
1774859940,4564.3,4565.6,4563.8,4565.1
1774860000,4564.8,4564.8,4563.1,4563.1
1774860060,4563.8,4563.8,4562.4,4562.9
1774860120,4562.7,4563.2,4561.6,4562.4
1774860180,4562.2,4562.3,4561.2,4561.6
1774860240,4561.5,4561.8,4559.8,4561.1
1774860300,4561.5,4562.4,4561,4562.3
1774860360,4562.8,4564.5,4562.8,4564.4
1774860420,4564.9,4565.3,4563.6,4564.1
1774860480,4563.7,4563.9,4561.6,4561.6
1774860540,4562.1,4565.8,4562.1,4564.4
1774860600,4564.6,4564.6,4562.6,4564.6
1774860660,4564.7,4565.6,4564.5,4565
1774860720,4564.4,4566,4564.4,4565.4
1774860780,4565.4,4568.2,4565.2,4567.6
1774860840,4567.6,4569,4566.3,4567.1
1774860900,4567.4,4567.4,4563.1,4563.9
1774860960,4563.9,4566.3,4563.9,4564.7
1774861020,4565.4,4568,4565.4,4568
1774861080,4567.8,4567.8,4565.9,4567.5
1774861140,4567.8,4568.8,4566.6,4566.9
1774861200,4566.6,4568.4,4566.5,4566.7
1774861260,4567.2,4568.9,4566.2,4568
1774861320,4568.4,4569.4,4565.7,4565.9
1774861380,4565.7,4567.4,4564.8,4567
1774861440,4566.4,4568.3,4566.4,4567.9
1774861500,4569,4569.4,4565.6,4565.7
1774861560,4566.1,4566.5,4563.9,4563.9
1774861620,4563.7,4566.1,4563.7,4565.9
1774861680,4565.3,4566.2,4559.1,4559.7
1774861740,4560.1,4563.3,4560,4561.9
1774861800,4561.8,4563,4560.7,4560.7
1774861860,4559.3,4560.1,4558.3,4559.7
1774861920,4559.4,4560.1,4556.5,4557.4
1774861980,4557.5,4558.7,4557.1,4558.3
1774862040,4557.5,4559.3,4557.1,4558
1774862100,4557.7,4558.1,4554.7,4555
1774862160,4555.2,4557.6,4552.8,4557.6
1774862220,4557.5,4558.7,4551.3,4555.6
1774862280,4555.3,4558.1,4554.3,4557.5
1774862340,4556.9,4558.3,4556.4,4556.6
1774862400,4556.6,4559.7,4555.8,4559.5
1774862460,4559.7,4564.9,4559.7,4563.2
1774862520,4563.9,4565.3,4560.6,4560.6
1774862580,4560.9,4560.9,4556.2,4556.8
1774862640,4557,4560.3,4557,4559.9
1774862700,4560.3,4560.7,4559.7,4560.2
1774862760,4559.2,4560.8,4558.5,4558.6
1774862820,4559,4560.5,4557,4557.3
1774862880,4557.3,4559.6,4557.2,4559.6
1774862940,4559.8,4559.8,4555.2,4556.2
1774863000,4555.9,4558.3,4555.2,4556.8
1774863060,4557.4,4558.1,4556.2,4558.1
1774863120,4557.7,4557.7,4554,4555.2
1774863180,4554.9,4554.9,4552.5,4552.5
1774863240,4552.9,4555.3,4552.7,4554.4
1774863300,4555.3,4557.2,4554.2,4557.1
1774863360,4557.3,4559,4557.3,4557.6
1774863420,4558,4558.6,4556.1,4556.3
1774863480,4558.5,4561,4558.1,4560.3
1774863540,4560.4,4563.5,4560.4,4562.3
1774863600,4561.5,4562.6,4561.2,4561.5
1774863660,4561.7,4563.9,4561.5,4563.7
1774863720,4563.7,4565,4563.2,4564.7
1774863780,4564.2,4565,4563.5,4564.3
1774863840,4564.9,4566.7,4564.9,4566.1
1774863900,4566.1,4566.1,4563.5,4564.6
1774863960,4564.4,4565.7,4563.3,4565.7
1774864020,4566.2,4566.8,4564.8,4565
1774864080,4565.4,4567.2,4563.4,4564.3
1774864140,4564,4564,4561.8,4562.2
1774864200,4562,4562,4559,4559
1774864260,4558.9,4561.8,4557.4,4561.5
1774864320,4561.4,4563,4559.8,4562.1
1774864380,4561.8,4563.4,4560.9,4563.4
1774864440,4563.4,4563.5,4561.2,4561.6
1774864500,4561.9,4562.1,4560.3,4560.3
1774864560,4560.4,4561.2,4560.1,4560.5
1774864620,4560.6,4561,4558.4,4559.3
1774864680,4559.3,4559.8,4558.3,4559.6
1774864740,4559.2,4562,4559.2,4562
1774864800,4561.9,4562.4,4559.7,4559.7
1774864860,4559.6,4561.4,4558.5,4560.9
1774864920,4560.8,4561.6,4559.5,4560.5
1774864980,4560.2,4561.5,4558.5,4561.5
1774865040,4561.3,4563.3,4561.3,4562.8
1774865100,4562.6,4563.7,4561.3,4563.1
1774865160,4563.7,4564.3,4562.5,4562.5
1774865220,4562.6,4564,4562.6,4563.7
1774865280,4562.9,4563,4562,4562.8
1774865340,4562.8,4562.8,4561.3,4562.6
1774865400,4562.6,4565.2,4562.3,4565.2
1774865460,4565.1,4565.6,4561.8,4562.1
1774865520,4563,4563.4,4561.5,4562.7
1774865580,4562.8,4562.9,4561,4562.4
1774865640,4561.9,4562.2,4561.8,4561.9
1774865700,4563,4563,4562.4,4562.4
1774865760,4562.1,4562.6,4559.5,4562.6
1774865820,4562.1,4564.4,4562,4564.4
1774865880,4564.6,4566.3,4563.3,4565.9
1774865940,4566.2,4568.2,4565.7,4566.7
1774866000,4566.3,4569.2,4564.6,4564.6
1774866060,4564.7,4565.1,4560.7,4561.4
1774866120,4560.9,4562.6,4560.5,4562.3
1774866180,4563,4563.6,4561.6,4562.3
1774866240,4562.4,4563,4561.2,4561.2
1774866300,4560.6,4562.1,4559.9,4561.2
1774866360,4561,4561.2,4556.6,4557.4
1774866420,4557.3,4561.1,4557.3,4560.1
1774866480,4561,4561.2,4559.4,4560.4
1774866540,4560.5,4561.7,4560.1,4560.2
1774866600,4560.2,4560.2,4558,4559.8
1774866660,4559.9,4561.3,4558.8,4561.3
1774866720,4561.2,4562.7,4560.7,4561.6
1774866780,4560.9,4562.6,4560.3,4560.3
1774866840,4559.8,4559.9,4557.2,4559.1
1774866900,4559.1,4562.1,4559.1,4561.9
1774866960,4561.7,4562.4,4561.2,4561.9
1774867020,4561.3,4562.6,4560.5,4560.5
1774867080,4560.5,4560.6,4559.1,4559.1
1774867140,4559,4561.1,4559,4560.3
1774867200,4560,4561.2,4559.5,4559.5
1774867260,4559.9,4561,4559,4560.4
1774867320,4560.9,4561.6,4560.5,4560.9
1774867380,4561,4563.2,4560.9,4562
1774867440,4562.1,4563.3,4561.6,4562.4
1774867500,4562.9,4563.9,4560.9,4561.4
1774867560,4561.8,4561.8,4560.5,4560.8
1774867620,4561.3,4561.5,4559,4560
1774867680,4559.5,4560.2,4557.7,4559.4
1774867740,4559.9,4560.8,4559.2,4560.8
1774867800,4561.2,4564.7,4561.2,4562.8
1774867860,4562.6,4562.6,4560,4562.5
1774867920,4562.2,4562.6,4559.1,4559.1
1774867980,4558.8,4561.4,4558.8,4561.1
1774868040,4560.9,4562.4,4560.9,4562.3
1774868100,4562.3,4562.7,4561.4,4562
1774868160,4562.3,4562.3,4558.6,4558.8
1774868220,4558.3,4560.9,4557.5,4560.8
1774868280,4560.8,4561.6,4558.8,4560.8
1774868340,4561.2,4561.9,4560.1,4561.2
1774868400,4561.4,4562.8,4560.1,4560.4
1774868460,4560.1,4560.4,4558.4,4558.5
1774868520,4558.2,4558.3,4555.6,4556.5
1774868580,4557,4558.8,4556.1,4556.7
1774868640,4556.3,4556.3,4553.9,4555.8
1774868700,4555.7,4558,4555.7,4558
1774868760,4558.3,4561.6,4557.3,4560.7
1774868820,4560.7,4561.5,4559.7,4560.5
1774868880,4560.4,4563.5,4560.4,4563.5
1774868940,4563.6,4564.7,4563.1,4563.8
1774869000,4563.9,4565.3,4563.3,4563.6
1774869060,4564.2,4565.1,4563.1,4564.1
1774869120,4563.8,4567,4563.4,4565.3
1774869180,4565.3,4567.5,4564.5,4567.5
1774869240,4567.9,4569.6,4566.7,4567.2
1774869300,4567.6,4570.1,4566.9,4569
1774869360,4568.8,4570.1,4567,4567.4
1774869420,4567.8,4569.9,4567.3,4569.3
1774869480,4569.8,4575.2,4569.3,4573
1774869540,4573.3,4574.7,4573.3,4573.9
1774869600,4574,4574.1,4564.2,4567.9
1774869660,4568.4,4570.2,4566.3,4570.1
1774869720,4570.1,4573.4,4570.1,4573
1774869780,4573,4573.5,4571.7,4572.2
1774869840,4572,4574,4571.3,4571.7
1774869900,4571.7,4571.7,4569.5,4569.5
1774869960,4569.4,4578,4567.6,4571.5
1774870020,4571.5,4573.4,4565.4,4565.4
1774870080,4566.2,4570.7,4565,4570.1
1774870140,4568.8,4575.5,4567.6,4573
1774870200,4573.5,4575.6,4570,4571.8
1774870260,4572.5,4574,4570.8,4570.9
1774870320,4570.8,4573.3,4569.5,4573.3
1774870380,4572.2,4573.1,4570,4572.6
1774870440,4571.6,4573.3,4570,4571.9
1774870500,4572.6,4575.3,4571.5,4574
1774870560,4573.6,4573.9,4571.7,4571.8
1774870620,4571.4,4571.4,4568,4569
1774870680,4568.8,4571.7,4568.5,4570.4
1774870740,4570.8,4570.8,4569.4,4570.3
1774870800,4570.8,4573.5,4569.6,4573.5
1774870860,4573.5,4573.5,4570.1,4572.4
1774870920,4572.8,4580.6,4572.8,4576.8
1774870980,4576.3,4581,4575.4,4580
1774871040,4580.1,4595.1,4578,4595.1
1774871100,4595,4600.7,4593.7,4597
1774871160,4597.2,4600.1,4594,4599.3
1774871220,4599.4,4603,4598.1,4601.3
1774871280,4601.2,4601.5,4597.6,4597.6
1774871340,4597.9,4603,4597,4599.8
1774871400,4600.2,4605.8,4599.3,4603.1
1774871460,4603.1,4611.4,4601.8,4609
1774871520,4608.6,4609.1,4602,4602.7
1774871580,4602.7,4603.4,4600.1,4600.9
1774871640,4601.5,4603.2,4598.3,4598.3
1774871700,4599,4599.5,4592,4592.1
1774871760,4592.8,4593.5,4590.6,4590.8
1774871820,4591.2,4593.1,4590.4,4591.5
1774871880,4591.6,4592.7,4586.5,4587.3
1774871940,4587.4,4589.7,4585.8,4589
1774872000,4589.5,4590,4581.3,4583.4
1774872060,4583.4,4584.5,4579,4579.3
1774872120,4579.8,4579.9,4574.6,4577.9
1774872180,4578.5,4587.3,4577.7,4582.7
1774872240,4583,4585.5,4582,4585
1774872300,4585,4588.8,4585,4586.9
1774872360,4587.1,4588.9,4585.2,4586.7
1774872420,4587.2,4588.6,4586.1,4588.6
1774872480,4588.4,4590.2,4586,4586.4
1774872540,4586.4,4590.8,4586,4587.5
1774872600,4586.8,4590,4586.3,4590
1774872660,4590.2,4590.6,4588.7,4590
1774872720,4590.2,4591.4,4588.5,4590.4
1774872780,4590.1,4590.4,4588.7,4588.8
1774872840,4588.8,4588.8,4585.4,4586.3
1774872900,4586.1,4588.8,4586.1,4587.1
1774872960,4586.6,4587.9,4585.5,4587.8
1774873020,4588.4,4594,4588,4594
1774873080,4593.9,4596.2,4591.8,4594.7
1774873140,4595.2,4597.6,4593.6,4596.6
1774873200,4596.3,4597.9,4592.8,4596.1
1774873260,4595.5,4596.8,4592.5,4596.2
1774873320,4595.9,4596.2,4592.8,4595
1774873380,4594.8,4596.9,4594.7,4596.5
1774873440,4596.1,4596.2,4593.9,4593.9
1774873500,4593.9,4593.9,4590.8,4593.6
1774873560,4594.1,4594.1,4591,4592.7
1774873620,4593.3,4596.7,4592,4595.7
1774873680,4595.7,4598.1,4595.7,4597.1
1774873740,4597.4,4598.4,4594,4596.1
1774873800,4595.8,4603.6,4594.3,4599.9
1774873860,4599.6,4601.9,4598,4601.5
1774873920,4601.6,4602,4599.4,4599.8
1774873980,4600.1,4602.7,4600.1,4601.3
1774874040,4601.1,4603.1,4600,4601.2
1774874100,4601.2,4603.2,4599.7,4601.8
1774874160,4601,4604.8,4600.1,4604.3
1774874220,4604.7,4604.8,4601.4,4601.6
1774874280,4601.9,4605.2,4600.1,4601.6
1774874340,4601.3,4602.9,4599,4602.2
1774874400,4602,4604.5,4602,4604
1774874460,4603.1,4605.1,4602,4602
1774874520,4602.2,4604.8,4602.2,4604.6
1774874580,4604.1,4608.1,4604.1,4606.3
1774874640,4605.5,4605.8,4603.1,4604.1
1774874700,4604.1,4604.1,4600.2,4600.3
1774874760,4600.2,4601.7,4597.3,4598.4
1774874820,4599.7,4601.1,4598.5,4599.2
1774874880,4599,4599.7,4596.4,4596.5
1774874940,4596.2,4601.2,4594.6,4600.7
1774875000,4600.5,4600.6,4597.4,4598.6
1774875060,4598.9,4598.9,4593.9,4594
1774875120,4594.3,4598,4594.3,4597.9
1774875180,4597.3,4597.8,4595.6,4595.7
1774875240,4595.8,4598.4,4595.3,4597.9
1774875300,4597.9,4599.2,4596.8,4599.2
1774875360,4599.1,4603.6,4597.6,4602.7
1774875420,4602.8,4603.9,4601.8,4603.5
1774875480,4603.7,4603.7,4600.9,4601
1774875540,4600.9,4601.4,4598.9,4599.6
1774875600,4599.9,4609,4598.9,4608.2
1774875660,4608,4608.5,4602.7,4604.2
1774875720,4603.7,4606.8,4603.7,4606.8
1774875780,4606.9,4608.9,4605.2,4606.7
1774875840,4607.2,4607.8,4600.6,4600.6
1774875900,4601,4602.8,4597.1,4597.7
1774875960,4597.3,4598.9,4594.8,4595.2
1774876020,4594.6,4601.5,4592.7,4599.7
1774876080,4600.4,4601.1,4591.3,4591.9
1774876140,4591.7,4598.7,4591.3,4598.2
1774876200,4597.9,4599,4596,4598.6
1774876260,4598.5,4599,4595.7,4596.9
1774876320,4596.8,4599.9,4596.8,4597.2
1774876380,4597.2,4597.4,4594.8,4597.2
1774876440,4596.4,4596.4,4594.3,4595.7
1774876500,4595.5,4597.4,4595,4596.3
1774876560,4595.5,4596.7,4594.3,4596.6
1774876620,4597,4597.4,4595.9,4597.4
1774876680,4596.7,4598.3,4595.4,4596
1774876740,4596.4,4598,4595.2,4598
1774876800,4598,4599.6,4593.3,4594.6
1774876860,4594.4,4595.2,4592.3,4593.4
1774876920,4593,4593.3,4589,4589.2
1774876980,4589,4595,4589,4595
1774877040,4594.8,4596,4593.6,4594.3
1774877100,4594.5,4596.6,4592,4596
1774877160,4596.1,4596.2,4594.2,4595.2
1774877220,4596.1,4598.4,4596.1,4597.7
1774877280,4598,4601.3,4597.3,4599.5
1774877340,4599.4,4601,4597.2,4598
1774877400,4597.4,4601,4596.8,4600.5
1774877460,4600.3,4603.9,4597.7,4598.5
1774877520,4598,4599.1,4595.6,4595.6
1774877580,4596,4598.8,4596,4596.8
1774877640,4596.4,4597.4,4586.7,4587.5
1774877700,4587.8,4588.6,4579.7,4580.2
1774877760,4579.7,4585.5,4579.7,4583.5
1774877820,4583.9,4588,4582,4586.9
1774877880,4586.8,4589.4,4585,4588.5
1774877940,4588.3,4591,4586.3,4589.9
1774878000,4589.7,4589.9,4584.6,4585.6
1774878060,4585.5,4585.9,4577.6,4578.9
1774878120,4578.8,4580.8,4574,4576.4
1774878180,4576.5,4579.3,4575.8,4576
1774878240,4576.2,4576.8,4573,4574.4
1774878300,4574.7,4574.8,4567.1,4571.6
1774878360,4571.5,4576.3,4571.5,4573.6
1774878420,4574.9,4578.7,4574.2,4574.4
1774878480,4575,4575.2,4564.8,4567.4
1774878540,4567.8,4568.2,4561.5,4565.1
1774878600,4564.9,4565.8,4558.9,4565
1774878660,4566,4567.4,4564.1,4565.9
1774878720,4565.9,4566.1,4562.4,4564.4
1774878780,4564.4,4566.9,4560.3,4563.2
1774878840,4563,4568.2,4562.5,4562.8
1774878900,4563.3,4564.2,4557,4560.5
1774878960,4560.1,4563.5,4558.9,4562.9
1774879020,4562.9,4564.6,4558.1,4558.1
1774879080,4558.3,4559.4,4546.7,4551.2
1774879140,4551.6,4556.8,4550.6,4553.7
1774879200,4553.2,4561.2,4552.4,4557.3
1774879260,4557.1,4563,4556.1,4561.9
1774879320,4561.8,4563.3,4556.1,4561.9
1774879380,4561.8,4563,4558.5,4561.8
1774879440,4561.9,4566.5,4558.3,4559.3
1774879500,4559.4,4560.8,4548.2,4549.4
1774879560,4548.6,4553.3,4547.2,4551.1
1774879620,4551.2,4554.8,4549,4553.5
1774879680,4553.6,4555.3,4551.5,4554.3
1774879740,4553.6,4559.2,4553.5,4556.6
1774879800,4556.2,4560.3,4556,4556.3
1774879860,4556.7,4558.4,4552,4552
1774879920,4552,4563.1,4552,4561.4
1774879980,4561.4,4565.2,4559.4,4564.9
1774880040,4564.7,4565.6,4562.8,4564.3
1774880100,4563.7,4565.3,4556.7,4558.3
1774880160,4557.9,4558.7,4554.9,4556.3
1774880220,4557,4557.7,4554,4555.4
1774880280,4556.2,4556.2,4550.8,4551.6
1774880340,4552,4554.1,4550,4553
1774880400,4553.4,4555.9,4551.5,4551.5
1774880460,4551,4551.2,4542,4543.7
1774880520,4544,4552.7,4543,4551.9
1774880580,4551.4,4554.1,4550.6,4553.6
1774880640,4553.4,4553.7,4550.7,4552.4
1774880700,4552.5,4553.9,4549.6,4549.6
1774880760,4550,4552.1,4549.1,4549.1
1774880820,4548.6,4551.9,4548.1,4549.9
1774880880,4550.1,4551.8,4547.2,4548.1
1774880940,4548.4,4552.1,4547.6,4549
1774881000,4548.8,4556.2,4547.4,4554.4
1774881060,4555.1,4556.1,4550.7,4552.4
1774881120,4551,4555.2,4549.6,4551.2
1774881180,4550.6,4555.1,4549.6,4553.7
1774881240,4553.9,4555.5,4552.5,4555.5
1774881300,4555.9,4558,4552.1,4552.7
1774881360,4552.9,4557.6,4552.7,4556.8
1774881420,4557.3,4562,4556.8,4562
1774881480,4561.4,4563.3,4560.6,4562.6
1774881540,4562.3,4562.7,4555.8,4558.5
1774881600,4558.8,4565.2,4558.8,4560.9
1774881660,4560.4,4560.6,4552.4,4555
1774881720,4554.2,4556.9,4554.1,4554.9
1774881780,4554.4,4556.4,4553.4,4554.5
1774881840,4554.2,4554.6,4551.4,4553
1774881900,4552.7,4554.8,4551.9,4554
1774881960,4554.1,4559.7,4553.9,4559.5
1774882020,4558.9,4570,4557.2,4568.4
1774882080,4568,4571.9,4561.7,4565.2
1774882140,4564.2,4567.5,4561.7,4562
1774882200,4562.1,4566.3,4560.8,4565.9
1774882260,4566.5,4566.8,4563.4,4564.1
1774882320,4564.4,4566.5,4562.8,4566
1774882380,4565.7,4570.3,4565.6,4569.3
1774882440,4569.5,4571.7,4567.8,4567.8
1774882500,4567.9,4569.2,4563.8,4565.6
1774882560,4566,4568.1,4565.3,4568.1
1774882620,4568,4571.6,4567.9,4570.4
1774882680,4569.5,4570.8,4569,4570
1774882740,4570.1,4571.6,4568.4,4569.2
1774882800,4569,4573.9,4569,4573.9
1774882860,4573.8,4574,4569.8,4571.9
1774882920,4571.8,4573.1,4565.7,4567.4
1774882980,4567.2,4571.9,4566.9,4571.9
1774883040,4571.9,4571.9,4569,4569.6
1774883100,4570,4571.4,4567.4,4568.6
1774883160,4568.9,4568.9,4566,4567.1
1774883220,4567.3,4567.6,4564.1,4564.1
1774883280,4564.5,4566,4562.3,4563
1774883340,4562.9,4565.2,4562.9,4564.7
1774883400,4565,4565.8,4564,4564.8
1774883460,4565.3,4567.1,4563.9,4565.3
1774883520,4565.2,4568.2,4564.6,4568
1774883580,4567.8,4569.2,4565.5,4568.1
1774883640,4568,4568.3,4563.2,4563.2
1774883700,4563.3,4564.4,4561.1,4563.3
1774883760,4563.5,4563.6,4557.5,4560.4
1774883820,4560.7,4561.2,4559.2,4559.3
1774883880,4559.4,4559.8,4554.9,4559.6
1774883940,4559,4561.2,4557.5,4559.9
1774884000,4560.1,4563.7,4559.2,4563
1774884060,4562.7,4562.7,4557.1,4557.6
1774884120,4557.6,4557.6,4556.4,4556.5
1774884180,4557.1,4557.1,4554.5,4556.5
1774884240,4556.2,4560.1,4556.2,4560.1
1774884300,4560.1,4563.6,4559.4,4560.1
1774884360,4560.1,4562.2,4558.9,4561.7
1774884420,4561.7,4562,4558.8,4561.2
1774884480,4560.9,4562.5,4560.3,4561.8
1774884540,4561.7,4561.9,4560.6,4561.7
1774884600,4561.7,4562.3,4557.5,4560
1774884660,4560.5,4560.5,4558.7,4560
1774884720,4560.1,4563.6,4560.1,4563.2
1774884780,4563,4570.1,4563,4567.7
1774884840,4567.7,4571.9,4567.1,4571.3
1774884900,4571.5,4575.2,4570.9,4574.5
1774884960,4574.4,4575.4,4572.4,4573.8
1774885020,4574.4,4579.1,4573.3,4578
1774885080,4577.7,4579,4576,4578.4
1774885140,4578.7,4579.7,4577,4578.9
1774885200,4579,4581,4578.1,4580.4
1774885260,4580.3,4581.9,4580,4580.9
1774885320,4581.1,4582.5,4580.8,4581.7
1774885380,4581.6,4583.5,4580.7,4582.2
1774885440,4582.1,4583.1,4581.6,4581.8
1774885500,4581.9,4585.1,4580.8,4584.7
1774885560,4584.9,4585.6,4583.4,4585
1774885620,4585.1,4585.4,4583.4,4584.6
1774885680,4584.6,4586.4,4584.3,4585.5
1774885740,4585.5,4585.5,4580.6,4582.4
1774885800,4582.4,4583.1,4577.1,4579.6
1774885860,4579.3,4579.4,4575.7,4576.7
1774885920,4576.4,4576.6,4574.9,4576.1
1774885980,4575.9,4579.8,4575.9,4579.3
1774886040,4579.5,4585.4,4579.5,4584.2
1774886100,4584.2,4587.1,4583.1,4584
1774886160,4584.2,4584.5,4579.1,4580.2
1774886220,4579.4,4580.5,4578.1,4579
1774886280,4579.4,4580,4577.7,4578.9
1774886340,4579.1,4579.3,4577.4,4578.1
1774886400,4578.4,4580,4576.2,4576.6
1774886460,4576.1,4577.4,4574.1,4575.3
1774886520,4574.8,4575,4572,4572.6
1774886580,4572.7,4574.8,4572.6,4574.3
1774886640,4574.6,4575.2,4568.1,4569.6
1774886700,4570,4572.8,4569.3,4572.8
1774886760,4572.6,4574.4,4572.5,4573.9
1774886820,4574,4574.8,4569,4569
1774886880,4569.2,4570.1,4568.1,4568.3
1774886940,4568.3,4572.4,4568.3,4570.9
1774887000,4570.5,4575.3,4570.5,4575.3
1774887060,4574.6,4576.3,4573.7,4574.6
1774887120,4574.6,4577,4574.6,4576.4
1774887180,4576.7,4576.8,4575.8,4576.1
1774887240,4576,4576.4,4574.2,4574.4
1774887300,4574,4574.4,4572.8,4574.2
1774887360,4574.7,4579,4574.5,4577.4
1774887420,4577.4,4578.5,4576.8,4576.9
1774887480,4576.6,4576.6,4572.3,4573.1
1774887540,4572.7,4575.7,4572,4575.5
1774887600,4575.8,4577.3,4574.6,4575.7
1774887660,4575.6,4576,4575,4576
1774887720,4576.4,4577.7,4574.7,4575.2
1774887780,4575.2,4575.3,4573.3,4573.8
1774887840,4573.5,4574.6,4572.7,4573.6
1774887900,4572.9,4573.2,4570.4,4571.3
1774887960,4571.1,4571.5,4569.8,4570.6
1774888020,4570.4,4571.3,4568.4,4569.3
1774888080,4570.2,4570.8,4567.7,4568.8
1774888140,4568.7,4568.7,4566.6,4566.6
1774888200,4566.6,4566.9,4560.1,4566.3
1774888260,4566.3,4570.2,4565.9,4569.6
1774888320,4569.5,4572,4568.8,4569.8
1774888380,4569.7,4571.7,4568.8,4571.5
1774888440,4571.3,4571.5,4568.5,4568.5
1774888500,4568.9,4570.1,4568.7,4569.5
1774888560,4569.1,4570.5,4569,4570.1
1774888620,4570.4,4572,4570.4,4571
1774888680,4571,4571.7,4571,4571.3
1774888740,4572.1,4573,4571,4571.5
1774888800,4571.6,4574.2,4571.6,4573.8
1774888860,4573.7,4576.3,4573.5,4575.2
1774888920,4575.6,4577.8,4575.6,4577.1
1774888980,4577,4578.1,4576.1,4576.5
1774889040,4576.3,4578.3,4575,4578.3
1774889100,4578.1,4578.6,4577,4578
1774889160,4578.2,4578.2,4575.3,4576
1774889220,4575.4,4575.8,4573.5,4574.1
1774889280,4574,4574.6,4571.5,4572.1
1774889340,4572.3,4572.6,4570.4,4571.4
1774889400,4571.3,4572.3,4570.1,4571.8
1774889460,4571.7,4572.2,4569.7,4570.8
1774889520,4570.5,4572.1,4569.9,4571.5
1774889580,4571.1,4573.5,4570.8,4572.6
1774889640,4573,4573.7,4572,4572.1
1774889700,4571.9,4572.6,4566.3,4568.4
1774889760,4568.4,4569.5,4567,4567.4
1774889820,4567.9,4568.8,4567.4,4567.9
1774889880,4568.1,4570,4567.9,4567.9
1774889940,4567.9,4570.3,4566.6,4569.5
1774890000,4569.1,4572,4569.1,4570.4
1774890060,4569.3,4570.2,4567.3,4567.9
1774890120,4568.1,4568.1,4563.9,4563.9
1774890180,4563.7,4565.6,4563.1,4563.8
1774890240,4564.1,4564.2,4562.1,4562.4
1774890300,4562.1,4564.3,4561.5,4561.8
1774890360,4561.6,4564.5,4561.6,4562.9
1774890420,4562.9,4563.8,4561.8,4562.8
1774890480,4563.8,4564.1,4561.4,4563.6
1774890540,4563.5,4565.6,4563.5,4564.2
1774890600,4564.7,4565.2,4559.8,4559.8
1774890660,4560,4560.8,4559.4,4559.4
1774890720,4559.8,4562,4558.7,4559.1
1774890780,4558.9,4558.9,4555.7,4556.9
1774890840,4556.7,4557.2,4548.5,4551.8
1774890900,4551.8,4554.4,4550,4550.7
1774890960,4550.7,4554.2,4549.7,4554
1774891020,4554.4,4555.4,4551.8,4553.7
1774891080,4553.5,4555.5,4552.4,4554.8
1774891140,4554.7,4555.6,4552.8,4553.2
1774891200,4553.1,4555.4,4553.1,4555.3
1774891260,4555,4555.3,4551.7,4553.4
1774891320,4553.9,4556.8,4553.6,4554.3
1774891380,4554.1,4556,4554.1,4555.4
1774891440,4554.7,4558.8,4554.7,4558.6
1774891500,4558.5,4560.9,4556.7,4559.1
1774891560,4559.2,4559.7,4558.1,4558.3
1774891620,4558.6,4559.6,4557.9,4558.7
1774891680,4558.1,4558.2,4556.3,4558.2
1774891740,4558.2,4559.2,4556.6,4557
1774891800,4556.9,4557,4551.6,4552.4
1774891860,4552.3,4553.7,4547.2,4548.5
1774891920,4548.7,4550.3,4546.3,4546.5
1774891980,4546.5,4550.1,4546.2,4548.1
1774892040,4548,4548,4544.3,4546.3
1774892100,4546.3,4548.2,4544.3,4547.5
1774892160,4547.4,4549.4,4547,4548.7
1774892220,4549,4549.6,4546.6,4547.8
1774892280,4548.1,4548.3,4545.8,4547.1
1774892340,4546.8,4548,4545.9,4547.1
1774892400,4546.5,4550.8,4546,4548.1
1774892460,4547.6,4548.3,4546.4,4548
1774892520,4548.4,4551.6,4548.2,4551.1
1774892580,4550.8,4553.5,4550.5,4552.8
1774892640,4553,4555.7,4552.8,4554.6
1774892700,4554.1,4555.4,4554.1,4555.4
1774892760,4555.1,4555.1,4552.5,4553
1774892820,4552.7,4558.9,4552.6,4553.5
1774892880,4552.9,4552.9,4550.5,4550.7
1774892940,4551.5,4552.5,4547.1,4547.1
1774893000,4547.2,4547.6,4544.4,4545.6
1774893060,4546.9,4548.4,4546.7,4548.4
1774893120,4547.7,4548.6,4547,4547
1774893180,4547,4550.6,4547,4550.2
1774893240,4550.2,4550.3,4547.3,4547.3
1774893300,4547.7,4548.1,4542.7,4544.6
1774893360,4545.6,4547.1,4544.3,4545.8
1774893420,4545.6,4545.7,4541.1,4542.1
1774893480,4541.5,4542.8,4540.9,4542.1
1774893540,4542.1,4545,4541.9,4544.8
1774893600,4545.1,4548.7,4544.4,4547.1
1774893660,4547.1,4550,4547.1,4549.7
1774893720,4549.4,4552.1,4549.1,4551.9
1774893780,4551.6,4553.1,4550.7,4550.8
1774893840,4550.8,4551,4547.3,4547.6
1774893900,4548.2,4550.5,4547.6,4549.4
1774893960,4548.9,4549.5,4547.5,4547.6
1774894020,4547.3,4547.7,4543.1,4543.6
1774894080,4543.5,4545.6,4543.1,4545.6
1774894140,4545.6,4548.3,4545.6,4547.8
1774894200,4548.3,4551.5,4548.3,4549.8
1774894260,4549.2,4549.6,4548.3,4548.9
1774894320,4548.5,4548.7,4545.8,4548
1774894380,4547.7,4547.7,4546.3,4547
1774894440,4547.2,4548.7,4546.2,4548.7
1774894500,4549.1,4549.5,4547.5,4547.5
1774894560,4546.8,4547.5,4546.1,4546.9
1774894620,4546.5,4548.5,4545.6,4547.4
1774894680,4546.8,4547.5,4545.8,4546.1
1774894740,4546.6,4549.2,4546.6,4549.2
1774894800,4549.3,4550.2,4548.3,4549.1
1774894860,4549.5,4551.7,4549.2,4549.9
1774894920,4550,4550.1,4546.6,4547.2
1774894980,4546.6,4547.5,4544.7,4545.3
1774895040,4545.4,4545.9,4544.9,4545
1774895100,4545.8,4546.1,4545,4545.3
1774895160,4545.1,4545.3,4542,4542.6
1774895220,4542.9,4543.6,4541.2,4541.8
1774895280,4541.7,4544.2,4540.9,4543.4
1774895340,4542.9,4544.2,4542.8,4543.9
1774895400,4544.1,4545.8,4543.1,4545.1
1774895460,4545.5,4547.9,4545.4,4546
1774895520,4546.2,4546.2,4542.6,4542.6
1774895580,4542.7,4543.7,4542.2,4543.7
1774895640,4543.6,4544.1,4542.7,4543.4
1774895700,4544.5,4546.3,4544.3,4546.3
1774895760,4546.8,4548.7,4546.2,4548.7
1774895820,4549.5,4549.5,4545.4,4545.4
1774895880,4545.6,4546.1,4545.1,4545.9
1774895940,4545.8,4546.2,4543.3,4543.3
1774896000,4543.1,4545.6,4543.1,4545.5
1774896060,4545.3,4547.1,4545,4546.1
1774896120,4546.3,4546.5,4543,4543.9
1774896180,4544,4545.4,4543.2,4544.1
1774896240,4544.3,4545.4,4544.2,4545.4
1774896300,4545.2,4547.7,4545.2,4546.9
1774896360,4547.4,4548,4545.7,4546.3
1774896420,4546.3,4546.9,4545.7,4546.5
1774896480,4546.3,4547.8,4546,4547.4
1774896540,4547.3,4548.6,4547.3,4548.1
1774896600,4547.5,4548.6,4547.1,4547.1
1774896660,4546.9,4546.9,4543.8,4545.6
1774896720,4545.6,4545.6,4541.7,4542.8
1774896780,4542.8,4544,4540.9,4542
1774896840,4542,4544,4536.7,4536.7
1774896900,4536.5,4538.1,4533.9,4534.6
1774896960,4534.6,4536.1,4534.3,4534.7
1774897020,4534.2,4534.3,4530.9,4531.4
1774897080,4531.3,4534.7,4530.3,4531.4
1774897140,4531.3,4532.1,4528,4528.8
1774897200,4528.5,4529.8,4526.3,4527.1
1774897260,4527.1,4531.1,4524.9,4530.2
1774897320,4530.2,4532.7,4529.5,4529.6
1774897380,4529.4,4531.3,4527,4528.8
1774897440,4529.1,4531.8,4529.1,4529.6
1774897500,4528.8,4529.4,4527,4528.6
1774897560,4528.4,4533.9,4528.4,4533.4
1774897620,4533.3,4534.8,4532.2,4532.8
1774897680,4532,4532.3,4529.6,4531.5
1774897740,4531.9,4533.5,4529.1,4529.7
1774897800,4529.2,4529.2,4523.7,4524.5
1774897860,4524.5,4527.8,4523,4527.1
1774897920,4526.7,4528.5,4525.8,4526.1
1774897980,4525.7,4529.1,4525.3,4528.5
1774898040,4527.4,4528.2,4526,4527.2
1774898100,4527.4,4531.5,4527,4529.9
1774898160,4529.9,4531.1,4529.1,4529.6
1774898220,4530,4530.6,4528.8,4528.8
1774898280,4528.5,4529.7,4528,4528.2
1774898340,4528,4528,4525.3,4525.7
1774898400,4526,4526.6,4524.2,4524.5
1774898460,4525.1,4525.1,4522.7,4523.5
1774898520,4524,4528.2,4523.6,4528.1
1774898580,4528.8,4531.1,4528.8,4531.1
1774898640,4530.2,4530.9,4527.8,4527.8
1774898700,4527.9,4529.7,4526.5,4528.9
1774898760,4528.9,4532.1,4528.6,4530.5
1774898820,4530.9,4531.9,4529.7,4531.1
1774898880,4530.7,4534.1,4530.6,4532.8
1774898940,4532.1,4532.5,4531,4531.5
1774899000,4531.7,4534.1,4530.3,4530.8
1774899060,4530.6,4531.3,4528.4,4529.1
1774899120,4528.9,4529.2,4527.7,4529.1
1774899180,4529.3,4533.3,4529.3,4533.3
1774899240,4533.6,4540.1,4533.6,4538.8
1774899300,4538.8,4542.9,4538.8,4541.6
1774899360,4541.4,4542,4539.3,4541.4
1774899420,4541.1,4542.6,4538.8,4540.6
1774899480,4540.6,4542,4534.2,4535.1
1774899540,4535,4536.7,4534.9,4535.7
1774899600,4535.5,4536,4533.3,4535.4
1774899660,4534.7,4535.4,4533.5,4533.9
1774899720,4533.8,4534.8,4531.6,4532.9
1774899780,4533.4,4533.8,4531.3,4533.8
1774899840,4533.9,4535.1,4533.5,4534.8
1774899900,4534.6,4539.2,4534.6,4538.8
1774899960,4538.6,4538.8,4537.1,4538.5
1774900020,4538.1,4540.2,4538.1,4539.4
1774900080,4539.5,4539.5,4537.6,4537.6
1774900140,4538.1,4538.4,4536.3,4537.1
1774900200,4536.6,4539,4535.5,4538.8
1774900260,4538.6,4538.9,4536.7,4537
1774900320,4537,4537.5,4534.6,4535.2
1774900380,4535.5,4536.6,4534.8,4535.6
1774900440,4536.3,4536.4,4535.2,4535.5
1774900500,4536,4542.9,4536,4542.8
1774900560,4541.8,4548.3,4540.6,4546.5
1774900620,4546.5,4546.9,4544.4,4546.2
1774900680,4546.4,4546.8,4542.7,4543.4
1774900740,4543,4544.4,4542.6,4543.2
1774900800,4543.7,4547,4543.2,4545.4
1774900860,4545.2,4546.3,4544.3,4546.2
1774900920,4545.4,4546,4543.3,4543.7
1774900980,4543.5,4543.5,4541.1,4541.1
1774901040,4541.1,4541.1,4539.1,4539.8
1774901100,4539.7,4541.4,4539.7,4540.3
1774901160,4539.9,4540.4,4539.7,4540.1
1774901220,4540.3,4541.5,4540.3,4541
1774901280,4541.4,4542,4540.2,4540.2
1774901340,4539.9,4540.5,4539.3,4539.5
1774901400,4538.6,4538.6,4536,4536
1774901460,4536.8,4538.3,4535.4,4535.9
1774901520,4536.6,4537.9,4536.6,4537.2
1774901580,4537.4,4538.8,4535.6,4538.5
1774901640,4538.9,4538.9,4537.6,4537.6
1774901700,4538.7,4539.1,4538.3,4538.5
1774901760,4537.7,4539,4537.7,4538.8
1774901820,4539.2,4539.7,4539.2,4539.5
1774901880,4539.6,4539.6,4538.6,4538.7
1774901940,4538.9,4538.9,4538.5,4538.5
1774902000,4537.9,4538.1,4537.6,4538
1774902060,4537.9,4538.3,4536.4,4537.1
1774902120,4537.1,4537.3,4536.4,4537.1
1774902180,4537.1,4537.1,4533.9,4534.2
1774902240,4534,4534.1,4531.7,4532.7
1774902300,4532.6,4533,4531.7,4532.6
1774902360,4532.8,4535.1,4532.8,4535.1
1774902420,4535.3,4536.1,4533.9,4534.8
1774902480,4535.4,4535.9,4535.1,4535.4
1774902540,4535.2,4535.4,4534.2,4535.4
1774902600,4536,4536.7,4535,4535
1774902660,4534.3,4534.4,4533.3,4533.7
1774902720,4533.2,4533.3,4533,4533.1
1774902780,4533.2,4534.3,4533.1,4534.3
1774902840,4534,4534,4532.7,4533.5
1774902900,4533.8,4533.8,4531.6,4531.9
1774902960,4531,4532.2,4530.7,4531.9
1774903020,4532,4533,4531.9,4532.8
1774903080,4533.2,4534,4530.7,4531.4
1774903140,4531.3,4532.1,4530.2,4532.1
1774903200,4532.3,4534.1,4532.3,4533.8
1774903260,4533.6,4534.5,4533.1,4534.2
1774903320,4534.1,4534.1,4531.3,4532.8
1774903380,4533.1,4533.1,4532.4,4532.9
1774903440,4532.9,4533.4,4532.2,4532.8
1774903500,4532.8,4533.4,4532.6,4532.8
1774903560,4532.9,4533.2,4532.1,4533.2
1774903620,4534.2,4534.4,4533.8,4533.8
1774903680,4534.3,4535.8,4534.3,4535.7
1774903740,4535.3,4535.6,4533.6,4533.7
1774903800,4533.7,4533.8,4533.7,4533.8
1774903860,4534.7,4536.4,4534.7,4536
1774903920,4536.3,4537.1,4536,4537
1774903980,4537.4,4537.6,4536.7,4537.3
1774904040,4537.3,4538,4536.8,4537.9
1774904100,4537.9,4540.5,4537.9,4539.9
1774904160,4539.8,4540.3,4538.6,4538.6
1774904220,4539.2,4540.6,4539.2,4540.6
1774904280,4540.2,4540.8,4540.1,4540.8
1774904340,4540.9,4540.9,4540.3,4540.4
1774908000,4538.9,4546.4,4538.9,4542.3
1774908060,4542.8,4547.5,4542.8,4545.5
1774908120,4546.4,4546.4,4544,4545.3
1774908180,4546.7,4552.5,4545.3,4546.6
1774908240,4547.1,4550,4545.3,4547.3
1774908300,4546,4546.6,4543,4543
1774908360,4543.5,4546.8,4543.5,4546.2
1774908420,4546.8,4546.8,4544.7,4544.7
1774908480,4544,4544,4541.6,4542
1774908540,4541,4545,4538.4,4540.6
1774908600,4540.1,4544.9,4540,4544.5
1774908660,4544,4544.1,4537,4537.1
1774908720,4537,4538.4,4536.2,4536.3
1774908780,4537.3,4541.5,4537.1,4539.3
1774908840,4540,4540,4537,4537.9
1774908900,4538.1,4539.5,4537.3,4539.5
1774908960,4539.8,4539.9,4536.6,4539.1
1774909020,4539.6,4541.2,4538.5,4539.5
1774909080,4538,4538.8,4535.2,4535.2
1774909140,4535.2,4535.3,4533.7,4534.9
1774909200,4535.4,4536,4535.2,4536
1774909260,4535,4535.5,4534.8,4535.4
1774909320,4536.1,4536.1,4535.2,4535.2
1774909380,4535.1,4535.4,4534.3,4534.6
1774909440,4534.8,4535.5,4534.8,4535.5
1774909500,4535.9,4536.5,4530.5,4534.9
1774909560,4535.7,4538.9,4535.2,4538.9
1774909620,4538.9,4539.4,4536.8,4539.4
1774909680,4539.4,4539.4,4538,4538.8
1774909740,4538.8,4544.1,4538.8,4543
1774909800,4543.9,4544.5,4540.8,4540.8
1774909860,4540.5,4548.1,4540.2,4546.1
1774909920,4545.5,4545.5,4543.3,4544.8
1774909980,4543.6,4543.6,4543.4,4543.4
1774910040,4543.3,4543.3,4541.1,4541.6
1774910100,4541.2,4542.7,4541.1,4542.1
1774910160,4541.1,4541.8,4541.1,4541.8
1774910220,4542.6,4542.7,4541.5,4541.5
1774910280,4541.5,4541.5,4539.9,4539.9
1774910340,4540.2,4540.2,4540.2,4540.2
1774910400,4540.9,4541,4540.1,4540.1
1774910460,4540.9,4540.9,4540.9,4540.9
1774910520,4540.1,4540.2,4539.2,4539.2
1774910580,4539.3,4539.3,4538.6,4538.6
1774910640,4538.5,4538.7,4536.7,4537.1
1774910700,4537.4,4540.7,4537.3,4540.1
1774910760,4539.8,4541.3,4539.3,4540.9
1774910820,4540.3,4541.1,4539.8,4540.6
1774910880,4541.3,4541.6,4540.5,4541.2
1774910940,4541,4541,4539.9,4540.6
1774911000,4541.2,4541.2,4540.6,4541.2
1774911060,4542.5,4542.8,4541.4,4542.4
1774911120,4541,4541.4,4540.9,4541.4
1774911180,4542.1,4542.1,4542,4542
1774911240,4541.6,4542.5,4541.2,4541.5
1774911300,4540.9,4540.9,4540,4540
1774911360,4540.4,4541.5,4540.4,4541.5
1774911420,4541,4542.5,4540.4,4542.4
1774911480,4542.1,4544.3,4542.1,4544.3
1774911540,4544,4544.4,4539.4,4539.4
1774911600,4539.1,4539.1,4533.3,4534.4
1774911660,4533.8,4534.8,4530.8,4534.8
1774911720,4535,4535,4531.7,4531.7
1774911780,4532.4,4532.4,4532.2,4532.2
1774911840,4531.2,4532.6,4527.1,4531.3
1774911900,4531.7,4532.1,4528.6,4529.4
1774911960,4528.4,4532.5,4525.1,4532.5
1774912020,4533.2,4535,4530.5,4530.5
1774912080,4531.3,4531.3,4523.3,4523.4
1774912140,4523.3,4526.2,4522.8,4523.9
1774912200,4522.8,4527.3,4520.8,4526.2
1774912260,4526,4528.4,4525.5,4528.4
1774912320,4528,4528,4526.2,4526.7
1774912380,4525,4526.8,4522.7,4525.8
1774912440,4527,4528,4526.3,4527.2
1774912500,4526.4,4527.6,4526,4527.6
1774912560,4529,4530.1,4529,4529.2
1774912620,4529.5,4529.6,4528.6,4528.7
1774912680,4529.6,4533.4,4529.6,4532.4
1774912740,4532.5,4535.5,4531.9,4534.8
1774912800,4534.4,4537.5,4534.4,4536
1774912860,4536.6,4538.6,4536.3,4537.1
1774912920,4537,4537.7,4535.2,4535.2
1774912980,4535.3,4537.5,4534.7,4536.1
1774913040,4535.1,4536.7,4535.1,4535.5
1774913100,4535,4535,4532.8,4533.6
1774913160,4533.9,4534.7,4533.9,4534.7
1774913220,4534.3,4534.3,4533.1,4534.1
1774913280,4534.2,4535.2,4534.2,4535.2
1774913340,4533.9,4533.9,4533.4,4533.4
1774913400,4533.1,4533.6,4532,4533.6
1774913460,4532.8,4533.1,4532,4533.1
1774913520,4534.6,4536.8,4534.3,4536.8
1774913580,4536.6,4536.6,4535.5,4536.4
1774913640,4536.6,4537.3,4536,4536
1774913700,4534.1,4536.7,4532.3,4536.7
1774913760,4537.3,4540.3,4536.5,4540.2
1774913820,4540.4,4543.3,4539.2,4542.6
1774913880,4541.7,4544.1,4541.3,4542.7
1774913940,4542.2,4542.5,4540.1,4540.3
1774914000,4539,4540.6,4538.1,4538.8
1774914060,4537.6,4541.2,4537.6,4541.2
1774914120,4541.5,4543.6,4541.5,4543.3
1774914180,4543,4547.6,4543,4547.2
1774914240,4546,4548,4545,4546.6
1774914300,4546.3,4547.2,4544.7,4544.7
1774914360,4544.7,4546.8,4544.6,4544.6
1774914420,4544.6,4544.8,4542.8,4542.8
1774914480,4543.1,4545.6,4542.8,4544.4
1774914540,4546,4546.8,4546,4546.8
1774914600,4546.9,4550.1,4546.8,4548.1
1774914660,4548.6,4549.1,4544.4,4544.4
1774914720,4543.9,4545.1,4543.9,4544.2
1774914780,4544,4544,4542.4,4542.9
1774914840,4542.5,4544.1,4541.6,4542.3
1774914900,4541.2,4541.5,4537,4538.9
1774914960,4537.7,4538.1,4537.1,4538.1
1774915020,4538.3,4540.4,4535.8,4537.4
1774915080,4537.8,4538.4,4537.8,4538.4
1774915140,4538.5,4542.4,4538.5,4542.1
1774915200,4541.4,4544.8,4538.6,4544.5
1774915260,4544.3,4547.9,4539.2,4547.5
1774915320,4546.8,4556,4546.6,4554.2
1774915380,4554.4,4556.1,4548.8,4550.5
1774915440,4551.4,4556.3,4551.4,4556.3
1774915500,4556.4,4556.4,4549.6,4551.9
1774915560,4551.5,4553.9,4551.5,4552.6
1774915620,4553.6,4554.3,4551.2,4552.8
1774915680,4552.1,4552.1,4549.2,4550
1774915740,4548.8,4548.9,4547.1,4547.1
1774915800,4547.7,4550.6,4547.7,4549.6
1774915860,4549.6,4550.8,4545.3,4547.1
1774915920,4547.2,4548.2,4545.5,4545.5
1774915980,4545.6,4546.6,4544.9,4545.9
1774916040,4546.4,4546.8,4542.1,4543.5
1774916100,4545,4546.6,4536.5,4537.8
1774916160,4537.8,4539.8,4528.3,4531
1774916220,4531,4531.3,4524.7,4529
1774916280,4530.1,4531.5,4527.9,4528.3
1774916340,4527.6,4527.8,4523.1,4523.5
1774916400,4524.4,4525.9,4510,4519
1774916460,4518,4519.2,4515.1,4517.5
1774916520,4517,4517.6,4511.8,4513
1774916580,4512.7,4517.6,4510.9,4513.9
1774916640,4513.5,4522.6,4513.5,4521.6
1774916700,4521.4,4526.9,4517.4,4526.9
1774916760,4526,4533.7,4526,4530.9
1774916820,4530.7,4538.7,4529,4537.6
1774916880,4537.8,4540.5,4532,4539.5
1774916940,4538.6,4540.2,4536.3,4539.5
1774917000,4538.8,4540.1,4536.3,4537.6
1774917060,4538.6,4539.4,4536,4536
1774917120,4536,4537,4534,4536.6
1774917180,4537,4539.7,4535.1,4539.7
1774917240,4540,4543.2,4537.5,4538.2
1774917300,4539,4545.9,4539,4545
1774917360,4545.1,4550.7,4544.4,4550.7
1774917420,4550.4,4554.1,4546.4,4546.6
1774917480,4546,4558.6,4546,4557.1
1774917540,4558.3,4560.3,4553.7,4558.4
1774917600,4558,4559,4554.9,4554.9
1774917660,4555.2,4556.9,4552.1,4554.2
1774917720,4555.4,4557.8,4555.4,4555.9
1774917780,4557.2,4560.4,4556.4,4559.5
1774917840,4558.8,4566.1,4557,4564.6
1774917900,4565.1,4572.3,4565.1,4570.4
1774917960,4570,4573.4,4565.1,4571.4
1774918020,4571.2,4572.8,4568.6,4570.9
1774918080,4571.1,4576.3,4563.8,4564.3
1774918140,4565.9,4568.9,4563.7,4567.4
1774918200,4567.8,4568.1,4564.5,4565
1774918260,4565.2,4568.3,4564.9,4564.9
1774918320,4566,4569,4564.7,4564.9
1774918380,4564.5,4570.7,4563,4569.8
1774918440,4569.6,4571.1,4568.9,4571
1774918500,4571.5,4573,4569.8,4571.1
1774918560,4571.3,4573.5,4568.8,4573.2
1774918620,4572.1,4577.3,4568.3,4568.8
1774918680,4569.4,4574.7,4569.4,4572.7
1774918740,4571.5,4576.9,4571.5,4576.6
1774918800,4576.5,4579.6,4571.3,4577.7
1774918860,4579,4579.8,4576.3,4579.2
1774918920,4578.4,4579.9,4576.9,4577.9
1774918980,4577.9,4578.2,4573.1,4573.1
1774919040,4573.7,4574.4,4568.9,4569.9
1774919100,4570.4,4570.4,4566.6,4568.8
1774919160,4568.5,4568.5,4565.1,4567.6
1774919220,4567,4567.6,4562.3,4564.2
1774919280,4564.1,4564.2,4560.9,4563
1774919340,4562.8,4569.1,4562.8,4566.1
1774919400,4567.4,4570.2,4566.2,4569.6
1774919460,4568.4,4568.4,4562,4562.7
1774919520,4563.2,4568.7,4561.3,4567
1774919580,4568.3,4568.5,4566.2,4567.8
1774919640,4568.1,4574.2,4568,4572.7
1774919700,4573.1,4577,4571.9,4574
1774919760,4573.5,4576.6,4572.2,4575.6
1774919820,4575.4,4577.6,4575,4576.6
1774919880,4577.3,4589.1,4577,4588.8
1774919940,4588.7,4599.8,4587.1,4597.9
1774920000,4598.2,4599.8,4593.6,4596.3
1774920060,4596.7,4603.1,4596.7,4603
1774920120,4602.3,4602.7,4599,4602.4
1774920180,4602.3,4606.6,4598.5,4605.8
1774920240,4605.8,4615.1,4605.2,4613.9
1774920300,4613.6,4615,4610,4610.6
1774920360,4609.7,4615,4608.4,4613.6
1774920420,4613.5,4613.5,4605.6,4607.2
1774920480,4606.6,4609.7,4606,4608.4
1774920540,4607.9,4611.1,4604.6,4611
1774920600,4611.5,4615.6,4610.3,4614.5
1774920660,4614.1,4620.8,4614,4617.9
1774920720,4617.7,4620.3,4615.4,4619.4
1774920780,4619.4,4623,4613.6,4616.5
1774920840,4616.6,4616.6,4610.3,4612.4
1774920900,4612.3,4613.8,4608.4,4609.1
1774920960,4609.7,4612.8,4608.6,4610
1774921020,4609.1,4613.5,4608.3,4611.1
1774921080,4611.5,4618.7,4611.5,4615.3
1774921140,4615.2,4620,4612.3,4618.6
1774921200,4619.6,4629,4619.3,4628
1774921260,4628,4640.8,4628,4637.4
1774921320,4636.5,4640.1,4629.7,4632.7
1774921380,4632,4648.6,4631.8,4648.4
1774921440,4648.5,4649.5,4645.8,4647.8
1774921500,4648.2,4649.4,4640.1,4641.7
1774921560,4641.9,4643.5,4633.8,4634.4
1774921620,4633.8,4637.7,4628.6,4637.2
1774921680,4636.5,4640,4633.1,4638.8
1774921740,4639.6,4641.7,4632,4633.1
1774921800,4633.7,4634,4626.2,4628.2
1774921860,4628.1,4644.9,4626.5,4638.7
1774921920,4638.1,4644,4638.1,4640.5
1774921980,4640.5,4644.5,4636.7,4641.6
1774922040,4642.3,4642.3,4639.2,4640.7
1774922100,4640.1,4645.1,4638.4,4640.1
1774922160,4640.4,4640.9,4636.2,4637.8
1774922220,4637.5,4638.1,4631.6,4631.6
1774922280,4631.9,4634.2,4630.2,4631.9
1774922340,4631.2,4636.8,4631.2,4635.5
1774922400,4634.7,4637.6,4627.7,4628.5
1774922460,4628.3,4629.8,4623.1,4625
1774922520,4625.8,4626.1,4617,4621
1774922580,4621.7,4622.5,4618.5,4619.6
1774922640,4620.1,4624.4,4620,4623.4
1774922700,4624.1,4625.4,4620.2,4620.4
1774922760,4620.7,4629.8,4620.3,4626.6
1774922820,4627.2,4630,4626,4626.2
1774922880,4626.3,4629.6,4626,4629.5
1774922940,4629.8,4630,4626.3,4627.5
1774923000,4626,4630.1,4625.9,4627.4
1774923060,4626.7,4627.7,4626.3,4626.7
1774923120,4627.1,4627.2,4622.9,4623.3
1774923180,4622.7,4624,4618.9,4621.4
1774923240,4621.3,4621.9,4619,4619.7
1774923300,4619.5,4622.4,4616,4616.6
1774923360,4616.3,4618.7,4616.2,4617.8
1774923420,4617.4,4619.1,4613.9,4617.1
1774923480,4617.7,4620.8,4617.7,4619.4
1774923540,4618.4,4618.4,4614.8,4618.2
1774923600,4618.2,4619,4617.5,4617.6
1774923660,4618.5,4618.9,4616,4616
1774923720,4615.9,4617.6,4615.9,4616.9
1774923780,4616.4,4617.4,4613.9,4615.4
1774923840,4615.1,4615.1,4612.6,4615
1774923900,4615,4615.7,4610.4,4611
1774923960,4611.2,4612.9,4608.9,4610.8
1774924020,4610.8,4612.1,4609.8,4610.3
1774924080,4610.7,4615,4610.6,4614
1774924140,4614.5,4614.6,4612.1,4612.2
1774924200,4612.5,4614.2,4609.8,4612.2
1774924260,4611.6,4615.9,4610.1,4610.9
1774924320,4611.2,4616.7,4611.1,4615.5
1774924380,4615.6,4615.7,4610.6,4613
1774924440,4612.7,4613.1,4610,4610.9
1774924500,4610.6,4612.4,4609.2,4610.4
1774924560,4610.9,4613,4610.6,4611.6
1774924620,4611.5,4616.9,4610.6,4616.9
1774924680,4616.6,4616.8,4614.1,4616.7
1774924740,4616.2,4618.2,4615.5,4615.9
1774924800,4615.7,4616,4610.4,4610.4
1774924860,4610.2,4613.2,4608.9,4612.5
1774924920,4612.1,4615.1,4610.9,4614.9
1774924980,4615.1,4615.4,4610.6,4612.5
1774925040,4612.9,4617.1,4612.6,4616.8
1774925100,4616.9,4617.7,4615.3,4615.7
1774925160,4615.6,4615.6,4605.5,4609.3
1774925220,4609.1,4611,4605.4,4605.8
1774925280,4605.1,4605.3,4599.3,4599.8
1774925340,4600,4601.7,4598.7,4601
1774925400,4601,4603.4,4598.9,4603.4
1774925460,4603,4607.3,4602.7,4605.2
1774925520,4605.4,4609.1,4604.4,4608.8
1774925580,4608.7,4609.8,4605.2,4606
1774925640,4606.2,4607.1,4599.3,4600.9
1774925700,4601.1,4602,4595.7,4596.7
1774925760,4597.4,4600.2,4597.3,4598.2
1774925820,4598.9,4603.3,4598.4,4602.9
1774925880,4603.5,4604.1,4601.8,4602
1774925940,4599.9,4600.8,4597.7,4597.8
1774926000,4597.5,4599.2,4596,4596.1
1774926060,4596.1,4599.9,4596.1,4599.4
1774926120,4599,4600.1,4597,4599.7
1774926180,4598.7,4602,4598.6,4601.4
1774926240,4602.2,4602.3,4599.4,4599.4
1774926300,4599.3,4601.9,4596,4601.5
1774926360,4601.5,4602,4599.9,4601.6
1774926420,4602.7,4607.3,4602.5,4605.4
1774926480,4605.4,4607,4604.6,4605.6
1774926540,4605.3,4605.6,4599.2,4600.1
1774926600,4599.4,4602.8,4597.8,4600.5
1774926660,4600.2,4602.6,4599.9,4601.9
1774926720,4602.6,4604,4601.7,4602.7
1774926780,4603.2,4603.2,4602,4603.2
1774926840,4602.3,4602.3,4598.4,4600
1774926900,4600.4,4600.8,4597.4,4598.5
1774926960,4598.4,4599.2,4594.1,4596.5
1774927020,4596.5,4597.7,4595.9,4597
1774927080,4596.5,4596.5,4594,4594.8
1774927140,4595.5,4596.1,4593.3,4593.3
1774927200,4593,4596.6,4591.3,4596.1
1774927260,4596.5,4596.5,4592.8,4594.5
1774927320,4593.3,4593.7,4591.3,4591.5
1774927380,4592.4,4594.7,4591.6,4592.1
1774927440,4591.9,4593.4,4585.5,4587.5
1774927500,4586.9,4589.5,4585.8,4588.4
1774927560,4588,4592.7,4588,4592.6
1774927620,4592,4593.6,4590,4590.6
1774927680,4590,4590.9,4588.4,4590.9
1774927740,4591.6,4592.2,4590.9,4591.7
1774927800,4591.1,4593,4590.8,4590.9
1774927860,4590.9,4591.8,4590.4,4591.5
1774927920,4590.7,4591.4,4590.5,4590.7
1774927980,4590.1,4592.4,4590.1,4591.9
1774928040,4592.3,4595.3,4592.3,4594.6
1774928100,4594.3,4595.5,4591.5,4592
1774928160,4591.4,4591.4,4588.1,4588.9
1774928220,4588.4,4592.9,4588.4,4591
1774928280,4591.3,4591.6,4590,4590
1774928340,4590,4591.5,4586,4586.6
1774928400,4586.4,4587,4583.7,4584.5
1774928460,4584.1,4585,4583.7,4584.6
1774928520,4583.9,4586.2,4581.8,4586.2
1774928580,4587,4588.2,4585.1,4585.3
1774928640,4585.4,4585.4,4579.1,4580.3
1774928700,4580.2,4582.5,4579.6,4579.9
1774928760,4579.6,4580.7,4579,4579.8
1774928820,4579.9,4580.1,4578.5,4579.3
1774928880,4579.7,4582.5,4579.7,4581.9
1774928940,4582.2,4582.2,4580.1,4581.3
1774929000,4582.9,4585.2,4582,4583.7
1774929060,4583,4583.7,4580.4,4580.4
1774929120,4580.4,4585,4580.4,4584.8
1774929180,4584.3,4585.7,4582.5,4585.6
1774929240,4586,4586.3,4583.6,4584.1
1774929300,4583.6,4585.1,4582.6,4582.7
1774929360,4582.4,4584.9,4582.4,4583.7
1774929420,4583.9,4584.1,4583.8,4584.1
1774929480,4584.4,4585,4584.3,4584.9
1774929540,4585.6,4585.9,4584.9,4585.1
1774929600,4585.9,4587.9,4585.6,4587
1774929660,4586.2,4587.2,4585.8,4585.8
1774929720,4585.6,4588,4585.6,4587.9
1774929780,4587.5,4589.2,4587.3,4588.4
1774929840,4588.5,4588.9,4588.1,4588.2
1774929900,4588,4589.9,4587.7,4589.3
1774929960,4589.6,4594.3,4587.6,4587.6
1774930020,4587.5,4590.2,4585.7,4590.2
1774930080,4590.3,4591.7,4589.2,4589.5
1774930140,4590,4590.4,4587.4,4587.9
1774930200,4588,4588.6,4587.4,4588.6
1774930260,4589,4589.8,4587.2,4588.3
1774930320,4588.8,4591.6,4588.7,4590.3
1774930380,4589.8,4589.8,4587.1,4587.1
1774930440,4587.5,4587.5,4585.5,4586
1774930500,4586.5,4588.6,4585.7,4587.3
1774930560,4587.6,4587.6,4586.1,4587
1774930620,4587.6,4589.2,4587.6,4588.7
1774930680,4588.7,4593.9,4588.6,4593.9
1774930740,4593.4,4593.5,4591,4591.7
1774930800,4591.8,4597.8,4591.8,4595.2
1774930860,4595,4595.2,4592,4592
1774930920,4592.5,4593.5,4588.8,4589.1
1774930980,4588.5,4589.8,4588.4,4589
1774931040,4589.1,4589.1,4587.7,4588.1
1774931100,4587.8,4589,4587.2,4587.4
1774931160,4587.5,4590.6,4587.5,4590.2
1774931220,4590.2,4590.9,4589.5,4590.3
1774931280,4589.7,4590.5,4589.6,4590.5
1774931340,4590.3,4590.3,4590,4590
1774931400,4589.8,4591.2,4589.8,4591.2
1774931460,4591.4,4592,4590.9,4592
1774931520,4592.7,4593.9,4589.9,4590
1774931580,4590.2,4592.6,4590.2,4592
1774931640,4592.9,4593,4592.1,4592.6
1774931700,4592.3,4592.3,4589.3,4589.4
1774931760,4589.5,4590.3,4588.9,4590.2
1774931820,4590,4590.7,4588.7,4590.6
1774931880,4590.8,4591.9,4589.6,4589.9
1774931940,4589.7,4591.2,4589.7,4590.4
1774932000,4590.1,4591.6,4589.5,4589.5
1774932060,4588.9,4589.3,4588.4,4588.9
1774932120,4589.4,4590.4,4589.4,4590.4
1774932180,4590.8,4590.8,4589.8,4590.4
1774932240,4591,4592.7,4591,4592.5
1774932300,4592.9,4593.3,4592.1,4593
1774932360,4593.5,4593.6,4591.9,4591.9
1774932420,4592.5,4592.6,4589.5,4589.6
1774932480,4590.7,4593,4590.5,4590.5
1774932540,4590.2,4591.4,4589.6,4590
1774932600,4589.9,4591.6,4589.9,4590.9
1774932660,4591.4,4592.1,4589.2,4589.2
1774932720,4589.4,4591.2,4589.4,4590.2
1774932780,4590.4,4591.2,4589.9,4590.8
1774932840,4591.7,4594.9,4591.7,4594.2
1774932900,4594.3,4594.5,4593.4,4594.4
1774932960,4594.1,4597.4,4593.7,4594
1774933020,4594.2,4594.7,4592.9,4593.7
1774933080,4594.1,4595.4,4593.5,4594.9
1774933140,4594.7,4594.7,4592.9,4592.9
1774933200,4592.7,4593.7,4592,4592.7
1774933260,4592.7,4594.5,4592.7,4594.3
1774933320,4594.7,4595.7,4593.8,4594
1774933380,4593.9,4596.2,4593.6,4595.4
1774933440,4595.7,4597.5,4595.7,4597.2
1774933500,4597,4597.2,4595.4,4596.1
1774933560,4595.6,4598.7,4595.3,4597.6
1774933620,4597.5,4598.5,4595.9,4596.2
1774933680,4595.8,4596.1,4591.7,4591.7
1774933740,4592.1,4592.1,4589.6,4589.8
1774933800,4590,4590,4582.8,4582.8
1774933860,4583.3,4584.5,4582.9,4583.6
1774933920,4583.9,4584.2,4580.6,4580.7
1774933980,4581.1,4582.6,4575.7,4581.5
1774934040,4581.9,4582.6,4578.5,4578.7
1774934100,4578,4582.7,4577.8,4582.4
1774934160,4582.6,4585.7,4582.3,4584.3
1774934220,4584.9,4585,4583.1,4584.2
1774934280,4585.2,4587.7,4585.2,4585.9
1774934340,4587,4587.5,4586,4586.1
1774934400,4585.3,4588.2,4584.8,4587.9
1774934460,4587.9,4591.8,4587.5,4591.4
1774934520,4591.6,4591.6,4588.9,4588.9
1774934580,4589.4,4589.4,4587.7,4588.6
1774934640,4588.7,4592,4588.6,4591.8
1774934700,4591.8,4593.9,4590.6,4593.6
1774934760,4593.5,4596.4,4592,4592
1774934820,4591.4,4591.7,4589.5,4589.7
1774934880,4589.6,4591.3,4588.8,4591.1
1774934940,4591,4591,4588.6,4589.9
1774935000,4589.3,4590.9,4587.3,4587.3
1774935060,4588.1,4596.5,4588.1,4595
1774935120,4595.2,4596.9,4591.3,4593.7
1774935180,4593.1,4599.6,4593,4598.8
1774935240,4599.3,4605,4598.8,4603.4
1774935300,4603.4,4605.8,4602.4,4603.9
1774935360,4604.1,4606.4,4603.8,4604.8
1774935420,4605.2,4606.8,4603.4,4603.4
1774935480,4603.5,4606.1,4602.4,4604.5
1774935540,4604.5,4608.3,4604.5,4606.7
1774935600,4606.2,4607.4,4604.4,4604.4
1774935660,4603.9,4604.5,4601,4604.2
1774935720,4603.8,4605.4,4602.9,4602.9
1774935780,4603.7,4605.5,4603.2,4605.5
1774935840,4605.7,4606,4603.9,4605.2
1774935900,4605.1,4607,4605.1,4607
1774935960,4606.9,4608.4,4605.3,4607.8
1774936020,4607.6,4608.1,4606.4,4607.1
1774936080,4607,4608.6,4606.5,4608.5
1774936140,4608.8,4610.2,4608,4608.2
1774936200,4607.9,4608.7,4606,4607.7
1774936260,4608.8,4609,4606.4,4608.7
1774936320,4607.9,4608.1,4606.7,4607.1
1774936380,4607.5,4608.2,4603.5,4605.1
1774936440,4604.9,4605.2,4601.2,4601.8
1774936500,4601.6,4602.4,4598.4,4599.9
1774936560,4600,4603,4599.2,4599.8
1774936620,4599.6,4600.5,4597.5,4598
1774936680,4597.6,4598,4596,4597
1774936740,4596.8,4597.9,4595.7,4597
1774936800,4596.7,4596.7,4589.7,4590
1774936860,4590,4592,4588.8,4589.9
1774936920,4589.4,4592.9,4587.7,4591.8
1774936980,4591.8,4594.2,4589.3,4589.9
1774937040,4589.8,4593.2,4589.7,4592.7
1774937100,4592.1,4592.8,4590.2,4591.3
1774937160,4591.7,4592.4,4589.1,4591.5
1774937220,4591,4592.3,4588.7,4590.1
1774937280,4590.8,4594,4590.8,4591.7
1774937340,4592.3,4592.7,4587.2,4587.3
1774937400,4586.3,4589.9,4586,4587.5
1774937460,4587.7,4589,4585.5,4587.4
1774937520,4587.9,4590.1,4587.9,4588.9
1774937580,4589,4590.2,4588,4588
1774937640,4587.1,4589.1,4584.7,4588
1774937700,4587.8,4588.1,4586.5,4587.8
1774937760,4588.3,4589.1,4586.4,4588.9
1774937820,4588.9,4589.8,4587.1,4587.3
1774937880,4586.3,4587.2,4583.4,4583.8
1774937940,4584.5,4585.7,4582.7,4583.3
1774938000,4583.2,4586.5,4581.4,4585.6
1774938060,4585.5,4589.3,4584.8,4589.3
1774938120,4589.9,4591.3,4589.2,4591
1774938180,4591,4591.4,4585.9,4586.1
1774938240,4586.6,4589.5,4586.6,4589
1774938300,4589.8,4593.6,4589.8,4592.5
1774938360,4592.8,4593.6,4589.5,4590
1774938420,4590.7,4591.6,4588.1,4589.5
1774938480,4589.6,4591.6,4589.2,4590.2
1774938540,4589.5,4590,4588.5,4589.6
1774938600,4589.4,4591,4588.3,4590.4
1774938660,4591.6,4593.9,4590.9,4592.9
1774938720,4594,4594.5,4592.3,4593.1
1774938780,4593.3,4593.6,4592,4592
1774938840,4592,4594.1,4591.5,4593.7
1774938900,4593.8,4594.1,4588.9,4591.1
1774938960,4591.2,4593.5,4591,4592.1
1774939020,4591.1,4592.5,4590.1,4590.1
1774939080,4589.9,4590.9,4589.1,4589.1
1774939140,4589.4,4591.5,4589.4,4590.3
1774939200,4589.8,4591.1,4589.4,4590.3
1774939260,4589.1,4590,4586.8,4586.8
1774939320,4586.6,4587.7,4585.4,4586
1774939380,4585.7,4587.3,4585,4585.8
1774939440,4586.3,4588.6,4586.3,4587.9
1774939500,4588.6,4590.5,4588.5,4588.7
1774939560,4588.8,4589.9,4587.9,4588
1774939620,4587.5,4588.3,4587,4587.6
1774939680,4587.6,4587.6,4583.5,4583.5
1774939740,4583.6,4586.8,4583.3,4585.3
1774939800,4585.7,4588,4585.3,4587
1774939860,4586.2,4586.9,4585.8,4586.9
1774939920,4587.6,4588,4586.6,4588
1774939980,4588.3,4588.7,4587.2,4587.2
1774940040,4588,4588,4587,4588
1774940100,4587.5,4588.3,4587.1,4587.8
1774940160,4588.3,4591,4588.3,4589.2
1774940220,4589.2,4589.3,4587.6,4587.8
1774940280,4587.8,4588.9,4586.2,4587.1
1774940340,4587.2,4587.3,4586.1,4586.4
1774940400,4586.9,4588.6,4584.5,4586.9
1774940460,4586.9,4591.5,4586.8,4589.4
1774940520,4589.1,4593.1,4589.1,4591.4
1774940580,4591.4,4591.5,4587.3,4588.3
1774940640,4587.4,4589.7,4587.4,4588.6
1774940700,4589.1,4591.9,4589.1,4590.6
1774940760,4590.8,4590.8,4589.1,4589.8
1774940820,4589.5,4589.5,4587.3,4588
1774940880,4588.1,4589.2,4585.8,4587
1774940940,4586.5,4587.3,4585.8,4586
1774941000,4586.6,4586.7,4585.1,4585.1
1774941060,4585.4,4586.1,4583,4584.9
1774941120,4584.4,4585.2,4581.7,4583.4
1774941180,4583.5,4584.7,4579.8,4580.2
1774941240,4580.3,4582.4,4578.5,4581.9
1774941300,4581.5,4583.8,4580.7,4582.1
1774941360,4582.1,4582.1,4580.7,4581.4
1774941420,4581.4,4584,4581.4,4582
1774941480,4582.1,4582.3,4577.7,4578.1
1774941540,4578.3,4578.4,4571.8,4576.2
1774941600,4576,4580.9,4576,4580.9
1774941660,4580.4,4583,4579.7,4581.8
1774941720,4582,4582,4580.6,4581.2
1774941780,4581.7,4582.8,4579.4,4579.6
1774941840,4579.4,4579.8,4578.1,4579.4
1774941900,4579.6,4581.1,4578.8,4580.2
1774941960,4580.3,4582,4579,4580.4
1774942020,4580.7,4585,4580,4584.8
1774942080,4584.3,4586.3,4583.8,4584.5
1774942140,4584.6,4585.3,4581.4,4581.4
1774942200,4581.5,4584.1,4581.5,4583.9
1774942260,4584,4584.2,4581.4,4582.6
1774942320,4582.3,4583.8,4582,4582.4
1774942380,4582.9,4584.9,4582.6,4584
1774942440,4583.8,4587.8,4583,4586.9
1774942500,4586.5,4588.6,4586.2,4588
1774942560,4588,4591.5,4588,4589.7
1774942620,4590.1,4590.5,4587.4,4587.8
1774942680,4587.9,4589.2,4587.2,4589
1774942740,4588.8,4589.6,4584.5,4584.9
1774942800,4584.9,4586.6,4584.5,4585.3
1774942860,4584.9,4586.3,4584.2,4586
1774942920,4585.8,4588.9,4585.2,4588.9
1774942980,4588.6,4590.3,4588,4589.9
1774943040,4589.7,4591.4,4589.1,4589.6
1774943100,4590.6,4593,4590.3,4591.5
1774943160,4592.1,4592.8,4590,4590.3
1774943220,4590.1,4591.6,4590,4590.2
1774943280,4590.1,4591.1,4590,4590.2
1774943340,4590.1,4590.4,4588,4588.8
1774943400,4588.5,4590,4587.2,4590
1774943460,4590.4,4590.8,4587.5,4587.5
1774943520,4587.9,4589.1,4587.4,4589.1
1774943580,4589.3,4592.5,4589.1,4592
1774943640,4591.8,4592.6,4589.7,4590.1
1774943700,4589.9,4590.9,4588,4589.6
1774943760,4589.3,4590.3,4588.9,4589.6
1774943820,4589.7,4590.7,4589,4589.2
1774943880,4588.9,4594.3,4588.6,4593.9
1774943940,4593.9,4596,4593.9,4594.7
1774944000,4594.5,4596.6,4594,4596.3
1774944060,4596.1,4596.1,4592.9,4592.9
1774944120,4593.1,4593.6,4590.6,4592.5
1774944180,4593.3,4596.7,4593.1,4595.7
1774944240,4595.3,4598.6,4595.2,4598.6
1774944300,4598.3,4600.9,4597.3,4600.9
1774944360,4601,4601.9,4598.5,4600.7
1774944420,4600.2,4601,4597.6,4600
1774944480,4599.8,4603.4,4599.5,4600.5
1774944540,4600.9,4600.9,4596.7,4597.8
1774944600,4597.9,4599.1,4595.8,4596.4
1774944660,4596.6,4597.3,4594.1,4594.6
1774944720,4594.6,4596.2,4594.4,4595
1774944780,4595.1,4596,4594.3,4596
1774944840,4596.1,4596.3,4594.5,4596.3
1774944900,4596.1,4597.2,4595.3,4596.7
1774944960,4597.3,4598.5,4597.3,4597.8
1774945020,4597.9,4599.6,4597.7,4599.1
1774945080,4598.8,4598.8,4595.4,4598.4
1774945140,4598.2,4599.6,4597.4,4599.2
1774945200,4599.5,4600.3,4599.2,4599.8
1774945260,4599.6,4601.1,4599.3,4599.5
1774945320,4599.7,4601,4596.3,4596.3
1774945380,4596.1,4598.6,4595.7,4597.7
1774945440,4598,4600.5,4598,4598.9
1774945500,4599.7,4599.9,4598.5,4599.3
1774945560,4599.3,4599.7,4597.2,4599
1774945620,4598.8,4599.5,4598.3,4598.6
1774945680,4598.5,4600.6,4598.5,4600.6
1774945740,4600.8,4603.6,4600,4602.7
1774945800,4602.4,4602.8,4600.9,4601.1
1774945860,4600.8,4601,4598.3,4598.4
1774945920,4599,4600.3,4598.4,4599.8
1774945980,4599.3,4601.3,4597.9,4600.9
1774946040,4601.4,4602.1,4599.1,4599.2
1774946100,4599.4,4600.7,4599.4,4599.9
1774946160,4600,4603,4599.6,4603
1774946220,4603.5,4605,4602.6,4603.9
1774946280,4604,4605.5,4603.9,4604.4
1774946340,4604.6,4604.6,4600.6,4600.6
1774946400,4600.4,4602,4599.1,4601.6
1774946460,4601.6,4601.9,4600.5,4601.2
1774946520,4601.8,4603.6,4600.7,4603.6
1774946580,4603.3,4603.3,4602.2,4602.4
1774946640,4601.4,4601.9,4600.8,4601.5
1774946700,4601.9,4602.5,4600,4601
1774946760,4600.8,4602.9,4600.8,4602.8
1774946820,4602.4,4603.8,4601.2,4603.8
1774946880,4604.1,4604.5,4602.8,4603.6
1774946940,4603.1,4604,4601.8,4602.6
1774947000,4602.5,4602.8,4600.8,4601.6
1774947060,4602.1,4603.5,4601.2,4602.4
1774947120,4601.5,4601.5,4598.1,4599.1
1774947180,4599,4602.4,4599,4600.9
1774947240,4600.7,4603.3,4600.7,4601.8
1774947300,4601.7,4602.5,4598,4598
1774947360,4597.8,4600.6,4597.8,4600.4
1774947420,4600.5,4601.2,4599.7,4599.9
1774947480,4599.3,4599.3,4598,4598.5
1774947540,4598.6,4600.9,4598.3,4599
1774947600,4599.3,4599.3,4594.6,4597.4
1774947660,4597.6,4598.5,4597.4,4598
1774947720,4597.4,4598,4595.3,4595.4
1774947780,4595.4,4596.5,4593.3,4594.9
1774947840,4595.7,4602.7,4595.7,4601.7
1774947900,4601.7,4602.7,4599.4,4601.2
1774947960,4601.3,4602,4600.6,4600.6
1774948020,4600.6,4601.1,4600.2,4601.1
1774948080,4600.8,4600.8,4599,4599.7
1774948140,4599.6,4601,4597,4599.8
1774948200,4599.7,4600.7,4598,4600.7
1774948260,4600.7,4601,4599.4,4599.8
1774948320,4599.7,4599.8,4598.3,4599.2
1774948380,4599,4599.5,4597.9,4598
1774948440,4598,4598.7,4597.5,4597.7
1774948500,4597.4,4601,4597.4,4599.3
1774948560,4599.5,4599.7,4595.8,4595.8
1774948620,4595.8,4596,4594.7,4595.7
1774948680,4595.9,4596.1,4594.5,4595.3
1774948740,4595.6,4598.2,4595.3,4597.8
1774948800,4597.5,4598.8,4597.5,4598.8
1774948860,4598.3,4599,4597.1,4597.6
1774948920,4597.3,4598.2,4595.7,4597.3
1774948980,4597.8,4599.6,4597.2,4598
1774949040,4597.8,4598.6,4597.1,4598.4
1774949100,4597.7,4598.3,4593.7,4594.4
1774949160,4593.5,4595.6,4593,4595.3
1774949220,4595.3,4596.4,4595,4596.3
1774949280,4596.1,4596.4,4592.3,4592.3
1774949340,4592.7,4593.3,4592,4592.5
1774949400,4592.3,4592.7,4585.2,4588.7
1774949460,4588.4,4589.3,4586.1,4587.2
1774949520,4587.7,4588.7,4585.4,4586.1
1774949580,4585.6,4587.5,4583.6,4585.2
1774949640,4585.2,4588.3,4585,4587.5
1774949700,4587.6,4587.8,4584.5,4584.6
1774949760,4585,4586.7,4583.7,4585.9
1774949820,4585.1,4587.1,4584.4,4587.1
1774949880,4587,4589.3,4585.3,4586
1774949940,4585.9,4586,4581.2,4581.3
1774950000,4581,4583.6,4580.6,4581.7
1774950060,4581.8,4584.5,4580.5,4580.5
1774950120,4580.4,4582.4,4580.1,4582.4
1774950180,4582.2,4584.8,4582.2,4584.8
1774950240,4584.9,4585.4,4583.8,4585.4
1774950300,4585.6,4587,4585.4,4586.5
1774950360,4586.8,4587.3,4585.4,4587.3
1774950420,4587.3,4588.1,4586.7,4587.1
1774950480,4586.9,4589,4586.8,4588.8
1774950540,4588.9,4589.4,4587.5,4588.4
1774950600,4588.2,4590.8,4587.9,4590.3
1774950660,4590.9,4592.1,4590.4,4590.9
1774950720,4590.8,4591.4,4589.9,4589.9
1774950780,4589.3,4589.3,4587.3,4587.6
1774950840,4586.9,4588.3,4586.1,4586.3
1774950900,4585.8,4586.2,4583.7,4584.8
1774950960,4584.3,4584.9,4582.6,4583.4
1774951020,4583.5,4583.6,4581.5,4582.2
1774951080,4581.8,4583.7,4580.8,4582.9
1774951140,4583.3,4585.4,4583.3,4585.3
1774951200,4584.7,4588.8,4584.5,4588.8
1774951260,4588,4589.1,4587,4587.7
1774951320,4587.2,4588.1,4586.6,4586.6
1774951380,4586.6,4587.6,4585.7,4587.6
1774951440,4588.8,4590,4588.3,4589.9
1774951500,4589.1,4589.2,4588.5,4589.2
1774951560,4588.8,4590,4588.7,4589.8
1774951620,4589.7,4590.9,4589.5,4590
1774951680,4589.5,4590,4588.6,4589.5
1774951740,4589.5,4590.4,4589.5,4590.1
1774951800,4590.3,4591.6,4589.4,4590.6
1774951860,4590.8,4591.4,4589.6,4590.4
1774951920,4590.1,4590.2,4589,4589.3
1774951980,4589.1,4589.1,4586,4588.1
1774952040,4588.1,4588.4,4586.4,4586.5
1774952100,4585.9,4587.7,4585.3,4587.6
1774952160,4587.6,4588,4586.6,4586.6
1774952220,4586.7,4587.1,4586.7,4586.8
1774952280,4586.5,4588.1,4586,4587.6
1774952340,4588,4589.3,4588,4588
1774952400,4587.8,4587.8,4586.4,4586.4
1774952460,4586.9,4586.9,4586,4586.1
1774952520,4586.4,4586.9,4586.1,4586.2
1774952580,4587.5,4589.2,4587.5,4589.1
1774952640,4588.9,4590.1,4588.6,4588.6
1774952700,4588.4,4589.6,4587.5,4589.5
1774952760,4589.7,4590.9,4589.6,4590.4
1774952820,4590.4,4590.7,4589,4590
1774952880,4589.6,4590.5,4588.6,4590.2
1774952940,4589.6,4590.7,4589.4,4590
1774953000,4589.6,4590,4589.4,4590
1774953060,4589.6,4590.4,4588.1,4588.6
1774953120,4589.2,4589.2,4585.8,4586
1774953180,4585.7,4587.1,4585.5,4586.7
1774953240,4586.5,4586.6,4584.4,4584.9
1774953300,4584.3,4586,4583.5,4583.6
1774953360,4583.6,4583.6,4578.4,4579.2
1774953420,4578.6,4579.7,4576.3,4578.1
1774953480,4577.6,4578.1,4565.3,4567.7
1774953540,4568.3,4569.6,4562.7,4564.2
1774953600,4563.9,4567.9,4558.9,4566.7
1774953660,4567.2,4568.5,4565.3,4565.4
1774953720,4565.6,4572.3,4564.3,4571.8
1774953780,4571.7,4574.1,4569.4,4574.1
1774953840,4574.1,4574.6,4570.7,4570.8
1774953900,4570.3,4572.1,4570,4570.4
1774953960,4571.6,4573,4569.6,4569.8
1774954020,4569.8,4571.5,4569.6,4570.9
1774954080,4571.3,4571.4,4569.8,4571.1
1774954140,4571.5,4572,4570.6,4571.1
1774954200,4571.3,4578.3,4571.1,4577.4
1774954260,4577.2,4577.6,4574.4,4575.1
1774954320,4574.8,4577.9,4573,4577.9
1774954380,4577.3,4578,4575.7,4576.7
1774954440,4576.6,4578.3,4576.6,4577.8
1774954500,4578.3,4578.6,4575.5,4575.6
1774954560,4575,4578.5,4574.3,4578.3
1774954620,4578.5,4582.6,4577.3,4577.8
1774954680,4577.3,4578.9,4576.6,4576.8
1774954740,4576.3,4577.3,4575.5,4576.6
1774954800,4577.5,4579.7,4577.2,4579
1774954860,4579.1,4579.6,4576.2,4578
1774954920,4577.9,4578.2,4573.7,4575.7
1774954980,4575.6,4576.5,4575.2,4576
1774955040,4576.2,4577.3,4575.3,4577.1
1774955100,4577,4577,4574.2,4575.7
1774955160,4576.1,4578.5,4576.1,4577.2
1774955220,4577.4,4577.8,4575,4576
1774955280,4575.7,4576.3,4574.5,4575.5
1774955340,4575.5,4575.8,4573.2,4574.5
1774955400,4575.4,4575.4,4571,4574.6
1774955460,4574.7,4594.9,4573.5,4578.8
1774955520,4578.8,4583.7,4578.3,4579.5
1774955580,4577.9,4581.8,4577.6,4579.4
1774955640,4579,4583.4,4578,4581.3
1774955700,4582.1,4590.1,4580,4589.3
1774955760,4589.3,4594.4,4588.9,4594.1
1774955820,4593.7,4597.2,4592.8,4593.8
1774955880,4593.8,4599.3,4593.6,4594.2
1774955940,4594.5,4600,4593.8,4596.6
1774956000,4596.8,4603.2,4595.2,4602.8
1774956060,4602.4,4606.2,4602.4,4604.1
1774956120,4603.5,4606.8,4602.7,4606
1774956180,4606.2,4606.6,4601.8,4602.9
1774956240,4602.9,4607.6,4602.9,4606.4
1774956300,4607.1,4610.2,4607.1,4609.7
1774956360,4609.5,4614,4608.2,4614
1774956420,4614.1,4614.1,4609.6,4610.4
1774956480,4611,4613,4609.3,4611.8
1774956540,4611.8,4611.8,4605.5,4605.6
1774956600,4605.9,4606,4601.9,4604.7
1774956660,4605.1,4605.1,4600.8,4601.2
1774956720,4600.6,4602.7,4599.9,4599.9
1774956780,4600.3,4607.4,4599.1,4607.2
1774956840,4606.6,4609.7,4606.6,4608.1
1774956900,4608.1,4611.4,4607.8,4608.6
1774956960,4608.1,4608.6,4604.8,4607.9
1774957020,4608.3,4611.6,4608.3,4611.1
1774957080,4611.2,4613.7,4610.6,4613.4
1774957140,4613.9,4623.9,4613.9,4620.1
1774957200,4620,4621.5,4616.8,4617.8
1774957260,4617.8,4617.8,4614,4617.5
1774957320,4617.5,4620.2,4616,4617.1
1774957380,4617.1,4619.2,4616.9,4618.4
1774957440,4618,4623.1,4617.1,4622.5
1774957500,4622.9,4623.6,4620.1,4622
1774957560,4621.1,4621.8,4617.7,4618.4
1774957620,4618.2,4620,4615.2,4619.3
1774957680,4619,4619.6,4613.7,4614.2
1774957740,4613.7,4617,4613,4615.9
1774957800,4615.2,4616.9,4613.4,4614
1774957860,4614.2,4614.2,4611.1,4611.8
1774957920,4612.3,4612.8,4610,4612.3
1774957980,4611.9,4614.2,4611,4612.3
1774958040,4612,4612,4609.3,4611.4
1774958100,4612,4613.1,4611.3,4611.5
1774958160,4611.9,4613.1,4610.3,4610.3
1774958220,4610.7,4611.9,4608,4609.2
1774958280,4609.3,4611.2,4606.9,4610.3
1774958340,4609.5,4612.9,4609.5,4612.8
1774958400,4613.3,4615.5,4611.8,4614.2
1774958460,4615.1,4615.9,4613.3,4615.2
1774958520,4615,4618.1,4614.1,4617.4
1774958580,4617.7,4618.6,4615,4618.6
1774958640,4618,4618.8,4615,4615.4
1774958700,4616,4618,4615.3,4615.3
1774958760,4615.3,4623,4615.1,4623
1774958820,4623.3,4625.6,4622.3,4624.6
1774958880,4625,4625.6,4623,4623.1
1774958940,4623.1,4628,4621.9,4622
1774959000,4622,4622.7,4611.1,4611.1
1774959060,4612,4617.4,4611.2,4613.9
1774959120,4614,4617.1,4611.4,4615.8
1774959180,4616.3,4616.4,4610.8,4610.8
1774959240,4610.7,4611.5,4604.4,4606.2
1774959300,4605.7,4606.7,4602,4604.3
1774959360,4604.7,4607.1,4602.8,4603.7
1774959420,4603.8,4607.1,4601.8,4603.9
1774959480,4604.6,4610.9,4604,4609.4
1774959540,4609.4,4611.6,4607.6,4610.6
1774959600,4610.3,4610.9,4604.9,4610.1
1774959660,4610.8,4611.5,4606.9,4607.6
1774959720,4608,4612.9,4607.5,4611.5
1774959780,4611.4,4611.5,4605.5,4605.5
1774959840,4605,4608.3,4605,4607.9
1774959900,4608.5,4610.6,4606.4,4609.7
1774959960,4610.1,4610.1,4605.6,4606.3
1774960020,4606.2,4607.3,4602.6,4606.8
1774960080,4607.3,4613.4,4606.5,4610.8
1774960140,4610.1,4611.4,4607.9,4609.2
1774960200,4609.6,4611.8,4608.1,4610.8
1774960260,4610.8,4613.4,4609.8,4610.5
1774960320,4610.3,4612.4,4608.9,4612.1
1774960380,4612.3,4612.3,4609.2,4610.4
1774960440,4610.5,4613.2,4610.5,4613.2
1774960500,4613.2,4615.6,4612.9,4615
1774960560,4615.3,4617.1,4613.8,4616.6
1774960620,4616.9,4620.7,4616.8,4619.1
1774960680,4618.9,4619.3,4614,4614
1774960740,4614,4616.5,4613.5,4615.1
1774960800,4615.3,4616.3,4613.7,4614
1774960860,4614.1,4615.5,4613.8,4615.5
1774960920,4614.9,4614.9,4610.2,4610.7
1774960980,4610.4,4611.3,4608.7,4609.7
1774961040,4609.7,4609.9,4607.9,4609.5
1774961100,4609,4610.1,4607.5,4609.7
1774961160,4609.9,4611.5,4606.7,4607.4
1774961220,4606.4,4606.4,4600.4,4600.4
1774961280,4600.6,4602,4599.4,4601.1
1774961340,4600.1,4603.5,4600,4603.5
1774961400,4603.7,4603.7,4599.7,4600.6
1774961460,4601,4602.3,4600.5,4602.3
1774961520,4602,4602,4599.5,4601.5
1774961580,4601.6,4605.6,4601.6,4604.8
1774961640,4604.5,4605.6,4601.4,4604.3
1774961700,4603.9,4604.7,4602.4,4602.5
1774961760,4602.4,4604.2,4602,4603.5
1774961820,4603.3,4603.3,4601.3,4602.1
1774961880,4602,4604.1,4602,4604.1
1774961940,4604.4,4608,4604.4,4604.5
1774962000,4605.4,4609.2,4605,4607.3
1774962060,4607,4607.7,4599.1,4601.4
1774962120,4601.6,4603.9,4599.6,4602.1
1774962180,4601.4,4602.1,4597.9,4599.7
1774962240,4599.3,4600.9,4598,4599.8
1774962300,4600,4601.9,4597.8,4600
1774962360,4600.5,4604.8,4600.5,4604.5
1774962420,4604.8,4605,4600.5,4601.8
1774962480,4601.9,4607.8,4601.2,4607.5
1774962540,4607.2,4611.2,4605.7,4611.2
1774962600,4611.3,4613.6,4609.7,4612.6
1774962660,4611,4611,4608.4,4609.3
1774962720,4609.8,4610.8,4608.5,4610.8
1774962780,4610.9,4611.6,4606.6,4607.5
1774962840,4607.5,4612,4607,4611.6
1774962900,4610.9,4613.9,4610.6,4613.7
1774962960,4613.6,4615.9,4613.4,4615.3
1774963020,4615.3,4616.7,4614.7,4614.9
1774963080,4614.7,4615.7,4613.8,4614.7
1774963140,4614,4614,4612.9,4613.2
1774963200,4613.7,4614.4,4612.1,4613.8
1774963260,4613.8,4616.4,4613.8,4616.4
1774963320,4615.9,4617.8,4615.6,4617.5
1774963380,4617.2,4617.8,4615.6,4617.1
1774963440,4616.5,4616.9,4612.9,4613.6
1774963500,4613.2,4613.5,4609.7,4609.8
1774963560,4609.3,4611.2,4607.8,4608.3
1774963620,4608.6,4609.7,4607,4607.4
1774963680,4607.3,4608,4605.4,4605.5
1774963740,4605.5,4606.4,4603,4603
1774963800,4603,4607.7,4602.7,4607.3
1774963860,4607.3,4609.1,4601.6,4604.5
1774963920,4603.9,4605.8,4598.9,4598.9
1774963980,4598.7,4608.7,4598.3,4608.7
1774964040,4607.9,4610.5,4605.7,4608.8
1774964100,4608.4,4610.5,4606.4,4606.4
1774964160,4606,4607.7,4603,4605.8
1774964220,4605.5,4610.3,4603.1,4607.6
1774964280,4607.6,4608.7,4605,4607.1
1774964340,4607.1,4616,4607.1,4613.9
1774964400,4614.1,4618.4,4613.4,4618
1774964460,4617.8,4618.6,4616.2,4616.6
1774964520,4616.3,4619.7,4616.1,4618.3
1774964580,4617.9,4619.7,4617.4,4617.6
1774964640,4617.6,4619,4616.7,4618
1774964700,4618.4,4620,4617.8,4618.8
1774964760,4618.6,4620,4617.4,4619.2
1774964820,4619.1,4619.9,4615,4616
1774964880,4615.9,4619,4615.2,4617.9
1774964940,4618.2,4619.9,4616.9,4619.8
1774965000,4619.7,4623.4,4615.3,4621.8
1774965060,4621.9,4629.8,4621.4,4626.3
1774965120,4626.2,4629.3,4623.8,4629
1774965180,4628.6,4634,4628.3,4634
1774965240,4634,4639.9,4633.4,4636.8
1774965300,4636.6,4638.2,4632,4632.1
1774965360,4632.8,4632.8,4623,4626.4
1774965420,4626.1,4628.4,4624.3,4628.4
1774965480,4628.7,4637.4,4627.9,4636.5
1774965540,4636.6,4640,4635.8,4637.3
1774965600,4637.2,4647.1,4632.4,4646.9
1774965660,4647.3,4648,4642.1,4642.9
1774965720,4643,4653.4,4638.1,4652.6
1774965780,4652.4,4656.1,4641,4642.6
1774965840,4642.8,4649.8,4642.7,4644.2
1774965900,4645,4646.1,4640,4641.1
1774965960,4641.1,4644.6,4639.5,4643.8
1774966020,4643.7,4644.1,4636.2,4638.4
1774966080,4638.4,4641.7,4637.4,4640.2
1774966140,4640.3,4640.4,4635.1,4635.4
1774966200,4635.6,4637.1,4634.2,4635.8
1774966260,4635.8,4640.3,4634.5,4637.3
1774966320,4636.7,4640.8,4635.7,4637.4
1774966380,4637.6,4642,4636.4,4640.5
1774966440,4640.2,4646.2,4639.8,4646.2
1774966500,4645.8,4645.8,4640.7,4641.5
1774966560,4641.1,4642.6,4637.5,4639.2
1774966620,4639.6,4641.9,4638,4638
1774966680,4637.8,4645.5,4637.5,4642.1
1774966740,4641.1,4643.5,4640,4641.8
1774966800,4641.5,4642.7,4639.6,4639.9
1774966860,4639.1,4639.1,4633.6,4636.9
1774966920,4637.3,4638.5,4632.8,4637.9
1774966980,4637.9,4643.8,4637.1,4642.5
1774967040,4642.6,4645.7,4642.4,4643.6
1774967100,4642.8,4642.8,4636,4636.5
1774967160,4636.1,4639.6,4636.1,4639.1
1774967220,4638.3,4645.4,4638.3,4641.5
1774967280,4641.8,4648.9,4641.8,4647.9
1774967340,4647.4,4650.6,4646.9,4649.2
1774967400,4649.7,4651.6,4647.9,4650.8
1774967460,4650.4,4652,4646.7,4646.9
1774967520,4647.2,4651.1,4645.3,4649.5
1774967580,4649.3,4657.7,4649.3,4655.8
1774967640,4655.4,4662,4651.4,4651.6
1774967700,4651.4,4653.1,4645.6,4646.1
1774967760,4645.6,4648.8,4640.9,4641.4
1774967820,4641.6,4644.2,4638.7,4643.2
1774967880,4642.7,4645.2,4640.9,4641.4
1774967940,4640.9,4642.1,4639,4639.6
1774968000,4639.7,4642.6,4637.5,4638.9
1774968060,4638.5,4642,4637.9,4640.8
1774968120,4640.7,4640.7,4636.3,4639.2
1774968180,4638.2,4639.6,4635.2,4636.5
1774968240,4636.4,4638.6,4634.3,4638.5
1774968300,4638.6,4640.1,4635.8,4637.4
1774968360,4637,4641.7,4636.6,4639.8
1774968420,4640,4640,4635,4637.6
1774968480,4637.7,4638.6,4632.2,4633.5
1774968540,4633.4,4634,4630.8,4633
1774968600,4632,4635.3,4631.6,4634.3
1774968660,4634.6,4635.7,4632.2,4633.6
1774968720,4633.5,4634.9,4631.8,4632.7
1774968780,4632.5,4635.5,4631.8,4635.5
1774968840,4635.2,4638.2,4633.6,4636.5
1774968900,4635.8,4635.8,4627.4,4627.8
1774968960,4627.7,4630.7,4625.3,4630.4
1774969020,4629.6,4632.3,4625.3,4626.7
1774969080,4626.9,4632.3,4626.9,4631.3
1774969140,4631.8,4632.3,4628.7,4628.7
1774969200,4629.5,4635.5,4629.3,4634.5
1774969260,4635.4,4639.9,4633,4639
1774969320,4638.9,4643.5,4638.9,4643.2
1774969380,4643,4643,4637.6,4641
1774969440,4640.4,4645.1,4639.7,4643.7
1774969500,4643.6,4646.7,4642.1,4645.9
1774969560,4646.2,4648.6,4645.1,4646.9
1774969620,4646.6,4647.8,4644.5,4647.8
1774969680,4647.8,4649.6,4643.5,4643.6
1774969740,4643.7,4645,4643.3,4645
1774969800,4645,4646.9,4644.1,4646.2
1774969860,4647,4648.5,4645.5,4645.9
1774969920,4645.9,4650,4645.9,4649.1
1774969980,4648.6,4651.1,4647.9,4650.7
1774970040,4650.4,4654.5,4649.3,4653.7
1774970100,4653.6,4655.6,4652.4,4655.6
1774970160,4655.8,4655.8,4646,4649.8
1774970220,4649.8,4651.9,4644.2,4651.9
1774970280,4651.9,4652.9,4649.7,4651.9
1774970340,4652.3,4652.3,4649.6,4650.1
1774970400,4649.7,4649.7,4644.9,4645.7
1774970460,4645.1,4646.4,4643.8,4643.9
1774970520,4644.4,4647.6,4643.4,4647.1
1774970580,4647.8,4649.8,4646.6,4646.6
1774970640,4647,4649.8,4646.4,4649.5
1774970700,4649.4,4649.8,4648,4648.3
1774970760,4648.7,4649.1,4641.1,4642.3
1774970820,4642.9,4643.7,4640.2,4640.2
1774970880,4640.1,4641,4638.1,4641
1774970940,4640.9,4642,4640.1,4640.3
1774971000,4640.5,4640.6,4637.3,4638.3
1774971060,4638.3,4640.5,4638.3,4638.9
1774971120,4639.5,4641.4,4638.1,4640
1774971180,4640.3,4642.4,4640,4640.2
1774971240,4641.2,4644.8,4641.2,4644.4
1774971300,4644.9,4647.8,4644.4,4645.8
1774971360,4645.2,4647.8,4644.3,4647.5
1774971420,4647.4,4648.6,4646.7,4647
1774971480,4647.3,4649.1,4646.4,4648.1
1774971540,4647.6,4650.2,4647.6,4650.2
1774971600,4650,4650.2,4647.8,4648.3
1774971660,4648.2,4649.6,4646.9,4649.5
1774971720,4649.7,4652.2,4649.7,4650
1774971780,4650.1,4651.1,4649.1,4651.1
1774971840,4651,4651.8,4650.3,4651.5
1774971900,4651.6,4652.9,4650.8,4651
1774971960,4650.2,4650.7,4647.9,4649.2
1774972020,4649.3,4651,4648.4,4649.3
1774972080,4649.2,4649.6,4646.6,4647.2
1774972140,4646.8,4648.4,4646,4646.4
1774972200,4645.8,4649.7,4645.4,4648.7
1774972260,4649.9,4652.9,4649.9,4651.7
1774972320,4651.6,4654.3,4650.9,4654.3
1774972380,4653.9,4654.4,4651.5,4652.4
1774972440,4652.8,4652.8,4647.9,4648.8
1774972500,4648.8,4649.3,4642.6,4643.1
1774972560,4643.1,4644.8,4639.2,4639.2
1774972620,4638.6,4642.6,4638.3,4639.3
1774972680,4640.1,4642.5,4639.7,4642.1
1774972740,4641.3,4642.7,4639.3,4640
1774972800,4640.1,4642.7,4638.5,4642.7
1774972860,4643,4646.7,4641.7,4646.7
1774972920,4646.8,4649.3,4645.9,4645.9
1774972980,4646,4646.5,4645.2,4645.3
1774973040,4645.4,4646.1,4644,4644.6
1774973100,4645,4645.9,4643.7,4645.8
1774973160,4645.2,4646.6,4644.6,4646.3
1774973220,4646.1,4647.6,4645.6,4647.1
1774973280,4647,4649,4646.5,4648.6
1774973340,4648.7,4650.1,4648.2,4650.1
1774973400,4650.2,4650.2,4643.1,4643.3
1774973460,4643.3,4644.2,4637.5,4640.2
1774973520,4640.5,4640.5,4637.5,4639.2
1774973580,4639.2,4642.9,4639.2,4642.9
1774973640,4642.6,4643.5,4641.6,4642.9
1774973700,4642.3,4645.4,4642.3,4645.3
1774973760,4645.3,4649,4645,4647.1
1774973820,4646.9,4647.6,4644.8,4646.5
1774973880,4646.2,4647.2,4644.8,4645.5
1774973940,4645.2,4645.8,4644.2,4645.5
1774974000,4645.2,4646.5,4644.2,4644.8
1774974060,4645,4645.4,4642.4,4642.7
1774974120,4642.2,4642.8,4640.5,4640.8
1774974180,4640.1,4643.6,4639.9,4643.6
1774974240,4643.8,4648.8,4643.8,4648.2
1774974300,4648.1,4648.1,4647,4647.6
1774974360,4647.8,4648.4,4646.9,4646.9
1774974420,4646.6,4649.3,4645.5,4648.5
1774974480,4648.6,4649,4647.2,4648.9
1774974540,4649,4649,4647.6,4648.7
1774974600,4648.7,4649.2,4646.9,4649
1774974660,4648.9,4649.2,4646.8,4647.7
1774974720,4647.5,4649.9,4647,4649.7
1774974780,4649.4,4649.4,4647.2,4647.2
1774974840,4647.4,4648.3,4646.4,4647.3
1774974900,4647.6,4648.1,4645.8,4646.7
1774974960,4646.7,4648.8,4646.3,4648.7
1774975020,4648.5,4651,4648.1,4650.9
1774975080,4650.9,4657.7,4650.7,4656.8
1774975140,4656.5,4665.1,4652.9,4663.6
1774975200,4663.3,4673.4,4663.2,4671.5
1774975260,4671.4,4680,4670.4,4679.2
1774975320,4678.1,4682.3,4672.6,4677.5
1774975380,4678.3,4682.7,4672.4,4674.4
1774975440,4675.5,4675.7,4666.4,4673.1
1774975500,4673.1,4676.8,4668.1,4669.9
1774975560,4670.4,4670.7,4662.8,4667.5
1774975620,4666.9,4667.2,4663.2,4665
1774975680,4664.3,4666.9,4661.8,4665.3
1774975740,4665.1,4673.5,4665.1,4671.9
1774975800,4672.2,4681,4671.2,4678
1774975860,4677.3,4677.3,4671.9,4672.9
1774975920,4671.8,4673.1,4665.8,4669.3
1774975980,4668.2,4674.2,4666.5,4672.9
1774976040,4673.3,4673.3,4667.6,4668.3
1774976100,4667.6,4671.5,4666,4667.3
1774976160,4667.6,4671,4667.2,4670.2
1774976220,4670.1,4672.7,4666.8,4670.8
1774976280,4670.4,4674,4669.8,4671.5
1774976340,4671.6,4672.4,4666.5,4669.1
1774976400,4669.2,4674.2,4669.2,4672
1774976460,4671.7,4675.2,4670.8,4674.4
1774976520,4674.3,4681.4,4674,4680.8
1774976580,4680.8,4685,4680.6,4682.4
1774976640,4681.6,4686.7,4678.4,4679.1
1774976700,4679,4679.5,4671.5,4673.9
1774976760,4674.3,4675.8,4670.9,4672.8
1774976820,4672.6,4677.2,4670.7,4677
1774976880,4676.9,4680,4676.7,4680
1774976940,4680,4680,4667.8,4670.2
1774977000,4670.2,4671.7,4667,4670.3
1774977060,4670.1,4676.2,4669.6,4676
1774977120,4676,4676,4670.4,4672.2
1774977180,4672.6,4675.6,4670,4674.8
1774977240,4674.5,4676.7,4672.9,4673.6
1774977300,4673.4,4675.3,4672.8,4674.4
1774977360,4674.5,4675.7,4671.2,4673.2
1774977420,4673.4,4674.5,4672.3,4673.9
1774977480,4673.5,4676.1,4673.4,4675.2
1774977540,4674.8,4679.6,4673.2,4678.4
1774977600,4678.5,4679.5,4674.6,4675.9
1774977660,4676.9,4681.7,4676.5,4679.2
1774977720,4680.2,4686,4679.2,4683.5
1774977780,4682.9,4690.5,4682,4682
1774977840,4681.5,4684.8,4680,4681.4
1774977900,4681.6,4682.9,4675,4676.5
1774977960,4676.8,4679.2,4676.3,4679
1774978020,4679.2,4679.2,4673.7,4673.7
1774978080,4673.6,4676.4,4673.5,4675.5
1774978140,4675.9,4681.6,4675.3,4679.5
1774978200,4679.7,4682.8,4678.6,4680.7
1774978260,4680.9,4687.5,4680.6,4687.3
1774978320,4686.8,4688.4,4683.2,4683.2
1774978380,4683.1,4685.7,4682.3,4685.2
1774978440,4685.8,4690.3,4684.2,4690.2
1774978500,4689.7,4692.7,4689.3,4691.3
1774978560,4691.2,4691.7,4678.1,4683
1774978620,4683.6,4685.9,4677.1,4678.5
1774978680,4678.9,4681.1,4676.5,4679.8
1774978740,4680.5,4682.9,4680.1,4681
1774978800,4682.3,4687.4,4682.2,4683.8
1774978860,4683.2,4684.8,4681.6,4681.8
1774978920,4682.3,4697,4682.3,4692
1774978980,4692.7,4692.8,4688.9,4689
1774979040,4689.6,4691.8,4686.3,4691.8
1774979100,4691.8,4693.5,4689.6,4692.4
1774979160,4692.5,4694.6,4691.1,4693.3
1774979220,4693,4697.5,4693,4694.5
1774979280,4695.1,4696.7,4689.7,4690.1
1774979340,4690.3,4694.4,4690,4694.1
1774979400,4694.5,4695.7,4692.7,4695
1774979460,4695.3,4698.5,4693.5,4694.2
1774979520,4694.6,4695.6,4690.9,4693.2
1774979580,4693.4,4694.7,4692.2,4694.7
1774979640,4694.7,4694.8,4691.8,4692.8
1774979700,4692.3,4692.4,4687.8,4689.3
1774979760,4689.3,4689.4,4684,4684.8
1774979820,4685.2,4687.2,4684.2,4684.7
1774979880,4685.2,4687.6,4685,4686.3
1774979940,4686.7,4687.8,4684.6,4685.5
1774980000,4685,4687.8,4685,4685.8
1774980060,4684.8,4691.1,4684.3,4690
1774980120,4689.8,4691.6,4689.4,4689.8
1774980180,4689.5,4689.5,4686.4,4687.2
1774980240,4686.9,4687.6,4684.1,4685.7
1774980300,4685.7,4688.5,4685.6,4688.1
1774980360,4687.7,4689.1,4684.1,4684.7
1774980420,4684.7,4690,4684.7,4690
1774980480,4689.7,4696.5,4689.2,4693.3
1774980540,4693.5,4699.3,4692.5,4696
1774980600,4695.9,4701.1,4695.3,4696.7
1774980660,4696.7,4696.7,4691.4,4694.4
1774980720,4695,4697.3,4693.7,4695.9
1774980780,4696,4697.3,4695,4696.7
1774980840,4697,4698.5,4696.3,4697
1774980900,4697.4,4697.5,4695,4695.8
1774980960,4695.3,4696.8,4694.8,4696.8
1774981020,4696.8,4699.9,4696.8,4698.1
1774981080,4698.9,4699.3,4698,4698.5
1774981140,4697.9,4698,4696.2,4697.3
1774981200,4697.3,4698.8,4697.3,4698.5
1774981260,4698.9,4699.4,4697.9,4697.9
1774981320,4697.5,4698.5,4693.6,4697.2
1774981380,4696.7,4698.9,4695,4697.5
1774981440,4697.9,4697.9,4694.2,4694.7
1774981500,4694.6,4694.9,4692.1,4692.6
1774981560,4692.9,4694.4,4691,4692.4
1774981620,4692.8,4694.4,4690.9,4694.4
1774981680,4695.1,4697.8,4694.3,4694.3
1774981740,4694.6,4697.3,4694.2,4694.9
1774981800,4695.2,4697.4,4695.2,4695.4
1774981860,4695.9,4696.6,4693,4693
1774981920,4693.6,4695.5,4693.1,4693.3
1774981980,4694.1,4694.3,4692.8,4694.1
1774982040,4694.1,4694.8,4692.3,4692.7
1774982100,4692.8,4696.4,4691.3,4696.4
1774982160,4696.6,4697.1,4694.7,4695.8
1774982220,4695.9,4699.7,4695.9,4699.4
1774982280,4699.1,4702,4699.1,4701.7
1774982340,4701.6,4701.9,4700.4,4701.1
1774982400,4701,4701.5,4697,4697.4
1774982460,4697.3,4698.1,4695.5,4696.3
1774982520,4697.2,4698,4695.8,4697.1
1774982580,4697,4697.5,4696.3,4696.6
1774982640,4696.1,4698.4,4695.5,4698.4
1774982700,4698.9,4701.3,4697.7,4700
1774982760,4699.8,4699.8,4698.4,4698.6
1774982820,4698.4,4700.7,4698.3,4700.1
1774982880,4700.2,4700.2,4696.1,4697.3
1774982940,4696.9,4697.1,4694.4,4695.6
1774983000,4697,4699.3,4696.8,4697.2
1774983060,4697.7,4699.7,4697.1,4697.1
1774983120,4697.9,4698.2,4696.3,4697.2
1774983180,4697.1,4697.6,4696.6,4697.2
1774983240,4697.1,4700.7,4696.7,4699.5
1774983300,4699.8,4700.7,4699.4,4699.6
1774983360,4699.8,4701.1,4699.3,4700.5
1774983420,4700.4,4701.5,4700.4,4700.4
1774983480,4700.1,4700.7,4699,4700.4
1774983540,4700,4700,4697.8,4698.2
1774983600,4698.2,4704.8,4698.1,4704.6
1774983660,4704.5,4704.6,4701.4,4703.7
1774983720,4703.3,4707,4702.8,4706
1774983780,4705.7,4706.5,4702.7,4703.2
1774983840,4703.1,4703.1,4701.2,4701.2
1774983900,4701.1,4701.7,4699.4,4700.6
1774983960,4701,4701.7,4698.3,4699.2
1774984020,4699.9,4703.4,4699.9,4701.8
1774984080,4701,4701.6,4693.3,4694.2
1774984140,4694.5,4696.4,4691.8,4692.1
1774984200,4692.6,4702,4692.6,4702
1774984260,4701.6,4702.3,4698.5,4702.3
1774984320,4702.3,4702.8,4700.7,4701.6
1774984380,4701.4,4701.4,4699.3,4700.2
1774984440,4700.4,4701.8,4699.5,4701.8
1774984500,4702,4705.5,4702,4705.4
1774984560,4705,4705.9,4701.9,4702.7
1774984620,4702.4,4703.3,4699.9,4700.6
1774984680,4699.8,4704,4699.6,4704
1774984740,4703.5,4704.9,4703.2,4704.4
1774984800,4703.8,4709.3,4703.5,4708.5
1774984860,4707.7,4711.6,4707.2,4709.4
1774984920,4709.2,4710,4707.7,4709.1
1774984980,4708.8,4710.3,4708.2,4708.9
1774985040,4708.5,4708.8,4705.5,4706
1774985100,4706.5,4707.5,4705.3,4705.3
1774985160,4705.4,4706.1,4702.7,4703.4
1774985220,4703,4705.1,4702.8,4703.6
1774985280,4703.5,4704,4701.6,4702.5
1774985340,4702.6,4703.4,4701.9,4703.4
1774985400,4703.6,4708.5,4702.8,4708.2
1774985460,4708,4708,4705.4,4707.1
1774985520,4707,4707.2,4705,4707.2
1774985580,4706.9,4710,4706.8,4710
1774985640,4709.6,4709.6,4706.5,4707.5
1774985700,4707.4,4709.5,4707.4,4708.5
1774985760,4708.6,4710.4,4708,4708.4
1774985820,4708.6,4711.8,4708.6,4711.1
1774985880,4711.3,4712.1,4709.8,4711.7
1774985940,4711.7,4713.6,4710.8,4713.3
1774986000,4713.1,4714.2,4713,4713.2
1774986060,4713.2,4713.6,4710,4710
1774986120,4710.3,4710.5,4707.6,4708.8
1774986180,4708.2,4709.5,4707.1,4708.5
1774986240,4708.1,4711.7,4707.7,4711.4
1774986300,4711.4,4713.3,4710.4,4712.7
1774986360,4712.6,4714.1,4711,4713.1
1774986420,4713,4713.6,4711.9,4712.7
1774986480,4713.1,4714.6,4712.5,4714.6
1774986540,4714,4715.3,4713.7,4714.2
1774986600,4714.3,4716.3,4713.7,4714.3
1774986660,4714.2,4714.5,4711.8,4712.5
1774986720,4712.9,4712.9,4710.4,4710.7
1774986780,4710.4,4714.3,4710,4713.9
1774986840,4714.2,4716,4713.9,4714.7
1774986900,4714.2,4715.7,4713,4713.2
1774986960,4712.4,4713.5,4711.1,4711.9
1774987020,4711.9,4714.6,4711.8,4714
1774987080,4714,4714.2,4712.7,4713.8
1774987140,4713.7,4715.9,4712.3,4713.3
1774987200,4713.4,4717.6,4713,4716.8
1774987260,4715.8,4716.5,4712.7,4716.1
1774987320,4716.1,4716.1,4713.9,4714.6
1774987380,4714.4,4714.7,4711.9,4712.9
1774987440,4713,4713,4709.8,4711.5
1774987500,4712,4713.2,4711.5,4712.8
1774987560,4712.8,4714.1,4712.2,4713.3
1774987620,4712.9,4713.6,4711.6,4712.6
1774987680,4712.3,4712.5,4710.5,4710.9
1774987740,4710.3,4710.3,4707.7,4708
1774987800,4708.1,4710.1,4707.2,4708.7
1774987860,4709.1,4710.5,4708.6,4709
1774987920,4708.3,4708.5,4706.4,4708
1774987980,4707.7,4709.8,4707.7,4709.1
1774988040,4709.2,4709.6,4709,4709.6
1774988100,4709.6,4712.1,4709.6,4711.6
1774988160,4712,4712.1,4708.7,4708.7
1774988220,4708.5,4708.7,4706.7,4707
1774988280,4707.4,4709.3,4707.4,4709.2
1774988340,4708.8,4709.5,4708.1,4708.1
1774988400,4707.6,4707.7,4706.4,4706.8
1774988460,4707.4,4708.3,4706.8,4707.1
1774988520,4706.1,4706.1,4703,4704.2
1774988580,4704.7,4704.7,4702.6,4703.2
1774988640,4703.2,4703.7,4702.4,4703.1
1774988700,4703.2,4703.9,4702.5,4702.8
1774988760,4703.4,4703.5,4700.5,4703
1774988820,4703.1,4703.1,4698.4,4700.2
1774988880,4700.3,4702.4,4700.1,4702.4
1774988940,4702.5,4702.5,4699.5,4699.5
1774989000,4699.3,4701.1,4699.3,4701.1
1774989060,4700.7,4701.1,4700.2,4700.2
1774989120,4700.4,4701.4,4700.4,4701
1774989180,4701.4,4704.9,4701.4,4704.9
1774989240,4705,4705.8,4705,4705.4
1774989300,4705.4,4705.4,4703.5,4703.8
1774989360,4703.2,4703.2,4700.1,4700.1
1774989420,4700.3,4700.3,4697.3,4699.6
1774989480,4699.7,4700.2,4698.8,4699
1774989540,4698.8,4701.2,4697.5,4701.1
1774989600,4700.8,4701.9,4700.3,4701.9
1774989660,4701.4,4703.6,4701.4,4702.7
1774989720,4702.8,4703.2,4702.6,4702.6
1774989780,4702.6,4702.6,4698.2,4698.6
1774989840,4698.6,4699.4,4697.9,4698.7
1774989900,4698.3,4700.2,4697.3,4698.7
1774989960,4698.8,4700.6,4698.7,4699.8
1774990020,4699.1,4699.1,4698.2,4698.8
1774990080,4699.4,4699.5,4698.6,4699.5
1774990140,4699.4,4699.4,4696.7,4698.1
1774990200,4697.9,4697.9,4695.7,4697.3
1774990260,4697.4,4698.1,4695.8,4696.3
1774990320,4696.8,4698.4,4696.6,4698.4
1774990380,4698.7,4699.1,4697.5,4697.6
1774990440,4697.6,4697.6,4695.5,4695.5
1774990500,4695.3,4698.4,4695,4698
1774990560,4698,4698.7,4697.4,4697.4
1774990620,4697.6,4698.8,4697,4698.8
1774990680,4698.1,4698.6,4696.4,4697.5
1774990740,4697.5,4699.7,4696.5,4699.6
1774994400,4698.4,4710,4698.4,4709.9
1774994460,4708.9,4710,4706,4707.3
1774994520,4706.2,4706.9,4705,4706
1774994580,4705.3,4707,4702.6,4704.8
1774994640,4704.3,4705.3,4702.4,4702.4
1774994700,4702.4,4705.7,4702.3,4704.9
1774994760,4705.4,4706,4704.8,4706
1774994820,4705,4705,4698,4698
1774994880,4698.5,4699,4692.7,4696.3
1774994940,4696.1,4697.7,4692.4,4697.2
1774995000,4697.2,4698.6,4690,4691.5
1774995060,4691.9,4699.7,4691.5,4698.8
1774995120,4699.2,4701.1,4697.6,4701
1774995180,4701.4,4701.5,4690.5,4690.8
1774995240,4691,4696.9,4690.8,4696.9
1774995300,4697,4701.5,4696.8,4699.8
1774995360,4700.1,4700.6,4697.7,4699.1
1774995420,4698.9,4700.8,4698.3,4700.1
1774995480,4699.9,4701.6,4699.8,4700.8
1774995540,4700.2,4701.2,4693.9,4695
1774995600,4694.4,4696.1,4692.4,4692.4
1774995660,4692.2,4692.5,4691,4691.7
1774995720,4692.9,4698.8,4692.9,4697.3
1774995780,4697.3,4701,4696.4,4701
1774995840,4700.4,4709.7,4700.4,4709.3
1774995900,4708.8,4714.9,4705.3,4705.6
1774995960,4705.6,4707.5,4698.5,4704.1
1774996020,4702.8,4703.1,4701.3,4701.3
1774996080,4700.9,4702.8,4700.4,4702.1
1774996140,4702.5,4704,4702.5,4703
1774996200,4702,4702.9,4701.2,4702.1
1774996260,4702.5,4702.5,4701,4702.5
1774996320,4701.8,4704.2,4701.4,4703.8
1774996380,4703.5,4703.5,4700.5,4701.2
1774996440,4700.9,4700.9,4698.9,4700.3
1774996500,4701.1,4703.6,4699.6,4701.8
1774996560,4701.7,4714,4701.2,4707.5
1774996620,4707.3,4711,4706.8,4711
1774996680,4710.3,4723.2,4709.7,4721.8
1774996740,4720.9,4724.6,4716,4723.8
1774996800,4723.3,4725.9,4719.1,4721.9
1774996860,4722.7,4724.2,4718.8,4718.8
1774996920,4719.1,4724.6,4718,4720.9
1774996980,4721.2,4721.8,4717.9,4720.2
1774997040,4719.9,4719.9,4712.8,4712.8
1774997100,4713.5,4713.5,4710.8,4712.8
1774997160,4711.9,4716.2,4710.3,4711.1
1774997220,4711.3,4711.8,4691.1,4691.1
1774997280,4692.6,4698.5,4690.1,4695
1774997340,4695.2,4703.7,4694.9,4700.1
1774997400,4699.1,4707.9,4699.1,4699.7
1774997460,4700.5,4703,4696.7,4699.1
1774997520,4700,4701.6,4698,4698
1774997580,4699.2,4700,4697.6,4698.6
1774997640,4699.4,4700.4,4699,4699.7
1774997700,4699.5,4699.7,4692.8,4696.3
1774997760,4696.6,4700.8,4696.6,4700.8
1774997820,4700.6,4706.6,4699.2,4705.9
1774997880,4706.2,4711.7,4701.7,4708.9
1774997940,4708.2,4712.8,4707.4,4709.7
1774998000,4709.4,4710.6,4708,4709.1
1774998060,4708.2,4709.6,4704.3,4707.3
1774998120,4706.5,4709.5,4706.5,4708.9
1774998180,4708.4,4710.6,4707.9,4707.9
1774998240,4707,4709.1,4704.9,4705.5
1774998300,4704.9,4705.8,4702.7,4703.7
1774998360,4703.9,4706,4703.8,4706
1774998420,4705.7,4705.8,4703.5,4704.7
1774998480,4704,4705,4702.9,4703.7
1774998540,4703.7,4704.6,4703.4,4703.4
1774998600,4703.3,4704.3,4701.6,4702.2
1774998660,4702,4706.3,4701.7,4704.7
1774998720,4704.6,4708,4704.6,4708
1774998780,4707.4,4709,4706.3,4707.2
1774998840,4706.2,4707.3,4704.9,4704.9
1774998900,4705.3,4706.7,4704.1,4706.7
1774998960,4706.5,4707.5,4705.9,4707.5
1774999020,4707.8,4708.3,4707.1,4708
1774999080,4707.7,4707.7,4702.7,4702.7
1774999140,4703.7,4703.7,4701.9,4703.2
1774999200,4702.8,4705.9,4700.3,4704
1774999260,4703.3,4703.7,4700.7,4702
1774999320,4702.3,4703.7,4700.9,4701.6
1774999380,4702.6,4703.8,4701.1,4703.8
1774999440,4703.5,4706.1,4703.1,4705.2
1774999500,4705.7,4709.8,4705.5,4708.8
1774999560,4709.7,4712.7,4708.7,4712.3
1774999620,4712,4712,4710,4710.8
1774999680,4710.4,4712,4708.2,4711.2
1774999740,4710,4711.3,4708.6,4711.3
1774999800,4710.6,4714.5,4709.3,4713.2
1774999860,4712.7,4715,4712,4714.3
1774999920,4713.7,4714.5,4713.6,4714.5
1774999980,4714.3,4715.1,4713.4,4715
1775000040,4715.2,4716.4,4714.8,4715
1775000100,4715.4,4716.8,4714.7,4716.2
1775000160,4715.8,4717.8,4715,4717.7
1775000220,4717.2,4717.7,4715.7,4715.7
1775000280,4715.4,4716.2,4715.4,4716.2
1775000340,4716.2,4720.5,4716.2,4720.5
1775000400,4720.4,4723.1,4719.9,4721.6
1775000460,4720.7,4721.6,4719.5,4719.5
1775000520,4719,4719.8,4718.7,4719.5
1775000580,4719.7,4722.4,4718.9,4718.9
1775000640,4718.7,4719.7,4717.1,4719.2
1775000700,4718.4,4718.5,4717.1,4717.4
1775000760,4717.8,4720.1,4716.5,4719.8
1775000820,4719.5,4721.4,4719.3,4719.3
1775000880,4719.8,4720.2,4717.3,4717.7
1775000940,4717.3,4718.1,4716.3,4717.4
1775001000,4717.7,4719.7,4717.6,4718.9
1775001060,4719.2,4720.5,4719.2,4720.3
1775001120,4719.6,4720.5,4717.8,4717.8
1775001180,4717.9,4720.1,4717.9,4718.2
1775001240,4718.4,4719.5,4717.2,4719.4
1775001300,4720,4727.5,4720,4726.1
1775001360,4725.3,4727.9,4724.1,4727.3
1775001420,4726.8,4727.5,4725.4,4725.9
1775001480,4726.1,4728.8,4725,4728.2
1775001540,4727.5,4728.4,4723.6,4723.6
1775001600,4723.6,4725,4721.6,4725
1775001660,4726.2,4727.9,4723.1,4723.7
1775001720,4724.5,4726.2,4721.5,4724.8
1775001780,4725.9,4728.9,4725.5,4728.5
1775001840,4727.4,4728.9,4724.9,4726.8
1775001900,4726.4,4731.5,4725.5,4730.8
1775001960,4730.8,4733.4,4729.2,4729.3
1775002020,4729.8,4731.1,4725.9,4727.8
1775002080,4728.1,4731.5,4728,4730.8
1775002140,4730.8,4731.5,4729,4729.8
1775002200,4729.1,4729.1,4726.6,4727
1775002260,4726,4727.4,4724,4724
1775002320,4723.8,4725.3,4722.7,4723.8
1775002380,4723.5,4729.3,4723,4728.3
1775002440,4728.7,4733.6,4728.2,4731.9
1775002500,4732,4738.3,4731.4,4733.4
1775002560,4733.2,4734.6,4731.5,4733.2
1775002620,4733.7,4739.8,4733.7,4739.3
1775002680,4739.3,4741,4737.6,4737.6
1775002740,4738,4738.8,4734.7,4735.6
1775002800,4735.5,4738.3,4735.5,4736.6
1775002860,4735.5,4737.1,4735.2,4736.8
1775002920,4736.3,4738.3,4734.8,4738.3
1775002980,4737.5,4737.5,4734.9,4737.4
1775003040,4737.5,4742.8,4737,4741.7
1775003100,4742.1,4746.3,4742,4744.5
1775003160,4743.9,4746.9,4743.8,4745.6
1775003220,4745,4745,4742.3,4743.7
1775003280,4744.9,4750,4744,4747.3
1775003340,4747.8,4750,4747.2,4749.6
1775003400,4749.8,4750.5,4746.6,4747.5
1775003460,4747.4,4747.8,4743.6,4743.6
1775003520,4744.1,4745.1,4741,4743.2
1775003580,4742.9,4742.9,4739,4741
1775003640,4741,4741.2,4731.7,4733.1
1775003700,4733.9,4734.9,4731.2,4734.4
1775003760,4733.7,4734.7,4732.4,4732.4
1775003820,4732.8,4733.4,4727.8,4730.2
1775003880,4730,4733.4,4729.8,4731.2
1775003940,4731.4,4733.1,4730.6,4732
1775004000,4732.1,4733.6,4731,4732.4
1775004060,4733,4734.6,4731.7,4734.2
1775004120,4734.2,4734.3,4731.4,4731.7
1775004180,4731.4,4733.3,4731.3,4732.1
1775004240,4732.6,4735,4732.2,4734.1
1775004300,4733.9,4735,4733.1,4734.1
1775004360,4734.1,4738,4733,4733
1775004420,4732.9,4737.2,4732.6,4734.6
1775004480,4735,4735.8,4733.9,4734.1
1775004540,4734.3,4736.8,4733.8,4735.3
1775004600,4734.8,4737.7,4734.8,4737.2
1775004660,4737.3,4739.9,4737.3,4738.9
1775004720,4738.2,4746.5,4738.2,4744.4
1775004780,4745.3,4745.7,4740.7,4742.3
1775004840,4741.9,4741.9,4737.9,4738.9
1775004900,4738.3,4741.9,4738.3,4740.9
1775004960,4741.1,4741.5,4731.5,4732.8
1775005020,4732.2,4738.5,4731.5,4735.9
1775005080,4735.4,4736.9,4733.2,4735.1
1775005140,4735.6,4739.8,4735.6,4738.8
1775005200,4738.6,4751.9,4735,4742.8
1775005260,4742.7,4745.2,4729.2,4730
1775005320,4729,4739.7,4729,4735.7
1775005380,4736.2,4738.8,4735.1,4735.7
1775005440,4735.2,4736.1,4731,4731
1775005500,4732.2,4732.6,4725.5,4726.1
1775005560,4726.2,4726.9,4716.7,4718.4
1775005620,4718,4727.3,4718,4727.3
1775005680,4727.6,4731.3,4724.7,4730.6
1775005740,4729.9,4734.7,4728.8,4733.1
1775005800,4731.6,4737,4730.7,4735.5
1775005860,4736.4,4737.3,4730.3,4731.6
1775005920,4731.3,4731.3,4729,4729.5
1775005980,4729.2,4737.2,4729.1,4733.8
1775006040,4734.3,4736.8,4733.7,4734.8
1775006100,4735.9,4735.9,4728.8,4729
1775006160,4729,4732.6,4728.7,4728.8
1775006220,4729.1,4729.8,4724.9,4725.8
1775006280,4725.8,4728.4,4725.8,4727.2
1775006340,4726.7,4728.6,4723.4,4724.2
1775006400,4725,4728.5,4725,4727.5
1775006460,4726.1,4726.1,4721.9,4721.9
1775006520,4722.7,4724,4720.3,4722.1
1775006580,4721.8,4723.2,4719.1,4722.8
1775006640,4722.4,4723.5,4721.3,4722
1775006700,4720.9,4725,4720.4,4725
1775006760,4725.7,4730.1,4725.4,4730.1
1775006820,4730.2,4731,4729.5,4731
1775006880,4731.1,4731.2,4727,4729.8
1775006940,4731,4735.2,4730.5,4735.2
1775007000,4734.7,4734.9,4731,4733.4
1775007060,4732.3,4732.3,4726.7,4727.7
1775007120,4727.9,4728,4724,4724
1775007180,4724,4726.4,4723.9,4724.3
1775007240,4724.1,4724.5,4718,4720.2
1775007300,4719.6,4723.7,4719.6,4721.3
1775007360,4723.5,4725.6,4720.7,4720.7
1775007420,4720.6,4725.1,4719.7,4724.3
1775007480,4723.7,4724.8,4720,4720
1775007540,4720.8,4722.3,4711.7,4712.8
1775007600,4712.7,4714.8,4708.4,4708.4
1775007660,4708.4,4713,4708.3,4712.2
1775007720,4712.2,4713.8,4710.8,4712.5
1775007780,4711.8,4714.9,4710.1,4713.5
1775007840,4713.2,4715,4712.9,4714.6
1775007900,4714.3,4717,4713.2,4716
1775007960,4716.3,4717.9,4715.4,4717.2
1775008020,4718.1,4719.4,4717.3,4719.1
1775008080,4718.1,4721,4716.5,4719.9
1775008140,4720.7,4720.8,4717.3,4718
1775008200,4718.7,4721,4718.7,4720.6
1775008260,4719.7,4722,4716.5,4716.5
1775008320,4716,4720.9,4712.9,4720.9
1775008380,4721,4723.4,4719.7,4719.9
1775008440,4720.2,4721,4719,4721
1775008500,4721.8,4722.8,4720.4,4720.4
1775008560,4720,4720,4717.3,4717.7
1775008620,4717,4721.1,4716.7,4720.6
1775008680,4720.5,4721,4714.2,4714.2
1775008740,4714.1,4719.5,4714.1,4718.8
1775008800,4719.9,4722.1,4715.2,4717.4
1775008860,4716.1,4717.3,4714.5,4715.3
1775008920,4715.9,4718,4715.3,4716
1775008980,4715.2,4716.1,4713.9,4714
1775009040,4714.2,4722.9,4714,4721.6
1775009100,4722.6,4727.5,4722.6,4725
1775009160,4725,4726.9,4723.4,4723.4
1775009220,4723.8,4724.5,4720.2,4721.8
1775009280,4721.4,4721.4,4717.4,4720.3
1775009340,4720.2,4723.9,4719.8,4722.7
1775009400,4723,4723.2,4718.8,4719.1
1775009460,4718.5,4719.7,4717,4718.8
1775009520,4718.8,4719.9,4718.2,4719.5
1775009580,4719.6,4719.7,4717.2,4717.4
1775009640,4717.8,4721.4,4717.8,4720.6
1775009700,4719.9,4722.3,4719.6,4720.4
1775009760,4721.9,4724.5,4720.9,4722.7
1775009820,4723.1,4723.8,4722.5,4722.9
1775009880,4723.3,4724.1,4721.2,4722.7
1775009940,4722.1,4723.3,4721.9,4722.9
1775010000,4722.6,4723.3,4717.5,4718.2
1775010060,4718.1,4719.9,4718,4718.5
1775010120,4717.8,4718.2,4710.7,4711.3
1775010180,4711.3,4714.8,4711.3,4714.4
1775010240,4714.5,4714.7,4712.7,4713.7
1775010300,4714.2,4714.3,4710,4712.9
1775010360,4712.2,4713,4711.1,4711.6
1775010420,4711.6,4713.8,4711.6,4713.6
1775010480,4713.5,4714,4713,4713
1775010540,4712.9,4714.9,4712.5,4714.2
1775010600,4714.2,4714.9,4710.7,4711.9
1775010660,4712.3,4717,4709.3,4711.1
1775010720,4710.2,4714,4710.1,4713.3
1775010780,4714.5,4714.6,4710.8,4713.2
1775010840,4714,4714.3,4710.9,4711.9
1775010900,4711.8,4711.8,4708.6,4708.9
1775010960,4709.1,4709.6,4707.3,4707.7
1775011020,4707.5,4710.7,4707.4,4709.7
1775011080,4708.3,4709.8,4707.3,4709.8
1775011140,4709.5,4710,4705.1,4706.6
1775011200,4706.6,4709.2,4706.6,4706.9
1775011260,4706.6,4707,4705,4705.3
1775011320,4705.5,4707.5,4704.5,4706.9
1775011380,4707.5,4708.8,4706.1,4708
1775011440,4708.4,4709.4,4706.1,4708.7
1775011500,4707.8,4710.4,4707.4,4709.7
1775011560,4709.8,4710.5,4708.8,4709.5
1775011620,4709.3,4709.9,4707.7,4708.7
1775011680,4708.4,4708.4,4705,4707.2
1775011740,4707.2,4708.2,4706.1,4706.6
1775011800,4707.2,4708,4706.6,4707.8
1775011860,4707.8,4709.9,4707.8,4709
1775011920,4709.2,4714.3,4708.9,4712.7
1775011980,4712.7,4714,4712.7,4713.1
1775012040,4713.2,4714,4711.9,4713.6
1775012100,4713.3,4715.6,4712.7,4715.6
1775012160,4715.2,4716,4714.1,4716
1775012220,4715.4,4716,4714.5,4715.4
1775012280,4715.6,4715.7,4711.2,4712.8
1775012340,4712.4,4712.4,4710,4711.1
1775012400,4710.3,4713.4,4710.3,4711.6
1775012460,4711.9,4716.3,4711.1,4716.2
1775012520,4715.7,4716,4713.5,4713.5
1775012580,4712.9,4713,4709,4712.3
1775012640,4712.7,4713.6,4711.2,4711.4
1775012700,4710.6,4712.9,4710.6,4712.5
1775012760,4712.8,4713.6,4712.8,4713
1775012820,4713.1,4714.9,4712.9,4713.6
1775012880,4713.4,4714.6,4711.6,4712.3
1775012940,4713.4,4714.7,4712.4,4713.2
1775013000,4713.6,4716,4711.9,4715.4
1775013060,4715.4,4716.1,4714.5,4716
1775013120,4716.1,4718.2,4716.1,4717.9
1775013180,4717.8,4718.9,4717.8,4718.1
1775013240,4718.5,4718.9,4715.4,4715.6
1775013300,4716,4717.4,4713.3,4717.4
1775013360,4717.6,4718.9,4716.6,4718.6
1775013420,4718.7,4718.9,4718.3,4718.6
1775013480,4718.9,4718.9,4716.5,4718.2
1775013540,4718.3,4720.2,4716.5,4716.5
1775013600,4716.3,4716.7,4715.5,4715.5
1775013660,4715.5,4717.1,4714.8,4717.1
1775013720,4716.8,4716.8,4715.8,4716.2
1775013780,4716.2,4717.2,4716.2,4716.5
1775013840,4716.6,4716.7,4714.6,4715.9
1775013900,4716,4717.9,4714.9,4716.2
1775013960,4716.5,4717.2,4715.4,4716.8
1775014020,4716.1,4716.1,4715,4715
1775014080,4715.3,4715.3,4710.7,4712
1775014140,4711.8,4714.9,4710.7,4713.7
1775014200,4713.7,4713.7,4710.9,4712.5
1775014260,4713,4714.1,4712.4,4712.8
1775014320,4713.2,4714.1,4712.9,4713.9
1775014380,4712.9,4713.1,4710.9,4711.8
1775014440,4712.6,4714.6,4712.6,4714.1
1775014500,4713.5,4713.5,4711.8,4711.8
1775014560,4711.9,4714.8,4711.9,4714.8
1775014620,4714.9,4714.9,4713.9,4714.1
1775014680,4714.1,4714.8,4713.3,4713.3
1775014740,4713.3,4714.2,4712.9,4713.8
1775014800,4714,4714,4712.4,4712.9
1775014860,4712.3,4712.3,4711.1,4711.5
1775014920,4712,4712,4711,4711.8
1775014980,4711.4,4712,4709.2,4711.6
1775015040,4711.4,4713.2,4711.4,4713.2
1775015100,4713.4,4715,4712.9,4714.5
1775015160,4714.3,4714.8,4711.9,4711.9
1775015220,4712.1,4713.8,4711.5,4713.2
1775015280,4712.5,4713.5,4711.9,4712.5
1775015340,4712.2,4712.5,4710.3,4710.3
1775015400,4710.3,4711.3,4709.7,4710
1775015460,4709.9,4709.9,4707.3,4708.2
1775015520,4708.2,4709.4,4708.1,4709.1
1775015580,4709.3,4709.8,4709,4709.5
1775015640,4709.3,4709.3,4708.5,4708.9
1775015700,4709.4,4712.5,4709.1,4711.3
1775015760,4711.5,4711.7,4706.5,4707.1
1775015820,4707.2,4708.4,4705.5,4708.4
1775015880,4707.8,4708,4706.8,4707
1775015940,4707.4,4708.5,4707.4,4707.8
1775016000,4707.6,4707.7,4707.1,4707.7
1775016060,4707.7,4707.7,4705.2,4705.5
1775016120,4705.3,4705.3,4703.6,4704.4
1775016180,4704.1,4704.9,4703.3,4704.1
1775016240,4704.3,4704.4,4701.4,4702.6
1775016300,4702.3,4703.9,4701.9,4702.8
1775016360,4703.8,4706.6,4703.6,4705.4
1775016420,4705.4,4706,4704.6,4704.6
1775016480,4705,4705.7,4704.3,4704.3
1775016540,4704.1,4704.1,4700.6,4701.2
1775016600,4700.7,4701.3,4699.2,4700.3
1775016660,4700.3,4702,4700.2,4701.3
1775016720,4701.5,4701.5,4699.4,4699.5
1775016780,4699,4701.5,4699,4701.1
1775016840,4701.1,4701.7,4699.9,4699.9
1775016900,4699.9,4700.5,4698.7,4698.9
1775016960,4698.8,4699,4696.3,4697.5
1775017020,4697.2,4697.9,4693.3,4694.2
1775017080,4694.7,4695.5,4693,4695
1775017140,4694.4,4696.2,4693.6,4695
1775017200,4695.3,4698.2,4695.1,4696.7
1775017260,4696.4,4699.2,4696,4696.4
1775017320,4696.2,4698.1,4695.6,4698.1
1775017380,4697.5,4698.1,4696.5,4697.6
1775017440,4697.7,4698.8,4697.3,4698.4
1775017500,4698.9,4700,4697.7,4697.8
1775017560,4697.5,4698.5,4697.3,4697.8
1775017620,4697.6,4699,4697.6,4699
1775017680,4699.2,4699.6,4698.6,4699
1775017740,4699.2,4699.2,4698.3,4698.5
1775017800,4698.7,4701.1,4697.9,4701.1
1775017860,4701,4701,4699,4699.5
1775017920,4699.6,4700.9,4699.3,4700.1
1775017980,4699.9,4700,4698.7,4698.7
1775018040,4698.3,4699,4697.9,4698.1
1775018100,4698.5,4698.5,4695,4695.6
1775018160,4695.9,4698.7,4695.9,4698.7
1775018220,4698.1,4700.7,4698,4700.7
1775018280,4700.1,4701.8,4699.9,4700.6
1775018340,4700.6,4702.1,4700.6,4701.4
1775018400,4701.4,4702,4701.3,4702
1775018460,4701.9,4702.8,4701.7,4702.1
1775018520,4702,4702.4,4701,4701.9
1775018580,4701.4,4702.5,4701.3,4702.5
1775018640,4702.6,4703.2,4702.4,4703.2
1775018700,4702.9,4703.3,4701.9,4702.6
1775018760,4702.6,4703.9,4702.6,4703.3
1775018820,4703.8,4704.8,4703.7,4704.8
1775018880,4704.8,4704.8,4703.2,4704.7
1775018940,4704.8,4704.8,4702.9,4704
1775019000,4703.8,4705.6,4703.8,4705.5
1775019060,4705.6,4707.6,4705.5,4707.4
1775019120,4707.2,4707.4,4706.5,4706.7
1775019180,4706.4,4706.4,4705.5,4706.1
1775019240,4705.5,4705.6,4702.9,4703
1775019300,4703.2,4703.5,4700.2,4700.2
1775019360,4700.2,4700.3,4698.9,4700.3
1775019420,4700.7,4702.1,4700.5,4701.7
1775019480,4701.6,4702.8,4701,4702.6
1775019540,4702.5,4702.7,4701.4,4702.7
1775019600,4702.9,4704.4,4702.3,4702.5
1775019660,4702.3,4703.2,4700.8,4703.2
1775019720,4703.5,4704.4,4703.5,4703.8
1775019780,4703.9,4704.6,4703.5,4704.6
1775019840,4704,4704,4701.1,4701.9
1775019900,4702.3,4705.3,4702,4705.3
1775019960,4705.1,4706.9,4704.2,4704.6
1775020020,4704.8,4706,4704.4,4706
1775020080,4705.4,4706.8,4705.3,4705.6
1775020140,4705.2,4707.1,4705.2,4707.1
1775020200,4706.5,4706.9,4706.3,4706.6
1775020260,4706.4,4707,4706.3,4706.9
1775020320,4706.6,4709.2,4706.6,4708.3
1775020380,4709.2,4710.7,4709.1,4710
1775020440,4709.8,4710.6,4708.9,4709
1775020500,4709.2,4711,4708.8,4710.5
1775020560,4710.8,4711.3,4710,4710
1775020620,4709.8,4711.3,4708.2,4710.9
1775020680,4711.5,4713.2,4711.3,4712.4
1775020740,4712.4,4714.2,4711.4,4711.4
1775020800,4711.4,4712.8,4707.7,4708.7
1775020860,4708.4,4709,4706.6,4706.6
1775020920,4707.1,4709.2,4706.8,4708
1775020980,4707.7,4710.6,4707.4,4709.5
1775021040,4709.8,4711.1,4709.7,4710.7
1775021100,4710.9,4711.7,4708.7,4709.7
1775021160,4709.7,4717.6,4709.1,4715.2
1775021220,4715,4715.3,4710.5,4711.8
1775021280,4711.4,4712.1,4710.2,4710.8
1775021340,4711,4712.8,4710.6,4712.8
1775021400,4713,4718,4713,4717.1
1775021460,4717.1,4718.6,4716.6,4718.4
1775021520,4718.4,4720.8,4718.4,4719.4
1775021580,4719.7,4721.4,4718.1,4720.1
1775021640,4720.4,4720.5,4718.3,4719.9
1775021700,4719,4721,4719,4720.9
1775021760,4720.7,4721.4,4718,4719.7
1775021820,4719.3,4724.8,4718.7,4723.1
1775021880,4723.3,4725.7,4722.7,4725
1775021940,4725,4727.1,4724.6,4726.3
1775022000,4726.1,4727,4725.5,4726.3
1775022060,4726.7,4730,4726.7,4729.5
1775022120,4728.9,4729.3,4726.2,4726.2
1775022180,4726,4728.7,4725.9,4727.4
1775022240,4727.9,4729.5,4727.4,4728.3
1775022300,4728.3,4730,4728.3,4729
1775022360,4728.7,4729.1,4723.4,4723.4
1775022420,4723.5,4725.8,4722.1,4725.8
1775022480,4725.7,4726.1,4722.3,4723
1775022540,4723.1,4726.5,4722.9,4726
1775022600,4726.2,4726.2,4723.1,4723.4
1775022660,4723,4724.4,4722.2,4723.2
1775022720,4722.6,4724.2,4722.2,4723.5
1775022780,4723.7,4724.2,4721.2,4721.9
1775022840,4721.5,4723.2,4721.2,4722
1775022900,4721.9,4722,4718.2,4718.4
1775022960,4718.6,4719.2,4716.8,4718
1775023020,4718,4718.3,4715.8,4716.1
1775023080,4715.8,4716.5,4712.8,4712.8
1775023140,4712.2,4713.1,4710.1,4710.3
1775023200,4710.8,4714,4708.9,4712.4
1775023260,4712.5,4715.6,4711.5,4714.7
1775023320,4714.8,4715.4,4712.4,4714.2
1775023380,4714.4,4714.7,4712,4714.7
1775023440,4713.8,4714.2,4711.3,4711.6
1775023500,4711.6,4714,4711.2,4711.2
1775023560,4711.8,4713.8,4710,4711
1775023620,4710.9,4711.7,4710,4711.2
1775023680,4711.1,4713.5,4710.4,4712.3
1775023740,4712.7,4712.7,4710.5,4712.7
1775023800,4713,4716.9,4713,4716.1
1775023860,4715.9,4718.7,4715.3,4717.2
1775023920,4717.7,4719.5,4717.1,4719.5
1775023980,4719.5,4722.2,4718.2,4720.8
1775024040,4720.8,4723.9,4720.8,4723.8
1775024100,4724,4725,4722.7,4724
1775024160,4723.9,4725.4,4720.5,4721.2
1775024220,4721.8,4724.6,4718.8,4724.6
1775024280,4724.3,4724.4,4720.5,4721.9
1775024340,4722.5,4723.8,4720.9,4722.5
1775024400,4722.6,4725.4,4722.2,4725.2
1775024460,4725.6,4727.1,4723.5,4727.1
1775024520,4726.7,4729.1,4726.6,4728.7
1775024580,4728.7,4731.1,4728.7,4729.8
1775024640,4730,4736,4729.9,4735.3
1775024700,4735.3,4736.5,4730.9,4733.9
1775024760,4733.9,4736.3,4733.5,4736
1775024820,4735.6,4737.4,4733.9,4733.9
1775024880,4734,4735.4,4731.2,4731.4
1775024940,4731.2,4735.9,4731.1,4734.7
1775025000,4734.7,4738.2,4734.3,4734.9
1775025060,4734.9,4737.1,4734.4,4736.9
1775025120,4737.1,4737.3,4734.5,4736
1775025180,4736.9,4738.7,4736,4736
1775025240,4735.3,4736.9,4733.4,4735.1
1775025300,4734.3,4734.5,4729.4,4730.8
1775025360,4730.2,4732.4,4730,4732
1775025420,4731.8,4731.8,4729.7,4730.7
1775025480,4730.8,4731.6,4728.5,4729.5
1775025540,4729.2,4730,4728.2,4729.2
1775025600,4728.8,4730.6,4728.3,4730.4
1775025660,4729.7,4733.5,4729.4,4733.5
1775025720,4733.4,4735.3,4732.4,4734.2
1775025780,4733.4,4734.9,4733.1,4734.6
1775025840,4734.1,4735,4734,4734.7
1775025900,4734.9,4743.7,4734.5,4742.9
1775025960,4742.7,4745,4741.3,4744.5
1775026020,4744.5,4748.5,4743.7,4748.1
1775026080,4747.3,4754.1,4747.3,4753.3
1775026140,4753.6,4754.1,4750.3,4750.8
1775026200,4750.9,4751.5,4746.8,4747.6
1775026260,4748,4749.8,4747.1,4748.1
1775026320,4747.9,4752,4747.2,4751.2
1775026380,4751.1,4751.3,4749.6,4750.1
1775026440,4751,4754.7,4750.6,4753.5
1775026500,4753.7,4756.3,4753.3,4754.6
1775026560,4754,4755.8,4753.3,4754.3
1775026620,4754.4,4757.3,4754.2,4756.8
1775026680,4756.8,4759.9,4756.3,4757.7
1775026740,4757.3,4759.6,4756.8,4757.4
1775026800,4757.5,4759.5,4752.1,4754.9
1775026860,4754,4756.3,4751.9,4754.6
1775026920,4755,4755.6,4752.4,4754.4
1775026980,4754.1,4754.6,4749.2,4749.3
1775027040,4749.2,4751.2,4746.8,4749
1775027100,4749.6,4750,4746.3,4747
1775027160,4746.7,4746.7,4743.2,4743.2
1775027220,4743.6,4746.9,4741.7,4743.6
1775027280,4743.6,4746.2,4740.7,4743.9
1775027340,4744.2,4748.2,4742.4,4747.2
1775027400,4747.7,4748.4,4744.9,4747.1
1775027460,4747.4,4747.6,4744.1,4744.7
1775027520,4744.9,4745.6,4742.9,4743
1775027580,4743.2,4743.6,4741.5,4742.3
1775027640,4741.9,4742.3,4740.3,4741.8
1775027700,4741.1,4743.4,4740,4742.5
1775027760,4742.4,4743.1,4739.3,4741.3
1775027820,4740.6,4741.6,4739.6,4740.8
1775027880,4741.1,4742.6,4740.7,4742
1775027940,4742.9,4743.4,4741.6,4742.9
1775028000,4742.5,4747,4742.1,4745.5
1775028060,4745.6,4752.3,4745.3,4750.8
1775028120,4750.1,4751.7,4749.9,4751.2
1775028180,4751,4751,4747.9,4748.2
1775028240,4748.5,4748.5,4745.4,4746.8
1775028300,4746.2,4746.6,4745,4746.3
1775028360,4747,4750.8,4746.7,4749.5
1775028420,4749,4749.7,4746.4,4747.3
1775028480,4746.7,4750.1,4745.5,4749
1775028540,4748.7,4750.4,4747.7,4749.7
1775028600,4749.4,4751.7,4748.9,4751
1775028660,4751,4754.5,4750.4,4754
1775028720,4753.9,4756.6,4753.7,4755.9
1775028780,4755.4,4762.7,4755.1,4761
1775028840,4760.8,4761.6,4756.6,4757.9
1775028900,4758.2,4762.2,4757.2,4759.1
1775028960,4759.4,4767.7,4757.7,4766.1
1775029020,4766.5,4772.5,4766,4769.4
1775029080,4769.5,4774.2,4769.5,4770.9
1775029140,4770.9,4771.1,4767.3,4768.4
1775029200,4767.7,4767.9,4761.4,4763.5
1775029260,4763.5,4765,4757.1,4758.3
1775029320,4757.8,4762.5,4757.7,4762.2
1775029380,4761.8,4764,4757.8,4758.1
1775029440,4758.1,4759.1,4756.8,4756.8
1775029500,4756.6,4756.8,4751.5,4751.5
1775029560,4752.1,4755.2,4749.3,4754.5
1775029620,4754.3,4757.1,4753.4,4756.9
1775029680,4756.9,4759.3,4750.8,4750.8
1775029740,4751,4751,4746.3,4749.1
1775029800,4749.3,4751.4,4746,4746.6
1775029860,4746.5,4747.9,4742,4742.2
1775029920,4742.2,4742.8,4739,4739.5
1775029980,4739.7,4741.3,4737.1,4738.9
1775030040,4739.3,4741.9,4737,4740.6
1775030100,4740,4741.2,4735.6,4735.7
1775030160,4736.4,4741.6,4736.4,4739.3
1775030220,4739.1,4743,4739,4742.5
1775030280,4741.9,4742.1,4737.5,4737.6
1775030340,4738.1,4740.3,4736.8,4739.4
1775030400,4739.6,4748.1,4737,4745.4
1775030460,4744.9,4746,4740.9,4742.1
1775030520,4741.7,4746.9,4741.7,4745.6
1775030580,4746.4,4752.2,4745.6,4751.1
1775030640,4752.2,4753.5,4747.2,4748
1775030700,4747.7,4751.8,4747.6,4751.2
1775030760,4750.9,4752,4745.6,4745.6
1775030820,4746.3,4748.2,4744.1,4745.7
1775030880,4746,4749,4745.7,4748.2
1775030940,4748,4748.1,4746.3,4746.6
1775031000,4746.7,4747.2,4742.8,4746
1775031060,4745.2,4746.5,4742.3,4745.4
1775031120,4745.1,4746,4744.4,4745.5
1775031180,4746,4746.1,4743.4,4746.1
1775031240,4745.7,4747.3,4745,4745.7
1775031300,4746.2,4750.1,4744.1,4749.6
1775031360,4748.8,4748.8,4744,4745.2
1775031420,4744.5,4748.4,4744.2,4747.9
1775031480,4747.6,4752.6,4747.3,4751.8
1775031540,4751.8,4754.6,4751.6,4753.7
1775031600,4754.4,4756.2,4753.3,4755.1
1775031660,4754.7,4756.8,4754.3,4756.3
1775031720,4756.7,4758.9,4756,4757.5
1775031780,4757.5,4758,4753.3,4753.3
1775031840,4753.3,4755.5,4752.2,4754.8
1775031900,4755.1,4763.2,4754.7,4762.6
1775031960,4762.3,4762.3,4759.7,4759.9
1775032020,4759.5,4761.2,4759.1,4759.4
1775032080,4758.9,4759.3,4754.7,4756.9
1775032140,4756.2,4758.7,4755.2,4757.6
1775032200,4757.5,4758.3,4753.8,4756.6
1775032260,4757.1,4759,4756.1,4757
1775032320,4757,4761,4757,4760.5
1775032380,4760.1,4761.5,4759.2,4760
1775032440,4760,4761.8,4759.4,4759.9
1775032500,4760.5,4761.1,4758.5,4759.8
1775032560,4759.3,4761.9,4757.8,4761.3
1775032620,4761.5,4766.7,4761.5,4763.2
1775032680,4764,4767.5,4763.8,4766.1
1775032740,4766.4,4766.8,4763.9,4765
1775032800,4765.4,4765.8,4759.9,4760.3
1775032860,4760.5,4762.7,4758,4761.6
1775032920,4761.2,4761.6,4759.9,4759.9
1775032980,4759.2,4760.2,4758.6,4760.2
1775033040,4760.2,4760.3,4758.5,4759.1
1775033100,4759.3,4759.3,4757.8,4758.9
1775033160,4758.8,4759.5,4758.3,4758.7
1775033220,4757.9,4758.6,4756.2,4756.9
1775033280,4757.1,4759,4757.1,4758.5
1775033340,4758.8,4759.1,4758.4,4758.8
1775033400,4758.4,4759.6,4758.2,4759.3
1775033460,4759,4759.6,4757.8,4758.4
1775033520,4758.7,4759.9,4758.6,4758.6
1775033580,4758.9,4760,4758.5,4759.4
1775033640,4758.9,4759,4755.1,4757.7
1775033700,4757.7,4758.2,4753.8,4755.4
1775033760,4755.2,4758,4754.8,4757.3
1775033820,4757.2,4757.5,4756,4757.1
1775033880,4757.7,4758.2,4755.6,4757.7
1775033940,4757.9,4758.3,4755.7,4755.8
1775034000,4755.8,4755.8,4752.5,4753.7
1775034060,4753.6,4754.7,4752.8,4753.6
1775034120,4753.1,4757.3,4753.1,4757.3
1775034180,4757.3,4757.6,4754.5,4755.2
1775034240,4755.1,4755.1,4753.3,4753.4
1775034300,4753.3,4754.9,4752.3,4753
1775034360,4752.7,4753.9,4748.5,4749
1775034420,4749.9,4751.8,4748.7,4751.8
1775034480,4751.8,4751.8,4750,4750
1775034540,4749.8,4750.9,4747.2,4747.2
1775034600,4748.1,4749.4,4746.3,4746.3
1775034660,4746.4,4748.1,4745.9,4746.3
1775034720,4746.3,4748.7,4745.3,4748.4
1775034780,4748.5,4748.7,4745.2,4746.1
1775034840,4747,4747,4745,4745.4
1775034900,4745.2,4746.6,4744,4744.8
1775034960,4745.2,4746.4,4744.7,4745.1
1775035020,4745.1,4746.9,4743.4,4745
1775035080,4745.5,4745.6,4743.5,4743.5
1775035140,4743.1,4744.5,4742.6,4744.5
1775035200,4744.6,4744.9,4742.8,4743.2
1775035260,4742.8,4743.9,4741.1,4741.1
1775035320,4741.6,4743.6,4741.1,4742.8
1775035380,4743.2,4747.8,4743.2,4747.4
1775035440,4747.2,4748.6,4746.3,4748
1775035500,4747.8,4751.1,4747.8,4751.1
1775035560,4750.6,4750.7,4747.7,4748.5
1775035620,4747.7,4749.7,4747.3,4748.8
1775035680,4749.3,4750,4745.9,4745.9
1775035740,4746.1,4746.7,4745,4746.7
1775035800,4746.5,4749.1,4745.4,4748.7
1775035860,4749.1,4749.1,4744.9,4746
1775035920,4746.5,4747.2,4744.1,4744.7
1775035980,4744.2,4747.2,4743.5,4746.5
1775036040,4746.3,4747.1,4740,4741.6
1775036100,4741.6,4744.6,4741.6,4743.8
1775036160,4743.9,4747.8,4743.9,4747.5
1775036220,4748.4,4749.8,4747.1,4749.1
1775036280,4749,4749.7,4747.9,4748.3
1775036340,4749,4749,4745.9,4746.1
1775036400,4746,4747.7,4745.6,4746.9
1775036460,4746.6,4746.9,4745.8,4746.7
1775036520,4745.9,4750.2,4745.9,4747.8
1775036580,4747.8,4747.8,4746.5,4746.7
1775036640,4746.7,4747.8,4745.5,4746.2
1775036700,4746.8,4750,4746.8,4749.4
1775036760,4749.2,4750.7,4748.4,4749.2
1775036820,4748.8,4752.7,4748.4,4752.7
1775036880,4752.8,4754.7,4752.4,4754.2
1775036940,4754.2,4754.7,4753.1,4754
1775037000,4753.8,4755.2,4753.7,4754.7
1775037060,4755,4755,4752.7,4754.3
1775037120,4754.3,4754.6,4753.1,4754
1775037180,4753.8,4753.8,4752.4,4752.5
1775037240,4752.7,4753.2,4749.7,4750.6
1775037300,4750.9,4751,4746.8,4746.8
1775037360,4747.4,4748.9,4746.4,4748.6
1775037420,4748.7,4752.6,4748.7,4750.5
1775037480,4750.7,4751.5,4749.6,4749.6
1775037540,4749.9,4751,4749.6,4750.5
1775037600,4750,4751.9,4749.8,4751
1775037660,4751.4,4751.4,4746.9,4748.4
1775037720,4748.3,4748.6,4747.2,4748
1775037780,4748.9,4749.5,4748.4,4749.5
1775037840,4749.6,4749.6,4745.7,4745.7
1775037900,4746.2,4748.7,4746.2,4746.5
1775037960,4746.5,4747.7,4745,4747.7
1775038020,4747.4,4747.4,4745.7,4746.2
1775038080,4745.4,4747.3,4745,4747.3
1775038140,4747.2,4747.9,4745.3,4745.3
1775038200,4745.5,4745.8,4743,4743.7
1775038260,4744,4746.9,4743.7,4746.5
1775038320,4746.4,4746.4,4744.2,4744.8
1775038380,4745.1,4746,4743.9,4745
1775038440,4745.5,4745.7,4742.7,4742.7
1775038500,4742.7,4745.2,4742.4,4745.1
1775038560,4744.4,4744.9,4743.7,4743.7
1775038620,4744,4745.8,4744,4745.4
1775038680,4745.7,4747.2,4745.6,4746.9
1775038740,4746.1,4748.6,4744.7,4747
1775038800,4746.8,4750.3,4746.8,4747.5
1775038860,4747.9,4751,4747.9,4750.5
1775038920,4750.8,4753.5,4749,4753.4
1775038980,4752.5,4756.7,4752,4753.5
1775039040,4754,4754.6,4752.3,4752.5
1775039100,4752.4,4752.4,4751.1,4752
1775039160,4751.7,4752.4,4749.1,4751.7
1775039220,4752.2,4752.3,4751.6,4752.1
1775039280,4751.9,4752,4749.7,4752
1775039340,4752,4755.9,4752,4755.6
1775039400,4755.4,4758.3,4755.4,4757.7
1775039460,4758.1,4759.5,4757.4,4758.9
1775039520,4758.7,4758.7,4755.9,4756.1
1775039580,4756,4756.2,4755.4,4756.2
1775039640,4756.4,4756.4,4753.4,4754.2
1775039700,4754.1,4759.2,4753.5,4758.4
1775039760,4757.9,4758,4756.7,4756.7
1775039820,4757.1,4757.2,4756.3,4756.8
1775039880,4756.3,4756.6,4755,4755
1775039940,4755.5,4758.4,4754.5,4758.4
1775040000,4757.5,4759.6,4757.5,4759.5
1775040060,4759.3,4759.8,4758.9,4759.3
1775040120,4759.1,4762,4757.8,4760.5
1775040180,4760.5,4760.8,4759.6,4760.8
1775040240,4760.7,4763.7,4760.7,4762
1775040300,4762.4,4765,4762,4764.2
1775040360,4764.3,4764.9,4763,4763.4
1775040420,4763.2,4765.6,4763.2,4765.5
1775040480,4765.5,4766,4764.1,4764.9
1775040540,4765.1,4766,4763.3,4764
1775040600,4764.1,4764.1,4756.4,4758.5
1775040660,4758,4759.5,4753.6,4757.1
1775040720,4756.8,4759.6,4756.8,4759.4
1775040780,4759.4,4759.4,4757.8,4757.8
1775040840,4758,4759.4,4757.3,4759.2
1775040900,4759,4759,4756,4756
1775040960,4756.2,4757.7,4755.1,4756.1
1775041020,4755.8,4759.4,4755.8,4757.6
1775041080,4757.2,4758,4756.6,4758
1775041140,4758.8,4759,4758.3,4758.7
1775041200,4758.2,4761,4757.1,4760.1
1775041260,4760.4,4761.1,4758.8,4758.8
1775041320,4758.9,4759.1,4755.2,4757.2
1775041380,4757.5,4761.5,4757.5,4760.5
1775041440,4760.7,4765.5,4760.3,4764.8
1775041500,4765,4766.5,4764.1,4765
1775041560,4765,4766.3,4763.3,4766.3
1775041620,4765.8,4766.2,4764.3,4764.8
1775041680,4764.2,4767.1,4764.1,4766.5
1775041740,4766.4,4767.7,4763.4,4767
1775041800,4766.7,4767.5,4764,4764.7
1775041860,4764.7,4765.3,4761.7,4762.2
1775041920,4762.2,4766.5,4762,4766.5
1775041980,4766.1,4767.6,4763.8,4764.6
1775042040,4764.4,4764.7,4762,4764.2
1775042100,4764.4,4766.8,4764.3,4765.7
1775042160,4766.1,4766.2,4764,4764.9
1775042220,4765,4771.9,4764.9,4770.4
1775042280,4770,4771.2,4770,4770.8
1775042340,4771,4771.5,4770,4771.5
1775042400,4771.6,4772.2,4770,4770.9
1775042460,4771.1,4771.2,4770,4770.5
1775042520,4770.6,4770.8,4767.9,4767.9
1775042580,4767.7,4768.4,4765.1,4766.2
1775042640,4765.6,4767.9,4764.3,4767.6
1775042700,4767.9,4773.2,4767.9,4773.2
1775042760,4773.3,4773.8,4769.5,4771.2
1775042820,4770.1,4771.3,4769.8,4770.3
1775042880,4770.8,4772.1,4770.3,4771.9
1775042940,4771.8,4773,4771.7,4772.1
1775043000,4772.8,4777.9,4772.2,4777.2
1775043060,4777.5,4778.2,4774.6,4775.6
1775043120,4775.5,4777.4,4775.2,4777
1775043180,4777,4778.7,4773.7,4774.7
1775043240,4774.8,4776.1,4773.5,4773.5
1775043300,4773.5,4777,4773.5,4776.7
1775043360,4776.1,4776.8,4774.2,4775.3
1775043420,4775,4777.9,4775,4776.2
1775043480,4776.4,4779.9,4776.1,4778.6
1775043540,4779.1,4786.6,4779.1,4784.8
1775043600,4785.1,4786.6,4784.7,4786.2
1775043660,4785.6,4785.7,4783.4,4784.7
1775043720,4785,4787.7,4784.2,4787.2
1775043780,4786.7,4789.2,4785.4,4787.7
1775043840,4788.2,4791.5,4788.1,4788.5
1775043900,4789.1,4789.1,4786.3,4787.5
1775043960,4786.9,4787.5,4784.3,4785.3
1775044020,4785.6,4786.1,4781.2,4782.4
1775044080,4782.5,4785.2,4782.3,4784.6
1775044140,4783.8,4787.9,4783.5,4786.8
1775044200,4786.6,4787.6,4784.7,4786.3
1775044260,4786.7,4787.9,4784.7,4787.9
1775044320,4787.9,4789.3,4787.2,4789.1
1775044380,4789,4789.5,4787.2,4787.3
1775044440,4787.2,4787.8,4786,4787.6
1775044500,4787.9,4788.2,4786,4786.9
1775044560,4786.4,4786.4,4783,4783
1775044620,4782.7,4785.4,4782.1,4785.1
1775044680,4785.4,4785.5,4783.7,4784
1775044740,4784.1,4784.4,4780.2,4780.2
1775044800,4780.2,4782,4779.3,4780.8
1775044860,4781.2,4781.4,4778.8,4780.5
1775044920,4780.2,4781.3,4779.5,4780.5
1775044980,4780.1,4780.5,4778.3,4778.9
1775045040,4778.4,4778.8,4775.3,4776.2
1775045100,4775.9,4777,4774.8,4775.7
1775045160,4776,4776.6,4772.5,4776.1
1775045220,4775.7,4775.7,4770.6,4770.6
1775045280,4770.8,4772.3,4769.3,4769.3
1775045340,4769.7,4772.1,4767.6,4771.1
1775045400,4770.8,4773.5,4769.5,4773
1775045460,4772.7,4772.7,4770,4770.2
1775045520,4770.5,4773.3,4770.5,4772.8
1775045580,4772.6,4773.1,4771,4772.3
1775045640,4772,4772.1,4770.7,4771.5
1775045700,4770.5,4772.1,4768,4771.6
1775045760,4771.6,4773.3,4768.9,4769.2
1775045820,4769.7,4770,4766.2,4768.5
1775045880,4769.2,4769.3,4765.4,4765.4
1775045940,4765.7,4767.7,4764.1,4767.3
1775046000,4767.5,4769.9,4765.5,4765.6
1775046060,4766.1,4766.4,4758.9,4759.4
1775046120,4759.6,4762.9,4759,4759.2
1775046180,4759.5,4762.4,4759.5,4761.7
1775046240,4761.3,4763.2,4760.3,4760.9
1775046300,4760.5,4760.5,4757.8,4757.8
1775046360,4758.2,4758.2,4753.3,4755.4
1775046420,4755.6,4757.2,4752.1,4754.6
1775046480,4754.7,4758.5,4753.3,4757.3
1775046540,4757.3,4765,4757.3,4762.9
1775046600,4762.1,4770.3,4759.4,4767
1775046660,4767,4771.8,4765.1,4770.6
1775046720,4770.8,4773.7,4769.8,4771.7
1775046780,4772.4,4773,4768.1,4770.2
1775046840,4770.7,4773.6,4769.4,4772.6
1775046900,4772.5,4777,4771.5,4776.4
1775046960,4776.7,4776.7,4770.6,4771.9
1775047020,4770.9,4771.1,4765,4765.2
1775047080,4765.6,4766.2,4763.1,4764.5
1775047140,4764.2,4764.5,4762,4764
1775047200,4764.4,4765.3,4761.4,4765.3
1775047260,4765.4,4765.4,4762.5,4763
1775047320,4763.3,4766.9,4762.9,4764.5
1775047380,4764.6,4766.1,4763.1,4766.1
1775047440,4766.2,4781.7,4763.5,4775.5
1775047500,4776.3,4782,4759.9,4774.7
1775047560,4774.1,4775.4,4765.5,4768.4
1775047620,4769.6,4771,4765.9,4770.3
1775047680,4770,4771.4,4761.5,4762.3
1775047740,4761.5,4764.9,4759.1,4761.3
1775047800,4761,4765,4759.2,4761.4
1775047860,4761.3,4761.7,4754.3,4754.7
1775047920,4756.2,4760.5,4755,4759.4
1775047980,4758.8,4761.1,4756.6,4760
1775048040,4759.8,4759.8,4755.2,4758.5
1775048100,4758.9,4761.3,4755.9,4756.2
1775048160,4756.6,4756.9,4752,4755.3
1775048220,4755.9,4757.2,4753.1,4754.7
1775048280,4755.5,4755.6,4752.2,4754
1775048340,4753,4754.8,4752,4752.1
1775048400,4752,4753.9,4745.4,4747.8
1775048460,4747.8,4748,4743.3,4748
1775048520,4748.7,4753.1,4747,4751.6
1775048580,4751.6,4752.3,4748.9,4751
1775048640,4750.8,4751.2,4747.2,4747.4
1775048700,4747.9,4751,4745.2,4750.3
1775048760,4749.7,4751.5,4748.1,4750.6
1775048820,4750.6,4755.5,4750.6,4754.9
1775048880,4754.6,4756.5,4752.7,4756.1
1775048940,4756.1,4756.6,4752.4,4756.1
1775049000,4756.4,4760.2,4755.2,4758.3
1775049060,4758,4759.5,4757.6,4758.3
1775049120,4758,4760.3,4757.6,4760.3
1775049180,4760.1,4760.7,4757.4,4758
1775049240,4758.3,4758.8,4756.3,4758.6
1775049300,4758.1,4760.5,4757.9,4759.8
1775049360,4759,4763.6,4759,4763
1775049420,4763.4,4763.5,4760.3,4760.6
1775049480,4761.1,4765.9,4760.9,4765.6
1775049540,4765.9,4768,4765.4,4766.3
1775049600,4766.3,4767,4764.9,4766.2
1775049660,4766.1,4766.3,4757.6,4758.7
1775049720,4759.2,4762.1,4759,4760
1775049780,4760.1,4762.3,4759.9,4761.2
1775049840,4760.9,4765.5,4760.7,4765.5
1775049900,4765.2,4767.1,4763.7,4763.7
1775049960,4764,4768.5,4763.9,4765.9
1775050020,4766.6,4769.5,4765.9,4769.5
1775050080,4769.2,4769.3,4764.7,4765.1
1775050140,4765,4765.2,4762.6,4763.4
1775050200,4763.4,4765.4,4760.2,4764
1775050260,4763.7,4764.3,4758,4761.1
1775050320,4761.6,4766.8,4761.3,4764.3
1775050380,4763.7,4767,4763,4765.1
1775050440,4765.8,4769.6,4765.2,4766.1
1775050500,4766.3,4771.7,4765,4769.1
1775050560,4769.9,4771.5,4767.2,4767.2
1775050620,4768,4772,4766.1,4771.9
1775050680,4772,4776.8,4771,4773.9
1775050740,4774.1,4775.9,4771.4,4773.6
1775050800,4773.1,4773.9,4769.3,4772.9
1775050860,4773.3,4775.5,4772.1,4774.5
1775050920,4774.9,4776.6,4767.2,4768.7
1775050980,4768.8,4768.8,4762.5,4763.5
1775051040,4763.2,4770.7,4762.9,4770.5
1775051100,4769.5,4773.4,4769.5,4770.7
1775051160,4771.1,4773.9,4769.1,4771.6
1775051220,4771.3,4773.1,4765.6,4766.5
1775051280,4767,4775.1,4767,4771.5
1775051340,4771.8,4772.4,4770.1,4771.4
1775051400,4771.1,4771.1,4764.4,4767.7
1775051460,4766.9,4768.7,4761.2,4762.7
1775051520,4762.7,4770.6,4762.7,4770.2
1775051580,4770.1,4776.1,4769.8,4772.9
1775051640,4772.3,4773.3,4769,4769.1
1775051700,4768.5,4768.5,4762.7,4763.8
1775051760,4764.2,4765.1,4761.8,4762.3
1775051820,4762.1,4767.7,4762.1,4765
1775051880,4765.6,4765.9,4762.2,4765.6
1775051940,4765.7,4767.4,4765.2,4765.4
1775052000,4765.2,4765.2,4751.3,4757.3
1775052060,4757.4,4766,4755.9,4765.1
1775052120,4764.9,4765.4,4762,4764.6
1775052180,4764.1,4769.5,4763.6,4767.4
1775052240,4767.6,4771.8,4766.4,4771.8
1775052300,4772,4775.3,4769.5,4771
1775052360,4770.3,4770.5,4763.5,4767.2
1775052420,4767.4,4770.4,4767.4,4769.8
1775052480,4769.3,4773.5,4769.2,4772.8
1775052540,4772.8,4773.6,4769.1,4770.2
1775052600,4770.4,4770.6,4766.4,4769.8
1775052660,4769.5,4769.5,4764.8,4765.2
1775052720,4764.9,4771.9,4764.9,4771.4
1775052780,4773,4774.4,4771.3,4773.4
1775052840,4772.6,4773.9,4771.4,4771.4
1775052900,4772.1,4774,4770.9,4772.1
1775052960,4772.7,4773.6,4769.3,4771.6
1775053020,4771.3,4772.9,4767.9,4771.5
1775053080,4772.1,4773.8,4770.4,4771.5
1775053140,4771.5,4776.7,4771.2,4775.1
1775053200,4775,4776.1,4770.3,4774.3
1775053260,4775.5,4778.8,4773.3,4777
1775053320,4776.5,4783,4776.1,4779
1775053380,4778.5,4779.1,4773.4,4777.7
1775053440,4777.1,4777.1,4764.8,4767.9
1775053500,4767.8,4770,4765.6,4769.5
1775053560,4769.8,4770,4758,4761.3
1775053620,4761.9,4764.8,4759.5,4764.2
1775053680,4764.2,4769.4,4764.2,4768.5
1775053740,4768.5,4770.6,4767.5,4770
1775053800,4769.7,4772.8,4768.4,4770.7
1775053860,4770.7,4771.3,4768.9,4768.9
1775053920,4768.9,4771.4,4767.3,4767.5
1775053980,4767.7,4771.2,4767.5,4769.3
1775054040,4769.9,4773.3,4769.5,4771.2
1775054100,4771.5,4771.6,4768,4768
1775054160,4767.2,4767.7,4763,4766.6
1775054220,4767,4771.9,4766.3,4771.7
1775054280,4771.5,4779,4771.5,4775
1775054340,4774,4780.8,4773.9,4777.8
1775054400,4777,4777.1,4771.6,4773
1775054460,4773.2,4778.4,4772.7,4777.9
1775054520,4777.9,4784.9,4777.6,4783.1
1775054580,4782.4,4784.3,4780.4,4781.5
1775054640,4781,4782.7,4779.5,4781.9
1775054700,4782.2,4785,4781.9,4784.8
1775054760,4784.6,4785.3,4780.9,4781.4
1775054820,4781.6,4784.2,4780.6,4783.8
1775054880,4784.2,4786,4783.9,4785.5
1775054940,4785.6,4788.4,4785.6,4787.2
1775055000,4787,4788.6,4784.7,4785.5
1775055060,4785.2,4786.9,4784.1,4785.9
1775055120,4785.9,4790.9,4785.8,4790.2
1775055180,4790,4794.6,4789,4792.4
1775055240,4791.9,4796.4,4791.6,4796
1775055300,4795.8,4796.8,4790.7,4790.9
1775055360,4790.5,4792,4789.4,4791.1
1775055420,4790.7,4790.9,4787.9,4788.6
1775055480,4788.5,4791.9,4787,4791.4
1775055540,4791,4791.9,4787.8,4788.4
1775055600,4788.8,4789.6,4787.1,4788.6
1775055660,4788.8,4791,4785.2,4789.8
1775055720,4789.2,4792.9,4789.2,4792.4
1775055780,4792,4798.4,4791.4,4797.7
1775055840,4797.8,4797.9,4793,4794.3
1775055900,4794.3,4796.8,4793.4,4796.5
1775055960,4796.6,4800.4,4796.4,4798
1775056020,4797.7,4800.5,4796.4,4800.1
1775056080,4799.7,4800.4,4797.5,4798.1
1775056140,4798.2,4801.7,4798.2,4801
1775056200,4801.1,4803,4790.4,4793.8
1775056260,4793.8,4797.7,4793.8,4797.7
1775056320,4797.6,4797.6,4794.1,4796.6
1775056380,4796.8,4797.2,4794.7,4794.8
1775056440,4795,4795.5,4788,4792
1775056500,4792.3,4795.3,4792.2,4792.9
1775056560,4793.1,4794.4,4791.9,4792.4
1775056620,4792.5,4793.1,4789.7,4790.7
1775056680,4790.6,4796.3,4790.6,4795.4
1775056740,4796,4798,4795.7,4797.5
1775056800,4797.4,4797.4,4795.2,4796.9
1775056860,4797.1,4798.9,4795.1,4798
1775056920,4798.1,4802.1,4798,4801.3
1775056980,4801.7,4803.5,4800.4,4800.6
1775057040,4800.4,4800.4,4796.5,4796.9
1775057100,4797.5,4799,4795.5,4798.5
1775057160,4798.3,4798.5,4796.7,4797.5
1775057220,4798,4801,4796.5,4800.1
1775057280,4800,4800.7,4796.3,4799
1775057340,4799.2,4800.4,4798.3,4800.1
1775057400,4800.2,4802.5,4797,4797.3
1775057460,4797.1,4805.2,4797.1,4802.5
1775057520,4802.5,4806.7,4802.5,4804.8
1775057580,4804.2,4805.3,4803.7,4804.4
1775057640,4804.3,4807.6,4804.3,4807.3
1775057700,4807,4808.1,4806.5,4808
1775057760,4807.8,4811.3,4807.1,4810.6
1775057820,4810.7,4811.2,4807.4,4809.2
1775057880,4808.7,4808.9,4806.5,4806.9
1775057940,4807,4810.9,4806.6,4808.9
1775058000,4809,4809.3,4807,4808.5
1775058060,4808.9,4810.1,4808.4,4809.2
1775058120,4809,4810.3,4808.5,4809.7
1775058180,4809.7,4811.3,4809.5,4810.6
1775058240,4810.6,4814.9,4810.4,4813
1775058300,4813.5,4815.4,4812.1,4812.6
1775058360,4812.6,4813.5,4811.2,4813
1775058420,4812.1,4813,4810.6,4812.5
1775058480,4812.1,4813.4,4811.6,4812
1775058540,4812.1,4813.2,4811.6,4812.5
1775058600,4812.2,4816.2,4812.2,4814.4
1775058660,4814.4,4814.4,4811.9,4812.5
1775058720,4812.1,4814,4812.1,4812.3
1775058780,4812.2,4815.7,4811.8,4814.8
1775058840,4814.8,4814.9,4812.3,4813.1
1775058900,4813,4813.5,4809.8,4811.9
1775058960,4812.1,4814.9,4811.9,4813.8
1775059020,4813.5,4816,4813,4813.5
1775059080,4813.7,4815.2,4812.9,4815.2
1775059140,4814.2,4815.1,4813.6,4814.4
1775059200,4814.3,4816.1,4813,4816
1775059260,4815.7,4817,4815.2,4816.6
1775059320,4816.7,4818.9,4816.5,4817.1
1775059380,4816.3,4816.3,4810.3,4811.2
1775059440,4811.4,4814.1,4810.7,4813.5
1775059500,4813.6,4814.6,4811.7,4814.5
1775059560,4815,4815.8,4812.9,4812.9
1775059620,4813.1,4814.6,4811.4,4811.4
1775059680,4811.7,4811.7,4809.3,4811.1
1775059740,4810.8,4813.3,4809.9,4813.3
1775059800,4813.1,4813.1,4809.3,4810.5
1775059860,4810,4810.1,4804.4,4805.5
1775059920,4805.9,4806.7,4804.7,4805.9
1775059980,4806.5,4807.6,4804.7,4805.8
1775060040,4806.4,4806.6,4802.1,4802.8
1775060100,4802.5,4807,4802.3,4806.6
1775060160,4806.1,4806.1,4803.3,4805.2
1775060220,4805.1,4805.2,4802.4,4803.6
1775060280,4803.2,4806.4,4802.9,4806.1
1775060340,4805.9,4810.1,4805.7,4810.1
1775060400,4809.9,4810.9,4809,4810.4
1775060460,4810.3,4811,4810,4810.2
1775060520,4810.5,4810.9,4809,4809.5
1775060580,4809.2,4810.6,4808.7,4810.3
1775060640,4810.3,4810.3,4807.4,4807.8
1775060700,4807.6,4807.6,4805.4,4805.4
1775060760,4805.2,4806.1,4804,4804.8
1775060820,4804.7,4806,4803.6,4803.7
1775060880,4803.9,4806.2,4803,4804
1775060940,4802.9,4805.4,4802.6,4804.5
1775061000,4804.4,4805.6,4803.6,4805
1775061060,4804.9,4806.1,4804.2,4805.1
1775061120,4804.4,4808,4803.4,4807.2
1775061180,4806.9,4809.3,4806.7,4809.1
1775061240,4809.5,4811.3,4808.9,4810.4
1775061300,4810.1,4812.5,4809.6,4812.1
1775061360,4811.9,4812.5,4810.9,4812.5
1775061420,4812.2,4813,4810.8,4812.5
1775061480,4812.7,4812.9,4811.1,4811.9
1775061540,4811.5,4811.5,4808.4,4808.7
1775061600,4808.6,4810.3,4808.5,4809.2
1775061660,4808.9,4810.1,4808.9,4810.1
1775061720,4809.8,4811.2,4809.2,4811.2
1775061780,4811.1,4811.9,4809.9,4810.8
1775061840,4811,4812.4,4811,4812.3
1775061900,4812.1,4813.2,4811.4,4811.4
1775061960,4811.1,4812.1,4811.1,4812.1
1775062020,4812,4812.6,4811.6,4812.2
1775062080,4812,4812.4,4811.9,4812.1
1775062140,4811.6,4812,4811.4,4811.8
1775062200,4812,4812.9,4810,4810
1775062260,4810.2,4810.6,4809.8,4810.5
1775062320,4810.6,4811.9,4810.4,4811.5
1775062380,4811.6,4812,4811.5,4811.6
1775062440,4811.8,4812.3,4811,4811.4
1775062500,4811.6,4812.2,4810.9,4811
1775062560,4811.1,4811.6,4810.8,4811.6
1775062620,4811.4,4812.5,4811.3,4812.4
1775062680,4812.4,4815,4812.4,4814.7
1775062740,4814.7,4816.6,4814.4,4815
1775062800,4815.2,4816.6,4814.4,4815.9
1775062860,4815.5,4817.5,4815.4,4817.3
1775062920,4817,4819.6,4816.5,4819.4
1775062980,4819.1,4820,4817.9,4819
1775063040,4818.7,4818.8,4816.2,4816.9
1775063100,4816.9,4819.1,4816.4,4819.1
1775063160,4819.5,4820.9,4819.5,4820
1775063220,4820.2,4821,4819.4,4819.4
1775063280,4819.3,4820.9,4819.3,4820.2
1775063340,4820.3,4820.4,4818.6,4818.7
1775063400,4818.5,4819.2,4817.7,4818.3
1775063460,4818.7,4818.9,4817.3,4817.5
1775063520,4817.1,4817.9,4816.8,4817.6
1775063580,4817.6,4819,4817.3,4817.4
1775063640,4817.2,4817.7,4815.8,4816.3
1775063700,4816.1,4817.2,4815.3,4815.8
1775063760,4815.7,4815.8,4814.7,4815.5
1775063820,4815.2,4815.6,4811.7,4812.2
1775063880,4812.3,4812.4,4809.8,4811.4
1775063940,4811,4813.9,4811,4813.1
1775064000,4813.5,4815.5,4813.3,4814.5
1775064060,4814.8,4815.8,4814.4,4815.3
1775064120,4815.3,4815.7,4814.3,4814.6
1775064180,4814.6,4814.7,4811.7,4812.7
1775064240,4813.1,4815.5,4813.1,4814.7
1775064300,4814.6,4814.6,4811.5,4813.6
1775064360,4814,4814.6,4813.3,4814
1775064420,4814,4814.5,4812.7,4814.2
1775064480,4814.4,4819,4813.4,4815.7
1775064540,4816,4816.5,4811.3,4812.4
1775064600,4812,4813.2,4810.6,4811.1
1775064660,4811.9,4812.5,4811.1,4812.5
1775064720,4812.4,4812.4,4810.8,4811.2
1775064780,4811.4,4812.2,4809.7,4809.7
1775064840,4809.9,4812.2,4806.3,4806.6
1775064900,4806.7,4807.4,4802.8,4803.1
1775064960,4803.1,4807.3,4803.1,4804.9
1775065020,4805.5,4807.6,4804.6,4807.6
1775065080,4807.6,4808.9,4807.3,4808.3
1775065140,4808.3,4810,4807.6,4809.8
1775065200,4809.9,4811.6,4809.9,4810.1
1775065260,4810.5,4810.6,4808.7,4809.2
1775065320,4809.6,4811.5,4809.6,4811.5
1775065380,4811.5,4811.7,4810.5,4811.1
1775065440,4811.2,4811.2,4808.5,4808.9
1775065500,4809.2,4810.2,4808.6,4810.1
1775065560,4810,4810.3,4808.2,4808.2
1775065620,4808.3,4808.6,4806.9,4807.5
1775065680,4807.6,4808.6,4807.5,4807.5
1775065740,4808,4808,4806.3,4807
1775065800,4807.2,4807.4,4805.2,4806.1
1775065860,4806.2,4808.4,4806.1,4807.3
1775065920,4807.7,4808.6,4806,4808
1775065980,4808.1,4808.5,4806.3,4806.3
1775066040,4806.6,4807.4,4806.4,4806.7
1775066100,4806.8,4807.1,4806,4806.2
1775066160,4805.7,4806,4802.9,4803.9
1775066220,4804,4804,4801.3,4803.5
1775066280,4803.3,4804.2,4801.1,4801.3
1775066340,4801.4,4803,4800.4,4801.4
1775066400,4801.1,4801.3,4798.3,4799
1775066460,4798.4,4802.2,4798.2,4799.8
1775066520,4799.8,4800.4,4795.4,4796.9
1775066580,4796.8,4797.6,4785.4,4788.9
1775066640,4788.5,4791.6,4787.1,4791.4
1775066700,4790.9,4795.2,4790.4,4793.8
1775066760,4793.8,4802.6,4793.7,4798.8
1775066820,4798.9,4798.9,4795.3,4795.6
1775066880,4795.7,4796.3,4794.8,4794.8
1775066940,4794.5,4794.5,4792.2,4794.2
1775067000,4794.8,4798.1,4794.4,4796.7
1775067060,4796.7,4799.1,4796.7,4798.7
1775067120,4798.4,4798.4,4796.9,4798.3
1775067180,4797.2,4799.2,4797.2,4797.6
1775067240,4797.1,4799.1,4797,4798.5
1775067300,4798.2,4798.2,4795.1,4795.1
1775067360,4796.1,4796.8,4792.7,4793.2
1775067420,4793.6,4793.9,4789,4789.9
1775067480,4789.8,4790.7,4788,4788.4
1775067540,4788.4,4789.1,4785.6,4788.7
1775067600,4788.6,4791.2,4785.7,4786.2
1775067660,4785.7,4785.7,4782.2,4783
1775067720,4783.3,4786,4780.8,4780.8
1775067780,4780.8,4785.3,4780.8,4784.1
1775067840,4783.8,4784.2,4779.1,4782.2
1775067900,4782.5,4784.9,4780.3,4784.3
1775067960,4784.2,4786.2,4783.9,4784.8
1775068020,4785.4,4786.6,4784.6,4785.6
1775068080,4785,4785,4782.8,4782.8
1775068140,4783,4783.2,4780.5,4780.5
1775068200,4781,4785.7,4781,4784.6
1775068260,4784.5,4785.6,4782.4,4785.2
1775068320,4784.7,4788,4784.4,4785.7
1775068380,4785.8,4786,4783.1,4784.5
1775068440,4784.1,4785.3,4782.5,4782.5
1775068500,4782.6,4782.6,4775.8,4776
1775068560,4775.7,4777.4,4772.8,4776.3
1775068620,4776.8,4778.4,4770.8,4771
1775068680,4770.8,4772.3,4768.2,4768.8
1775068740,4769.4,4776.8,4769,4776
1775068800,4775.5,4783.8,4775,4783.3
1775068860,4783.1,4793.2,4783,4788.5
1775068920,4787.7,4789.5,4787,4787.3
1775068980,4787.3,4787.5,4784.7,4785.7
1775069040,4785.5,4785.5,4782,4783.7
1775069100,4783.5,4785.1,4782.9,4783.6
1775069160,4783.1,4783.1,4778.9,4779.3
1775069220,4779.3,4783.3,4779,4782.5
1775069280,4782.7,4784.6,4781.7,4781.7
1775069340,4782.3,4783.1,4782.3,4782.3
1775069400,4782.4,4784,4781.3,4782.5
1775069460,4781.7,4782.1,4778.5,4779.7
1775069520,4779.7,4779.7,4778.1,4779.3
1775069580,4779.7,4783.3,4779.3,4782.4
1775069640,4781.7,4784,4781.5,4781.5
1775069700,4781.9,4782.1,4779.8,4779.8
1775069760,4779.2,4782.1,4778.4,4781
1775069820,4780.3,4781.6,4779.8,4781.6
1775069880,4781.5,4782,4778.6,4779.7
1775069940,4780.6,4781.3,4778.6,4779.5
1775070000,4780,4782.5,4777.6,4780.5
1775070060,4781.9,4783.6,4780,4780
1775070120,4780.1,4783.1,4779.1,4779.1
1775070180,4779.2,4781.3,4778.8,4780.8
1775070240,4781.2,4784.8,4781.1,4784.5
1775070300,4784.9,4788.8,4784.9,4788.2
1775070360,4787.9,4788.4,4786.7,4787.9
1775070420,4788.2,4790.6,4787.6,4790.2
1775070480,4789.9,4791.8,4786.9,4787.6
1775070540,4787,4787.1,4784.4,4784.7
1775070600,4784.3,4785,4783,4784.6
1775070660,4785.2,4785.6,4782,4783.4
1775070720,4783.3,4785.9,4783.3,4783.5
1775070780,4783.8,4786.2,4783.8,4785.8
1775070840,4785.5,4787,4785.5,4786.4
1775070900,4786.1,4786.7,4785.7,4786.6
1775070960,4786.2,4786.9,4785.1,4786.6
1775071020,4786.2,4786.9,4786,4786.2
1775071080,4786,4788.3,4785.9,4787.7
1775071140,4787.3,4788.6,4787.2,4787.2
1775071200,4787.6,4789.3,4786.9,4788.2
1775071260,4788.4,4788.4,4786.2,4787.5
1775071320,4787.2,4787.4,4784.9,4786.2
1775071380,4786.2,4788.4,4786.2,4788
1775071440,4787.9,4789.1,4787.5,4787.7
1775071500,4787,4791.3,4786.6,4789.9
1775071560,4790.1,4793.3,4789.6,4792.2
1775071620,4792,4795.5,4791.9,4794.3
1775071680,4793.6,4794.1,4788.8,4789.4
1775071740,4790.1,4792.2,4790.1,4792.1
1775071800,4792.3,4793.9,4791.8,4793.5
1775071860,4793.1,4793.5,4790.2,4790.8
1775071920,4790.8,4792.1,4789.7,4791.4
1775071980,4791,4791.7,4789.5,4790.6
1775072040,4790.7,4793.5,4790.4,4793.4
1775072100,4793.8,4794.5,4793.5,4794.3
1775072160,4794.4,4798.4,4794.4,4797.8
1775072220,4797.6,4800.3,4796.7,4799.4
1775072280,4799.3,4801,4798.7,4799.4
1775072340,4799.7,4801.9,4799.7,4801.4
1775072400,4801.6,4804.4,4801.2,4804
1775072460,4804.2,4804.4,4800.7,4801.9
1775072520,4801.7,4802,4800.4,4800.4
1775072580,4800.6,4801.9,4798.9,4799.4
1775072640,4799,4799,4794.7,4795.9
1775072700,4795.4,4796.5,4793.4,4793.7
1775072760,4794.2,4795.3,4791.8,4791.8
1775072820,4792.2,4794.6,4792.2,4793.8
1775072880,4793.9,4796,4793.2,4794.7
1775072940,4794.8,4795.2,4793.5,4794.1
1775073000,4794.2,4794.9,4786.3,4786.5
1775073060,4786.7,4790.9,4784.1,4789.5
1775073120,4788.9,4791.8,4788.9,4790
1775073180,4790.4,4793.3,4790.3,4792.8
1775073240,4792.9,4793.1,4791.1,4791.1
1775073300,4790.9,4795.4,4790.5,4794.9
1775073360,4794.5,4798.5,4794,4795.6
1775073420,4795.1,4796.8,4792.2,4793.7
1775073480,4794.3,4796,4791.3,4795
1775073540,4794.8,4794.9,4790.2,4791.7
1775073600,4791.7,4795.7,4791.4,4793.3
1775073660,4792.9,4793.4,4791.3,4792.1
1775073720,4791.7,4792.4,4790,4790
1775073780,4790.1,4792,4789.9,4790
1775073840,4789.6,4791.4,4788.4,4791.4
1775073900,4791.5,4791.6,4790.8,4791.1
1775073960,4791.6,4792.7,4791.6,4792.1
1775074020,4791.9,4791.9,4789.4,4790.5
1775074080,4790.5,4794.2,4790.5,4793.6
1775074140,4792.9,4794,4791.8,4794
1775074200,4793.5,4794.6,4793.1,4793.9
1775074260,4794.3,4795.3,4793.9,4794.1
1775074320,4793.9,4793.9,4793.3,4793.7
1775074380,4794.9,4795.3,4794.9,4795.1
1775074440,4794.9,4795,4794.5,4794.5
1775074500,4795.1,4796.5,4795,4796.1
1775074560,4795.6,4796.2,4795.5,4795.6
1775074620,4796,4796,4795.2,4795.2
1775074680,4795.1,4796.4,4794.6,4796.4
1775074740,4796.5,4797,4796.3,4796.6
1775074800,4796.7,4796.7,4796,4796.6
1775074860,4797.1,4797.2,4795.4,4795.4
1775074920,4795.2,4795.2,4795,4795
1775074980,4795,4795,4789.4,4789.9
1775075040,4790.2,4790.6,4788.8,4788.8
1775075100,4789.2,4790.2,4788.6,4790.2
1775075160,4790.5,4791.2,4789.9,4790.2
1775075220,4790.2,4790.2,4789.3,4789.6
1775075280,4789.6,4790.1,4789.6,4789.6
1775075340,4789.9,4791,4786.9,4788
1775075400,4787.8,4788.5,4787.4,4787.7
1775075460,4788.7,4789.7,4785.4,4785.4
1775075520,4785.4,4785.8,4784.3,4784.9
1775075580,4785.8,4786.4,4783.5,4786.2
1775075640,4786.4,4786.4,4785.6,4786.4
1775075700,4786.3,4787,4786.3,4786.3
1775075760,4786.6,4788.5,4786.6,4788
1775075820,4787.6,4787.6,4786.4,4786.4
1775075880,4786,4786,4783.8,4785.1
1775075940,4784.4,4785.7,4784.2,4784.2
1775076000,4784,4784.1,4780.6,4780.6
1775076060,4780.5,4784.3,4780,4783.4
1775076120,4783.4,4783.6,4781.7,4781.8
1775076180,4782.6,4783,4781.3,4783
1775076240,4783.7,4786.8,4783.2,4785.7
1775076300,4785.7,4787.6,4785,4786.6
1775076360,4786.3,4787.6,4786.2,4787.6
1775076420,4787.5,4788.1,4787,4788.1
1775076480,4788.9,4789.4,4788.1,4789.3
1775076540,4789.1,4789.1,4788.8,4788.8
1775076600,4789,4789.1,4787.9,4788.1
1775076660,4788.7,4788.9,4784.7,4785.1
1775076720,4785.3,4785.7,4785.1,4785.5
1775076780,4785.2,4785.5,4783.3,4784
1775076840,4784,4784.4,4782.7,4783.6
1775076900,4783.7,4784.9,4783.3,4784.2
1775076960,4783.9,4784.3,4782.9,4782.9
1775077020,4782.6,4783.4,4782.2,4782.9
1775077080,4782.5,4784.5,4782.5,4784.2
1775077140,4784.5,4784.9,4783.3,4784.6
1775080800,4783,4789.7,4782.1,4787.4
1775080860,4787.2,4791.8,4787.2,4788.2
1775080920,4789.3,4791.1,4784.1,4784.2
1775080980,4784.6,4787.5,4784.1,4785.7
1775081040,4785.6,4787.7,4785.5,4786.9
1775081100,4786.3,4786.3,4783.1,4784.3
1775081160,4783.6,4785.9,4783.6,4784.8
1775081220,4783.4,4783.5,4781,4783.5
1775081280,4783.7,4783.7,4776.6,4778.3
1775081340,4777.5,4782.7,4777.2,4781.9
1775081400,4781.5,4784.4,4781.4,4783.6
1775081460,4782.3,4784.3,4781.1,4784.3
1775081520,4783.5,4784.7,4782.7,4784.6
1775081580,4783.2,4784.4,4783.2,4784.2
1775081640,4783.8,4785.2,4783.8,4785.1
1775081700,4785.3,4791.2,4785.3,4787.4
1775081760,4785.9,4786.4,4785.4,4786.3
1775081820,4786.4,4787.3,4785.2,4787.3
1775081880,4787.9,4789.8,4787.2,4789.7
1775081940,4788.7,4789,4787.2,4787.4
1775082000,4788.5,4788.5,4785.2,4786.4
1775082060,4785.8,4787,4785.8,4786.4
1775082120,4786.7,4789.2,4786.3,4788.2
1775082180,4788.8,4792.8,4788.8,4791.8
1775082240,4790.5,4794.1,4790.3,4792.7
1775082300,4792.7,4796.1,4791.9,4795
1775082360,4795.7,4799.2,4794.7,4798.2
1775082420,4797.2,4799.6,4796.6,4799.5
1775082480,4799.5,4799.5,4796.1,4797.4
1775082540,4797.3,4799,4797.3,4798
1775082600,4797.5,4799.4,4797.5,4798.6
1775082660,4797.7,4800.7,4796.3,4800
1775082720,4799.6,4800.4,4796.6,4797.6
1775082780,4796.9,4800.1,4796.9,4799.3
1775082840,4798.5,4803.9,4798.1,4802.4
1775082900,4801.5,4806.7,4801.1,4804.7
1775082960,4804.6,4804.6,4802.1,4802.7
1775083020,4803.4,4803.4,4800.1,4801.1
1775083080,4801.3,4801.8,4799.6,4799.9
1775083140,4800,4800.9,4799.5,4799.5
1775083200,4799.3,4800.1,4798.7,4799.4
1775083260,4798.4,4799,4795.9,4798
1775083320,4798.3,4799.1,4797.8,4797.8
1775083380,4797.9,4798.7,4797.9,4798.7
1775083440,4798.7,4805.8,4797.2,4801.5
1775083500,4801.9,4804.5,4801.9,4804.5
1775083560,4803.4,4806.8,4802.9,4805.5
1775083620,4805.3,4805.7,4804.5,4804.8
1775083680,4805.5,4805.9,4803,4804.1
1775083740,4804.9,4806,4804.4,4806
1775083800,4804.5,4806.6,4804.5,4805.8
1775083860,4806.1,4808.1,4801.2,4801.2
1775083920,4800.9,4802.4,4800.5,4802.4
1775083980,4801.4,4804.4,4801.2,4803.1
1775084040,4802.5,4805.9,4802.5,4804.6
1775084100,4805,4805,4804.6,4804.6
1775084160,4804.7,4804.7,4801,4802.6
1775084220,4803.2,4803.3,4801.7,4802
1775084280,4800.8,4801.3,4800.8,4801.3
1775084340,4801,4801.1,4801,4801.1
1775084400,4802.2,4802.2,4799.7,4799.7
1775084460,4799.4,4800.9,4798.5,4800.9
1775084520,4801.7,4801.8,4801.2,4801.6
1775084580,4800.6,4801.1,4799.7,4800
1775084640,4799.8,4804.5,4799.7,4803.9
1775084700,4804.3,4808.9,4804.3,4808
1775084760,4808.7,4812.2,4807.7,4812.1
1775084820,4811.3,4811.5,4810.5,4811.5
1775084880,4811.8,4813.7,4811.8,4813.7
1775084940,4814,4814.5,4812,4813.2
1775085000,4813.3,4816.9,4813.1,4815.1
1775085060,4814.8,4814.8,4813.1,4813.9
1775085120,4813.5,4815,4813,4813.2
1775085180,4812.9,4813.3,4812.7,4813.3
1775085240,4813.2,4816.9,4812.9,4816.3
1775085300,4816.9,4822.4,4815.1,4816.2
1775085360,4816.8,4816.8,4813.5,4815.3
1775085420,4815,4817.5,4814.7,4817.4
1775085480,4817.2,4819.8,4816.4,4818.4
1775085540,4818.5,4824.5,4818.3,4820.9
1775085600,4820.7,4822.5,4817.9,4818.3
1775085660,4818.6,4823.5,4818.6,4822.4
1775085720,4822.7,4823.4,4820.7,4821.1
1775085780,4821,4821.7,4819.2,4819.2
1775085840,4818.8,4818.9,4816.5,4818.1
1775085900,4817.6,4818.8,4817,4818.4
1775085960,4819,4820.4,4818.6,4820.4
1775086020,4820,4821.3,4819.5,4821.3
1775086080,4820,4821.7,4819.2,4819.9
1775086140,4819.1,4821,4818.8,4819.8
1775086200,4820.3,4825.9,4820.3,4824.9
1775086260,4824,4824,4820.8,4822.2
1775086320,4822.5,4822.8,4820.9,4821.4
1775086380,4820.8,4823.7,4817.4,4817.5
1775086440,4818.1,4819.7,4816.8,4818.4
1775086500,4817.9,4818.9,4814.8,4814.9
1775086560,4814.4,4815.7,4813.9,4814.8
1775086620,4815.5,4815.6,4813.4,4814.7
1775086680,4815,4816.5,4815,4816
1775086740,4815.8,4817.1,4815.8,4817.1
1775086800,4816.8,4818,4815.9,4816.9
1775086860,4816.9,4819.2,4816.9,4818.9
1775086920,4818.9,4818.9,4817.6,4817.6
1775086980,4817,4817.5,4816.4,4816.4
1775087040,4816.1,4816.9,4814.4,4814.4
1775087100,4814.4,4814.4,4806.1,4806.4
1775087160,4807,4808.8,4806,4806.6
1775087220,4806.2,4809.6,4805.8,4807.1
1775087280,4806.7,4808.1,4806.7,4807.8
1775087340,4808.2,4809.8,4808.2,4809.4
1775087400,4808.9,4809.5,4806.2,4806.2
1775087460,4805.1,4806.6,4803,4804.6
1775087520,4805.2,4811.6,4805.2,4808.2
1775087580,4807.5,4810,4807.5,4809
1775087640,4808.6,4811.3,4808,4810.9
1775087700,4810.9,4811.4,4809.7,4809.7
1775087760,4809.3,4811.5,4807.9,4808.3
1775087820,4807.7,4811,4807.7,4811
1775087880,4810.5,4810.5,4808.4,4809.5
1775087940,4809.6,4811.2,4808.9,4808.9
1775088000,4809.3,4809.3,4803.9,4805.1
1775088060,4805.5,4808,4803.9,4806.3
1775088120,4807,4807.1,4800.9,4802.1
1775088180,4802,4804.7,4800,4802.3
1775088240,4803,4806.8,4802.6,4806.8
1775088300,4807.4,4810.8,4806.4,4809
1775088360,4807.4,4811.2,4807.4,4810.5
1775088420,4809.6,4811.7,4807.5,4810.2
1775088480,4811,4816.4,4811,4816.4
1775088540,4816.4,4816.4,4813.1,4815.1
1775088600,4814.9,4817.8,4814.8,4815.4
1775088660,4815.4,4817.8,4814.6,4815.2
1775088720,4815.1,4818.2,4814.3,4817
1775088780,4817,4818.5,4816.5,4818.5
1775088840,4818.2,4818.8,4817.3,4817.5
1775088900,4817.9,4820,4815.8,4820
1775088960,4820,4823,4817.8,4821.5
1775089020,4822.4,4823.9,4820.3,4820.3
1775089080,4820.8,4821.9,4819.5,4821.4
1775089140,4822,4822,4819.5,4820.9
1775089200,4820.8,4823.2,4820.4,4822.2
1775089260,4821.4,4821.8,4818.2,4818.2
1775089320,4818.2,4818.9,4817,4817.4
1775089380,4817,4820.5,4816.7,4820.3
1775089440,4820,4820.3,4818,4819.7
1775089500,4819,4819.6,4817.1,4818.9
1775089560,4818,4818,4815.1,4815.1
1775089620,4816,4817.4,4813.8,4814.5
1775089680,4814.7,4815.5,4814.1,4814.7
1775089740,4815.1,4816.1,4814.5,4815.1
1775089800,4814.8,4815.6,4813.2,4815.1
1775089860,4815.3,4815.3,4810.9,4811.3
1775089920,4811.7,4812.8,4811.7,4811.9
1775089980,4812.2,4815,4812.2,4813.9
1775090040,4813.6,4817.1,4813.3,4815.4
1775090100,4815.4,4815.4,4811,4812.1
1775090160,4812,4813,4809.8,4811.4
1775090220,4810.8,4814.3,4810.8,4814.1
1775090280,4814.2,4814.4,4813.1,4813.3
1775090340,4813.9,4816.3,4813.9,4816.3
1775090400,4817.2,4820.7,4816.8,4820.7
1775090460,4820.5,4821.7,4817.9,4821.3
1775090520,4820.1,4821.4,4817.5,4818.3
1775090580,4818.7,4819.7,4815.4,4816.4
1775090640,4816,4816.1,4812.1,4813.4
1775090700,4813.5,4815.4,4809.7,4810.5
1775090760,4810.7,4817.7,4810.7,4815.1
1775090820,4815.6,4817.8,4814.3,4816
1775090880,4815.2,4815.2,4812.1,4812.1
1775090940,4813.2,4815.1,4812.9,4813.8
1775091000,4813.8,4814.7,4811.5,4812.3
1775091060,4812.6,4813.9,4811.7,4812.3
1775091120,4812.7,4815.1,4812.3,4813.7
1775091180,4814.2,4816.3,4813.1,4813.6
1775091240,4813.6,4815.8,4813.6,4813.8
1775091300,4814.4,4814.4,4811.2,4811.7
1775091360,4812.1,4813,4810.7,4811.7
1775091420,4810.8,4812.4,4809.6,4812.4
1775091480,4812.8,4814.5,4812.3,4813.8
1775091540,4813.9,4815,4810.4,4810.4
1775091600,4811,4813.4,4794.8,4798.8
1775091660,4799,4803.3,4796.9,4799.1
1775091720,4800.1,4802.1,4795.4,4797.2
1775091780,4796.3,4797.4,4773,4776.6
1775091840,4777.1,4784.3,4755,4770.6
1775091900,4770.6,4776.2,4756.2,4763.4
1775091960,4764,4766.8,4750,4753.1
1775092020,4753.1,4764.7,4751.2,4757.7
1775092080,4757.7,4771,4757.5,4768.5
1775092140,4768.3,4774.7,4765.8,4774.7
1775092200,4773.7,4783.9,4772.4,4783
1775092260,4783.4,4793.2,4783.4,4785.3
1775092320,4785,4786.8,4774.6,4775.7
1775092380,4776.4,4783.2,4775.5,4779.8
1775092440,4779.8,4784,4772.7,4779.6
1775092500,4777.5,4779.3,4772.2,4777.8
1775092560,4775.7,4780.6,4769.9,4773.1
1775092620,4772.9,4776.4,4757,4758.9
1775092680,4757.9,4763,4753.9,4758.1
1775092740,4756.8,4759.5,4752.1,4755.2
1775092800,4755,4759.7,4738.1,4755.4
1775092860,4753.8,4763,4745.8,4748.1
1775092920,4747.3,4749.5,4737.4,4738.9
1775092980,4739.4,4752.7,4738.9,4751.2
1775093040,4751,4752.3,4740.6,4742.7
1775093100,4742.3,4744.9,4722.3,4728.5
1775093160,4729.8,4735,4714.5,4717.5
1775093220,4717.8,4723.2,4715,4716.8
1775093280,4716.6,4735.1,4716,4731.5
1775093340,4731.1,4732.3,4722.8,4724.4
1775093400,4723.6,4727.6,4708.8,4713.5
1775093460,4712.4,4713.4,4700.1,4700.3
1775093520,4700.1,4703.8,4675.7,4691.1
1775093580,4690.9,4702.3,4689,4691
1775093640,4690.2,4711.9,4690.2,4709
1775093700,4708.9,4710.6,4702.9,4705.9
1775093760,4706,4723.4,4705.7,4714.9
1775093820,4715.1,4723.9,4713.1,4719.4
1775093880,4719.3,4725,4715,4715.9
1775093940,4716.9,4726.1,4713.8,4725.8
1775094000,4726,4736.7,4723,4730
1775094060,4729.9,4736.4,4729.2,4730
1775094120,4730.7,4734.6,4727.1,4728.3
1775094180,4727.3,4727.7,4720.9,4723.5
1775094240,4723.6,4727.1,4716.4,4717.2
1775094300,4716.2,4722.2,4716.1,4718.1
1775094360,4716.7,4726.6,4716.1,4720.1
1775094420,4720,4720.1,4712,4715.3
1775094480,4715,4722.8,4713.5,4719.9
1775094540,4719.2,4726.8,4719.2,4723.9
1775094600,4723.2,4734.1,4720.5,4733
1775094660,4732.7,4739.4,4732.7,4737
1775094720,4737.3,4739.1,4732.1,4732.2
1775094780,4733.3,4736.7,4726.6,4728.8
1775094840,4728.7,4730,4722,4728.8
1775094900,4728.9,4732.5,4726.4,4728.5
1775094960,4728.8,4731.2,4726,4728.2
1775095020,4728.1,4729.6,4722,4723.3
1775095080,4723,4725,4716.4,4721.9
1775095140,4721.6,4726.6,4719.7,4723.8
1775095200,4723.1,4726.5,4718.9,4721.2
1775095260,4720.2,4722.8,4716.8,4720.4
1775095320,4720.9,4726.2,4718.9,4722.8
1775095380,4721.4,4723.5,4717.4,4718.9
1775095440,4718.7,4726.8,4717.8,4726.8
1775095500,4727.1,4728,4720.6,4722
1775095560,4722.3,4725.6,4719.4,4723.6
1775095620,4722.9,4732.2,4722,4728.7
1775095680,4728.8,4730.8,4718.2,4719.3
1775095740,4719.2,4723.7,4717.1,4719.1
1775095800,4719.5,4724.6,4717.8,4724.5
1775095860,4722.7,4722.7,4708.1,4708.1
1775095920,4708,4716.4,4706.1,4715
1775095980,4714.3,4717.2,4709.5,4716.5
1775096040,4716.3,4722,4716,4717.3
1775096100,4717.7,4731.1,4717,4726.4
1775096160,4724.9,4725.4,4721.1,4722.9
1775096220,4721.3,4726.1,4720.4,4725.6
1775096280,4725.6,4728.7,4724.3,4728.7
1775096340,4728.4,4728.4,4718,4719
1775096400,4720,4723.8,4719,4721.7
1775096460,4720.9,4721.5,4717.1,4719.9
1775096520,4720,4723.7,4719.6,4721.6
1775096580,4720.4,4724.5,4719.3,4722.4
1775096640,4723.7,4728.7,4722.9,4726.9
1775096700,4727.8,4728.3,4725.3,4725.8
1775096760,4724.6,4724.6,4719.3,4720.1
1775096820,4720.3,4720.6,4716.8,4719
1775096880,4719.6,4721.4,4716.8,4717.7
1775096940,4718.1,4720.2,4716.9,4718.3
1775097000,4717.5,4718.9,4713.9,4715.1
1775097060,4715,4715.9,4706.6,4707.4
1775097120,4707.4,4708.8,4698.3,4700.5
1775097180,4700.7,4702.6,4696.2,4700.6
1775097240,4700.9,4700.9,4694.8,4698.3
1775097300,4698.3,4699.5,4692.4,4695.6
1775097360,4695.2,4696.9,4690.7,4692.1
1775097420,4692.6,4693.3,4686.1,4687.9
1775097480,4688.3,4697.9,4688.3,4697.4
1775097540,4696.5,4696.5,4683.4,4689
1775097600,4688.6,4701.4,4688.6,4699.8
1775097660,4699.8,4704.8,4697.5,4704.2
1775097720,4704.6,4707.6,4702.3,4706.3
1775097780,4706.6,4710.4,4703.5,4706
1775097840,4706.2,4708.2,4703.6,4704.3
1775097900,4704.5,4712.4,4703.8,4710.4
1775097960,4710.4,4713.9,4709.1,4709.9
1775098020,4711.1,4711.3,4707.5,4707.9
1775098080,4707.2,4707.6,4703.2,4703.2
1775098140,4704.3,4706.4,4704.3,4705.1
1775098200,4704.3,4706.8,4702.8,4703.5
1775098260,4703.7,4705.4,4701.7,4702
1775098320,4702.8,4709,4702.8,4707.3
1775098380,4707.6,4708.3,4703.3,4705.1
1775098440,4704.3,4708.4,4702.9,4707.8
1775098500,4708.4,4714.5,4705.8,4713.1
1775098560,4713.1,4717.6,4712.7,4714.1
1775098620,4713.8,4716.6,4712.7,4715
1775098680,4715,4715.9,4714.4,4715.8
1775098740,4715.7,4716.6,4714.7,4715.1
1775098800,4714,4714,4709.2,4709.9
1775098860,4710.5,4710.7,4708.8,4710.5
1775098920,4711,4711.5,4709.3,4710
1775098980,4710,4710,4707.5,4707.8
1775099040,4708.3,4710.2,4707.2,4707.9
1775099100,4707.9,4709.2,4705.9,4708.6
1775099160,4708.4,4711.5,4708.4,4711.1
1775099220,4710,4713.2,4706.6,4707.1
1775099280,4707.4,4709.8,4705.6,4709.8
1775099340,4709.5,4710.4,4708.3,4709.9
1775099400,4711,4711.9,4708.2,4709
1775099460,4709.8,4715.6,4709.3,4715.6
1775099520,4715.6,4718.8,4715,4718.5
1775099580,4717.6,4718.1,4714.1,4717.1
1775099640,4716.2,4719.3,4716.2,4717.7
1775099700,4717.5,4720.2,4717.4,4719.9
1775099760,4719,4719.1,4716.8,4717.5
1775099820,4717.4,4718.1,4715.9,4718
1775099880,4717.8,4721,4717.8,4720.6
1775099940,4720.7,4722.6,4718.8,4718.8
1775100000,4718.5,4718.5,4715.8,4717.8
1775100060,4717.4,4723.3,4717.1,4722.9
1775100120,4723.5,4725.9,4722.8,4725.5
1775100180,4724.4,4725.5,4723.4,4724.8
1775100240,4724.6,4725.8,4722.5,4725.4
1775100300,4725.4,4725.4,4723.5,4723.5
1775100360,4723.1,4726.8,4723,4725.1
1775100420,4724.6,4725.3,4723,4724.5
1775100480,4724.3,4724.4,4722.2,4722.2
1775100540,4721.8,4721.9,4719,4719.5
1775100600,4718.4,4719.3,4714.1,4717.1
1775100660,4716.6,4718,4715.8,4717.3
1775100720,4717.6,4718.8,4715.6,4718.8
1775100780,4720.1,4720.2,4716.2,4717.7
1775100840,4717.1,4719.1,4716.8,4718.8
1775100900,4718.6,4719.7,4717,4718.1
1775100960,4718.6,4718.6,4717,4717.3
1775101020,4717.3,4717.3,4713.8,4715.2
1775101080,4715.1,4717.2,4712,4713.3
1775101140,4713.2,4715.2,4713.2,4715
1775101200,4713.6,4715.4,4712.2,4712.3
1775101260,4712,4712.2,4711,4711.7
1775101320,4712.1,4714,4711.4,4714
1775101380,4713.3,4717.1,4713.2,4716.5
1775101440,4716.5,4716.5,4712.5,4712.8
1775101500,4713.4,4715.1,4710.1,4711.4
1775101560,4710.3,4712.9,4709.6,4712.5
1775101620,4712.4,4712.5,4708.2,4710.4
1775101680,4710.5,4710.5,4708.7,4709.7
1775101740,4709.7,4710.2,4705.1,4705.3
1775101800,4706,4708.1,4703.9,4707.4
1775101860,4706.6,4708,4704.6,4705.3
1775101920,4704.7,4704.7,4703,4704.1
1775101980,4704.5,4705.1,4703.2,4703.5
1775102040,4703.2,4705.1,4703.2,4704.9
1775102100,4704.5,4706.5,4703.6,4704.8
1775102160,4704.5,4705.2,4704.1,4704.1
1775102220,4703.7,4704.5,4702.8,4704.2
1775102280,4704.2,4707.1,4703.8,4707.1
1775102340,4706.4,4706.7,4703,4703
1775102400,4703.6,4708.6,4703.6,4705.1
1775102460,4704.9,4706.9,4702.5,4706.9
1775102520,4707.1,4707.1,4705.3,4705.6
1775102580,4705,4706.2,4703,4703.4
1775102640,4702.8,4703.9,4702.4,4703.9
1775102700,4703.8,4704,4698.5,4700
1775102760,4699,4699.3,4692,4693.1
1775102820,4692.8,4696.6,4692.8,4696.4
1775102880,4695.9,4696.1,4691.2,4694.2
1775102940,4694.1,4697.8,4694.1,4697.6
1775103000,4697.9,4698.5,4696,4697.5
1775103060,4697.5,4697.9,4694.1,4694.1
1775103120,4693.9,4694.8,4692.7,4693.1
1775103180,4693.2,4699.5,4692.6,4697.9
1775103240,4697.3,4697.3,4694.8,4695
1775103300,4694.7,4698,4694.7,4696.7
1775103360,4696.8,4697.7,4695.3,4696.2
1775103420,4696,4697.5,4695.3,4697.5
1775103480,4697.2,4698.9,4696.7,4697.2
1775103540,4697.6,4697.6,4694.2,4694.6
1775103600,4694.6,4694.6,4691.1,4691.1
1775103660,4691.6,4691.8,4689.1,4690.2
1775103720,4690.5,4691.6,4689.2,4690.7
1775103780,4690.3,4692.3,4688.8,4689.3
1775103840,4689.8,4693,4689.1,4692.6
1775103900,4693.1,4695.3,4692.2,4693.5
1775103960,4692.8,4697.4,4692.1,4696.7
1775104020,4696.7,4698.8,4693.8,4693.8
1775104080,4694.5,4694.5,4692.4,4692.5
1775104140,4693,4693,4691,4692.7
1775104200,4692.8,4693.2,4690.2,4691.9
1775104260,4691.6,4696.3,4691.3,4695.7
1775104320,4695.6,4695.8,4694.8,4694.8
1775104380,4695.9,4695.9,4694.6,4694.6
1775104440,4694,4694.5,4692.6,4693
1775104500,4693.5,4695.8,4692.4,4692.4
1775104560,4692.2,4693,4690.7,4691.1
1775104620,4691.2,4693.7,4691.1,4692.9
1775104680,4692.2,4693.3,4690.8,4693
1775104740,4692.7,4692.8,4690.8,4691.6
1775104800,4691.1,4691.1,4686.4,4687
1775104860,4688.3,4688.5,4685.4,4685.4
1775104920,4685.6,4688,4684.9,4684.9
1775104980,4684.9,4688.6,4684.6,4687
1775105040,4686.4,4688.5,4685.7,4688.5
1775105100,4687.9,4688.7,4685.3,4688
1775105160,4687.6,4688.8,4686.1,4687.6
1775105220,4687.9,4687.9,4683.8,4686.5
1775105280,4686.5,4691.9,4686.5,4691.1
1775105340,4690.9,4691.7,4689.8,4691.7
1775105400,4691.5,4694.4,4691.5,4693.9
1775105460,4693.5,4696.3,4693.5,4693.7
1775105520,4693.7,4695.2,4692.6,4693.2
1775105580,4694,4696.3,4694,4696.3
1775105640,4695.6,4696.8,4692.6,4692.6
1775105700,4692.5,4693.1,4691.1,4692.5
1775105760,4692.9,4697.9,4692.9,4697.5
1775105820,4697.5,4699.5,4697.5,4698.3
1775105880,4698.5,4698.5,4696.7,4696.9
1775105940,4696.7,4698.9,4696.7,4698.9
1775106000,4699.3,4701.4,4699.3,4700.4
1775106060,4700.2,4700.6,4699.3,4700.2
1775106120,4700.6,4700.7,4697.7,4699.5
1775106180,4699.7,4701.3,4699.7,4700.5
1775106240,4700.5,4700.8,4698.5,4698.5
1775106300,4699,4699.4,4697.2,4697.2
1775106360,4698,4699.3,4695.8,4696
1775106420,4695.2,4696.8,4695,4696
1775106480,4696.5,4697.4,4695,4696.2
1775106540,4696,4696,4692.6,4694.8
1775106600,4694.5,4697,4694.5,4696.3
1775106660,4696.3,4696.3,4694.6,4695.4
1775106720,4695.1,4699.5,4694.7,4699.2
1775106780,4699.2,4699.5,4696.5,4697.3
1775106840,4697.8,4698.1,4696.4,4696.4
1775106900,4696.8,4698.4,4696.5,4696.7
1775106960,4697.7,4699.9,4697.2,4697.2
1775107020,4696.7,4699.7,4695.9,4698
1775107080,4697.1,4698.2,4695.8,4698
1775107140,4698.4,4699.7,4697.9,4698.4
1775107200,4698.3,4699.5,4698.2,4698.4
1775107260,4698.6,4698.9,4695,4695.6
1775107320,4695.9,4700,4695.9,4698.9
1775107380,4699,4699.1,4697.6,4698.9
1775107440,4699.3,4700.8,4699.3,4699.9
1775107500,4700.1,4704,4700.1,4703.1
1775107560,4703.7,4705.2,4703.2,4704.3
1775107620,4705.3,4706.6,4705,4705.7
1775107680,4705,4705,4699.4,4701.9
1775107740,4701.9,4703.3,4700.4,4703.3
1775107800,4702.9,4705,4691,4694.5
1775107860,4694.2,4697.1,4692.1,4695.6
1775107920,4695.1,4697.7,4691,4691.5
1775107980,4690.8,4691.1,4670,4670.4
1775108040,4670.8,4678.4,4660.4,4677.3
1775108100,4677.1,4678.9,4673,4678.9
1775108160,4678.7,4678.7,4674,4677.6
1775108220,4677,4677,4669.6,4671.1
1775108280,4670.9,4675,4668.5,4675
1775108340,4675.5,4677.9,4671.9,4671.9
1775108400,4672.1,4672.9,4663.4,4665.9
1775108460,4666.4,4667.2,4663.2,4663.2
1775108520,4663.7,4665.8,4661.2,4664.4
1775108580,4664.9,4665.4,4659,4662.5
1775108640,4662.4,4662.4,4654.7,4660.2
1775108700,4660.2,4660.8,4648,4653.1
1775108760,4652.6,4652.6,4642.9,4642.9
1775108820,4643.5,4644.1,4631.7,4634.6
1775108880,4636.3,4641.1,4627,4637.1
1775108940,4637.5,4640,4617.3,4618
1775109000,4618.1,4628.1,4612.2,4626.1
1775109060,4627.3,4627.3,4617.8,4624.5
1775109120,4623.8,4630,4620,4630
1775109180,4629.9,4637.4,4628.1,4632.7
1775109240,4633.4,4633.6,4629.8,4631
1775109300,4631.6,4631.6,4622.8,4626.6
1775109360,4627.5,4635,4626.7,4626.7
1775109420,4626.6,4626.6,4622.5,4624.3
1775109480,4625.2,4627.6,4620.6,4622.5
1775109540,4623.3,4623.3,4617.2,4622.1
1775109600,4621.8,4623.9,4617,4619.4
1775109660,4620.4,4621.1,4613,4613.9
1775109720,4613.6,4617,4603.8,4615.5
1775109780,4614.6,4614.9,4607.8,4612.7
1775109840,4611.4,4615.2,4610,4612.9
1775109900,4611.5,4616.6,4607,4608.2
1775109960,4609,4616.7,4608.8,4613.2
1775110020,4613,4616.3,4600.5,4603.1
1775110080,4602.9,4603,4586.9,4593.9
1775110140,4594.5,4596.5,4591,4594
1775110200,4594.8,4597,4583.8,4584.5
1775110260,4584.2,4589.8,4580.4,4586.7
1775110320,4586.1,4593.7,4582.9,4592.3
1775110380,4592.3,4607.2,4592.3,4602.8
1775110440,4602.9,4607.7,4601.2,4607.4
1775110500,4607.5,4612.3,4605.6,4609.4
1775110560,4609.4,4609.4,4600.8,4605.3
1775110620,4606,4612.9,4605.2,4612
1775110680,4612.2,4615.7,4611.5,4615
1775110740,4614.5,4618,4614.2,4616.7
1775110800,4616.3,4621.9,4614.9,4621.1
1775110860,4621.3,4625.4,4620.5,4623
1775110920,4623,4623.5,4616.1,4616.5
1775110980,4616.4,4620.8,4613,4617.9
1775111040,4617.6,4618,4611.3,4613.7
1775111100,4614.2,4616.6,4609.7,4612.9
1775111160,4613.3,4613.6,4607.2,4609.6
1775111220,4609.7,4614.6,4609.7,4614.4
1775111280,4614.3,4616.1,4608.6,4615.6
1775111340,4616.1,4618.8,4612.6,4617.8
1775111400,4616.6,4619.8,4612.7,4615.7
1775111460,4616.4,4617.5,4613,4616.9
1775111520,4618,4621.7,4615,4619.8
1775111580,4620.2,4621.6,4618.5,4621.6
1775111640,4622,4625,4617.9,4618
1775111700,4618.8,4620.3,4614,4615.1
1775111760,4614.7,4616.4,4610.2,4611.6
1775111820,4612.3,4619.4,4609.9,4619.4
1775111880,4618.8,4624.9,4615.8,4622.9
1775111940,4622,4622.1,4617.2,4621
1775112000,4621.6,4622,4618.4,4618.4
1775112060,4618.5,4619.9,4614.3,4615.1
1775112120,4614.6,4617.3,4612.3,4617
1775112180,4617.1,4618.2,4609.7,4609.7
1775112240,4609.6,4616.1,4608.3,4614.6
1775112300,4613.9,4614.2,4610.4,4612.3
1775112360,4613.1,4623.7,4611.8,4619.7
1775112420,4620.1,4626.5,4619.9,4623.5
1775112480,4623,4625.1,4621.5,4622.5
1775112540,4622.8,4627.2,4622.8,4625.4
1775112600,4625,4633.3,4624.4,4627.1
1775112660,4626.3,4630.2,4625.9,4628.5
1775112720,4628.8,4630.1,4626.2,4629.5
1775112780,4630,4635.6,4629.9,4633.4
1775112840,4633,4633.9,4623.1,4624.9
1775112900,4624.4,4626.7,4618.1,4623.8
1775112960,4624.8,4626.6,4619,4620.3
1775113020,4619.8,4623,4617.9,4621.8
1775113080,4622.1,4623.7,4619.4,4622.1
1775113140,4622.4,4626.8,4620.8,4625
1775113200,4624.5,4628,4624.1,4625.1
1775113260,4624.8,4626.5,4623.7,4624.9
1775113320,4624,4628.1,4623.8,4626.8
1775113380,4627.3,4632.5,4626.9,4631.4
1775113440,4631.8,4632.2,4627.2,4628.8
1775113500,4629.5,4632.4,4624.4,4631
1775113560,4631,4633.7,4630.9,4632.3
1775113620,4632.8,4634.7,4631.2,4634.1
1775113680,4633.8,4638.8,4633,4636.1
1775113740,4636,4638.1,4634.3,4634.3
1775113800,4634.6,4637.6,4634.6,4636.5
1775113860,4636.4,4643.1,4635.3,4642.6
1775113920,4642.1,4644.7,4640.5,4640.7
1775113980,4640.6,4644.2,4639,4641.9
1775114040,4641.8,4648.5,4641.2,4647.3
1775114100,4646.6,4647.3,4643.7,4646.5
1775114160,4646.4,4650,4645.6,4647.4
1775114220,4647.6,4651.5,4647,4651
1775114280,4650.9,4651.5,4646.9,4648.4
1775114340,4648.3,4650.2,4648.2,4649.5
1775114400,4649.5,4653,4649.5,4652
1775114460,4652.4,4653.1,4647.4,4647.4
1775114520,4647.5,4647.9,4644.3,4646.1
1775114580,4645.9,4650.3,4645.2,4645.8
1775114640,4646.9,4648.3,4645.1,4645.2
1775114700,4645.1,4647.3,4643.3,4646.9
1775114760,4646.7,4648,4645.5,4646.3
1775114820,4646.3,4647.5,4645.7,4647.3
1775114880,4647,4649.4,4645.9,4647.7
1775114940,4648.1,4648.1,4645.1,4646.8
1775115000,4646.8,4651.2,4645,4650.4
1775115060,4651.1,4652.7,4649.3,4650.8
1775115120,4650.3,4653.6,4649.5,4649.9
1775115180,4650.5,4654,4649,4654
1775115240,4653.7,4660.3,4653.1,4657.7
1775115300,4657,4657.2,4652.6,4653.6
1775115360,4654,4657,4653.8,4657
1775115420,4656.6,4660.9,4656.6,4659
1775115480,4658.7,4659.7,4657.4,4659.5
1775115540,4658.2,4665.1,4658,4660.5
1775115600,4660.7,4660.7,4658.8,4659.9
1775115660,4659.9,4668.5,4659.9,4666.1
1775115720,4665.5,4666.7,4660.4,4660.4
1775115780,4660.9,4663.1,4659,4660
1775115840,4660,4663.4,4659.5,4663
1775115900,4663.3,4664.4,4662.7,4663.3
1775115960,4662.6,4663.5,4661.4,4663
1775116020,4663.1,4665,4662.6,4664.5
1775116080,4665.2,4674.3,4665.2,4673
1775116140,4672.8,4677,4672,4674.3
1775116200,4673.6,4674.4,4668.3,4670.1
1775116260,4670.4,4674.5,4669.3,4671.5
1775116320,4671,4672.2,4668.5,4671.8
1775116380,4671.8,4673.4,4669.4,4670.1
1775116440,4670.2,4671.3,4669.6,4670.6
1775116500,4670.6,4671.5,4666.5,4667.9
1775116560,4668.1,4669.5,4667.6,4668.4
1775116620,4668.1,4668.8,4667.3,4668.3
1775116680,4668,4669.7,4667.3,4669.7
1775116740,4670.5,4670.7,4667.8,4668.2
1775116800,4668.1,4674.5,4667.8,4672.6
1775116860,4673.2,4674.3,4669.1,4669.8
1775116920,4669.2,4672.2,4667.4,4669.6
1775116980,4669.4,4671.2,4667.5,4670.1
1775117040,4669.8,4669.8,4663,4667.7
1775117100,4667,4667,4658.6,4661
1775117160,4661.3,4666,4659.8,4660.4
1775117220,4661.2,4662,4658.1,4659.9
1775117280,4660.5,4661.2,4659,4659.8
1775117340,4659.8,4660.9,4655.8,4658.8
1775117400,4658.5,4659.2,4655.1,4656.6
1775117460,4657.2,4658.6,4654.6,4655.5
1775117520,4655.5,4660.5,4655.3,4659
1775117580,4659.1,4665.8,4658.8,4665.8
1775117640,4665.6,4667.7,4663.8,4667.2
1775117700,4666.5,4668.2,4663.8,4664.7
1775117760,4664.1,4670.6,4662.5,4669.6
1775117820,4669.5,4670.2,4667.1,4668.6
1775117880,4669.4,4669.6,4667.6,4667.7
1775117940,4667.5,4668.4,4666.4,4667.2
1775118000,4667.3,4667.8,4664.8,4664.9
1775118060,4665.2,4665.3,4657.9,4658
1775118120,4657.8,4661.2,4657.3,4661
1775118180,4662.1,4662.5,4660.5,4661.9
1775118240,4662.4,4663.3,4661,4662.3
1775118300,4663,4663.1,4659.1,4660.7
1775118360,4660.6,4661.4,4657.7,4658.6
1775118420,4659.8,4660.5,4657.1,4658.2
1775118480,4658,4659.8,4657,4659
1775118540,4658.4,4660.4,4656.6,4659.7
1775118600,4659.9,4662.6,4657.2,4661.5
1775118660,4660.7,4664.8,4660.6,4662.3
1775118720,4661.1,4662.7,4660.6,4662.2
1775118780,4662.2,4664.2,4662.2,4662.2
1775118840,4662,4664.6,4661.6,4664
1775118900,4664.1,4666.5,4662,4666.5
1775118960,4666.1,4666.5,4663.8,4664.9
1775119020,4665,4669.5,4664.1,4669
1775119080,4668.3,4669.4,4664.4,4665
1775119140,4665.1,4667.3,4664.4,4665.3
1775119200,4665.5,4666,4663.9,4665.3
1775119260,4665.7,4667.2,4665,4665.2
1775119320,4665.5,4666.7,4662.3,4662.5
1775119380,4662.7,4664.7,4662.7,4664.7
1775119440,4664.7,4665.4,4655,4656.1
1775119500,4656.7,4657.4,4650.5,4655.4
1775119560,4655.5,4659.9,4654.8,4657.1
1775119620,4656.7,4658.1,4654.5,4654.5
1775119680,4654.7,4658.5,4654.2,4658.5
1775119740,4657.9,4658.3,4652.2,4653.2
1775119800,4653.4,4654.9,4650.8,4650.8
1775119860,4650.7,4654.9,4650.2,4654.4
1775119920,4653.9,4654,4652.3,4653.3
1775119980,4652.7,4653.9,4651,4653.1
1775120040,4654,4654.6,4650.8,4653.1
1775120100,4652.8,4654.1,4651.8,4653.5
1775120160,4653.2,4654,4648,4648.7
1775120220,4649.1,4649.8,4646.7,4648.4
1775120280,4648.4,4651.2,4641.6,4644.6
1775120340,4644.8,4647.7,4643.4,4646.1
1775120400,4645.5,4650.3,4645,4646.9
1775120460,4647,4647.5,4642.9,4643.5
1775120520,4643.1,4644.8,4642.8,4644.8
1775120580,4644.5,4644.5,4639.3,4640.9
1775120640,4641,4644.3,4638.2,4644.3
1775120700,4643,4643,4638.4,4639.6
1775120760,4639.9,4642.3,4639,4642.3
1775120820,4642.3,4645.6,4642,4644.1
1775120880,4644.5,4646.8,4643.6,4645.1
1775120940,4644.8,4645.4,4641.9,4642.4
1775121000,4642.4,4643.9,4640.1,4643.9
1775121060,4644.2,4648.8,4644.2,4648.6
1775121120,4648.5,4649.6,4647.7,4647.7
1775121180,4648.1,4648.7,4645.5,4645.5
1775121240,4645.8,4650.7,4645.8,4649.2
1775121300,4648.9,4649.6,4647.4,4649.3
1775121360,4649,4655.5,4648.9,4655
1775121420,4655.1,4657.3,4652.4,4652.5
1775121480,4652.5,4654.1,4651.1,4652.8
1775121540,4652.4,4652.9,4649.5,4651.1
1775121600,4650.7,4652.9,4650.7,4652.6
1775121660,4652.9,4657.2,4652.9,4656.2
1775121720,4656.7,4657.1,4656,4656.8
1775121780,4655.6,4655.6,4652.3,4653
1775121840,4652.9,4655,4651.8,4651.8
1775121900,4651.5,4654.7,4651.5,4653.3
1775121960,4653.4,4654.5,4649.2,4649.3
1775122020,4649.3,4649.3,4645.5,4647.9
1775122080,4647.5,4648.2,4645.1,4648.2
1775122140,4648,4648,4642.8,4646.4
1775122200,4646.1,4647.3,4640.9,4645.8
1775122260,4645.7,4648.8,4643.8,4646.4
1775122320,4646.4,4648.5,4646.2,4648.3
1775122380,4648,4651.3,4647.2,4647.8
1775122440,4647.2,4649.7,4646,4647
1775122500,4646.7,4649.7,4646,4647.4
1775122560,4648.2,4649,4647.6,4649
1775122620,4648,4649.1,4640.8,4642.3
1775122680,4641.8,4645.7,4641.8,4645.3
1775122740,4644.5,4648,4644.5,4647.9
1775122800,4647.4,4650.4,4647.4,4648.5
1775122860,4649.5,4649.6,4647.9,4647.9
1775122920,4647.9,4648.7,4645.3,4646.7
1775122980,4646.7,4647.5,4646.3,4647.1
1775123040,4646.5,4648.1,4646.5,4647.2
1775123100,4646.6,4648,4643.9,4644.2
1775123160,4644.3,4647.2,4643.3,4645.5
1775123220,4645.5,4647.4,4645.5,4646.8
1775123280,4645.7,4648.6,4645.5,4646.9
1775123340,4646.1,4646.2,4644.3,4645.8
1775123400,4646,4647.2,4645.9,4646.9
1775123460,4647.1,4650.5,4646.8,4649.1
1775123520,4647.9,4648.3,4644.2,4648.3
1775123580,4648.1,4651.4,4645.9,4651.1
1775123640,4651,4652.2,4648.2,4651.4
1775123700,4651.6,4654.3,4650.9,4652.8
1775123760,4651.9,4652,4648,4648.7
1775123820,4648.8,4651.3,4646.4,4650.2
1775123880,4650.9,4650.9,4646.7,4646.7
1775123940,4646.4,4648.6,4646.4,4647.3
1775124000,4647.5,4648,4644,4645.4
1775124060,4646.8,4650.6,4646.8,4649.9
1775124120,4649.9,4651.6,4649,4651
1775124180,4650.5,4653,4650.4,4651.5
1775124240,4652.2,4654.1,4649.2,4652.2
1775124300,4652.5,4661.1,4652.5,4657.9
1775124360,4657.7,4657.9,4654.2,4654.6
1775124420,4654.7,4657.8,4654.7,4657.3
1775124480,4656.9,4656.9,4653.8,4655.4
1775124540,4655.4,4658.1,4655,4656.6
1775124600,4656,4656.1,4654.3,4655
1775124660,4654.4,4658.3,4652.7,4652.7
1775124720,4653.4,4654.5,4652.5,4653.9
1775124780,4653.9,4656.7,4653.1,4653.1
1775124840,4653.9,4653.9,4650.3,4650.4
1775124900,4651.2,4652.7,4651,4651
1775124960,4650.1,4650.4,4646.4,4646.4
1775125020,4645.5,4645.5,4641.7,4641.9
1775125080,4641.4,4643.9,4638.3,4640.7
1775125140,4641.9,4641.9,4640,4641.2
1775125200,4640.8,4641.4,4637.3,4638
1775125260,4638.4,4640.6,4637,4637.4
1775125320,4636.9,4637.4,4629.5,4633.5
1775125380,4633.5,4640.4,4632.9,4638.6
1775125440,4638.4,4643.2,4638.3,4641.7
1775125500,4642,4646.2,4641.2,4645.1
1775125560,4646,4646.7,4644.5,4645.2
1775125620,4645.4,4645.7,4641.8,4642.9
1775125680,4642.3,4642.4,4641.6,4642
1775125740,4642.7,4645,4642.7,4644.3
1775125800,4644.3,4645.4,4643.8,4645.1
1775125860,4644.8,4645.1,4643.5,4644.4
1775125920,4644.3,4644.3,4640.5,4641.2
1775125980,4642.2,4644,4641.1,4641.8
1775126040,4641.4,4642.4,4639.2,4640.3
1775126100,4640.6,4642.7,4639.3,4642.4
1775126160,4642.1,4643.2,4641.6,4643.1
1775126220,4642.9,4644.2,4642.2,4644
1775126280,4643.5,4644.1,4642.7,4643.1
1775126340,4642.6,4642.6,4640,4640
1775126400,4640.3,4647.4,4640.3,4641.4
1775126460,4641.2,4643,4641,4641.5
1775126520,4642.1,4656.9,4642.1,4653.2
1775126580,4652.9,4657.3,4652.2,4653.5
1775126640,4653.9,4653.9,4649.8,4650.8
1775126700,4650.9,4652.7,4650.4,4651.4
1775126760,4650.3,4650.9,4648.3,4649.2
1775126820,4648.8,4651.4,4648.1,4650
1775126880,4649.7,4655,4649.5,4654.3
1775126940,4654.2,4655.9,4654.2,4655
1775127000,4654.7,4655.3,4650.6,4650.6
1775127060,4651,4651,4645.8,4647.4
1775127120,4647.5,4649.8,4647.5,4649.7
1775127180,4650.1,4650.1,4648.7,4648.7
1775127240,4648.7,4648.7,4645.7,4646.7
1775127300,4646.8,4650.7,4646.8,4650.7
1775127360,4651.1,4651.1,4647.8,4647.9
1775127420,4648.8,4650,4646.3,4647
1775127480,4647.6,4651.9,4647.6,4650.9
1775127540,4650.4,4650.4,4646.7,4646.7
1775127600,4647.1,4648,4645.1,4646.2
1775127660,4646,4646.4,4642.7,4644
1775127720,4644.3,4649.3,4644.2,4649.1
1775127780,4650.8,4651.8,4649.1,4651.2
1775127840,4651,4653.2,4649,4653.2
1775127900,4652.2,4652.7,4649.4,4651.5
1775127960,4651.6,4652.1,4650,4650
1775128020,4649.7,4650.5,4649.5,4650.1
1775128080,4652,4653.3,4649.2,4649.6
1775128140,4650,4652,4650,4652
1775128200,4651,4652.4,4650.8,4651.8
1775128260,4650.6,4652.1,4650.6,4652.1
1775128320,4652,4654.9,4651.8,4654.9
1775128380,4655.3,4656.2,4653.7,4653.7
1775128440,4652.7,4653.5,4651.5,4653.3
1775128500,4654,4654.6,4650.5,4651.9
1775128560,4652.4,4652.4,4650.9,4652
1775128620,4651.9,4652,4651.2,4651.6
1775128680,4651,4651.3,4649.4,4650
1775128740,4650.1,4652.7,4649.7,4650.6
1775128800,4650.4,4651.6,4650.4,4651.6
1775128860,4651.1,4654.5,4651.1,4653.4
1775128920,4653.9,4655.3,4652.5,4654.3
1775128980,4653.9,4654.5,4651.7,4651.9
1775129040,4652.1,4652.1,4650.2,4651.9
1775129100,4651.6,4656.8,4651.2,4655.6
1775129160,4655,4655,4644.9,4645.7
1775129220,4645.2,4648.7,4645,4648.7
1775129280,4648.2,4648.9,4644,4644
1775129340,4644.5,4645.7,4639.1,4640.8
1775129400,4640.9,4643.3,4635,4642.7
1775129460,4642.7,4643.3,4635.6,4637.5
1775129520,4636.7,4636.7,4634.3,4635.5
1775129580,4635.6,4641.1,4635.4,4636.7
1775129640,4637.9,4639.3,4637,4639.3
1775129700,4639.2,4643.3,4639.2,4642.8
1775129760,4642.2,4642.3,4640,4642.3
1775129820,4642.2,4642.2,4640.6,4641.7
1775129880,4642.7,4643.3,4642,4642.1
1775129940,4642.8,4642.9,4634.9,4634.9
1775130000,4634,4634.8,4630.5,4632.3
1775130060,4632.4,4632.7,4628.4,4628.9
1775130120,4628.5,4629.1,4621.3,4622.2
1775130180,4622.1,4625,4618.8,4624.2
1775130240,4623.7,4626.6,4623.1,4626.3
1775130300,4625.7,4627.9,4622.5,4625.3
1775130360,4625.8,4628.2,4625.6,4626.6
1775130420,4626.3,4626.3,4622.5,4625.6
1775130480,4625.7,4627.3,4624,4626.5
1775130540,4626.1,4630.9,4625,4630.3
1775130600,4630.3,4633.5,4630,4633.4
1775130660,4633.3,4637.9,4633,4633.3
1775130720,4633.6,4634.5,4626.8,4629.8
1775130780,4629.4,4630.2,4627.5,4627.9
1775130840,4627.4,4630.1,4626.3,4627.1
1775130900,4627.9,4629.2,4626.7,4627.6
1775130960,4627,4629.6,4626.8,4629.6
1775131020,4629.2,4629.2,4625.7,4626.1
1775131080,4626.2,4627.9,4624.6,4627.6
1775131140,4627.8,4628.2,4625.2,4626.2
1775131200,4626.6,4628,4624.3,4624.3
1775131260,4624.4,4627.5,4624,4624
1775131320,4623.2,4623.4,4620.8,4623.2
1775131380,4622.3,4631,4622.2,4630.2
1775131440,4630.2,4633.7,4629.1,4633.7
1775131500,4634.1,4637,4633.1,4635.6
1775131560,4636,4636.1,4633.2,4634.2
1775131620,4634.5,4635.1,4632.4,4632.7
1775131680,4632.6,4632.9,4629.1,4629.4
1775131740,4629.7,4630.7,4628.6,4629.5
1775131800,4629.4,4630.5,4626.3,4629.4
1775131860,4628.4,4629,4626.3,4627.8
1775131920,4628.3,4630.8,4624.6,4630.2
1775131980,4630.5,4635.3,4630.2,4634.1
1775132040,4634,4639.5,4634,4638.7
1775132100,4639.2,4641.3,4636.9,4639.8
1775132160,4640.6,4642,4636.9,4637.7
1775132220,4637,4638.9,4636,4637.8
1775132280,4637.9,4643.4,4637.7,4640.4
1775132340,4639.6,4640.5,4637.3,4639.8
1775132400,4639.4,4644.7,4638.2,4643.3
1775132460,4642.8,4649.8,4641.9,4649.6
1775132520,4649.1,4653.8,4649.1,4652.6
1775132580,4653,4655.8,4651.6,4651.9
1775132640,4652.1,4655.3,4651.2,4654.6
1775132700,4654.1,4656.5,4653.4,4654.5
1775132760,4653.8,4654.4,4650.2,4651.8
1775132820,4651.7,4652.3,4650.2,4651.8
1775132880,4651.4,4653.8,4650.3,4652.1
1775132940,4652.9,4654,4652,4653.2
1775133000,4653.3,4653.7,4648.4,4649.4
1775133060,4649.7,4651.1,4648.3,4648.5
1775133120,4648.9,4649.4,4646.4,4647.1
1775133180,4647.6,4650.8,4646.3,4646.3
1775133240,4646,4650.4,4646,4648.8
1775133300,4648.7,4650.8,4646.4,4650.6
1775133360,4650.5,4650.9,4647.5,4648.4
1775133420,4648.9,4649.1,4647.2,4648.2
1775133480,4648.1,4651.1,4648.1,4650.5
1775133540,4650.3,4650.5,4647.4,4647.8
1775133600,4647.6,4648.7,4644.5,4644.7
1775133660,4645.1,4647.9,4645.1,4646.8
1775133720,4647.3,4647.3,4645.1,4646.9
1775133780,4645.6,4646.4,4642,4645.1
1775133840,4645.5,4646,4644.3,4644.3
1775133900,4644.7,4647.3,4644.7,4646.5
1775133960,4647.1,4650.9,4645.4,4645.6
1775134020,4645.6,4645.6,4639.9,4641.1
1775134080,4641.5,4645.9,4641.5,4644.5
1775134140,4645.1,4647,4643.7,4645.8
1775134200,4645.4,4647.4,4644.9,4647.2
1775134260,4647.5,4648.1,4644.7,4645.2
1775134320,4645.5,4652.4,4645.5,4652.4
1775134380,4652.5,4652.6,4647.1,4648.9
1775134440,4648.6,4649,4645.9,4646.6
1775134500,4646.6,4647.5,4642.1,4642.6
1775134560,4642.3,4643.1,4638,4638.3
1775134620,4637.4,4639.6,4636.1,4636.7
1775134680,4636.1,4636.3,4630.1,4632.2
1775134740,4632.2,4632.2,4626.2,4628.1
1775134800,4628.3,4629.6,4606,4610.8
1775134860,4611.2,4623,4609.1,4622.2
1775134920,4622.4,4626.1,4607.7,4608
1775134980,4607.9,4614.4,4607,4612.4
1775135040,4612.6,4621.8,4612.6,4620.5
1775135100,4619.9,4632.3,4618.1,4631.1
1775135160,4631.7,4639.3,4629.2,4633.6
1775135220,4633.6,4637.8,4630,4630
1775135280,4629.7,4631.1,4626.2,4627
1775135340,4627,4627.9,4625,4626.3
1775135400,4626,4627.8,4617.4,4622.2
1775135460,4622.1,4622.5,4618.6,4620.4
1775135520,4620.9,4621.8,4615.5,4616.4
1775135580,4616.1,4616.9,4610.6,4616.8
1775135640,4615.8,4617.9,4612.7,4612.9
1775135700,4612.6,4619.9,4612.6,4619.1
1775135760,4618.1,4620.2,4616,4617.1
1775135820,4616.6,4617.7,4609.8,4615.9
1775135880,4615.3,4615.8,4611.5,4614.5
1775135940,4613.9,4617.2,4613.4,4616.6
1775136000,4616,4617.6,4613.1,4614.2
1775136060,4614.7,4618,4613.4,4613.4
1775136120,4614.3,4623.2,4614.2,4620.6
1775136180,4620.8,4620.8,4605.5,4608.3
1775136240,4608.4,4614.7,4605.9,4608.5
1775136300,4608.1,4614,4608.1,4612.1
1775136360,4612.6,4618.6,4612.6,4618.6
1775136420,4618.7,4622.5,4616.7,4621.2
1775136480,4621.6,4623,4619.7,4622.6
1775136540,4621.4,4625.5,4621.4,4622.7
1775136600,4622.9,4628.7,4621.5,4628.7
1775136660,4628.1,4632.8,4626.6,4631.7
1775136720,4630.9,4630.9,4621.8,4622.6
1775136780,4621.9,4628.6,4619.4,4627.1
1775136840,4627.6,4627.8,4624.1,4625.4
1775136900,4624.8,4626,4620.5,4623.1
1775136960,4622.2,4627.2,4621.1,4621.5
1775137020,4620.9,4625.3,4616.7,4618.8
1775137080,4617.9,4624.5,4617.4,4622.3
1775137140,4621.9,4621.9,4615.3,4615.6
1775137200,4615.8,4617.9,4611.2,4615.3
1775137260,4615.7,4627.9,4615,4627.3
1775137320,4627,4628,4619,4620.4
1775137380,4620.3,4624.1,4620.3,4622.6
1775137440,4622.5,4628.3,4622.5,4626.4
1775137500,4627.3,4635,4626.1,4630.1
1775137560,4630.5,4639.5,4630.5,4639.2
1775137620,4638.9,4646.5,4638.4,4646.1
1775137680,4646.2,4655.1,4645,4654.9
1775137740,4654.8,4664,4651.5,4660.6
1775137800,4660.6,4665,4657.5,4660.2
1775137860,4660.1,4664.6,4659.9,4661.6
1775137920,4660.9,4662,4655,4658.5
1775137980,4659,4669.9,4658.7,4661.4
1775138040,4662.5,4664.6,4659.8,4662
1775138100,4662.1,4664,4658.5,4660.4
1775138160,4659.9,4665.4,4658.7,4664.7
1775138220,4664,4674.8,4663.9,4674.2
1775138280,4673.8,4679.1,4672.1,4672.5
1775138340,4672.5,4674.7,4669.2,4672.9
1775138400,4672.7,4677.5,4661.9,4668.9
1775138460,4668.6,4668.7,4657.6,4662.2
1775138520,4661.8,4670.5,4660.7,4662.9
1775138580,4663.3,4668.5,4661.3,4667.8
1775138640,4667.7,4671.4,4665.2,4669
1775138700,4668.6,4672,4664.6,4671.2
1775138760,4671,4678.6,4669.7,4678
1775138820,4677.3,4678.8,4672.3,4673.1
1775138880,4672.8,4677,4672.6,4676.5
1775138940,4677.1,4678,4673.8,4675.3
1775139000,4674.9,4676.9,4672.9,4674.9
1775139060,4675.1,4686.5,4674.5,4682.8
1775139120,4682.7,4682.7,4675.8,4678.3
1775139180,4677.8,4680.2,4674.2,4680
1775139240,4679.5,4680.3,4673,4674.2
1775139300,4674,4681.8,4672.9,4681.8
1775139360,4680.9,4688.8,4679.1,4680.6
1775139420,4681.1,4684.8,4680,4684.2
1775139480,4684.1,4689.5,4681.6,4687
1775139540,4687.4,4690.6,4684.3,4687
1775139600,4686.6,4691.1,4685.7,4686
1775139660,4686.2,4690,4686.2,4689.7
1775139720,4689.3,4693,4688,4692.5
1775139780,4692.4,4698.9,4692.1,4697.3
1775139840,4696.9,4702.6,4696.1,4701.9
1775139900,4701.6,4702.4,4691.2,4691.7
1775139960,4691.8,4695.9,4690.2,4690.8
1775140020,4690.5,4691.1,4686.7,4687.3
1775140080,4687.2,4693.1,4687.2,4692.6
1775140140,4693.1,4693.1,4688.4,4691.9
1775140200,4691.5,4694.1,4688,4689.1
1775140260,4690.4,4693,4688.2,4689.8
1775140320,4689.6,4692.3,4686.2,4688.9
1775140380,4688,4693.6,4687.6,4693.1
1775140440,4693.2,4701.9,4691.2,4697
1775140500,4697,4711.3,4695.8,4710.6
1775140560,4710.3,4721,4706.3,4710.4
1775140620,4709.8,4723.4,4707.6,4714
1775140680,4713.1,4713.2,4700.6,4700.9
1775140740,4701.2,4718.1,4699.1,4714.4
1775140800,4713.9,4718.4,4712.2,4715.8
1775140860,4716.4,4717.7,4706,4707.8
1775140920,4707.8,4717.9,4707.8,4716.7
1775140980,4716.8,4726.4,4713.4,4720.5
1775141040,4719.4,4725.8,4714.2,4720
1775141100,4720.1,4720.7,4715.1,4715.1
1775141160,4715.7,4717.2,4710.8,4713.7
1775141220,4714,4718.5,4709,4718.1
1775141280,4717.9,4720,4711.2,4712.3
1775141340,4711.9,4712,4705.8,4707.2
1775141400,4707.9,4708.3,4698.1,4702.9
1775141460,4703.2,4704.8,4701.2,4703.7
1775141520,4703,4709.8,4701.8,4709.5
1775141580,4710,4711.3,4704.6,4704.7
1775141640,4706.1,4711,4706.1,4710
1775141700,4711.1,4713.6,4706.7,4712.9
1775141760,4713.2,4714.9,4709.9,4711.4
1775141820,4711,4713.4,4706.9,4712.9
1775141880,4713,4716.4,4712.2,4714.3
1775141940,4714.1,4715.1,4707.6,4707.9
1775142000,4708.4,4710.3,4702.2,4702.5
1775142060,4702,4706.5,4702,4704
1775142120,4704.3,4704.9,4697.6,4697.9
1775142180,4699.5,4704.1,4695.7,4702.1
1775142240,4701.6,4707.5,4699.2,4707.5
1775142300,4707.1,4708.6,4699,4699.7
1775142360,4699.2,4704,4698.7,4699.9
1775142420,4699.8,4700.7,4694.6,4694.9
1775142480,4695.7,4699.2,4694.5,4694.9
1775142540,4695.4,4696.9,4692.5,4696.9
1775142600,4696.2,4702.1,4694.8,4700.9
1775142660,4700.5,4703.5,4700,4700.9
1775142720,4701.1,4706.3,4701.1,4705.2
1775142780,4705.2,4705.4,4702,4702.4
1775142840,4701.6,4701.6,4695.2,4698.1
1775142900,4698.5,4703.7,4698.5,4702.1
1775142960,4702.6,4706.5,4702.6,4705.3
1775143020,4705.7,4707.7,4701,4702.7
1775143080,4702.3,4704,4697.3,4700.4
1775143140,4700.1,4701,4697.4,4698.7
1775143200,4698.8,4698.8,4688.6,4689.4
1775143260,4689.8,4694.2,4689.2,4693.4
1775143320,4693.4,4695,4685.5,4686.3
1775143380,4686.7,4689.7,4685.5,4686.1
1775143440,4686.1,4688.9,4685.7,4688.1
1775143500,4687.8,4690.6,4684,4690.6
1775143560,4690.8,4695.6,4690.8,4695.4
1775143620,4695.1,4700,4692.7,4699.8
1775143680,4700.3,4702.6,4700.2,4701.9
1775143740,4701.7,4701.7,4696.9,4698.2
1775143800,4699.1,4700.5,4696.8,4696.8
1775143860,4696.8,4697.1,4695.1,4695.9
1775143920,4695.1,4698,4694.2,4697.6
1775143980,4696.2,4697.4,4695.4,4697.3
1775144040,4697.5,4701,4696.1,4701
1775144100,4701.4,4701.5,4696.5,4699
1775144160,4698.7,4701.4,4697.9,4699.5
1775144220,4699.3,4702,4699.2,4700.2
1775144280,4700.5,4700.5,4696.4,4698.3
1775144340,4698,4699.3,4693.9,4696.3
1775144400,4695.8,4695.9,4692,4692.5
1775144460,4692.1,4693.8,4689.7,4691.4
1775144520,4691.5,4693.3,4689.2,4689.6
1775144580,4690.8,4691.9,4688,4690.7
1775144640,4690,4694.2,4689.9,4691.7
1775144700,4692,4692.7,4684.8,4686.5
1775144760,4686.1,4690.6,4685.7,4689.3
1775144820,4689.5,4690.5,4686.8,4690.2
1775144880,4690.3,4692,4685.6,4687
1775144940,4687.2,4687.7,4684.7,4685.1
1775145000,4685.5,4686,4680.3,4683.1
1775145060,4683.1,4683.8,4678.5,4679.4
1775145120,4679.7,4686,4679,4685.5
1775145180,4684.9,4685.4,4680.7,4681.4
1775145240,4682,4688.9,4682,4688.2
1775145300,4687.7,4690.4,4686.7,4690.4
1775145360,4690,4690,4682.1,4682.4
1775145420,4682.8,4684.1,4679,4683.7
1775145480,4683,4685.8,4683,4684.7
1775145540,4684.8,4687.6,4684.8,4687.5
1775145600,4686.9,4690.9,4685.9,4686.2
1775145660,4686.3,4693.2,4686.3,4691.8
1775145720,4691.8,4694.3,4691.3,4693.7
1775145780,4693.3,4693.6,4690.8,4690.9
1775145840,4690.7,4690.8,4686.5,4687.7
1775145900,4687.3,4691.5,4687.3,4689.4
1775145960,4688.9,4689.2,4685.4,4685.5
1775146020,4685.1,4686.4,4681.9,4681.9
1775146080,4682.3,4684.3,4672.8,4674.9
1775146140,4674.4,4684.9,4674.3,4683.9
1775146200,4684.1,4684.6,4679.2,4679.2
1775146260,4679.5,4680.1,4677.2,4677.8
1775146320,4678.5,4680.7,4678.4,4679.3
1775146380,4678.9,4682.9,4678.6,4682.4
1775146440,4681.8,4682,4679.6,4681.1
1775146500,4680.8,4683.5,4679.7,4680.8
1775146560,4680.8,4683.1,4680.4,4680.5
1775146620,4680.9,4681.6,4677.6,4678.9
1775146680,4679.2,4679.8,4676.3,4679
1775146740,4678.9,4678.9,4672.1,4672.6
1775146800,4672.7,4675,4668.6,4674.6
1775146860,4674.8,4678.2,4674.8,4677.2
1775146920,4677,4681.9,4676.8,4681.3
1775146980,4681.6,4681.9,4678.9,4679.5
1775147040,4679.4,4680.6,4677.4,4677.4
1775147100,4677.7,4679.2,4676.5,4677.3
1775147160,4677.6,4680.8,4677.6,4679.6
1775147220,4679.4,4680.1,4678.2,4679.8
1775147280,4679.5,4681.9,4679,4679.5
1775147340,4679.2,4679.4,4676.3,4676.3
1775147400,4676.7,4679.7,4676.2,4679.3
1775147460,4679.5,4681.6,4679.3,4680.7
1775147520,4680.1,4687.7,4680,4686.4
1775147580,4686.7,4686.7,4681.6,4682.4
1775147640,4682.3,4689.6,4681.2,4683.9
1775147700,4684.2,4689.7,4683.8,4689.3
1775147760,4689.4,4692,4685.6,4692
1775147820,4691.7,4694.2,4689.6,4690.9
1775147880,4691.5,4691.5,4685.8,4688.7
1775147940,4688.8,4691.3,4687.9,4689.9
1775148000,4689.7,4696.4,4689.3,4691
1775148060,4691.4,4693.1,4688.8,4692.1
1775148120,4691.4,4694.4,4691.2,4692.1
1775148180,4692.2,4693.8,4691.6,4693.1
1775148240,4693.9,4695.4,4685.2,4685.7
1775148300,4685.1,4686.7,4683.5,4685.7
1775148360,4685.8,4689.7,4685.8,4686.8
1775148420,4686.2,4688.4,4685,4688.4
1775148480,4687.8,4688.2,4685.3,4686.1
1775148540,4686.2,4687.3,4686.2,4687.3
1775148600,4687.6,4694.6,4686.5,4688.9
1775148660,4688.9,4689.1,4686.5,4687.6
1775148720,4688,4688,4686.8,4687.6
1775148780,4687.3,4693,4686.9,4692.9
1775148840,4693,4697.9,4690.2,4691
1775148900,4690.8,4691.6,4688.7,4691.4
1775148960,4690.9,4691.2,4688.9,4688.9
1775149020,4688.3,4690.3,4688.3,4689.2
1775149080,4689.5,4689.5,4685.8,4686.4
1775149140,4687.5,4690.6,4686.5,4686.5
1775149200,4685.7,4687.6,4683.8,4684.3
1775149260,4684.1,4685,4683.2,4684.3
1775149320,4683.8,4686.6,4683.5,4686.6
1775149380,4686.8,4691.3,4684.5,4690.5
1775149440,4690,4690.9,4688.4,4690.3
1775149500,4690.1,4691.3,4689.1,4690.6
1775149560,4690.7,4694.8,4689.9,4694.3
1775149620,4695,4695.8,4692.3,4693.8
1775149680,4693.9,4694,4687.7,4687.7
1775149740,4688.2,4690.5,4687.4,4690.1
1775149800,4689.7,4691,4688.9,4689.6
1775149860,4689.2,4690.4,4687.4,4687.6
1775149920,4687.6,4688,4685.2,4688
1775149980,4687.3,4689.6,4686.5,4688.9
1775150040,4689.2,4691,4688.7,4691
1775150100,4691.5,4692.8,4690.1,4691.1
1775150160,4691.4,4692.8,4690.5,4691.5
1775150220,4691.5,4691.5,4688.4,4689.1
1775150280,4688.9,4690.4,4688.2,4688.2
1775150340,4689.1,4689.5,4686.9,4689.4
1775150400,4690.1,4690.1,4688,4688.2
1775150460,4687.4,4688.4,4686.5,4687.9
1775150520,4687.8,4689.1,4686.9,4689.1
1775150580,4688.7,4691.1,4687.9,4691.1
1775150640,4691.4,4693,4690.5,4691.6
1775150700,4691.6,4691.6,4687.3,4687.3
1775150760,4687.4,4687.6,4685.4,4687.1
1775150820,4686.7,4686.7,4684.4,4686.1
1775150880,4686.1,4686.9,4679.2,4680.5
1775150940,4680.8,4682,4677.8,4679.2
1775151000,4679.4,4679.7,4673.4,4674.2
1775151060,4673.8,4679.6,4673.4,4677.2
1775151120,4677.4,4679,4676.2,4677.5
1775151180,4677,4681.5,4676.9,4678.6
1775151240,4678.5,4681.5,4677.1,4679.6
1775151300,4679.1,4679.4,4675.5,4676.9
1775151360,4677,4678.9,4676.5,4678
1775151420,4678.1,4679.3,4677.1,4677.6
1775151480,4677.6,4679,4676.9,4677.7
1775151540,4677.5,4681,4677.5,4681
1775151600,4681,4684.3,4681,4683.2
1775151660,4683,4684.7,4682.7,4682.7
1775151720,4682.4,4683.3,4679.7,4682.9
1775151780,4682.9,4684,4682.2,4682.5
1775151840,4682.8,4685.3,4682.8,4685
1775151900,4685.2,4686.3,4682.8,4683.7
1775151960,4683.1,4684,4681.1,4683.4
1775152020,4683,4683.8,4681.1,4681.9
1775152080,4681.5,4681.5,4677.5,4677.8
1775152140,4677.3,4677.8,4673.5,4674.5
1775152200,4674.6,4679.3,4674.6,4678.7
1775152260,4678.3,4678.8,4676.6,4677.6
1775152320,4677.6,4678.3,4672.7,4674
1775152380,4674,4677.1,4673.8,4675.6
1775152440,4675.5,4677.1,4674.5,4677.1
1775152500,4677.4,4679.5,4676.5,4677.5
1775152560,4677.1,4678.1,4677.1,4677.9
1775152620,4677.6,4678.3,4676.4,4678.3
1775152680,4678.3,4678.4,4675.1,4675.6
1775152740,4675.7,4676.5,4674,4675.7
1775152800,4676.5,4680,4676.5,4678.4
1775152860,4678.3,4679.1,4674.1,4676.9
1775152920,4676.6,4678.6,4676.2,4678.1
1775152980,4677.9,4680.2,4676.9,4678.7
1775153040,4678.1,4680.6,4677.8,4680.6
1775153100,4680.5,4685.5,4680,4683.3
1775153160,4682.9,4683.7,4681.5,4683.7
1775153220,4683.2,4683.9,4682.3,4682.3
1775153280,4682.2,4682.5,4680.9,4681.7
1775153340,4682.2,4683.7,4682.2,4683.2
1775153400,4682.6,4685.6,4682,4684.9
1775153460,4685.3,4686.2,4684.6,4685.1
1775153520,4684.7,4684.7,4681.9,4681.9
1775153580,4682.5,4682.6,4681.1,4681.8
1775153640,4681.8,4681.9,4680.2,4680.2
1775153700,4681.6,4681.8,4679.3,4681
1775153760,4680.6,4681.5,4679.3,4679.3
1775153820,4680.3,4682.9,4680.3,4682.2
1775153880,4682,4683.1,4681,4681.7
1775153940,4682,4682.4,4680.3,4680.6
1775154000,4681.2,4682.6,4680.6,4682.6
1775154060,4682.6,4684.2,4682,4683.8
1775154120,4683.4,4683.4,4680.7,4682.2
1775154180,4682.3,4682.3,4680.8,4680.8
1775154240,4681.4,4682.2,4678.4,4678.4
1775154300,4678.7,4679.3,4677.5,4678.5
1775154360,4679.2,4680.3,4678.8,4680.3
1775154420,4679.3,4680,4677.9,4678.7
1775154480,4678.9,4679.3,4677.1,4677.8
1775154540,4677.7,4679.3,4677.3,4678.7
1775154600,4678.8,4683.9,4678.8,4683.5
1775154660,4684,4684.7,4682.7,4683.3
1775154720,4683.3,4683.8,4682,4683.3
1775154780,4682.4,4684.4,4682.3,4683.7
1775154840,4683.7,4686.4,4683.7,4686
1775154900,4686.1,4686.9,4684.2,4684.8
1775154960,4685.8,4686.8,4685.4,4686.7
1775155020,4686.5,4686.6,4684.9,4686.2
1775155080,4686,4686,4682.6,4682.6
1775155140,4682.7,4683.1,4681.5,4682.6
1775155200,4682,4686.6,4682,4686.6
1775155260,4685.5,4690.5,4684.8,4688.9
1775155320,4688.4,4689.5,4688,4688.7
1775155380,4688.8,4688.8,4685.8,4687.4
1775155440,4687.6,4690,4687.6,4689.9
1775155500,4690,4691,4689.1,4690.7
1775155560,4690.5,4694.1,4690.3,4693
1775155620,4693.1,4694.7,4693,4693.6
1775155680,4693.5,4695.9,4693,4693.4
1775155740,4693.9,4696.4,4693.6,4696.3
1775155800,4695.6,4697.3,4693,4693
1775155860,4693,4694.7,4689.9,4691.3
1775155920,4691.2,4696.2,4690.9,4696.2
1775155980,4696.5,4697.1,4695.2,4696.2
1775156040,4695.8,4696,4694.2,4695
1775156100,4695.6,4695.7,4694.3,4694.5
1775156160,4694.8,4695.3,4693.7,4694.8
1775156220,4694.5,4696.9,4694.5,4696.9
1775156280,4696.6,4699,4696.5,4698.3
1775156340,4698.5,4698.5,4695,4695.2
1775156400,4695.8,4699.1,4695.8,4698.2
1775156460,4698,4700,4697.9,4699.7
1775156520,4699.9,4702.4,4699.9,4700.7
1775156580,4700.7,4701.1,4699.4,4699.4
1775156640,4699.1,4699.2,4696.4,4699
1775156700,4699.5,4704.6,4699.4,4704.2
1775156760,4703.9,4704.4,4702.1,4703.2
1775156820,4703.3,4703.9,4702.9,4703.9
1775156880,4704.6,4706.7,4703.2,4705.1
1775156940,4705,4706.3,4704.4,4706.3
1775157000,4706.1,4707.9,4705.4,4707.9
1775157060,4707.7,4708.6,4706,4707.3
1775157120,4707.4,4707.4,4703.2,4703.5
1775157180,4702.9,4703.2,4700.7,4701.7
1775157240,4701.6,4701.6,4700.3,4701.2
1775157300,4701.6,4701.7,4698.2,4698.2
1775157360,4698,4698.6,4697.3,4697.6
1775157420,4698.4,4699.9,4697.7,4697.7
1775157480,4697.9,4698.2,4696.3,4697.2
1775157540,4696.6,4698.1,4695.9,4696.8
1775157600,4696.6,4696.7,4695,4696.2
1775157660,4695.8,4696.7,4695,4695.3
1775157720,4695.2,4697,4693.6,4697
1775157780,4696.8,4704.2,4695.3,4704.2
1775157840,4703.5,4703.6,4698.5,4700.1
1775157900,4699.8,4700.7,4697.6,4698.7
1775157960,4698.8,4700,4697.1,4699.1
1775158020,4697.6,4699.2,4697.6,4698.2
1775158080,4697.3,4697.4,4693,4693
1775158140,4692.4,4693.1,4690.9,4691.7
1775158200,4691.5,4692.7,4688.6,4692.1
1775158260,4692.3,4692.9,4690.4,4692.4
1775158320,4692,4693.8,4691.1,4691.9
1775158380,4692,4692.8,4689.9,4689.9
1775158440,4690.9,4690.9,4689.8,4689.8
1775158500,4690.6,4692.6,4690.6,4690.6
1775158560,4690.7,4691.8,4689.8,4689.8
1775158620,4689.5,4690.7,4688.2,4688.2
1775158680,4687.8,4689.6,4687.8,4689.1
1775158740,4688.4,4690.9,4688.1,4690.9
1775158800,4691.1,4693.7,4690.2,4693
1775158860,4692.6,4694.5,4692.3,4693.8
1775158920,4694.3,4694.6,4692.9,4694
1775158980,4693.4,4694.2,4692.9,4694.2
1775159040,4693.1,4693.7,4692.3,4692.3
1775159100,4692.5,4694.8,4692.5,4693.2
1775159160,4693.6,4694.4,4692.3,4694.4
1775159220,4694.1,4695.9,4693.9,4695.7
1775159280,4695.8,4696.6,4694.6,4695
1775159340,4694.8,4696.2,4694.8,4695.3
1775159400,4695.9,4699.1,4695.9,4697
1775159460,4696.9,4698.7,4695.9,4698.6
1775159520,4699.1,4700.5,4697.5,4699.3
1775159580,4699.9,4700.3,4699.3,4700
1775159640,4700.8,4701.8,4699.9,4701.8
1775159700,4701.9,4702.1,4698.2,4700.9
1775159760,4700.4,4701,4699.5,4699.9
1775159820,4699.7,4700.1,4698.7,4699.5
1775159880,4699.7,4702.4,4699.7,4701.6
1775159940,4701.1,4702.7,4697.5,4697.9
1775160000,4698.6,4700.7,4697.9,4700.6
1775160060,4700.4,4702.4,4700.1,4701.7
1775160120,4701.5,4701.9,4700.2,4701
1775160180,4700.9,4702.3,4700.9,4701.6
1775160240,4701.5,4702.4,4701.1,4701.5
1775160300,4701,4702,4700.4,4701.4
1775160360,4700.7,4700.9,4699.9,4700.8
1775160420,4700.6,4701,4700.2,4701
1775160480,4700.9,4700.9,4699.7,4700
1775160540,4700,4700.7,4699.5,4700
1775160600,4700.4,4701.7,4700.4,4701.7
1775160660,4702.3,4702.9,4702.2,4702.2
1775160720,4701.9,4701.9,4699.5,4700
1775160780,4699.4,4699.9,4698.3,4699.9
1775160840,4699.6,4699.9,4698.7,4699.9
1775160900,4699.6,4700.2,4699.3,4699.6
1775160960,4699.7,4700.3,4698.7,4699.6
1775161020,4700.2,4700.2,4696.5,4696.5
1775161080,4696.1,4696.9,4693.3,4693.9
1775161140,4694.4,4695.4,4693.3,4694.2
1775161200,4693.5,4693.5,4692.3,4693.4
1775161260,4693,4693,4691,4692.4
1775161320,4692.3,4692.9,4690.4,4690.9
1775161380,4691.3,4691.9,4691.3,4691.9
1775161440,4692.2,4693,4692.2,4692.8
1775161500,4692.8,4696,4692.8,4695.1
1775161560,4695.5,4696.7,4694.9,4695.4
1775161620,4695.3,4695.5,4695,4695.5
1775161680,4695.8,4695.9,4693.7,4693.8
1775161740,4694.6,4695.7,4693.7,4693.7
1775161800,4694.6,4696.5,4694.2,4695.7
1775161860,4695.9,4697.2,4695.9,4696.7
1775161920,4697,4697.9,4696.3,4696.6
1775161980,4696.6,4698.8,4696.4,4698.8
1775162040,4697.8,4698.1,4697.5,4698.1
1775162100,4698.5,4699.8,4698.5,4699.2
1775162160,4698.9,4699.2,4697.4,4697.4
1775162220,4697.7,4697.7,4697.4,4697.4
1775162280,4697.7,4698.8,4697.7,4697.9
1775162340,4697.4,4697.8,4697.1,4697.8
1775162400,4697.2,4698,4696.8,4697.1
1775162460,4697,4697,4695.7,4695.7
1775162520,4695.6,4695.7,4694.8,4694.8
1775162580,4695,4695,4693.6,4694.5
1775162640,4695.8,4696,4694.6,4695
1775162700,4695.4,4697.3,4694.1,4695.9
1775162760,4695.7,4699.2,4695.6,4697.7
1775162820,4697.6,4697.7,4696.2,4696.2
1775162880,4696.6,4697.2,4696.2,4697.2
1775162940,4697.7,4697.7,4695.8,4697.3
1775163000,4697.3,4699,4695.4,4697.8
1775163060,4697,4697,4696.6,4696.7
1775163120,4696.6,4697.9,4695.6,4696.3
1775163180,4696,4697.4,4693.3,4695.9
1775163240,4696.1,4698.1,4695.7,4698.1
1775163300,4698.1,4699.1,4697.6,4698.5
1775163360,4698.6,4699.4,4696.9,4699.4
1775163420,4698.9,4702.4,4698.9,4701.1
1775163480,4701.3,4703.6,4701.1,4701.3
1775163540,4702.2,4703.1,4701.4,4702.7
1775426400,4675,4699.3,4654,4658.8
1775426460,4658.7,4692,4656.1,4684.9
1775426520,4683.4,4685.1,4662,4676.4
1775426580,4675.5,4675.5,4660.5,4660.5
1775426640,4660.2,4669.2,4657.5,4665.2
1775426700,4664,4666.4,4656.4,4662
1775426760,4661.8,4668.1,4656,4660.1
1775426820,4658.4,4666.2,4658.4,4661.6
1775426880,4660.9,4666,4660.8,4664.8
1775426940,4664.5,4664.5,4658.5,4660
1775427000,4660,4660,4642.1,4645.3
1775427060,4643.6,4652.6,4638.9,4649.4
1775427120,4648.4,4657.2,4646.9,4654.9
1775427180,4654.6,4658.7,4652.5,4656.6
1775427240,4656.5,4662.2,4656.5,4656.5
1775427300,4657.7,4667,4656.6,4661.2
1775427360,4659.1,4664.4,4657.2,4663.2
1775427420,4662.6,4667.2,4662.5,4667.1
1775427480,4667,4667.6,4663.6,4666.5
1775427540,4665.3,4665.3,4657.3,4662.1
1775427600,4665.9,4666.8,4659.2,4661
1775427660,4661.6,4664.3,4661.6,4663
1775427720,4662.9,4668.5,4662.6,4668.5
1775427780,4668.3,4669.2,4664.4,4669.2
1775427840,4668.5,4669.2,4667,4668.5
1775427900,4669.4,4669.4,4665.2,4666.7
1775427960,4665.2,4665.2,4662.2,4662.2
1775428020,4662,4665.2,4660.9,4661.9
1775428080,4664.1,4664.4,4663.4,4664.2
1775428140,4663.1,4663.7,4661.8,4663.7
1775428200,4662.8,4663.8,4659,4659.9
1775428260,4659,4667.3,4659,4666.6
1775428320,4668.3,4669,4666.1,4667.9
1775428380,4667,4668.2,4665.1,4665.1
1775428440,4665.8,4665.9,4659.2,4662.7
1775428500,4661.8,4664.8,4661.6,4664.3
1775428560,4664,4665,4663,4664.1
1775428620,4664,4664.3,4661.8,4661.8
1775428680,4664.3,4667.5,4664.3,4666.3
1775428740,4667.2,4669.8,4665.1,4669.5
1775428800,4668.7,4673.2,4668.7,4670.7
1775428860,4670.9,4672.7,4669.9,4670.9
1775428920,4671.1,4671.1,4667.2,4668.7
1775428980,4667.7,4667.8,4665.3,4665.3
1775429040,4665,4670,4665,4669.7
1775429100,4669.6,4674.3,4669.1,4674.3
1775429160,4674.8,4678,4673,4674.4
1775429220,4674.4,4674.4,4634.9,4648.7
1775429280,4648.7,4675.2,4643.4,4666.2
1775429340,4666.7,4676,4664.6,4670.1
1775429400,4670.9,4674.6,4668.3,4669.5
1775429460,4669.8,4672.4,4668.6,4669.2
1775429520,4670.5,4672,4669.4,4671.5
1775429580,4672,4676.6,4672,4674.2
1775429640,4674.5,4674.5,4641.4,4655.3
1775429700,4657.5,4682.9,4657.5,4661.9
1775429760,4660.7,4667.7,4658.1,4665.1
1775429820,4668,4669.4,4661.7,4667.8
1775429880,4670.2,4673.3,4667.6,4672.5
1775429940,4671.6,4674.4,4669.3,4673.6
1775430000,4673.8,4677.9,4672.5,4676.6
1775430060,4678.4,4678.4,4669.2,4673
1775430120,4671.7,4671.7,4663.1,4667.1
1775430180,4667.7,4670,4663,4666.7
1775430240,4666.5,4666.5,4661.1,4663.3
1775430300,4663.2,4665.4,4660,4662.3
1775430360,4663.2,4668.4,4663.2,4664.6
1775430420,4664.1,4664.8,4661.6,4663.3
1775430480,4662.2,4662.2,4658.1,4659.2
1775430540,4659.1,4659.1,4656.4,4657.8
1775430600,4658,4662.7,4657.6,4660
1775430660,4659.7,4659.7,4656.3,4658.1
1775430720,4659.1,4660.3,4655.1,4656.1
1775430780,4655.1,4657.4,4654.5,4655.8
1775430840,4656.1,4658.7,4655.1,4657.3
1775430900,4660.2,4660.6,4659.1,4659.1
1775430960,4661.1,4661.3,4654.7,4656.3
1775431020,4657.6,4657.9,4655.1,4655.8
1775431080,4658.3,4658.3,4654.4,4655.1
1775431140,4655.1,4656,4651.5,4651.7
1775431200,4651.8,4652.6,4649.1,4649.8
1775431260,4650,4651.4,4649.4,4649.7
1775431320,4650.3,4653,4650.3,4653
1775431380,4651.1,4651.1,4647,4647.9
1775431440,4648.4,4648.4,4645.4,4646
1775431500,4646.1,4647.5,4636,4646.7
1775431560,4645.7,4647.5,4640.4,4641.7
1775431620,4641.2,4641.2,4636.9,4640.4
1775431680,4640.6,4643.3,4639,4639.3
1775431740,4640,4640,4635.6,4636.2
1775431800,4637,4639.6,4631,4639.2
1775431860,4638,4643,4637.7,4640.2
1775431920,4640.2,4641.9,4637.3,4637.4
1775431980,4638.7,4638.7,4635.7,4637.8
1775432040,4637.9,4642.3,4636.3,4641.9
1775432100,4642.3,4643.3,4640.3,4641.1
1775432160,4642,4642.9,4640.1,4642.9
1775432220,4642.9,4644.1,4639.2,4643.4
1775432280,4643.3,4643.4,4638.7,4639.5
1775432340,4639.2,4641.1,4638.3,4640.6
1775432400,4641,4641,4636.5,4637.1
1775432460,4637.7,4638,4633.2,4634.2
1775432520,4635.5,4635.7,4632.8,4634.7
1775432580,4634.4,4635.6,4631.4,4632.6
1775432640,4632.3,4633.6,4631.5,4632.5
1775432700,4635.3,4639.5,4635.3,4638.3
1775432760,4638.8,4639.7,4637,4639
1775432820,4639.7,4641.4,4639.6,4640.8
1775432880,4639.9,4639.9,4637,4638.2
1775432940,4638.4,4639.1,4636.9,4639.1
1775433000,4639,4643.4,4638,4643
1775433060,4642.3,4646.2,4641.8,4643.5
1775433120,4644.4,4644.5,4642.2,4643.6
1775433180,4642.4,4644.3,4642.4,4644.3
1775433240,4643.7,4645,4642,4643.4
1775433300,4642.2,4642.2,4639.6,4640.1
1775433360,4639.9,4640.4,4638.5,4640.4
1775433420,4639.7,4641.6,4637.2,4641
1775433480,4638.8,4638.8,4635.9,4638.4
1775433540,4637.2,4638.2,4636.8,4636.8
1775433600,4637.2,4639.1,4632.6,4636.5
1775433660,4636.7,4642.6,4634.9,4639.6
1775433720,4640.4,4644.9,4640,4641.4
1775433780,4643.5,4646.2,4643.5,4643.9
1775433840,4643.8,4649.4,4641.7,4648.8
1775433900,4649.4,4651.8,4643.4,4645.4
1775433960,4644.2,4647.5,4644.2,4647.5
1775434020,4648.5,4652,4644.7,4648.8
1775434080,4649.5,4652.7,4648.8,4650.2
1775434140,4651.1,4651.4,4646.6,4648.9
1775434200,4648.2,4648.2,4646.9,4646.9
1775434260,4646.7,4649.4,4646.7,4649.4
1775434320,4649.5,4651.2,4648.1,4649.5
1775434380,4650.2,4653.1,4650.2,4650.7
1775434440,4652,4653,4651.2,4652.9
1775434500,4652.2,4655.1,4651.5,4655.1
1775434560,4655.1,4655.7,4647.4,4648.7
1775434620,4647.9,4648.2,4645.6,4646.7
1775434680,4646.5,4648,4645.5,4646.9
1775434740,4646.1,4646.1,4639.5,4641
1775434800,4638.8,4644.4,4638.8,4641.1
1775434860,4640.9,4644.3,4640.9,4642.6
1775434920,4642.9,4645.7,4642.7,4643.5
1775434980,4644.6,4647.6,4644.6,4647
1775435040,4646.2,4646.5,4642.2,4642.2
1775435100,4642.2,4644.1,4640.4,4640.8
1775435160,4641,4641.8,4635.7,4638.3
1775435220,4638.2,4640.4,4626.2,4630.2
1775435280,4629.2,4631.4,4626.7,4627.9
1775435340,4628.4,4630.7,4626.2,4630
1775435400,4631.1,4632.6,4629.1,4631.8
1775435460,4632.2,4633,4630.4,4631.7
1775435520,4631.2,4634.4,4631.2,4633.8
1775435580,4633.9,4636.1,4633.6,4634.1
1775435640,4634.1,4635.9,4633.6,4635.2
1775435700,4634.3,4635.9,4631.8,4635.1
1775435760,4633.8,4637,4633.8,4636.6
1775435820,4637.8,4639,4634.4,4634.4
1775435880,4635,4639,4635,4635.9
1775435940,4635.7,4636.6,4635.7,4636.2
1775436000,4637.2,4639.2,4637,4639.2
1775436060,4638.9,4646,4638.9,4644.6
1775436120,4645.1,4646,4644.3,4645.8
1775436180,4645.2,4647.5,4643.9,4645.5
1775436240,4646.8,4646.8,4641.7,4644.7
1775436300,4644.1,4645.5,4642.6,4644.5
1775436360,4644.9,4647,4643.7,4645.3
1775436420,4646.1,4647.9,4644.4,4644.4
1775436480,4644.5,4645.8,4643.6,4643.6
1775436540,4643.4,4643.7,4643,4643.4
1775436600,4643,4645.1,4643,4644.4
1775436660,4644.9,4645,4644.5,4644.7
1775436720,4643.4,4644.4,4642.4,4642.8
1775436780,4642.4,4643,4641.7,4642
1775436840,4641.9,4646.9,4641.2,4646.9
1775436900,4647.9,4649,4645.6,4648.8
1775436960,4649,4649.8,4645.3,4646.7
1775437020,4647,4651.6,4646.7,4651.6
1775437080,4651.3,4652,4650.6,4650.9
1775437140,4650,4650,4646.6,4647.9
1775437200,4648.9,4653.1,4648.9,4651.9
1775437260,4651.9,4657.5,4651.9,4657.5
1775437320,4657.2,4658.3,4654.9,4655
1775437380,4655.3,4656.7,4654.8,4656.1
1775437440,4656.3,4657.3,4655.7,4656.2
1775437500,4656.4,4658.4,4653,4658.4
1775437560,4659.1,4664.2,4659.1,4663.2
1775437620,4661.5,4666.4,4660.5,4664.8
1775437680,4664.9,4666.4,4663.8,4664.9
1775437740,4664,4664,4662,4662.8
1775437800,4663.7,4667,4663.7,4665.8
1775437860,4665.5,4665.9,4663.8,4665.5
1775437920,4665.5,4666.4,4664.2,4666.2
1775437980,4665.2,4668.6,4665.2,4666.6
1775438040,4667,4668.1,4667,4667.2
1775438100,4668,4668.7,4665.8,4666.4
1775438160,4665.9,4665.9,4654.9,4659
1775438220,4658,4658.2,4655.7,4656.1
1775438280,4656.8,4656.8,4652.7,4652.7
1775438340,4653.5,4653.8,4650.8,4651.2
1775438400,4650.7,4650.7,4645.8,4648
1775438460,4648.7,4660,4647.9,4657.9
1775438520,4658.2,4659.8,4656.9,4659.1
1775438580,4658.7,4660.8,4658.5,4659.3
1775438640,4660.3,4660.8,4659,4659.4
1775438700,4659,4661.3,4659,4660.4
1775438760,4660.2,4663.7,4660.2,4662.4
1775438820,4662,4664.2,4662,4663.2
1775438880,4663.9,4667,4663.9,4667
1775438940,4667.3,4667.5,4665.6,4667.2
1775439000,4666.4,4667.1,4657.4,4658.3
1775439060,4659.1,4659.9,4654.9,4655.8
1775439120,4655.2,4658.1,4653.8,4654.9
1775439180,4655.1,4655.1,4652.5,4652.5
1775439240,4652.7,4654.5,4652.7,4654.5
1775439300,4654.7,4658.2,4652.4,4657.1
1775439360,4658,4658,4656.1,4656.1
1775439420,4656.6,4656.6,4653.8,4654.7
1775439480,4655,4661.4,4653.7,4659.7
1775439540,4660.5,4661.5,4660,4661.3
1775439600,4660.8,4660.8,4654.6,4654.8
1775439660,4654.8,4655.1,4648.1,4650.8
1775439720,4651,4654.3,4651,4653
1775439780,4653.5,4654.8,4653.4,4654.5
1775439840,4655.7,4655.8,4652.1,4653.7
1775439900,4654.2,4654.6,4654.2,4654.6
1775439960,4654.5,4655,4650.7,4651.5
1775440020,4651.4,4652,4650.7,4650.7
1775440080,4651.1,4651.1,4649.6,4650.6
1775440140,4651.4,4651.6,4649,4649.3
1775440200,4647.9,4649.6,4647.1,4648.3
1775440260,4649,4650,4648.9,4649
1775440320,4649.4,4649.4,4648,4648.6
1775440380,4648,4651.7,4647.8,4650.1
1775440440,4649.8,4652.3,4649.8,4651.5
1775440500,4651.2,4651.5,4648.4,4650
1775440560,4649.5,4650.2,4648.3,4650
1775440620,4650.7,4651.9,4649.3,4651.6
1775440680,4652,4652,4650.4,4650.6
1775440740,4650.9,4653.4,4650.9,4651.8
1775440800,4650.6,4655.2,4650.4,4654.3
1775440860,4653.3,4656.6,4652.5,4656.6
1775440920,4655.9,4656.6,4650.9,4651.9
1775440980,4651.8,4653.4,4649.8,4652.4
1775441040,4654,4655.8,4653.3,4655.1
1775441100,4655.6,4656.4,4654.2,4654.4
1775441160,4655,4655.7,4654,4654.3
1775441220,4655.1,4655.5,4653,4655.5
1775441280,4654.8,4655.1,4652.3,4653.2
1775441340,4653.6,4659,4653.2,4658.1
1775441400,4656.8,4661,4656.8,4660.8
1775441460,4660.9,4666,4660.9,4665.7
1775441520,4665,4665.6,4664.1,4665
1775441580,4665,4665,4663,4664.4
1775441640,4665,4665.2,4662.3,4662.6
1775441700,4662.2,4664.2,4662.2,4664.2
1775441760,4664.4,4672.3,4664.4,4671.4
1775441820,4671.7,4681.9,4671.7,4677.6
1775441880,4678.3,4681.9,4678.3,4680.7
1775441940,4680,4690.4,4679.6,4689.2
1775442000,4689.2,4694.5,4688.5,4693.7
1775442060,4694.6,4697.1,4692.6,4696.5
1775442120,4697,4697.5,4693.1,4696.3
1775442180,4697.3,4697.3,4692.4,4695.2
1775442240,4694.1,4694.8,4690.1,4690.6
1775442300,4690.2,4693,4688.8,4689.5
1775442360,4689.5,4691.5,4687,4691.5
1775442420,4691.7,4692.2,4687.8,4687.8
1775442480,4687.8,4689.5,4687.3,4688.7
1775442540,4688.4,4688.4,4684.7,4686.4
1775442600,4687,4692,4686.5,4690.5
1775442660,4689.8,4692.3,4686,4687
1775442720,4687,4687.2,4681.8,4682.3
1775442780,4682.7,4685.7,4679.8,4682.1
1775442840,4681.2,4682.1,4680,4680.3
1775442900,4679.9,4680.2,4669.9,4670.4
1775442960,4670.1,4674.8,4670.1,4673.9
1775443020,4674,4676.1,4672.1,4675.5
1775443080,4674.5,4676.6,4674.5,4675.4
1775443140,4676.9,4678.3,4675.9,4677
1775443200,4677.2,4679,4674.5,4675.5
1775443260,4676.4,4677,4676.2,4676.5
1775443320,4677,4678.4,4676.5,4677.8
1775443380,4678.2,4680.2,4678.2,4678.4
1775443440,4677.5,4677.5,4676.1,4676.7
1775443500,4677.5,4678.3,4677.5,4678.3
1775443560,4678.5,4679.3,4677.3,4677.3
1775443620,4677.3,4677.3,4677.3,4677.3
1775443680,4676.9,4680.5,4676.9,4679.5
1775443740,4679.7,4680.4,4677.4,4677.5
1775443800,4678.9,4679.2,4677.5,4677.8
1775443860,4678.2,4681.8,4678.2,4679.3
1775443920,4680.2,4681.3,4680.2,4680.7
1775443980,4681.3,4681.3,4673.4,4677.7
1775444040,4678.4,4678.8,4676,4676.1
1775444100,4676.2,4677.5,4676.2,4676.6
1775444160,4676.7,4676.7,4675.3,4675.3
1775444220,4675,4675,4673.9,4674.8
1775444280,4676,4677,4675.3,4675.5
1775444340,4674.6,4674.8,4672.7,4673.6
1775444400,4673.1,4673.5,4670.2,4670.6
1775444460,4670.2,4671.4,4668.5,4669.7
1775444520,4669.6,4670.1,4663.7,4664.9
1775444580,4664.7,4666.2,4656.4,4660
1775444640,4660.1,4662.3,4660.1,4660.2
1775444700,4660.3,4660.3,4655.4,4655.4
1775444760,4655.6,4659,4655.2,4656
1775444820,4655.4,4657.7,4655,4656.6
1775444880,4656.9,4659.8,4655.8,4656.4
1775444940,4655.4,4658.1,4655.4,4656.5
1775445000,4656,4663.8,4654.5,4660.3
1775445060,4660.3,4661.7,4659.3,4659.9
1775445120,4659.5,4661.1,4657.2,4658.6
1775445180,4658,4658,4656.3,4656.4
1775445240,4655.9,4658.9,4653.9,4658.9
1775445300,4658.8,4661.6,4657.8,4661.4
1775445360,4660.3,4660.3,4657.8,4659.6
1775445420,4660.3,4662.2,4660.1,4661.9
1775445480,4661.7,4661.7,4657.8,4659.8
1775445540,4659,4659,4652.8,4653.3
1775445600,4651.4,4654.3,4651,4654.3
1775445660,4654.2,4655.8,4653,4654.8
1775445720,4654.7,4654.7,4653,4653.4
1775445780,4654.5,4655.8,4654.5,4655.8
1775445840,4654.8,4657.3,4654.7,4657.1
1775445900,4656.9,4658.7,4656.8,4658.2
1775445960,4659.2,4659.5,4655.8,4656.3
1775446020,4656.7,4657.9,4656.3,4657.4
1775446080,4656.5,4656.5,4656.4,4656.5
1775446140,4656.2,4656.2,4655.3,4656
1775446200,4655.7,4657.1,4654.9,4655.2
1775446260,4655.8,4658,4655.8,4656.8
1775446320,4656.5,4656.8,4651.2,4653.8
1775446380,4653.6,4654.1,4650.7,4653
1775446440,4653.7,4657.2,4653.7,4657.2
1775446500,4657.2,4657.8,4656.5,4657.3
1775446560,4657.3,4658.4,4657,4658.1
1775446620,4658,4658,4657.3,4657.9
1775446680,4657.5,4658.6,4657.3,4658.1
1775446740,4656.6,4656.6,4654.2,4655
1775446800,4653.8,4653.8,4651.1,4653.4
1775446860,4652.6,4652.6,4650.5,4651.9
1775446920,4652.8,4656.6,4652.8,4656.4
1775446980,4655.5,4656,4655.5,4656
1775447040,4656.9,4658.4,4656.6,4658.4
1775447100,4657.5,4657.8,4656.3,4656.6
1775447160,4656.1,4658.2,4656.1,4658.2
1775447220,4658.4,4659.5,4658.1,4658.4
1775447280,4658.1,4658.4,4657.5,4657.6
1775447340,4657.9,4660.1,4657.9,4660
1775447400,4659.3,4662.4,4659.3,4661.4
1775447460,4661.2,4661.5,4661,4661.2
1775447520,4659.2,4661.7,4659.2,4661.6
1775447580,4663.1,4663.7,4661.3,4661.3
1775447640,4661,4661.2,4658.7,4660.7
1775447700,4660.8,4662.1,4660.7,4662.1
1775447760,4661.2,4666,4661.2,4664.2
1775447820,4664.3,4667.6,4664.3,4666.7
1775447880,4666.9,4667.5,4665.6,4666.3
1775447940,4665.7,4665.7,4664.1,4665
1775448000,4665.3,4666.9,4665.2,4666.5
1775448060,4665.4,4670,4665.1,4668.3
1775448120,4668.4,4669.7,4668.2,4668.5
1775448180,4669.2,4670.2,4669,4669.9
1775448240,4670.2,4673.6,4669.9,4673.5
1775448300,4673.5,4673.5,4671.3,4672.4
1775448360,4672.8,4673.3,4671.6,4672.1
1775448420,4672.1,4672.1,4668,4669.5
1775448480,4669.2,4670.4,4668.9,4670.4
1775448540,4671,4671.5,4671,4671.5
1775448600,4671.6,4671.6,4669,4669.9
1775448660,4670.3,4670.6,4669.9,4670.4
1775448720,4671.1,4674,4671.1,4673.2
1775448780,4673.7,4673.7,4671.8,4672
1775448840,4671.8,4671.8,4667.4,4669.1
1775448900,4669.3,4670.6,4669.3,4669.4
1775448960,4669.2,4670.4,4668.1,4668.9
1775449020,4669.5,4670.1,4668.3,4668.9
1775449080,4669.3,4669.9,4669.3,4669.9
1775449140,4668.7,4669,4668.7,4668.7
1775449200,4669.3,4670.1,4667.9,4668
1775449260,4668.3,4669.1,4668.3,4668.7
1775449320,4668.6,4668.7,4667.8,4667.8
1775449380,4667.6,4667.6,4667.6,4667.6
1775449440,4667.1,4667.8,4666.5,4667.8
1775449500,4667.7,4668.3,4667.7,4667.7
1775449560,4668.3,4669.4,4668.3,4669.4
1775449620,4669.4,4669.4,4668.9,4668.9
1775449680,4669.5,4671.3,4669.5,4671.1
1775449740,4670.5,4671.7,4670.5,4671.7
1775449800,4672.2,4672.2,4669,4669
1775449860,4668.5,4671.1,4668.1,4671.1
1775449920,4671.2,4671.9,4670.3,4670.9
1775449980,4670.5,4670.5,4669,4669
1775450040,4668.9,4673.9,4668.9,4673.4
1775450100,4673.9,4674.8,4673.7,4674.8
1775450160,4674.4,4675.9,4674.3,4675.5
1775450220,4675.6,4676.5,4674.9,4676.5
1775450280,4676,4676.3,4675,4675
1775450340,4675.1,4675.1,4674.2,4674.2
1775450400,4674,4675.1,4672.7,4674.7
1775450460,4674.3,4674.9,4674.3,4674.8
1775450520,4675.4,4675.4,4674.6,4674.6
1775450580,4675.3,4675.5,4674.8,4675.5
1775450640,4675.3,4675.3,4674.2,4674.2
1775450700,4674.7,4675.5,4672.1,4673.3
1775450760,4673.1,4673.9,4673.1,4673.9
1775450820,4673.9,4674.7,4673.9,4674.7
1775450880,4675.6,4676.7,4675.6,4675.8
1775450940,4676.5,4676.8,4676.1,4676.6
1775451000,4677.8,4679.4,4677.5,4678.6
1775451060,4678.7,4679.2,4678.7,4679.1
1775451120,4679.1,4679.5,4678.6,4678.9
1775451180,4679,4679.2,4678.2,4679.2
1775451240,4678.9,4681.6,4678.9,4681.6
1775451300,4681.6,4682.3,4681.3,4681.4
1775451360,4681.2,4681.2,4680,4680.9
1775451420,4681.5,4683.9,4681.1,4683.7
1775451480,4684,4684.1,4683.2,4684.1
1775451540,4683.8,4685.3,4683.7,4685.1
1775451600,4684.9,4686.6,4684.3,4686.4
1775451660,4686.5,4689.4,4683.4,4686.3
1775451720,4686.5,4686.7,4683.3,4684
1775451780,4683.9,4686.9,4683.7,4686.7
1775451840,4687.3,4688.8,4686.7,4688.2
1775451900,4688.8,4690.8,4688.6,4690.3
1775451960,4690.9,4691,4687.7,4689.4
1775452020,4690.2,4694.5,4689.7,4694.5
1775452080,4694.2,4695,4693,4694.6
1775452140,4694.3,4696.7,4694.3,4696.7
1775452200,4696.7,4701.8,4695.3,4701.3
1775452260,4701.2,4702.3,4698.4,4699.9
1775452320,4699.4,4700.1,4696.6,4696.6
1775452380,4696.9,4699.7,4696.6,4697.4
1775452440,4698,4700.7,4698,4699.6
1775452500,4698.9,4701.4,4698.6,4700.7
1775452560,4700.9,4703,4700.9,4701.8
1775452620,4702.4,4702.7,4700.6,4702.7
1775452680,4702.8,4703.8,4701.4,4701.7
1775452740,4702.2,4703.3,4700.3,4703
1775452800,4703.1,4704.4,4701,4701.2
1775452860,4701.5,4701.8,4700.4,4700.8
1775452920,4700.5,4700.7,4699.5,4699.6
1775452980,4699,4699,4691.5,4698.3
1775453040,4698.4,4699.5,4698.4,4699.4
1775453100,4699,4699,4693.4,4694.2
1775453160,4694.3,4694.6,4693.4,4693.5
1775453220,4693.4,4694.3,4693.3,4694.3
1775453280,4694.1,4696.4,4692.6,4694.8
1775453340,4692.8,4695.2,4692.8,4693.6
1775453400,4693.9,4693.9,4691.3,4691.3
1775453460,4690.5,4693.3,4690.5,4693.3
1775453520,4693.4,4694.3,4690.6,4691.6
1775453580,4691.6,4692.5,4691.6,4691.7
1775453640,4691.7,4693.2,4691.7,4693.2
1775453700,4693.3,4693.9,4692.7,4693.9
1775453760,4693,4693.1,4693,4693
1775453820,4692.6,4692.9,4692.4,4692.4
1775453880,4691.6,4692.6,4691.6,4692.2
1775453940,4691.8,4692.2,4691.5,4692
1775454000,4691.8,4692.8,4688.8,4689.2
1775454060,4688.4,4689.8,4687,4689.8
1775454120,4689.9,4690.6,4688.1,4688.3
1775454180,4688,4688.5,4687.6,4688.2
1775454240,4688.3,4688.3,4687.1,4687.4
1775454300,4687.4,4687.9,4687.4,4687.9
1775454360,4686.9,4686.9,4685,4686
1775454420,4686,4688.8,4685.6,4688.8
1775454480,4688.5,4688.5,4685.2,4685.4
1775454540,4686.1,4686.3,4685.6,4685.8
1775454600,4685.6,4686.5,4684.7,4685.8
1775454660,4686,4690.7,4685.8,4689.1
1775454720,4689.4,4689.6,4688.2,4689.2
1775454780,4689.3,4691.1,4689.2,4690.8
1775454840,4690.9,4693,4690.9,4693
1775454900,4693.5,4693.6,4690,4690
1775454960,4689.2,4689.2,4685.8,4686.2
1775455020,4685.4,4685.4,4681.9,4681.9
1775455080,4681.8,4684.8,4681.2,4682.4
1775455140,4681.9,4682,4677.5,4678.5
1775455200,4678.7,4679.3,4669.3,4677.5
1775455260,4676.4,4677.7,4674.9,4675.5
1775455320,4675.6,4676.4,4674.8,4674.8
1775455380,4675.1,4675.6,4672.5,4675
1775455440,4675,4679,4674.9,4678.9
1775455500,4678.9,4681.1,4678.9,4680.9
1775455560,4681.3,4687.8,4680.8,4682.1
1775455620,4683,4684.8,4683,4684.4
1775455680,4684.4,4685.4,4684,4684.7
1775455740,4685.3,4685.3,4683.8,4683.9
1775455800,4683.5,4686.1,4682.8,4685.7
1775455860,4685.4,4685.9,4685,4685.7
1775455920,4685.4,4685.7,4684.9,4685.1
1775455980,4685.3,4685.8,4685.3,4685.4
1775456040,4685.4,4687.7,4685.4,4687.3
1775456100,4687,4688,4687,4687.2
1775456160,4687.3,4687.3,4684.5,4684.9
1775456220,4685.3,4686.1,4685,4686.1
1775456280,4685.8,4686.1,4685.7,4685.8
1775456340,4685.9,4685.9,4684.2,4684.2
1775456400,4684.2,4685.3,4683.4,4684.5
1775456460,4684.2,4684.9,4683.6,4684.9
1775456520,4685.3,4686,4681.5,4682.4
1775456580,4682.4,4682.4,4679.3,4680
1775456640,4680.3,4681.3,4679.8,4680.7
1775456700,4680.2,4680.7,4678,4680.1
1775456760,4680,4683.3,4680,4682.9
1775456820,4683,4683.9,4682,4682
1775456880,4681.9,4682.9,4681.5,4681.5
1775456940,4681.3,4682.5,4680.7,4682.5
1775457000,4682.7,4682.7,4681.9,4682.5
1775457060,4681.8,4684.7,4681.4,4684.3
1775457120,4685.4,4685.4,4683.6,4685
1775457180,4684.4,4685,4684,4685
1775457300,4683.2,4684.1,4683.2,4683.9
1775457360,4684,4684,4681.5,4682.6
1775457420,4682.5,4682.5,4678.9,4678.9
1775457480,4678.5,4678.8,4677.4,4678.4
1775457540,4677.7,4680.7,4677.7,4680.5
1775457600,4680.1,4681.5,4679.2,4679.2
1775457660,4679,4680,4678.7,4679.7
1775457720,4681.2,4681.2,4680.7,4680.9
1775457780,4681.3,4683.8,4681.1,4683.6
1775457840,4682.6,4682.6,4681.3,4681.3
1775457900,4680.6,4682.2,4680.2,4681.9
1775457960,4680.7,4681,4679.4,4680.7
1775458020,4680.5,4681.5,4679.7,4681
1775458080,4681.2,4682,4680.7,4682
1775458140,4681.8,4681.8,4681.7,4681.7
1775458200,4681.3,4689.4,4681.3,4689.4
1775458260,4689.9,4691.2,4688.4,4691.1
1775458320,4690.1,4693.3,4688.8,4691.1
1775458380,4690.4,4690.4,4686.6,4688.4
1775458440,4687.9,4689,4686.8,4687.5
1775458500,4688.2,4688.3,4685.3,4685.3
1775458560,4686.5,4687,4685.8,4686.6
1775458620,4686.3,4689.2,4684,4689.2
1775458680,4689.1,4690.3,4688.1,4688.2
1775458740,4688.4,4691.7,4688.4,4691.7
1775458800,4691.9,4692.1,4689.6,4690.4
1775458860,4690,4690,4685.9,4687.9
1775458920,4687.5,4688.1,4687.4,4687.5
1775458980,4688,4689.6,4686.4,4686.4
1775459040,4685.8,4686,4684,4684
1775459100,4684.4,4684.7,4682.9,4684.4
1775459160,4685.2,4685.5,4683.4,4684.4
1775459220,4684,4685,4683.3,4683.9
1775459280,4683.4,4684.6,4682.9,4684.5
1775459340,4683.9,4683.9,4680.7,4681.9
1775459400,4681.8,4681.9,4680.6,4681.9
1775459460,4681.7,4681.7,4678.4,4678.5
1775459520,4678.6,4678.6,4675,4676.4
1775459580,4676,4676.8,4675.4,4676.5
1775459640,4676.3,4677.4,4673.7,4677.4
1775459700,4677.7,4679.9,4676.4,4679.3
1775459760,4679.2,4681.4,4676.4,4676.7
1775459820,4677,4678,4675.8,4675.8
1775459880,4676.5,4676.6,4672.2,4675
1775459940,4675.1,4676.3,4674.9,4674.9
1775460000,4675,4675.5,4674.8,4674.8
1775460060,4674.8,4675.3,4674.6,4674.6
1775460120,4675,4675.1,4674,4674.2
1775460180,4673.8,4674.6,4672.8,4674.4
1775460240,4674.8,4675,4670.8,4670.8
1775460300,4671,4672,4670.3,4671.6
1775460360,4671.3,4672.3,4671.3,4672.1
1775460420,4672.8,4672.8,4671.2,4672.2
1775460480,4672,4675.5,4671.7,4675.5
1775460540,4675.4,4676.1,4674.7,4675.9
1775460600,4676,4677.6,4676,4676.7
1775460660,4676.5,4678,4676.5,4677.1
1775460720,4677.2,4677.4,4676.5,4677.2
1775460780,4677.9,4679.4,4677.7,4677.7
1775460840,4677.9,4678.5,4677.9,4678.5
1775460900,4678.9,4682,4678.8,4680.4
1775460960,4680.4,4681.5,4679.7,4680.9
1775461020,4681.7,4682.6,4681.3,4682.1
1775461080,4681.5,4681.5,4679.9,4681.5
1775461140,4681.2,4683.2,4680.2,4682.3
1775461200,4682.6,4683.4,4681.8,4682
1775461260,4682.3,4685.3,4682.3,4684.6
1775461320,4685,4690,4684.6,4689.9
1775461380,4689.8,4691.1,4689.5,4690
1775461440,4690,4690,4688.3,4689.1
1775461500,4690.2,4690.9,4688.8,4688.8
1775461560,4689.2,4690.3,4688,4689.5
1775461620,4688.6,4690.1,4688.5,4689.1
1775461680,4689.2,4691.7,4689,4691.7
1775461740,4692,4697.4,4691.4,4696.8
1775461800,4697.6,4702.6,4697.6,4702.1
1775461860,4702,4707.1,4701.3,4704.4
1775461920,4704.2,4709,4702.9,4708.1
1775461980,4707.7,4709.4,4706.5,4708.8
1775462040,4709,4711.7,4704.7,4705.7
1775462100,4706.6,4710.1,4706.2,4709.5
1775462160,4710,4712,4709.9,4712
1775462220,4711.4,4713.7,4710.1,4710.8
1775462280,4710.4,4714.3,4709.9,4713.5
1775462340,4713.6,4713.8,4708.1,4710.5
1775462400,4710.4,4711.8,4704.7,4711.1
1775462460,4711.5,4713,4709.4,4711.3
1775462520,4712,4713.3,4710.1,4712.8
1775462580,4713.2,4714.6,4711.5,4714.6
1775462640,4714.8,4720.9,4713.6,4719.7
1775462700,4719,4719.3,4712.7,4713.3
1775462760,4713.3,4714.4,4710.5,4711.5
1775462820,4711.5,4711.5,4709.5,4710.8
1775462880,4710.3,4711,4708.2,4710.1
1775462940,4709.7,4711.3,4709.5,4710.5
1775463000,4710.2,4710.8,4709.6,4710.6
1775463060,4710.1,4713,4709.4,4712
1775463120,4712.6,4714.1,4712.6,4714.1
1775463180,4714.4,4716.6,4713.9,4715.4
1775463240,4715.3,4718,4715.2,4715.2
1775463300,4715.3,4718.4,4714.5,4715
1775463360,4714.4,4717.3,4713,4716.2
1775463420,4716.7,4717.1,4715.1,4715.7
1775463480,4715.4,4715.4,4712.8,4712.8
1775463540,4713.4,4713.6,4710.8,4713
1775463600,4712.1,4712.9,4710.6,4711.2
1775463660,4711.2,4713.9,4710.8,4711.8
1775463720,4712,4712.1,4711.3,4712
1775463780,4713,4715.9,4712.8,4715.9
1775463840,4715.5,4719.5,4714.5,4719.5
1775463900,4718.4,4722,4717.8,4721.4
1775463960,4722,4722,4719.1,4720
1775464020,4720.1,4720.5,4718.2,4719
1775464080,4718.8,4718.8,4715.8,4716.4
1775464140,4717,4719.3,4717,4717.1
1775464200,4717,4719.8,4716.6,4717
1775464260,4716.8,4718.1,4716.2,4717.8
1775464320,4717.8,4719.1,4715.9,4717.8
1775464380,4717.9,4718.8,4717.2,4718.6
1775464440,4719.2,4721,4719.2,4720.1
1775464500,4720.4,4720.4,4718.7,4719.2
1775464560,4719.9,4722,4717,4717
1775464620,4717.7,4719.3,4716.8,4718.8
1775464680,4718.9,4720.3,4718.5,4719.6
1775464740,4720.2,4720.3,4716.3,4716.4
1775464800,4716.2,4717.8,4716.2,4717.8
1775464860,4717.6,4717.7,4715.9,4716.7
1775464920,4716.6,4717.5,4716.1,4716.8
1775464980,4716.3,4718.2,4716.3,4718.2
1775465040,4718.3,4719.9,4718,4718.8
1775465100,4719.3,4722.7,4719.1,4721.3
1775465160,4720.8,4723,4719.5,4722.9
1775465220,4722.5,4722.7,4719.2,4720.9
1775465280,4720.5,4722.1,4719.6,4722
1775465340,4722.9,4722.9,4721,4722.4
1775465400,4723.1,4723.5,4721.1,4721.8
1775465460,4721.5,4721.5,4720.2,4720.3
1775465520,4720.3,4720.8,4718.2,4719
1775465580,4718.6,4719.1,4717.9,4717.9
1775465640,4719.3,4721,4718.7,4720.6
1775465700,4720.8,4721,4719.9,4719.9
1775465760,4720.5,4723.4,4720.5,4721.4
1775465820,4721.8,4723.3,4721.8,4723.1
1775465880,4722.8,4724.7,4722.7,4722.9
1775465940,4723,4723.6,4721.7,4722.8
1775466000,4722.8,4729.4,4722.8,4724.7
1775466060,4724.7,4725.3,4723.4,4724.8
1775466120,4725.1,4726.4,4724.4,4725.2
1775466180,4725.4,4728,4725.2,4726.8
1775466240,4726.5,4727.4,4723.4,4725.8
1775466300,4725.5,4728.4,4725.5,4727.1
1775466360,4727.2,4729.3,4727.2,4729.3
1775466420,4729,4729.5,4726.2,4727.3
1775466480,4728.1,4728.2,4725.3,4725.5
1775466540,4726.1,4727,4724.7,4725.6
1775466600,4725.3,4725.4,4724.7,4725.2
1775466660,4724.9,4725.7,4723.6,4725
1775466720,4724.7,4725.6,4724.7,4725.2
1775466780,4724.9,4726.7,4724.9,4726
1775466840,4726.2,4727.4,4726.2,4727.2
1775466900,4727.6,4728.3,4726.7,4726.7
1775466960,4726,4730,4726,4726.7
1775467020,4727.2,4729.5,4726.6,4726.8
1775467080,4727.4,4727.4,4724.6,4725.9
1775467140,4725.4,4726.5,4725.3,4726.5
1775467200,4726.3,4727.6,4726.3,4726.5
1775467260,4726,4727,4726,4726.5
1775467320,4727.5,4728,4727.2,4727.2
1775467380,4727.2,4727.2,4723.2,4723.7
1775467440,4723.5,4729.1,4723.5,4727.7
1775467500,4727.7,4729.6,4727.2,4727.5
1775467560,4727.7,4728.7,4725.8,4727.1
1775467620,4726.7,4728.8,4726.4,4726.4
1775467680,4726.6,4728.3,4726.1,4728.3
1775467740,4727.8,4729.1,4727.8,4729.1
1775467800,4729.1,4730.8,4729.1,4729.1
1775467860,4729.1,4731.4,4727.9,4729.8
1775467920,4729.6,4730.1,4727.3,4730.1
1775467980,4730.6,4731.7,4729.5,4729.5
1775468040,4729.2,4730.4,4728.7,4730.4
1775468100,4730.3,4730.3,4728.8,4730.3
1775468160,4730.3,4731.2,4729.1,4729.7
1775468220,4729.4,4729.4,4729,4729
1775468280,4729.2,4729.8,4728.7,4729.4
1775468340,4728.9,4729.5,4728.4,4729.2
1775468400,4729.3,4729.7,4728.8,4729.1
1775468460,4729.2,4729.5,4728.8,4729
1775468520,4729.2,4731.7,4729.2,4731.6
1775468580,4732,4733.1,4730.8,4730.8
1775468640,4731.6,4732.1,4730.1,4730.1
1775468700,4730,4731.4,4728.5,4728.8
1775468760,4729,4730.2,4728.1,4730
1775468820,4729,4729.5,4726.8,4726.8
1775468880,4726.7,4728.6,4726.7,4728.3
1775468940,4728.2,4728.2,4727,4727.2
1775469000,4726.9,4726.9,4718.8,4723.4
1775469060,4722.8,4725.7,4722.8,4725.3
1775469120,4725,4726.1,4723.6,4724.2
1775469180,4724.9,4725.7,4722.5,4722.5
1775469240,4722.1,4722.1,4717.5,4720.4
1775469300,4720.5,4721.5,4719,4721.2
1775469360,4720.9,4720.9,4718.4,4719.8
1775469420,4720,4720,4718.1,4718.7
1775469480,4718.5,4719.2,4717,4719.1
1775469540,4719.3,4721.5,4719.3,4719.9
1775469600,4720,4721.1,4719.6,4720.7
1775469660,4720.9,4722,4719.8,4721.6
1775469720,4721.7,4723.9,4721.6,4723.1
1775469780,4722.7,4722.9,4719.6,4721.7
1775469840,4721.7,4723.8,4721.7,4723.8
1775469900,4723.9,4723.9,4722.1,4722.1
1775469960,4722.2,4722.9,4720.9,4722.8
1775470020,4722.3,4723.3,4720,4720.4
1775470080,4720.3,4720.4,4718,4719.8
1775470140,4719.2,4721.7,4718.2,4720.1
1775470200,4720.2,4723.4,4719.3,4722.5
1775470260,4722.7,4722.7,4719.5,4719.5
1775470320,4719,4719.3,4717.6,4718.5
1775470380,4718.3,4718.8,4716.9,4718.2
1775470440,4717.8,4717.8,4712.4,4712.8
1775470500,4713.2,4715,4712.8,4714.4
1775470560,4714.2,4716.7,4714.2,4716.2
1775470620,4715.9,4716.5,4715.4,4715.9
1775470680,4715.5,4715.6,4714.7,4715.5
1775470740,4716.5,4717,4716.5,4717
1775470800,4716.5,4717.4,4716,4717.4
1775470860,4717.4,4719.3,4717.4,4719.3
1775470920,4718.6,4719.6,4716,4717.1
1775470980,4717.6,4718.5,4717.6,4717.7
1775471040,4717.3,4717.3,4715,4715.6
1775471100,4715.6,4716.2,4714,4714
1775471160,4715,4715.2,4712.2,4713.3
1775471220,4713.4,4713.9,4712.9,4712.9
1775471280,4713.8,4714,4713.2,4713.9
1775471340,4713.9,4716,4713.9,4716
1775471400,4715.7,4716.6,4715.2,4715.7
1775471460,4716.9,4717,4716.1,4716.9
1775471520,4717.2,4719.5,4716.9,4719.1
1775471580,4719,4720.1,4719,4720
1775471640,4719.6,4719.6,4715.4,4716
1775471700,4716,4716.9,4714.2,4714.2
1775471760,4714,4715.2,4714,4714.8
1775471820,4714.9,4717.1,4714.9,4717.1
1775471880,4717.2,4717.9,4717,4717
1775471940,4716.3,4718.2,4716.2,4718.1
1775472000,4718.3,4721.3,4718.3,4720.7
1775472060,4720.8,4721.5,4720.4,4721.2
1775472120,4721.2,4721.6,4720.8,4721.6
1775472180,4721.3,4721.7,4719.9,4721.5
1775472240,4722.1,4723.6,4721.6,4721.6
1775472300,4722,4722.3,4719.3,4720.6
1775472360,4721.1,4721.1,4710.1,4713.3
1775472420,4714,4716,4713.5,4715
1775472480,4716,4718.9,4715,4718.9
1775472540,4719,4719.4,4717.9,4718.9
1775472600,4719.3,4720,4717.9,4719.8
1775472660,4719.6,4719.7,4717.7,4718
1775472720,4718.9,4719.4,4718.7,4718.8
1775472780,4719,4720.5,4719,4720.5
1775472840,4719.9,4720,4716.8,4716.8
1775472900,4717.2,4718.8,4717,4717.4
1775472960,4718.4,4719,4717.5,4717.5
1775473020,4717.1,4717.3,4715.3,4717.2
1775473080,4716.4,4716.4,4715,4715.9
1775473140,4716,4716.4,4715.3,4715.3
1775473200,4716.3,4717,4715.5,4716.8
1775473260,4717.8,4720,4717.8,4718.8
1775473320,4718.5,4722.1,4718.5,4721.4
1775473380,4721.5,4722.7,4721,4721.3
1775473440,4721.8,4721.8,4719.3,4719.3
1775473500,4718.8,4720.4,4718.8,4720.2
1775473560,4720.4,4720.8,4720,4720.3
1775473620,4719.8,4720.5,4718.3,4720.5
1775473680,4722,4723.2,4720.8,4720.9
1775473740,4721.1,4721.1,4718.3,4719
1775473800,4718.8,4719.5,4718.6,4719.4
1775473860,4718.3,4718.3,4715.4,4715.7
1775473920,4715.3,4716.3,4715.3,4715.9
1775473980,4716.3,4716.3,4715.9,4716.2
1775474040,4716.6,4717.1,4715.8,4716
1775474100,4715.3,4716.6,4714.4,4716
1775474160,4714.6,4715.8,4714.6,4715.7
1775474220,4715.6,4717.5,4715.4,4717.5
1775474280,4717.2,4717.2,4715.6,4716.3
1775474340,4716.9,4718.1,4716.5,4718.1
1775474400,4717.5,4718.6,4716.5,4716.7
1775474460,4716.9,4717,4715,4715.4
1775474520,4715,4715.2,4711.4,4711.8
1775474580,4712.3,4714.8,4712.3,4714.8
1775474640,4714.3,4714.8,4714,4714.1
1775474700,4714.2,4715.2,4712.8,4713.3
1775474760,4712.3,4713.5,4712.3,4712.6
1775474820,4713.1,4714.1,4713.1,4713.5
1775474880,4715.8,4716.8,4715.7,4716.5
1775474940,4715.3,4715.6,4714.9,4714.9
1775475000,4714.9,4714.9,4713.7,4714.5
1775475060,4714.8,4715.2,4713.9,4714.8
1775475120,4714.6,4714.6,4714.4,4714.4
1775475180,4715.5,4716.8,4715.5,4716.7
1775475240,4716.7,4716.7,4714.1,4715.8
1775475300,4714.9,4715,4713.3,4714.3
1775475360,4714,4714.9,4713.9,4713.9
1775475420,4714.2,4715.9,4712.8,4713.4
1775475480,4713,4713.3,4711.7,4712
1775475540,4712.1,4720.7,4711.5,4715.6
1775475600,4715.6,4720,4715.5,4719.7
1775475660,4719.6,4720.8,4717.9,4718.2
1775475720,4716.6,4717.7,4716.1,4717
1775475780,4716.7,4717.3,4715.5,4716.6
1775475840,4716.4,4716.4,4711.6,4711.7
1775475900,4711.9,4711.9,4709.5,4710.4
1775475960,4710.6,4710.6,4708.9,4710.4
1775476020,4709.6,4712.2,4707.6,4710.4
1775476080,4710,4710.8,4708,4709.8
1775476140,4709.2,4709.4,4708.7,4709
1775476200,4708.8,4709,4706.9,4707.7
1775476260,4707.8,4708.5,4705.2,4708.5
1775476320,4708.4,4709.8,4708.4,4709.2
1775476380,4709.2,4709.9,4708.4,4708.4
1775476440,4708.2,4710,4707.6,4709.6
1775476500,4710,4710.8,4710,4710.2
1775476560,4710,4710,4706.1,4706.7
1775476620,4705.9,4706.6,4704.2,4705.5
1775476680,4705.1,4705.6,4704,4704.2
1775476740,4704.3,4705,4703.4,4704.6
1775476800,4704.9,4708,4704.9,4707.1
1775476860,4707.1,4708.5,4706.2,4708.4
1775476920,4708.4,4709.8,4708.3,4709.4
1775476980,4709.2,4709.9,4708.7,4709.9
1775477040,4709.2,4709.5,4708.9,4708.9
1775477100,4708.8,4712.4,4708.8,4710.6
1775477160,4711.4,4712.9,4710.8,4710.8
1775477220,4710.1,4710.1,4706.1,4707
1775477280,4706.4,4706.8,4704.6,4705.3
1775477340,4705.7,4707.4,4705.7,4705.9
1775477400,4706,4706,4704.6,4705.1
1775477460,4704.4,4704.4,4700.1,4701
1775477520,4701.2,4702.8,4700.7,4701.1
1775477580,4700.9,4701,4697.7,4698.6
1775477640,4698.2,4699.7,4698,4699
1775477700,4698.3,4698.7,4696.2,4696.6
1775477760,4696.6,4698.8,4695.4,4698.4
1775477820,4698.6,4698.9,4697.1,4697.1
1775477880,4697.5,4700.2,4697,4699.3
1775477940,4699.3,4699.4,4698,4699.4
1775478000,4699,4699.6,4693.8,4694.6
1775478060,4695,4695.6,4691.7,4691.7
1775478120,4691,4693.5,4688,4688.8
1775478180,4688.9,4691.7,4687.5,4690.9
1775478240,4690.9,4691.3,4688.4,4689.9
1775478300,4689.7,4690.3,4685.6,4686.8
1775478360,4687.2,4690.8,4687.2,4689.7
1775478420,4689.3,4692.1,4689,4692.1
1775478480,4691.9,4693.9,4691.9,4692.5
1775478540,4692.6,4692.9,4691.1,4692.1
1775478600,4692.5,4694.5,4692,4694.3
1775478660,4694.8,4698.8,4694.5,4698.1
1775478720,4697.6,4698.8,4696.9,4698.8
1775478780,4699.2,4701.4,4698.6,4701.4
1775478840,4701.5,4701.7,4698,4699.4
1775478900,4699.5,4701.2,4696,4698.6
1775478960,4698.6,4701.3,4696.7,4700.7
1775479020,4700.4,4703.3,4700.3,4702.6
1775479080,4702.6,4703.6,4701.6,4701.6
1775479140,4702.1,4703,4701.6,4702.2
1775479200,4702.3,4704.9,4701.1,4701.1
1775479260,4701.6,4701.6,4699.3,4701.4
1775479320,4701.3,4701.8,4701.1,4701.2
1775479380,4701.5,4702.1,4700.2,4701.5
1775479440,4701.4,4702.8,4699.9,4702.8
1775479500,4703,4705.5,4703,4703.2
1775479560,4703.9,4704.3,4702.5,4703
1775479620,4703.1,4704.1,4701.9,4701.9
1775479680,4702.3,4705.6,4702.3,4705.4
1775479740,4705.7,4707.1,4704.6,4704.6
1775479800,4704.3,4704.7,4703.5,4704.1
1775479860,4704.4,4704.4,4703,4703.7
1775479920,4702,4702.4,4699.6,4701.2
1775479980,4701.1,4702.1,4700.3,4702.1
1775480040,4701.6,4703.2,4701.6,4702.6
1775480100,4702.7,4704.2,4702.5,4704.2
1775480160,4704.2,4704.2,4700.3,4700.7
1775480220,4700.8,4701.4,4699.6,4701
1775480280,4700.7,4701.3,4700.3,4700.6
1775480340,4700.6,4701.8,4700.4,4701.5
1775480400,4701.8,4703.3,4701.1,4702.3
1775480460,4701.2,4701.5,4699.6,4701
1775480520,4700,4703.5,4698.9,4701.2
1775480580,4699.8,4700,4698.5,4698.5
1775480640,4699.2,4699.5,4697,4697.6
1775480700,4697.2,4698.3,4688.6,4694.2
1775480760,4694.9,4695.5,4693.4,4694.1
1775480820,4693.4,4693.4,4687.6,4688.3
1775480880,4688.4,4691.4,4687.7,4688.2
1775480940,4689,4695.5,4688.7,4695.4
1775481000,4695.6,4696.5,4694,4694.5
1775481060,4695.1,4696.8,4693.6,4695.1
1775481120,4695.3,4696.2,4694.5,4696.2
1775481180,4696.4,4696.8,4694,4694
1775481240,4693.5,4695.1,4692.7,4693.7
1775481300,4694.7,4694.9,4692,4694.6
1775481360,4695.2,4695.2,4692.3,4694.9
1775481420,4694.4,4694.4,4692.4,4692.5
1775481480,4693.1,4694,4693.1,4693.4
1775481540,4693.2,4693.2,4689.2,4689.2
1775481600,4689,4691.2,4688.4,4690.4
1775481660,4690.5,4691.2,4684.5,4686.4
1775481720,4687.4,4693.8,4685.6,4692.4
1775481780,4692.5,4696.6,4692.5,4694.4
1775481840,4694.8,4698.4,4694.4,4697.8
1775481900,4697.8,4698.7,4694,4694.2
1775481960,4694,4695.4,4693.8,4695.4
1775482020,4695.4,4697.9,4695.4,4697
1775482080,4697.2,4697.6,4695.9,4696.3
1775482140,4696.3,4696.3,4692.7,4694
1775482200,4694.3,4701.6,4694.3,4697.8
1775482260,4697.7,4702,4697.1,4699.1
1775482320,4698.3,4699.5,4686.6,4689.5
1775482380,4689.1,4700,4689.1,4696.9
1775482440,4696.3,4696.4,4691.4,4696.1
1775482500,4696.8,4699,4696.2,4696.9
1775482560,4696.4,4696.6,4689.4,4691.1
1775482620,4691,4696,4690.5,4694.1
1775482680,4694.6,4696.4,4693.3,4695.4
1775482740,4695.4,4700.9,4695.4,4698.2
1775482800,4699.7,4700.4,4695.4,4700.4
1775482860,4700.5,4704.6,4698.8,4704.2
1775482920,4704.2,4704.8,4702.3,4702.6
1775482980,4701.6,4703.8,4697.2,4698.4
1775483040,4697.5,4698.5,4690.9,4691
1775483100,4691.8,4694.7,4690.3,4693.5
1775483160,4693.8,4702.4,4693.1,4697.7
1775483220,4696.9,4699,4695.8,4696
1775483280,4696.2,4696.6,4693.1,4696.5
1775483340,4695.2,4695.4,4687.2,4690.6
1775483400,4689.6,4694.7,4689.3,4694.2
1775483460,4694.5,4698.4,4694.5,4696.9
1775483520,4696.4,4704.6,4696,4700.4
1775483580,4700.3,4703.9,4698.9,4703.6
1775483640,4704.3,4706.3,4702.8,4705
1775483700,4705.1,4705.5,4701,4701.2
1775483760,4701.3,4708.2,4701.3,4706.6
1775483820,4707.2,4707.7,4705.5,4705.7
1775483880,4706.2,4706.2,4703.2,4704.3
1775483940,4704.9,4706.7,4704.9,4705.6
1775484000,4707.4,4716.9,4705.6,4710.1
1775484060,4710,4711.1,4707.6,4708.2
1775484120,4707.7,4709.6,4704.6,4704.6
1775484180,4705.6,4705.6,4700.9,4701.6
1775484240,4701.2,4703,4694.7,4695.8
1775484300,4695.8,4699.8,4692.1,4693.5
1775484360,4695.4,4696.4,4692.2,4694.1
1775484420,4693.8,4696.4,4692.6,4692.9
1775484480,4693.5,4694.5,4691.8,4694
1775484540,4694.6,4697,4694.4,4697
1775484600,4697.5,4698,4686,4689.3
1775484660,4689.6,4693.2,4688.4,4691.6
1775484720,4691.2,4694.8,4690.1,4691.5
1775484780,4692.3,4696,4691.5,4695.9
1775484840,4695,4698.4,4694.2,4698.2
1775484900,4698.7,4699.6,4696.4,4697
1775484960,4698.4,4699.2,4696.8,4699.2
1775485020,4699.6,4703.2,4698.8,4702.9
1775485080,4702.6,4703.9,4700,4703.4
1775485140,4702.8,4709,4702.4,4708.7
1775485200,4709.3,4712.3,4703,4705.5
1775485260,4705.5,4709.4,4704.9,4706.8
1775485320,4707.4,4711.3,4706.6,4709.2
1775485380,4709.1,4710.7,4706.8,4709
1775485440,4709,4711.9,4708.7,4711.9
1775485500,4711.8,4712.6,4709.6,4711.2
1775485560,4712,4714,4710.5,4713.4
1775485620,4712.5,4713.8,4711.3,4712
1775485680,4711.3,4713.9,4710,4713.4
1775485740,4712.9,4714.4,4711.5,4712.4
1775485800,4712.6,4715.5,4711.1,4715.5
1775485860,4715.6,4716,4713,4713.3
1775485920,4714.1,4715.6,4710.9,4712.3
1775485980,4712.2,4712.4,4709,4711.5
1775486040,4711.4,4718.1,4711.3,4717.8
1775486100,4717.6,4724,4717.2,4719.3
1775486160,4719.1,4721.1,4715.9,4716.8
1775486220,4716.5,4717.4,4714.6,4714.6
1775486280,4714.5,4719.9,4705,4707.3
1775486340,4707.5,4712.1,4707.3,4710.1
1775486400,4709.8,4713.6,4708.3,4713.2
1775486460,4714.6,4718,4714.1,4715.1
1775486520,4715.7,4716.3,4711.9,4711.9
1775486580,4712.7,4715.1,4711,4715.1
1775486640,4715.3,4716,4710.1,4710.6
1775486700,4710.1,4710.1,4705.5,4705.5
1775486760,4705.4,4707.8,4703.5,4707.7
1775486820,4708.3,4708.5,4704.5,4706.6
1775486880,4706.9,4707.4,4704.6,4705.3
1775486940,4705.7,4706.1,4703.5,4703.5
1775487000,4705,4705.7,4701.5,4702.9
1775487060,4703,4709,4700.9,4707.5
1775487120,4707.1,4709.8,4705.4,4709.8
1775487180,4709.1,4712.2,4709.1,4711.2
1775487240,4710.3,4711.1,4708.1,4710.3
1775487300,4710.3,4710.4,4706.9,4707.7
1775487360,4707.7,4711.3,4705.6,4711.3
1775487420,4711.5,4714,4710.9,4711.8
1775487480,4711.8,4713.7,4711.1,4713.1
1775487540,4713.1,4713.1,4708,4708.6
1775487600,4709,4709.7,4704.6,4705
1775487660,4704.8,4704.9,4701.1,4703.5
1775487720,4703.9,4705,4698.3,4701.7
1775487780,4701.6,4701.8,4696,4696.6
1775487840,4697.1,4698.7,4694.8,4697.9
1775487900,4697.6,4697.7,4692,4694.5
1775487960,4694.6,4695.2,4689.6,4691.8
1775488020,4692,4697.7,4690.9,4697.3
1775488080,4697.5,4698.2,4693.1,4694.6
1775488140,4694.5,4694.5,4692,4693
1775488200,4692.5,4693.5,4686.7,4687.6
1775488260,4688.2,4695.8,4687.6,4693.3
1775488320,4693.5,4693.7,4689.5,4692
1775488380,4691.7,4693.5,4691,4691.5
1775488440,4690.4,4690.4,4686.5,4687.5
1775488500,4687.3,4689,4680.1,4683.7
1775488560,4683.9,4686.3,4680.4,4685.7
1775488620,4685.2,4687.8,4683.8,4686.6
1775488680,4686.7,4691,4686.5,4688.4
1775488740,4687.7,4692.4,4687.3,4691.5
1775488800,4692,4694.2,4691.7,4694
1775488860,4693.8,4694.4,4690.5,4694.4
1775488920,4694.2,4695.4,4691.8,4693.7
1775488980,4693.6,4694.7,4690.7,4691.6
1775489040,4691.5,4691.7,4689.8,4691
1775489100,4690.4,4690.4,4687,4687.6
1775489160,4687.1,4689.1,4686.9,4687.8
1775489220,4688.6,4693,4687.9,4691.9
1775489280,4692.4,4693.3,4690.9,4692.9
1775489340,4693,4693.5,4691.4,4692.4
1775489400,4692.8,4695,4692.3,4693.9
1775489460,4694.5,4696.2,4693.8,4694.1
1775489520,4694.4,4695.5,4692.9,4692.9
1775489580,4693.1,4695.6,4692.3,4694.9
1775489640,4695.6,4695.6,4692.8,4692.8
1775489700,4692.5,4692.7,4691.1,4692
1775489760,4693,4693,4688.6,4689.5
1775489820,4689.5,4689.5,4681.1,4682.6
1775489880,4682.5,4682.5,4678,4679.6
1775489940,4679.8,4681,4677.4,4680.6
1775490000,4680,4682.7,4680,4682.6
1775490060,4681.8,4682.4,4678.9,4681.7
1775490120,4682.5,4685,4680.7,4682.4
1775490180,4682.1,4685.2,4680.5,4683.4
1775490240,4683.1,4686.3,4682.7,4686.2
1775490300,4685.7,4686.7,4685,4686
1775490360,4686.3,4689.7,4686.3,4689.2
1775490420,4689.1,4691.7,4687.7,4690.4
1775490480,4690.4,4691.2,4688.8,4688.9
1775490540,4688.8,4689.9,4688.8,4689.3
1775490600,4689,4690.4,4687.9,4689.9
1775490660,4689.8,4691.6,4689,4690.8
1775490720,4691.7,4693,4690.1,4692.9
1775490780,4692.1,4693.3,4689.8,4690.1
1775490840,4689.8,4690.6,4689.5,4690.6
1775490900,4690.6,4690.6,4688.5,4689
1775490960,4689.2,4690.1,4688.3,4689.3
1775491020,4689.7,4691.1,4689.4,4691
1775491080,4691.1,4691.8,4690.7,4690.8
1775491140,4691.3,4694.5,4691.3,4693.4
1775491200,4693.5,4695.5,4693.2,4694.8
1775491260,4694.4,4695.4,4693.3,4695.1
1775491320,4694.8,4695.7,4691.7,4692.7
1775491380,4692.6,4694.2,4690.2,4694.2
1775491440,4694.1,4694.2,4691.5,4691.8
1775491500,4691.5,4692.3,4690.6,4691.3
1775491560,4692,4692.2,4690,4690.8
1775491620,4691.4,4691.6,4689.8,4690.2
1775491680,4690.2,4691,4688.1,4688.1
1775491740,4688.7,4689.7,4688.4,4688.8
1775491800,4688.7,4690.2,4687.8,4690.2
1775491860,4689.7,4693.4,4689.7,4693.4
1775491920,4693.2,4694.6,4691.9,4692.4
1775491980,4692.7,4694.4,4692.7,4694.4
1775492040,4694.6,4696.9,4694.3,4695.4
1775492100,4695.9,4696.5,4694.3,4694.8
1775492160,4695.1,4697.4,4695,4696.9
1775492220,4697.2,4698,4690.1,4692.9
1775492280,4693.3,4693.6,4690.5,4692.1
1775492340,4692.4,4694.6,4692.4,4693.7
1775492400,4693.5,4695,4692.2,4695
1775492460,4694.7,4695.9,4690.1,4692.3
1775492520,4692.5,4693.1,4691.8,4691.8
1775492580,4691.6,4693.4,4691.6,4693.4
1775492640,4693.8,4694.2,4692,4693.3
1775492700,4694.3,4695.3,4694.2,4694.8
1775492760,4694.8,4694.8,4693.4,4693.5
1775492820,4692.9,4692.9,4691.4,4692.3
1775492880,4692.2,4693.5,4691.5,4693.5
1775492940,4693.5,4693.5,4691.1,4691.1
1775493000,4690.9,4691.6,4689.8,4691.4
1775493060,4691.4,4692.7,4691.2,4691.8
1775493120,4692.1,4692.5,4691.9,4692.3
1775493180,4692.2,4692.9,4691.3,4691.7
1775493240,4691.3,4693,4691.3,4692.2
1775493300,4692.4,4693,4692,4692.6
1775493360,4693.1,4693.2,4692,4692.4
1775493420,4692.5,4693.3,4692,4692.6
1775493480,4692.9,4696.4,4692.5,4692.9
1775493540,4692.6,4693.4,4689.8,4689.8
1775493600,4690.4,4690.4,4689.1,4689.7
1775493660,4689.4,4691.1,4689.4,4691.1
1775493720,4691.6,4691.6,4690.4,4691.5
1775493780,4691.1,4691.5,4690.7,4690.7
1775493840,4691.2,4691.2,4688.2,4688.8
1775493900,4688.7,4688.7,4687.6,4687.6
1775493960,4687.4,4689.5,4686.8,4689.4
1775494020,4689,4689.6,4688.1,4688.1
1775494080,4688.6,4690.8,4688.6,4689.4
1775494140,4689.1,4690.6,4688.8,4690.3
1775494200,4690.6,4692.2,4690.1,4691.5
1775494260,4691.4,4692.1,4690.4,4691
1775494320,4691,4691.6,4690.6,4691.1
1775494380,4690.8,4692.1,4690.1,4690.6
1775494440,4690.7,4691.2,4687.5,4687.9
1775494500,4688.4,4688.5,4686.1,4686.2
1775494560,4686.6,4686.7,4685.3,4685.8
1775494620,4686,4687.4,4686,4686.4
1775494680,4686,4686.5,4683.4,4684.4
1775494740,4684,4686,4683.9,4685.6
1775494800,4685.9,4686.2,4683,4683.3
1775494860,4683.4,4685.8,4683.4,4684.9
1775494920,4685.9,4686.7,4681.9,4682.3
1775494980,4682.6,4682.8,4680.3,4682.4
1775495040,4682.6,4684.6,4681.7,4684.6
1775495100,4683.8,4683.8,4682.2,4683.1
1775495160,4682,4683.7,4681.3,4683.4
1775495220,4683.4,4685.7,4683.4,4684.4
1775495280,4684.6,4685.7,4684.2,4685.2
1775495340,4684.7,4685.1,4683.5,4683.8
1775495400,4683.8,4685.6,4680.9,4682.3
1775495460,4682,4684,4681.7,4684
1775495520,4683.1,4684.2,4676.1,4676.5
1775495580,4677.3,4681.8,4675.3,4676.7
1775495640,4676.9,4681.8,4671.4,4679
1775495700,4679,4680.3,4676.5,4678.1
1775495760,4678.5,4680.6,4676,4679.1
1775495820,4679.4,4684.8,4679.4,4682.2
1775495880,4682.1,4684.3,4681.2,4682.7
1775495940,4683.4,4686.3,4683.2,4686.1
1775496000,4685.9,4686.7,4684,4684.4
1775496060,4684.7,4686.4,4684.2,4686.2
1775496120,4685.8,4686.9,4684.4,4685.9
1775496180,4685.2,4687.2,4685,4685.9
1775496240,4686.1,4687.3,4685.3,4686.6
1775496300,4686.4,4687,4684.5,4686.5
1775496360,4686.3,4687.4,4685.5,4687
1775496420,4687.2,4687.7,4686,4686.5
1775496480,4686.3,4687.6,4686.1,4686.6
1775496540,4686.7,4688.1,4682.1,4683.1
1775496600,4683.2,4684.8,4679.6,4680.2
1775496660,4681,4684.6,4680.5,4683.3
1775496720,4683.8,4685.2,4683.8,4684.8
1775496780,4684.9,4687,4684.4,4686.3
1775496840,4687,4688.6,4685.8,4686.5
1775496900,4686.3,4687.5,4686.2,4686.6
1775496960,4686.2,4687.4,4686,4687.4
1775497020,4687.1,4687.3,4686.4,4686.7
1775497080,4686.4,4687,4685.6,4686.5
1775497140,4687.1,4687.5,4686.2,4687.2
1775497200,4687.3,4687.4,4685.5,4685.7
1775497260,4685.8,4685.8,4682.8,4683.2
1775497320,4683.7,4683.7,4682,4683.4
1775497380,4684.2,4684.5,4681.9,4683.1
1775497440,4682.7,4684.2,4682,4683.6
1775497500,4683.5,4684.3,4683,4683
1775497560,4682.6,4682.9,4681,4681.3
1775497620,4681.4,4681.4,4680,4680.2
1775497680,4680.1,4681.8,4678.4,4679
1775497740,4678.9,4679.8,4678.5,4678.8
1775497800,4679.6,4681.9,4678.8,4680.8
1775497860,4680.4,4681,4679.5,4680.9
1775497920,4680.5,4682.2,4679.8,4681.8
1775497980,4682.3,4683.5,4681.7,4681.7
1775498040,4681.8,4682.2,4681.8,4682.2
1775498100,4682.4,4683.2,4680.4,4680.4
1775498160,4680.7,4681.1,4680.5,4681.1
1775498220,4681.9,4682.5,4681.4,4681.4
1775498280,4681.7,4682.3,4681,4681.4
1775498340,4681.6,4681.7,4680,4680.6
1775498400,4680.8,4680.9,4680.3,4680.3
1775498460,4681.1,4681.7,4680.7,4681
1775498520,4680.5,4681.2,4680.3,4680.3
1775498580,4681.5,4682,4677.8,4678.4
1775498640,4677.9,4681.4,4677.9,4680.2
1775498700,4679.3,4681.1,4679,4681.1
1775498760,4680.5,4683.1,4680,4681.8
1775498820,4681.8,4683.6,4681.2,4683.6
1775498880,4684,4685,4683.8,4684.6
1775498940,4684.7,4685.3,4684.2,4685
1775499000,4685.6,4687.9,4685.4,4687.9
1775499060,4687.2,4694,4687,4692.3
1775499120,4692.7,4692.7,4687.9,4689.3
1775499180,4689.7,4689.7,4687.1,4688.2
1775499240,4687.9,4687.9,4684.7,4685.9
1775499300,4686.4,4690.7,4686.4,4690.7
1775499360,4690.1,4691.3,4689,4689.3
1775499420,4689.2,4689.9,4688.5,4688.9
1775499480,4689.3,4691.2,4688.5,4690.5
1775499540,4690.4,4691.4,4689.7,4689.8
1775499600,4690.5,4690.8,4690.1,4690.2
1775499660,4689.3,4689.8,4688,4689.7
1775499720,4689.5,4689.7,4688.3,4688.7
1775499780,4688.7,4689.3,4688.7,4689.3
1775499840,4689.1,4690.9,4688.2,4689.9
1775499900,4689.1,4689.9,4688.1,4689.9
1775499960,4689.6,4689.6,4688.2,4688.7
1775500020,4688.2,4692,4687.7,4691.1
1775500080,4691.8,4691.9,4689.7,4689.7
1775500140,4689.5,4689.6,4687.1,4687.2
1775500200,4687.7,4691,4687.7,4689.2
1775500260,4688.8,4690.4,4688.5,4690.2
1775500320,4690.7,4690.7,4687.7,4689.2
1775500380,4688.3,4689.1,4687.6,4687.6
1775500440,4686.6,4687.2,4684.5,4686.1
1775500500,4686.5,4687.6,4685.1,4685.1
1775500560,4685,4685.3,4683.6,4684.3
1775500620,4683,4683.6,4681.8,4681.8
1775500680,4681.5,4681.6,4679.8,4680.4
1775500740,4680,4680.7,4676.4,4676.8
1775500800,4677,4678.4,4676.2,4677.9
1775500860,4678.1,4678.4,4677,4678.4
1775500920,4678.4,4679.5,4678.4,4679.1
1775500980,4678.9,4678.9,4676.5,4677.7
1775501040,4678,4678.5,4677.4,4677.4
1775501100,4677.7,4679.1,4676.2,4678.5
1775501160,4678.8,4678.9,4677.5,4678
1775501220,4678,4678.6,4677.6,4677.7
1775501280,4677.1,4678.2,4677,4678.2
1775501340,4678.1,4678.5,4677.4,4677.7
1775501400,4677.6,4678.4,4677.3,4677.5
1775501460,4677.5,4678.5,4676.9,4676.9
1775501520,4677.4,4677.8,4676.4,4676.5
1775501580,4676.4,4677.7,4675.9,4677.1
1775501640,4677.3,4679.6,4677.1,4678.6
1775501700,4678.2,4679.3,4676.8,4676.8
1775501760,4676.3,4685.3,4676.1,4684.9
1775501820,4685.5,4685.5,4682.9,4683.2
1775501880,4683.5,4685.9,4683.3,4685.1
1775501940,4685.1,4686,4684.4,4685.2
1775502000,4685.2,4686.2,4684,4685.7
1775502060,4685.8,4686.6,4684.2,4684.2
1775502120,4684.7,4685.2,4683,4684.3
1775502180,4684.5,4684.7,4683.1,4684.7
1775502240,4684.9,4685.2,4684.5,4685.2
1775502300,4685.8,4686.5,4684.3,4684.5
1775502360,4684.7,4684.7,4683.5,4684
1775502420,4683.8,4683.8,4678.9,4679
1775502480,4679.1,4679.3,4677,4677.4
1775502540,4677.7,4678.9,4677.7,4678.1
1775502600,4678,4680.1,4677.9,4680.1
1775502660,4680.2,4680.8,4679,4680.1
1775502720,4679.7,4679.7,4678.5,4678.7
1775502780,4678.9,4679.3,4678.4,4678.6
1775502840,4678.5,4678.8,4677.3,4677.8
1775502900,4677.8,4678.4,4677.5,4677.6
1775502960,4678,4678.1,4675.4,4676.1
1775503020,4676.3,4676.3,4672.7,4673.3
1775503080,4673.3,4675.5,4672.6,4675.1
1775503140,4675,4676.5,4674.9,4675
1775503200,4675.9,4675.9,4674.1,4674.9
1775503260,4675.6,4676,4675.3,4675.3
1775503320,4675,4675.6,4674.2,4675.6
1775503380,4675.8,4676.1,4674.6,4674.6
1775503440,4674.7,4674.9,4674,4674.3
1775503500,4674.3,4675.5,4673.4,4675.5
1775503560,4675.9,4676.5,4674.5,4674.5
1775503620,4674.6,4676.2,4674.5,4676.1
1775503680,4676,4676.2,4675.2,4676.1
1775503740,4676.5,4677.5,4676.4,4677.3
1775503800,4677.5,4680,4677.5,4680
1775503860,4680,4681,4678.3,4678.3
1775503920,4678.3,4679.2,4678.3,4678.7
1775503980,4678.5,4679,4678.5,4678.9
1775504040,4678.8,4679.2,4678.4,4678.4
1775504100,4678.6,4680.1,4678.1,4680
1775504160,4679.9,4680.1,4679.2,4679.8
1775504220,4679.4,4680.1,4679.3,4679.7
1775504280,4679.6,4679.7,4679.1,4679.1
1775504340,4679.2,4679.2,4677.6,4678
1775504400,4678.1,4678.6,4678,4678.1
1775504460,4677.9,4677.9,4675.8,4675.8
1775504520,4676,4676.5,4675.8,4675.9
1775504580,4676.4,4677.2,4675.8,4677.2
1775504640,4677.1,4679.2,4677.1,4678.7
1775504700,4678.5,4681.4,4678.5,4681.4
1775504760,4680.9,4681.2,4678.6,4678.6
1775504820,4678.7,4680,4678.7,4679.2
1775504880,4679.4,4681.8,4679.4,4681.5
1775504940,4681.5,4682.7,4681.5,4682.6
1775505000,4682.8,4683.5,4681.6,4683.2
1775505060,4683,4683.3,4681.5,4682.3
1775505120,4682,4682,4681.2,4681.5
1775505180,4681.7,4683.3,4681.4,4682.6
1775505240,4682.4,4682.4,4681,4681
1775505300,4681.4,4685.2,4681.3,4683.2
1775505360,4683,4683,4682,4683
1775505420,4682.5,4682.5,4681.4,4681.8
1775505480,4681.6,4682.1,4681,4682.1
1775505540,4682.4,4682.9,4681.7,4682.2
1775505600,4682.6,4684.4,4681.6,4682.6
1775505660,4682.6,4682.8,4680.9,4681.2
1775505720,4681.4,4681.4,4679.9,4680
1775505780,4680.4,4682.3,4680.3,4681.3
1775505840,4681.3,4682.5,4681.2,4682.2
1775505900,4682.2,4682.2,4680.5,4680.5
1775505960,4680.8,4681,4680,4680.7
1775506020,4680.9,4680.9,4679.7,4680.2
1775506080,4679.8,4679.8,4679.2,4679.5
1775506140,4679.5,4680.4,4679.5,4680.3
1775506200,4680.5,4681.6,4680.2,4681.1
1775506260,4681.4,4683,4680.7,4683
1775506320,4682.4,4682.9,4682,4682.3
1775506380,4682.7,4683.2,4682.6,4682.9
1775506440,4682.8,4684.5,4682.8,4684.5
1775506500,4684.3,4684.7,4683.8,4684.3
1775506560,4683.5,4684.8,4683.5,4684.8
1775506620,4684.2,4685,4684,4684
1775506680,4684.1,4684.6,4683.5,4684.6
1775506740,4684,4684,4683.3,4683.4
1775506860,4683.8,4685.1,4683.7,4684.9
1775506920,4684.9,4684.9,4682.7,4682.7
1775506980,4682.7,4683.1,4682.6,4683.1
1775507040,4683.5,4684,4683.5,4683.6
1775507100,4683.3,4683.7,4683.3,4683.7
1775507160,4683.3,4684.6,4683.3,4684.6
1775507220,4684.5,4684.5,4683.5,4684.2
1775507280,4683.9,4683.9,4683.7,4683.7
1775507340,4683.7,4684.5,4682.8,4683.1
1775507400,4683.3,4684.1,4683.3,4684.1
1775507460,4684,4684.5,4684,4684.4
1775507520,4684.7,4685,4684.3,4685
1775507580,4685.2,4685.6,4685,4685
1775507640,4685.3,4685.3,4684.2,4684.2
1775507700,4684,4684,4683.4,4683.4
1775507760,4683.8,4683.8,4682.7,4683
1775507820,4683.2,4683.2,4682,4682.8
1775507880,4683.3,4683.3,4681.8,4682
1775507940,4682.7,4682.7,4679.5,4679.5
1775508000,4680,4680.2,4678.1,4678.9
1775508060,4678.4,4680.5,4678.4,4680
1775508120,4681,4681.1,4679.7,4680.7
1775508180,4680.9,4680.9,4680.6,4680.6
1775508240,4680.3,4680.3,4679.9,4679.9
1775508300,4680.1,4681.5,4679.8,4680
1775508360,4681.1,4681.1,4680.5,4680.5
1775508420,4680,4680,4679.5,4679.8
1775508480,4680,4680,4678.6,4678.6
1775508540,4678.5,4678.5,4677.4,4677.4
1775508600,4677.1,4677.4,4676.7,4677.4
1775508660,4677.7,4678.5,4677.7,4678.5
1775508720,4678.4,4679,4677.8,4677.8
1775508780,4677.9,4679.1,4677.9,4678.8
1775508840,4678.9,4678.9,4678.9,4678.9
1775508900,4679,4679,4678.6,4678.6
1775508960,4678.2,4679.2,4678.2,4679.2
1775509020,4678.6,4678.6,4676.6,4676.6
1775509080,4676.5,4678,4676.5,4677.8
1775509140,4677.3,4677.3,4674.6,4676.1
1775512800,4678.6,4687.3,4675.6,4685.3
1775512860,4686,4691.8,4686,4690.4
1775512920,4690.2,4693.1,4687.3,4692.8
1775512980,4690.1,4692.9,4688.6,4689
1775513040,4689.6,4690.7,4688.1,4688.1
1775513100,4689,4694.7,4689,4693.4
1775513160,4694.9,4694.9,4691.1,4692.2
1775513220,4691.7,4691.8,4688.1,4690
1775513280,4691.6,4693.3,4691.5,4691.7
1775513340,4692.4,4694.4,4692,4694.1
1775513400,4694.5,4694.5,4692.2,4693.6
1775513460,4692.4,4692.5,4691.1,4691.1
1775513520,4692.4,4694.5,4691.7,4692.5
1775513580,4692.2,4692.2,4692,4692
1775513640,4691.3,4691.3,4690.8,4690.8
1775513700,4690,4690.8,4689,4689.6
1775513760,4690.8,4690.8,4688.7,4690.6
1775513820,4691.7,4692.2,4690.9,4691.7
1775513880,4693.2,4693.2,4692.1,4692.8
1775513940,4691.7,4692.3,4691.6,4691.6
1775514000,4691.8,4691.8,4690.8,4690.8
1775514060,4690.2,4690.5,4690,4690.5
1775514120,4690,4690,4687.9,4688.8
1775514180,4688.7,4688.9,4685.7,4686.5
1775514240,4686.7,4688.1,4686,4687.4
1775514300,4688.2,4689.9,4688.2,4689.3
1775514360,4688.6,4689.5,4687.3,4688
1775514420,4687.8,4688.8,4687.8,4688.8
1775514480,4688.8,4688.8,4686.5,4687.1
1775514540,4687.6,4689,4687.6,4689
1775514600,4689.1,4689.5,4689.1,4689.2
1775514660,4689.1,4689.1,4688,4688.2
1775514720,4688,4688,4686.5,4687.3
1775514780,4686.5,4687.3,4685.8,4687.3
1775514840,4686.9,4686.9,4686.3,4686.3
1775514900,4686.6,4686.7,4685.3,4686.7
1775515020,4686.5,4688.3,4686,4687.8
1775515080,4687.8,4688.4,4686.9,4687
1775515140,4687.4,4687.8,4686.7,4687.4
1775515200,4687.8,4688.1,4687.5,4687.8
1775515260,4687.9,4688.3,4687.2,4687.2
1775515320,4688,4688.4,4687.3,4687.3
1775515380,4687.4,4687.4,4686.5,4686.7
1775515440,4686.9,4686.9,4686,4686
1775515500,4685.9,4687.2,4684.8,4687.2
1775515560,4687.4,4687.6,4686.8,4687.6
1775515620,4687.3,4687.3,4687.3,4687.3
1775515680,4687.9,4689,4687.9,4688
1775515740,4688.7,4689,4687.3,4687.7
1775515800,4688.1,4688.3,4687,4687.6
1775515860,4686.3,4686.3,4686.3,4686.3
1775515920,4685.9,4685.9,4685.7,4685.7
1775515980,4686.2,4686.3,4684.3,4685
1775516040,4684.3,4684.4,4683.6,4684.3
1775516100,4684.2,4684.2,4684.2,4684.2
1775516160,4683.8,4684.3,4683.3,4683.8
1775516220,4683.5,4684.2,4683.1,4684.2
1775516280,4684.4,4684.8,4684.4,4684.7
1775516340,4684.7,4685.1,4684.7,4685.1
1775516400,4684.9,4685,4683.4,4683.4
1775516460,4684.3,4685.9,4684.3,4685.9
1775516520,4685,4685,4684.5,4684.5
1775516580,4685.1,4685.4,4685.1,4685.4
1775516640,4685.7,4685.8,4685.7,4685.8
1775516700,4686.9,4687.9,4686.7,4686.7
1775516760,4686.7,4687.1,4686.7,4687
1775516820,4686.9,4686.9,4684.4,4684.9
1775516880,4685.8,4686.5,4685.5,4685.5
1775516940,4685.3,4687.5,4685,4687.5
1775517000,4686.5,4688,4686.4,4687
1775517060,4686.8,4687.5,4686.7,4687.5
1775517120,4686.4,4686.6,4686.4,4686.6
1775517180,4687.9,4687.9,4687.7,4687.8
1775517240,4687.1,4687.1,4685.9,4686.6
1775517300,4686.9,4687.4,4686.9,4687.4
1775517360,4687.1,4687.1,4687.1,4687.1
1775517420,4686.7,4686.7,4685.9,4685.9
1775517480,4687.3,4687.5,4684.8,4686.3
1775517540,4686.2,4686.2,4684.3,4684.3
1775517600,4684.9,4685.2,4684.5,4685.2
1775517660,4685,4685,4681.1,4681.6
1775517720,4681,4681,4680.4,4680.5
1775517780,4680.7,4681.2,4679.8,4680.4
1775517840,4680.7,4680.7,4679.9,4679.9
1775517900,4679.8,4680.8,4679.8,4680.8
1775517960,4681.4,4681.6,4680.9,4681.6
1775518020,4681.6,4681.6,4680.4,4681.3
1775518080,4680.9,4681.9,4680.9,4681.5
1775518200,4680.7,4681.4,4680.1,4681.4
1775518260,4681.4,4681.4,4680.4,4680.4
1775518320,4680.4,4681.2,4680,4681.2
1775518380,4681.3,4681.3,4681.3,4681.3
1775518440,4681.8,4681.9,4680.7,4680.7
1775518500,4680.1,4680.1,4678.7,4679
1775518560,4678.6,4679.8,4677.9,4679.2
1775518620,4679.8,4681.1,4678.9,4680.5
1775518680,4680.4,4680.8,4680.4,4680.8
1775518740,4681.6,4682,4681.6,4681.7
1775518800,4681.9,4683.1,4681.9,4682.4
1775518860,4682.7,4683,4682.7,4683
1775518920,4681.8,4682.9,4681.8,4682.9
1775518980,4682.2,4682.2,4680.3,4680.3
1775519040,4680.2,4682,4679.2,4681.9
1775519100,4681.9,4683.7,4681.9,4682.9
1775519160,4682.9,4682.9,4680.9,4681.8
1775519220,4681.6,4682.5,4681.6,4682.3
1775519280,4682.6,4682.9,4682.6,4682.9
1775519340,4683,4683.6,4683,4683
1775519400,4682.5,4682.5,4681.5,4682.2
1775519460,4682.5,4684.3,4682.5,4683.9
1775519520,4684.3,4686.3,4684.1,4686.2
1775519580,4686.1,4686.1,4684.5,4686
1775519640,4685.6,4686.6,4685.6,4686.5
1775519700,4686.5,4686.6,4686.1,4686.1
1775519760,4685.6,4686.2,4685.3,4685.9
1775519820,4685.3,4685.4,4684.4,4684.7
1775519880,4685,4685,4684.6,4684.6
1775519940,4685.1,4687.3,4684.9,4685.9
1775520000,4685.9,4686,4677.3,4678.5
1775520060,4678.7,4679.5,4676,4676.9
1775520120,4677.8,4678.9,4675.8,4677.6
1775520180,4677.9,4679.3,4677,4677.3
1775520240,4677.9,4682.4,4677.9,4681.3
1775520300,4681.6,4682.3,4679.2,4680
1775520360,4680.1,4681.6,4678.3,4679.5
1775520420,4679.9,4680.1,4678.4,4678.4
1775520480,4678,4681.1,4677.5,4680.8
1775520540,4680.9,4681.5,4680.3,4680.3
1775520600,4680.4,4683.4,4680.1,4683.4
1775520660,4682.9,4684.7,4682.9,4683.8
1775520720,4684.3,4687.1,4683,4686.7
1775520780,4686.7,4688.2,4686,4686.1
1775520840,4686.9,4686.9,4682.5,4684.7
1775520900,4685.4,4688.4,4685.4,4687.1
1775520960,4687.1,4688,4686.3,4687.6
1775521020,4688.1,4688.1,4686.8,4687.7
1775521080,4687.4,4687.6,4685.5,4686.7
1775521140,4686.2,4687.3,4685.1,4685.9
1775521200,4685.6,4685.7,4683.9,4683.9
1775521260,4684.5,4686.4,4683.7,4685.3
1775521320,4685.9,4686,4684.9,4685.1
1775521380,4685.3,4686,4683.8,4684
1775521440,4684.2,4686.5,4684.2,4686
1775521500,4686.5,4687.3,4686.4,4686.4
1775521560,4686.5,4686.8,4686.2,4686.2
1775521620,4685.9,4686.9,4685,4685
1775521680,4685.1,4685.4,4684.5,4685.1
1775521740,4685.5,4686.5,4685.5,4686
1775521800,4686.1,4686.9,4684.9,4685.2
1775521860,4686.2,4688.1,4686.2,4687.6
1775521920,4687.1,4687.1,4685.6,4686
1775521980,4687.1,4687.5,4687,4687.3
1775522040,4686.8,4688.4,4686.8,4688.1
1775522100,4687.8,4688.1,4687.4,4687.9
1775522160,4688.1,4688.1,4686.5,4687.4
1775522220,4687.3,4688.1,4686.6,4687.9
1775522280,4687.6,4688.3,4686.8,4688.3
1775522340,4687.8,4688.3,4687,4687.5
1775522400,4687.5,4687.5,4687.1,4687.3
1775522460,4687.1,4688.1,4687.1,4688.1
1775522520,4687.7,4688.3,4687,4687.1
1775522580,4686.6,4688,4685.8,4687.7
1775522640,4687.9,4688,4687.6,4687.7
1775522700,4687.6,4689.1,4687.3,4688.5
1775522760,4688.5,4688.8,4686.5,4686.8
1775522820,4687.1,4688.9,4687.1,4687.3
1775522880,4687.6,4688.7,4686,4686
1775522940,4686,4686.1,4685.5,4686.1
1775523000,4686.1,4686.1,4684.5,4684.5
1775523060,4684.4,4684.5,4682.3,4683.8
1775523120,4683.3,4686.1,4683.3,4686.1
1775523180,4685.4,4685.5,4684,4685.5
1775523240,4686.2,4686.4,4683.4,4684.2
1775523300,4684.7,4684.7,4684.7,4684.7
1775523360,4682.7,4684.7,4682.7,4683.5
1775523420,4683.2,4684.2,4683,4683.1
1775523480,4683.7,4684.6,4683.6,4683.7
1775523540,4682.5,4682.7,4681.3,4681.9
1775523600,4681.4,4681.4,4651.6,4669.6
1775523660,4669.2,4676.3,4659.3,4675
1775523720,4675.7,4685,4675.7,4683.7
1775523780,4683.2,4688.1,4680.6,4685.3
1775523840,4685.9,4690,4685,4688.9
1775523900,4688.5,4690,4684.4,4685.7
1775523960,4687,4689.2,4686.6,4687.8
1775524020,4687.3,4691.4,4686.2,4690.2
1775524080,4690.6,4692,4684.2,4685.5
1775524140,4685.9,4685.9,4664,4671
1775524200,4670.7,4672.9,4655.6,4662.5
1775524260,4663.7,4668.5,4659.5,4668.5
1775524320,4668.7,4672.5,4666,4666.3
1775524380,4667.6,4670.4,4664.6,4666.3
1775524440,4666.1,4668.1,4664.4,4667.9
1775524500,4666.6,4670.4,4664.2,4667.4
1775524560,4667.5,4675.5,4665.9,4672.6
1775524620,4672.9,4676.1,4672,4675.4
1775524680,4675.6,4677.5,4673.3,4675.2
1775524740,4674,4677.6,4673.9,4677.4
1775524800,4677.3,4684,4676.9,4681.3
1775524860,4681.5,4683.3,4679.1,4681.6
1775524920,4680.2,4682.2,4678.7,4681
1775524980,4680.4,4680.5,4675.8,4675.8
1775525040,4676.2,4678.5,4675.8,4675.8
1775525100,4676.2,4678.2,4675,4675
1775525160,4674.1,4678.5,4672,4677.9
1775525220,4678.7,4681,4676.8,4679.9
1775525280,4679.5,4680.2,4678,4679.3
1775525340,4679.6,4681.1,4678.2,4680.9
1775525400,4681,4682.6,4678.4,4680.1
1775525460,4679.9,4682.8,4677.2,4682.5
1775525520,4682.4,4687.5,4682.3,4685.8
1775525580,4685.7,4687.5,4684.8,4686.4
1775525640,4686.3,4689,4683.4,4683.5
1775525700,4683.8,4685.9,4681.3,4683.2
1775525760,4683,4684.1,4677.6,4677.6
1775525820,4678.1,4678.1,4665.8,4668.4
1775525880,4668.3,4670.5,4655.7,4660
1775525940,4660.2,4666.4,4654,4664.7
1775526000,4664.7,4667.6,4660.4,4662.7
1775526060,4662.2,4669.7,4661.9,4667.9
1775526120,4667.5,4672.8,4667.2,4668.7
1775526180,4669.3,4670.1,4666.4,4667.5
1775526240,4667.1,4667.7,4663.9,4667.1
1775526300,4667.2,4671.1,4667.1,4667.8
1775526360,4668.3,4671.8,4668.3,4671.1
1775526420,4672,4672.4,4670.4,4671
1775526480,4671.5,4671.5,4664.8,4665.4
1775526540,4664.9,4665.2,4659.6,4659.6
1775526600,4659.7,4662.1,4655,4661.5
1775526660,4662.3,4662.3,4654.1,4656.3
1775526720,4656.1,4657.1,4644,4645.2
1775526780,4645.4,4654.4,4645,4650.5
1775526840,4651,4654,4650.5,4653
1775526900,4651,4651,4646.7,4649.8
1775526960,4648.9,4648.9,4641.4,4642.7
1775527020,4642.9,4651.2,4642.9,4649.1
1775527080,4649.2,4651.6,4648.9,4649.8
1775527140,4650.2,4652.8,4648.6,4651.9
1775527200,4652.3,4654.6,4648.7,4653.9
1775527260,4653.8,4654.6,4650,4650.1
1775527320,4650.6,4654,4649.1,4652.3
1775527380,4652.9,4657.4,4652.9,4655.3
1775527440,4654.9,4655.3,4653.3,4653.3
1775527500,4653.1,4656.4,4651.9,4653.3
1775527560,4653.3,4655.1,4652.4,4655.1
1775527620,4654.3,4655,4645.1,4645.1
1775527680,4645.3,4652.4,4645,4652.4
1775527740,4652.5,4657,4652,4655.7
1775527800,4657.8,4659.4,4657.1,4657.4
1775527860,4657.3,4659,4653.1,4654.3
1775527920,4653.8,4655.2,4652.5,4653.3
1775527980,4653.7,4653.7,4649,4649
1775528040,4649.6,4653.9,4649.6,4651.1
1775528100,4650,4650.1,4647.5,4648.9
1775528160,4650.4,4651.5,4650.4,4650.8
1775528220,4651.1,4653.7,4651.1,4651.8
1775528280,4653.6,4654.4,4653.5,4654.4
1775528340,4654.9,4656.8,4654.2,4655.1
1775528400,4653.9,4656.4,4653.9,4655.3
1775528460,4656.2,4656.8,4652.9,4652.9
1775528520,4652.8,4654.7,4651.8,4654.7
1775528580,4654.1,4655.8,4654.1,4655.7
1775528640,4655.3,4656.5,4654.4,4655.6
1775528700,4655.1,4656,4654.7,4654.7
1775528760,4655.1,4656.3,4655.1,4656.3
1775528820,4656.5,4656.5,4655.5,4655.6
1775528880,4656.3,4659.1,4656.2,4657.9
1775528940,4658.1,4660.7,4658.1,4659.6
1775529000,4659.2,4665,4658.5,4663.5
1775529060,4662.3,4662.9,4661.1,4662
1775529120,4661.6,4663.6,4661.6,4662.3
1775529180,4663,4665.4,4662.6,4662.7
1775529240,4663.5,4663.6,4662.2,4662.6
1775529300,4663,4663.4,4661.3,4661.3
1775529360,4661,4664.6,4660.7,4664.1
1775529420,4664.6,4665.3,4662.8,4665
1775529480,4664.3,4666.1,4662.8,4664.6
1775529540,4664.8,4668,4663.9,4667.7
1775529600,4666.9,4668.5,4666.2,4667.8
1775529660,4668.5,4669.3,4667,4667
1775529720,4667.2,4668.1,4666.4,4668.1
1775529780,4667,4669.9,4666.7,4669.9
1775529840,4670,4672,4669.2,4671.4
1775529900,4670.9,4671.5,4670.1,4670.6
1775529960,4670.7,4674.3,4670,4674.3
1775530020,4673.5,4674,4671.4,4672.3
1775530080,4673,4677.4,4673,4677.4
1775530140,4676.9,4679.2,4676,4676.5
1775530200,4676.8,4678.5,4676,4678.5
1775530260,4677.8,4678.3,4675.6,4675.6
1775530320,4675.9,4678.5,4675,4678.5
1775530380,4677.9,4678.6,4677.1,4677.6
1775530440,4677.7,4678.1,4675.7,4676
1775530500,4675.4,4675.4,4668.7,4674.1
1775530560,4673.8,4674.5,4672.4,4672.6
1775530620,4673,4675.2,4672.8,4674.2
1775530680,4674,4676.3,4673.5,4675.1
1775530740,4675.8,4675.9,4674.5,4675.9
1775530800,4675.9,4675.9,4674.5,4674.6
1775530860,4674.6,4678.1,4674.6,4677.2
1775530920,4677.3,4679.4,4677,4679.4
1775530980,4679,4679.3,4677,4677.1
1775531040,4676,4676.5,4673.6,4673.8
1775531100,4671.5,4672.8,4670,4671.1
1775531160,4672,4673.6,4668.2,4669.1
1775531220,4668.9,4669.5,4668.8,4669.1
1775531280,4669,4671,4666.8,4671
1775531340,4670.4,4672.2,4670,4671.7
1775531400,4671.4,4673.1,4671.4,4672.4
1775531460,4671.6,4671.8,4669.6,4669.6
1775531520,4669.4,4670.4,4669.3,4669.6
1775531580,4670.2,4670.2,4668.5,4668.7
1775531640,4669.6,4670.1,4667.8,4670.1
1775531700,4670.1,4672.8,4669.9,4672
1775531760,4672,4672,4670.7,4671
1775531820,4670.8,4670.8,4669,4669.8
1775531880,4670.2,4670.6,4668.7,4669.5
1775531940,4668.7,4670.8,4666,4666.7
1775532000,4666.7,4667.6,4664.8,4667.6
1775532060,4667.1,4669.4,4667.1,4668.6
1775532120,4667.9,4668.6,4667,4668.6
1775532180,4668.4,4669.3,4667.7,4668.8
1775532240,4666.9,4668.4,4666.5,4667.1
1775532300,4666.9,4667.7,4665.2,4666.4
1775532360,4666.2,4666.6,4664.7,4665.6
1775532420,4665.8,4668.5,4665.4,4668.5
1775532480,4668.3,4668.7,4667.5,4668.1
1775532540,4668.7,4669.6,4667.6,4668.1
1775532600,4667.6,4669.3,4667.6,4669.3
1775532660,4669.9,4670.8,4669.4,4669.4
1775532720,4670.1,4674.8,4670.1,4672.4
1775532780,4672.5,4672.5,4671.5,4671.5
1775532840,4671.8,4671.8,4670.5,4671.3
1775532900,4670.9,4671.1,4670.1,4670.5
1775532960,4671.1,4671.1,4668.2,4668.7
1775533020,4669.8,4669.8,4668.8,4668.8
1775533080,4669.6,4670.3,4669.6,4670.3
1775533140,4670.8,4671.2,4670.7,4670.7
1775533200,4671.3,4672,4669.6,4671.3
1775533260,4671.1,4671.1,4668.9,4669.6
1775533320,4669.9,4671,4669.9,4671
1775533380,4670.8,4672,4670.8,4671.6
1775533440,4671.8,4673.2,4671.8,4673.1
1775533500,4673.2,4674.1,4673,4674
1775533560,4674.4,4674.7,4674.3,4674.3
1775533620,4674.4,4674.4,4673.4,4674.3
1775533680,4673.7,4674.2,4673.2,4673.4
1775533740,4673.8,4673.8,4672.2,4672.2
1775533800,4672.9,4674.7,4672.6,4674.2
1775533860,4674.2,4674.5,4674,4674
1775533920,4674,4674.3,4673.1,4674.3
1775533980,4674.2,4674.9,4673.1,4673.1
1775534040,4673.9,4673.9,4673,4673
1775534100,4672.9,4673.3,4672.8,4673.2
1775534160,4674.1,4674.5,4673.9,4674.1
1775534220,4674.1,4675.9,4674.1,4675
1775534280,4675.4,4676.4,4674.9,4674.9
1775534340,4674.7,4674.8,4673.7,4674.8
1775534400,4675.2,4675.6,4673.9,4674.7
1775534460,4674.7,4675.7,4674.2,4675.7
1775534520,4676.6,4676.7,4675.2,4675.2
1775534580,4675.1,4676.4,4675.1,4676
1775534640,4676.2,4676.2,4674.2,4674.8
1775534700,4674.7,4674.7,4673.5,4674
1775534760,4673.6,4674.4,4673.1,4674.2
1775534820,4674,4674.3,4673.9,4673.9
1775534880,4674.3,4675,4673.9,4674.4
1775534940,4674.7,4674.7,4673.6,4673.6
1775535000,4673.7,4675.1,4673.4,4674.6
1775535060,4674.2,4674.2,4672.9,4672.9
1775535120,4672.8,4672.8,4671.7,4671.9
1775535180,4672,4672.3,4671.2,4671.2
1775535240,4671,4671.3,4670.8,4671.3
1775535300,4671.2,4673.4,4671.2,4672.7
1775535360,4673.9,4674.5,4673.9,4673.9
1775535420,4673.4,4674.2,4671.7,4671.7
1775535480,4671.5,4673.6,4671.1,4673.2
1775535540,4673.5,4674.6,4672.8,4674.6
1775535600,4674.1,4674.1,4673.4,4673.5
1775535660,4673.3,4674.4,4673.3,4673.9
1775535720,4673.7,4674.4,4673.2,4673.4
1775535780,4673.2,4674.8,4673.1,4674.8
1775535840,4674.3,4674.9,4674.3,4674.9
1775535900,4675,4675.8,4674.5,4675.1
1775535960,4674.7,4675.5,4674.6,4675.5
1775536020,4674.7,4675.3,4674.7,4675.2
1775536080,4674.8,4675.9,4674.7,4675.1
1775536140,4675.3,4676.7,4675.2,4675.2
1775536200,4675.1,4678.5,4674.9,4678
1775536260,4677.7,4681.4,4676.9,4680.6
1775536320,4680.5,4682.8,4680.5,4681.5
1775536380,4680.7,4681.1,4679.6,4681
1775536440,4681.7,4684,4681.7,4684
1775536500,4684.3,4686.2,4684.1,4684.1
1775536560,4684.6,4684.6,4683,4683.9
1775536620,4684.1,4684.1,4682.8,4682.8
1775536680,4684,4685.9,4684,4685.1
1775536740,4684.7,4686,4683.7,4683.9
1775536800,4684.1,4689.9,4684,4685.9
1775536860,4685.3,4686.8,4685.2,4686.1
1775536920,4685.7,4690.3,4685.5,4686.9
1775536980,4686.8,4687.6,4686.3,4687.4
1775537040,4687.7,4688.6,4686.6,4687.8
1775537100,4688.1,4688.1,4686.8,4687.3
1775537160,4687.7,4688.4,4687,4687.2
1775537220,4686.2,4688.1,4685.9,4687.3
1775537280,4687.6,4688.9,4687.6,4688.9
1775537340,4688.6,4688.9,4686.3,4686.3
1775537400,4687.5,4690,4686.8,4688.3
1775537460,4688.2,4688.2,4687.4,4687.8
1775537520,4688,4688.3,4687,4688.1
1775537580,4688.7,4689.1,4686.7,4687.5
1775537640,4687,4688.6,4687,4687.7
1775537700,4688.3,4689.3,4687.3,4688.4
1775537760,4688.1,4688.5,4687.3,4687.8
1775537820,4687,4687.8,4686.2,4687.4
1775537880,4688,4688,4686.7,4686.7
1775537940,4686.9,4686.9,4685.3,4686.4
1775538000,4686.9,4687.5,4685.9,4686
1775538060,4686.1,4686.7,4685.3,4685.5
1775538120,4685.6,4686.7,4684.8,4686.2
1775538180,4686.2,4686.2,4683.9,4684
1775538240,4683.6,4684,4682,4683.2
1775538300,4683,4684.3,4683,4684.3
1775538360,4684.1,4684.8,4683.3,4683.3
1775538420,4683.7,4683.8,4682.1,4682.4
1775538480,4683,4683,4682,4682.5
1775538540,4681.9,4681.9,4681,4681.6
1775538600,4681.5,4681.5,4681,4681.5
1775538660,4681,4681.5,4680.4,4680.8
1775538720,4681,4681,4680.4,4680.4
1775538780,4680.3,4682.9,4680.2,4682.6
1775538840,4682.5,4682.5,4681.7,4681.7
1775538900,4681.4,4681.9,4681.1,4681.3
1775538960,4681.6,4684.6,4681.1,4682.5
1775539020,4682.2,4682.2,4680.6,4681.1
1775539080,4681.3,4681.3,4679.7,4680.8
1775539140,4680.4,4681.1,4680.2,4681
1775539200,4680.4,4680.6,4679.7,4680.1
1775539260,4680.3,4680.3,4679.1,4680
1775539320,4679.6,4680.2,4679.2,4679.2
1775539380,4678.7,4678.7,4676.4,4677.4
1775539440,4677.1,4677.1,4673.5,4673.5
1775539500,4673.3,4673.8,4669.5,4670.3
1775539560,4670.4,4670.9,4663,4664.8
1775539620,4664.7,4665.7,4662.3,4662.7
1775539680,4661.5,4662.1,4657.5,4657.5
1775539740,4657.5,4661.3,4656,4658.3
1775539800,4658.4,4658.8,4648.4,4651.7
1775539860,4651.6,4659.3,4650.5,4654.9
1775539920,4655.3,4666.1,4653.1,4661.4
1775539980,4661.5,4662.4,4657.4,4661.8
1775540040,4661.8,4663,4657.1,4657.1
1775540100,4656.4,4660.9,4655.5,4659.6
1775540160,4660,4661.5,4659.7,4660.4
1775540220,4660.5,4664.5,4660.4,4664.5
1775540280,4664.9,4665.2,4662.4,4664
1775540340,4664.8,4668.3,4662.2,4665
1775540400,4665,4666.2,4663.9,4663.9
1775540460,4663.7,4663.7,4656.5,4658.6
1775540520,4657.6,4659.9,4655.8,4659.3
1775540580,4659.9,4659.9,4655.9,4659.3
1775540640,4658.9,4659.8,4655.9,4656.8
1775540700,4656.1,4658.1,4654.8,4658.1
1775540760,4659.4,4663.6,4659.4,4662
1775540820,4661.3,4663.2,4659,4663.2
1775540880,4662.6,4663.3,4660.5,4661
1775540940,4662.4,4662.5,4660.2,4660.7
1775541000,4661,4666.3,4661,4665.1
1775541060,4664.8,4665.8,4663.7,4663.7
1775541120,4664.7,4665.7,4662.9,4664.9
1775541180,4664.1,4665.6,4663.8,4665.6
1775541240,4665.2,4665.3,4663.2,4663.5
1775541300,4664,4667.3,4663.6,4667.2
1775541360,4667.5,4672,4667.5,4671.5
1775541420,4671.6,4671.6,4668.5,4669.6
1775541480,4669.3,4669.3,4666.2,4666.9
1775541540,4666.3,4668,4666.3,4668
1775541600,4668.1,4669,4663,4666.7
1775541660,4667,4667,4665.2,4665.8
1775541720,4666.6,4667.1,4665.4,4665.9
1775541780,4665.9,4668.2,4664.2,4666.6
1775541840,4666.5,4671,4665.8,4670.6
1775541900,4670.5,4671.1,4668.6,4668.7
1775541960,4668.3,4669.5,4667.2,4668.9
1775542020,4669.2,4671,4668.8,4669.4
1775542080,4670.2,4670.9,4669.5,4670.2
1775542140,4669.8,4670.9,4668.1,4669.5
1775542200,4669,4670.5,4668.5,4669
1775542260,4668.1,4672,4667.6,4672
1775542320,4672,4672.6,4668.6,4669.3
1775542380,4669.1,4671.3,4667.7,4670
1775542440,4670.1,4673.1,4669.6,4672.1
1775542500,4672.3,4673.3,4671.1,4673
1775542560,4673.1,4674,4670.1,4670.7
1775542620,4671.1,4673.2,4671.1,4671.3
1775542680,4670.7,4670.7,4669,4669
1775542740,4669.1,4669.3,4666.7,4668.1
1775542800,4667.1,4668.6,4666.4,4667
1775542860,4666.6,4667.3,4663.8,4666.2
1775542920,4666.4,4667.8,4662.8,4664.3
1775542980,4664.2,4665.1,4663.5,4664
1775543040,4664.2,4667.3,4664.2,4667.3
1775543100,4667.1,4669.9,4667.1,4669.4
1775543160,4669,4670,4666.3,4666.8
1775543220,4667.3,4667.3,4665.1,4666.1
1775543280,4665.8,4667.3,4664.2,4666.6
1775543340,4666.8,4668.8,4666.1,4666.1
1775543400,4666.5,4668.8,4666.3,4668.2
1775543460,4668.2,4669.1,4666.6,4667.9
1775543520,4667.4,4668.3,4666.4,4668
1775543580,4668,4671.2,4668,4670.8
1775543640,4670.4,4670.4,4668.6,4668.6
1775543700,4668.4,4670.8,4667.6,4670.2
1775543760,4671.2,4672.4,4668,4669.3
1775543820,4668.9,4671.4,4668.4,4669
1775543880,4669.6,4670.6,4668.9,4670.6
1775543940,4669.8,4671.2,4669.8,4671.1
1775544000,4670.9,4670.9,4669,4669
1775544060,4669.2,4670.8,4668.7,4670.6
1775544120,4671,4676.3,4671,4676.1
1775544180,4676.1,4679,4675.7,4678.3
1775544240,4678.2,4678.2,4676.4,4677.5
1775544300,4677.3,4677.5,4675,4676.6
1775544360,4676.4,4677.1,4674.9,4676.5
1775544420,4676.8,4677.7,4675.8,4676
1775544480,4676.3,4676.4,4674,4674.4
1775544540,4674.1,4676.1,4673.5,4675.9
1775544600,4675.8,4678.1,4675.8,4677.5
1775544660,4676.9,4677.9,4676.9,4677.5
1775544720,4676.6,4679.1,4676.3,4678.4
1775544780,4678.8,4679.1,4677.1,4678.3
1775544840,4678.2,4680.9,4677.7,4679.2
1775544900,4679,4680.2,4678,4680.1
1775544960,4679.7,4680.1,4678.5,4678.8
1775545020,4679.3,4681.9,4678.9,4680.1
1775545080,4680,4681.3,4678.7,4678.7
1775545140,4678.9,4679.4,4678,4678.7
1775545200,4678.9,4680.6,4677.8,4678
1775545260,4678.4,4678.9,4675.8,4678.9
1775545320,4678.8,4678.8,4675.7,4676.9
1775545380,4676.8,4678.5,4676.6,4677.9
1775545440,4678.1,4678.4,4676.5,4676.9
1775545500,4677,4677.3,4675,4677
1775545560,4677,4677.9,4675.6,4676.9
1775545620,4676.5,4678.4,4674.4,4678.1
1775545680,4678.1,4678.2,4674.6,4676.6
1775545740,4676.6,4681.1,4676,4679.1
1775545800,4679.7,4680.6,4679.3,4680.4
1775545860,4681,4682.3,4677.8,4678.7
1775545920,4678.5,4678.5,4677.7,4678.4
1775545980,4678.1,4678.1,4674.7,4677.4
1775546040,4677.8,4678.2,4676.8,4677
1775546100,4676,4677.1,4673.9,4674.6
1775546160,4674.4,4677,4674.4,4675.8
1775546220,4676.5,4677.7,4676,4677.6
1775546280,4678.7,4679.2,4676.8,4678.8
1775546340,4678.7,4678.7,4677.1,4677.3
1775546400,4677.6,4679.1,4677.4,4677.4
1775546460,4677.1,4678.3,4676.7,4677
1775546520,4676,4676,4674.4,4674.7
1775546580,4675,4675,4670.9,4673
1775546640,4672.3,4673.9,4672.1,4673.7
1775546700,4673.5,4674.2,4673.1,4673.1
1775546760,4673,4673.2,4664.2,4666.4
1775546820,4666.6,4667.7,4665.5,4666.1
1775546880,4666.2,4666.7,4664.2,4665.8
1775546940,4665.1,4666.6,4664,4665.3
1775547000,4664.4,4667,4664.4,4666.1
1775547060,4665.6,4665.6,4662.9,4664.2
1775547120,4663.8,4666.6,4661.6,4666.4
1775547180,4666.4,4669.4,4666.4,4669.2
1775547240,4669.1,4669.4,4668,4668.4
1775547300,4668.1,4670,4668.1,4669.8
1775547360,4669.8,4671.5,4669.7,4671.3
1775547420,4670.8,4670.9,4669.8,4670.7
1775547480,4670.8,4671.3,4670,4670.8
1775547540,4670.5,4671.5,4670.2,4671.5
1775547600,4671,4671,4670.2,4670.2
1775547660,4670,4670,4667.2,4667.3
1775547720,4667.8,4668.2,4665.5,4666.4
1775547780,4666.5,4668,4666.5,4667.6
1775547840,4668.9,4669.2,4668.4,4669.1
1775547900,4669.2,4669.2,4667.5,4668.1
1775547960,4668,4668.5,4666.9,4668.5
1775548020,4668.7,4668.7,4666.9,4667.2
1775548080,4667.3,4669.3,4667.3,4668.5
1775548140,4668.9,4669.1,4667.9,4668.2
1775548200,4668.2,4668.2,4667.1,4667.5
1775548260,4668.2,4669.7,4665.4,4665.8
1775548320,4665.4,4666.3,4664.3,4664.5
1775548380,4664.8,4665.9,4664.3,4665.3
1775548440,4664.8,4666.3,4664.3,4664.8
1775548500,4664.4,4667.3,4664,4666.8
1775548560,4666.4,4667.3,4665.9,4667.1
1775548620,4667.2,4668.8,4667.2,4668
1775548680,4668,4670.9,4668,4670
1775548740,4669.9,4672.5,4669.9,4671.1
1775548800,4671.2,4672,4669.6,4670.4
1775548860,4671.1,4675.1,4670.6,4673.6
1775548920,4674.3,4686.7,4674.2,4682.7
1775548980,4683,4683.1,4678,4679.3
1775549040,4679.3,4680,4675.8,4676.1
1775549100,4676.3,4678.4,4674.9,4677.6
1775549160,4677.3,4678.2,4675.6,4677.8
1775549220,4677.3,4679,4677.2,4677.6
1775549280,4677.3,4679.6,4676.9,4677.3
1775549340,4677.5,4679,4677.2,4677.8
1775549400,4678,4679.1,4676.8,4678.3
1775549460,4678.8,4683,4677.5,4682.4
1775549520,4682.3,4686.8,4682.3,4685
1775549580,4684.5,4688.8,4683,4688.4
1775549640,4687.6,4691.8,4686,4690.1
1775549700,4689.6,4690.9,4686.5,4690.9
1775549760,4690.2,4691.3,4687.7,4688.9
1775549820,4688.3,4689.1,4684.3,4684.3
1775549880,4684.9,4687,4684,4686
1775549940,4686,4689.8,4685.9,4688.2
1775550000,4688.1,4704.9,4686.7,4702.3
1775550060,4702,4710.3,4697.9,4708.6
1775550120,4708.6,4713.4,4707.8,4711.5
1775550180,4711.4,4717.6,4710.2,4714.2
1775550240,4714.2,4717.6,4710,4711.2
1775550300,4710.6,4714,4709.8,4711.9
1775550360,4711.8,4711.8,4708.2,4709.1
1775550420,4709.3,4710.1,4706.8,4708.2
1775550480,4708.8,4709.1,4705,4705.6
1775550540,4705.5,4706.3,4703.7,4704.8
1775550600,4704.8,4707.1,4703.2,4706.3
1775550660,4705.6,4711.4,4705.1,4710.7
1775550720,4711,4713.7,4710.2,4710.2
1775550780,4710.8,4711.3,4708.3,4708.8
1775550840,4707.7,4711.3,4707.4,4711.3
1775550900,4712,4712.1,4708.5,4711.7
1775550960,4711.8,4714.4,4711.4,4712.7
1775551020,4712.3,4712.6,4710,4712.3
1775551080,4712.6,4713,4708.9,4709.2
1775551140,4708.3,4709.8,4707.6,4708.1
1775551200,4708,4708.5,4706.4,4707.1
1775551260,4706.8,4707,4706.2,4706.2
1775551320,4706.8,4709.7,4705.5,4707.3
1775551380,4706.8,4709.9,4706.8,4709.3
1775551440,4710,4710.4,4709.8,4709.8
1775551500,4710,4714.2,4709.4,4713.3
1775551560,4713.6,4713.6,4705.6,4708.8
1775551620,4708.3,4708.5,4707.1,4707.7
1775551680,4708,4708.5,4706.1,4708.5
1775551740,4708,4709.4,4706.7,4708.9
1775551800,4708.2,4709.8,4707,4708.9
1775551860,4709.5,4710.5,4707.8,4710.3
1775551920,4710,4710.7,4708.8,4710.7
1775551980,4710.5,4711.7,4709.3,4709.6
1775552040,4709.9,4711.4,4707.5,4711.4
1775552100,4711.1,4713,4708.6,4709.3
1775552160,4708.9,4710.2,4707.7,4710.2
1775552220,4710.4,4712.9,4709.8,4712.9
1775552280,4713.2,4713.2,4711.9,4712.7
1775552340,4712.2,4712.2,4708.8,4709.6
1775552400,4709.8,4712.2,4709.1,4712
1775552460,4712,4714,4711.5,4714
1775552520,4714,4715.2,4713.3,4713.6
1775552580,4714.1,4714.3,4712.2,4712.2
1775552640,4712.6,4713.3,4709.7,4709.7
1775552700,4710,4710.4,4708.9,4709.2
1775552760,4708.9,4709.6,4708,4708.5
1775552820,4708.2,4709.8,4707.5,4709.3
1775552880,4709,4711.3,4709,4710.8
1775552940,4709.6,4713.3,4709.6,4712.7
1775553000,4712.8,4715.5,4712.7,4714.9
1775553060,4714.6,4714.8,4712.2,4714.1
1775553120,4713.8,4717.2,4713.8,4714.8
1775553180,4714.9,4720,4714.9,4716.2
1775553240,4716.1,4716.1,4711.5,4712.2
1775553300,4712.3,4712.5,4709.3,4710
1775553360,4710.4,4715.3,4710.4,4714.5
1775553420,4714.6,4719.5,4714.1,4719.5
1775553480,4719.8,4720.6,4716.3,4716.6
1775553540,4716.8,4718,4715.3,4717.2
1775553600,4716.5,4719.7,4715.9,4718.4
1775553660,4719.1,4720.1,4716.6,4717.9
1775553720,4717.6,4719,4717.6,4718.8
1775553780,4718.2,4719.1,4717.7,4718.9
1775553840,4718.5,4721.2,4718.4,4720.7
1775553900,4720.9,4720.9,4717.6,4718
1775553960,4718.8,4721.1,4718.6,4719
1775554020,4719.3,4719.4,4716.3,4717.4
1775554080,4717.3,4717.9,4711.6,4716
1775554140,4715.6,4716,4713.6,4713.8
1775554200,4713.1,4714.1,4705.9,4709.2
1775554260,4709,4711.6,4708,4711.1
1775554320,4710.9,4712.2,4706.1,4708.3
1775554380,4708.9,4709.9,4707.7,4708.3
1775554440,4707.8,4709.3,4706.8,4709.3
1775554500,4709.7,4710.8,4705,4709.3
1775554560,4709,4709,4705.1,4707.2
1775554620,4707.9,4707.9,4702,4703.7
1775554680,4703.6,4704.2,4702,4702.4
1775554740,4702.1,4704,4700.8,4702.5
1775554800,4702,4702.7,4700.9,4702.4
1775554860,4702,4702.1,4693.7,4696
1775554920,4695.4,4698.6,4694.7,4697.1
1775554980,4696.8,4697.6,4690.4,4693.2
1775555040,4693.5,4694.8,4692.2,4693.1
1775555100,4693.1,4693.1,4687.7,4689.7
1775555160,4689.4,4689.7,4686.7,4687.1
1775555220,4687.1,4689.6,4684.1,4685.4
1775555280,4685.3,4692.1,4684,4690.4
1775555340,4690.8,4692.5,4689.9,4692.1
1775555400,4692.5,4693.8,4687.4,4693.5
1775555460,4693.4,4695.6,4692.8,4695.6
1775555520,4695.9,4696,4693.4,4693.6
1775555580,4693.3,4696.7,4693.3,4696.7
1775555640,4695.9,4696.9,4695,4695.6
1775555700,4695.9,4698.3,4695.9,4698.2
1775555760,4698.4,4699.5,4697.9,4698.9
1775555820,4698.5,4701.6,4698.4,4700.3
1775555880,4700.7,4700.7,4697.9,4697.9
1775555940,4697.7,4697.9,4696.6,4696.6
1775556000,4696.8,4698.8,4692.3,4694
1775556060,4693.5,4701.2,4692,4700.4
1775556120,4700.3,4701,4699.5,4701
1775556180,4700.8,4700.9,4698.1,4698.9
1775556240,4698.5,4701.2,4698.2,4700.1
1775556300,4700.3,4704.3,4700,4704.3
1775556360,4704.6,4704.6,4700.3,4700.3
1775556420,4701.1,4702.6,4701.1,4701.9
1775556480,4702.1,4703.5,4702.1,4703.4
1775556540,4703.9,4706,4688.2,4700.4
1775556600,4700.1,4702.4,4697.6,4700.8
1775556660,4701.5,4704.1,4699.1,4701.2
1775556720,4700.9,4703.2,4700.5,4701.2
1775556780,4701,4704.6,4700.8,4701.6
1775556840,4702,4703.5,4700.6,4702.9
1775556900,4702.5,4706.6,4702.3,4705.3
1775556960,4705.1,4705.2,4702.7,4702.8
1775557020,4702.6,4703.9,4700,4700.8
1775557080,4700.4,4704.6,4700.4,4702.9
1775557140,4703.1,4703.1,4701.1,4702.3
1775557200,4702.9,4704.5,4702.3,4703.9
1775557260,4703.6,4703.6,4699,4699.4
1775557320,4699.4,4699.6,4697.6,4698.6
1775557380,4698.4,4699,4695.7,4697.1
1775557440,4697.6,4698.9,4696.7,4697.9
1775557500,4698.5,4700.7,4689.1,4690.6
1775557560,4690.1,4690.7,4683.3,4686.9
1775557620,4686.8,4689.4,4683.7,4687.5
1775557680,4688.4,4693.7,4688.4,4693.7
1775557740,4692.9,4695.4,4692.5,4693.7
1775557800,4694.4,4695.8,4692.9,4695.5
1775557860,4695.3,4698.1,4694.2,4694.3
1775557920,4694.4,4696,4692.5,4692.5
1775557980,4694.7,4695.2,4693.5,4694.2
1775558040,4693.6,4694,4692.6,4692.8
1775558100,4693.9,4694.5,4692.3,4694.3
1775558160,4694.4,4696,4694.3,4695.6
1775558220,4695.4,4696.1,4692.6,4693
1775558280,4694.6,4694.6,4689.7,4690.3
1775558340,4690,4693.1,4687.8,4689.2
1775558400,4690,4692.8,4688.9,4690.2
1775558460,4689.7,4689.7,4686.6,4686.7
1775558520,4686.8,4692.4,4686.8,4690.8
1775558580,4690.8,4691.4,4678,4684.2
1775558640,4683.9,4690.2,4683.2,4687.9
1775558700,4687.7,4687.8,4683.9,4684.7
1775558760,4684.9,4687.7,4683,4683.9
1775558820,4683.1,4685.2,4680.5,4681.3
1775558880,4680.8,4681.5,4677.1,4679.1
1775558940,4680.1,4680.5,4674.9,4676
1775559000,4676.3,4680.6,4676.1,4679.2
1775559060,4679.9,4681.4,4678.9,4680.6
1775559120,4681.1,4681.2,4678,4678.8
1775559180,4679.2,4684.2,4679.2,4684
1775559240,4683.7,4684,4681,4681.4
1775559300,4681.1,4683.4,4680.3,4681.6
1775559360,4681.7,4681.7,4674.9,4677.6
1775559420,4676.9,4680,4676.9,4678
1775559480,4678.5,4680.7,4677,4677.4
1775559540,4676.9,4679.6,4676.4,4677.5
1775559600,4677.1,4679.7,4676.3,4679
1775559660,4678.7,4678.9,4677.6,4678.4
1775559720,4677,4677.2,4671.6,4671.6
1775559780,4671.7,4677,4671.6,4677
1775559840,4676.9,4680.9,4676.1,4680.2
1775559900,4680.2,4681.9,4677,4678
1775559960,4677.8,4680.1,4675.3,4676.1
1775560020,4676.3,4676.6,4671.7,4673.8
1775560080,4673.8,4676.8,4673,4675.8
1775560140,4674.8,4677,4674.6,4676.7
1775560200,4676.3,4676.3,4666.4,4668
1775560260,4668.5,4670.6,4666.9,4668.1
1775560320,4668.3,4669.4,4662.2,4662.5
1775560380,4663.1,4664.4,4662,4662.8
1775560440,4663.3,4663.4,4653.9,4661.3
1775560500,4660.6,4664.2,4658.5,4663.6
1775560560,4663.6,4665.9,4660.2,4660.2
1775560620,4660.4,4663.7,4660.1,4663.7
1775560680,4663.6,4665.9,4662.8,4663.3
1775560740,4663.1,4667.5,4663.1,4665.1
1775560800,4665.5,4665.5,4662.9,4664.2
1775560860,4664.2,4667.9,4663.5,4667.8
1775560920,4667.7,4669,4666.8,4668.2
1775560980,4668,4672,4667.4,4671.1
1775561040,4671,4671.7,4669.2,4669.7
1775561100,4669.9,4673.6,4669.9,4673.6
1775561160,4674,4676.6,4674,4675.6
1775561220,4675.7,4676.8,4674.2,4676.4
1775561280,4676.4,4677,4675.2,4676
1775561340,4675.7,4675.7,4672.3,4673
1775561400,4673,4676.3,4672.1,4676
1775561460,4676.3,4676.4,4674.1,4674.8
1775561520,4674.7,4677.8,4674.7,4675.2
1775561580,4674.4,4676.3,4672.5,4674.1
1775561640,4675,4675.4,4673,4674.5
1775561700,4673.8,4675.7,4672,4675.7
1775561760,4676.4,4677.3,4675.2,4676.5
1775561820,4676.9,4684.4,4675.8,4679.5
1775561880,4679.7,4680.4,4677,4677.8
1775561940,4677.8,4680.2,4677.6,4678.9
1775562000,4679.2,4680.8,4677.6,4679.6
1775562060,4679.2,4685.5,4679.2,4684.8
1775562120,4684.8,4685.8,4683.2,4685
1775562180,4686.1,4687.7,4685.5,4686.6
1775562240,4686.6,4688.4,4685.6,4688
1775562300,4688.4,4690,4684.5,4685.3
1775562360,4684.4,4684.8,4683.7,4683.7
1775562420,4684.4,4684.8,4683.9,4684
1775562480,4684,4684.7,4681,4684.7
1775562540,4685,4685.8,4683.6,4685.8
1775562600,4685.6,4685.8,4684.5,4684.5
1775562660,4684.5,4684.5,4682.7,4684
1775562720,4684,4684.7,4682.8,4683
1775562780,4682.8,4686.3,4682.8,4684.4
1775562840,4684.2,4684.4,4682.8,4683.5
1775562900,4683.2,4684.9,4682.9,4684.9
1775562960,4684.6,4685.2,4683.9,4684.6
1775563020,4683.9,4685.5,4683.9,4685.4
1775563080,4685.5,4686.4,4684.8,4686.1
1775563140,4686.1,4687,4684.6,4684.6
1775563200,4685.2,4686.6,4684,4684.8
1775563260,4684.9,4686.1,4683.5,4683.9
1775563320,4684.2,4684.6,4680.9,4682.2
1775563380,4682.4,4682.5,4680.4,4680.5
1775563440,4680.6,4682.9,4680.6,4682.6
1775563500,4683,4683,4681.6,4681.8
1775563560,4681.7,4691.5,4676.9,4682.1
1775563620,4681.2,4682,4677.5,4678.2
1775563680,4679,4680.9,4675.8,4680.9
1775563740,4681.8,4683.9,4681,4681
1775563800,4680.9,4681.4,4678,4680.3
1775563860,4678.9,4681.1,4677.9,4677.9
1775563920,4678.8,4680.4,4677,4678.8
1775563980,4678.9,4680,4677.1,4679.6
1775564040,4678.7,4681.2,4678.1,4680
1775564100,4679.7,4680.5,4677.6,4678.9
1775564160,4679.1,4680.2,4676,4680.2
1775564220,4680.2,4684.2,4680.2,4681.5
1775564280,4682.6,4688,4682.4,4687.6
1775564340,4688.4,4688.4,4682.9,4682.9
1775564400,4682.7,4685.1,4682.3,4684.7
1775564460,4684.6,4690.6,4684.2,4690
1775564520,4689.7,4692.4,4689.6,4691.2
1775564580,4691,4691,4688,4688.6
1775564640,4689.2,4696.3,4689.2,4691.9
1775564700,4692.3,4693.8,4691.5,4691.5
1775564760,4692.1,4692.1,4690.3,4690.5
1775564820,4690.8,4693.5,4689.4,4692.3
1775564880,4692.2,4692.2,4689.9,4690.8
1775564940,4691.3,4691.9,4690,4691.2
1775565000,4691.9,4693.9,4688.7,4691.2
1775565060,4691.3,4692.4,4688.5,4688.5
1775565120,4688.4,4688.9,4685.3,4686
1775565180,4686.2,4688.3,4685.9,4687.4
1775565240,4686.8,4687.3,4685.3,4686.3
1775565300,4685.4,4687.2,4683.5,4686.4
1775565360,4686.4,4686.8,4685,4685.7
1775565420,4685.5,4687.5,4684.9,4687.3
1775565480,4687.2,4689.6,4687.1,4687.3
1775565540,4687.6,4688.6,4686.8,4688.3
1775565600,4687.7,4689.7,4687.2,4688.3
1775565660,4688.4,4690,4688.3,4689.5
1775565720,4689.7,4689.7,4685.1,4686.1
1775565780,4685.5,4686.5,4684.4,4685
1775565840,4684.7,4685.3,4681.1,4682
1775565900,4682,4682.2,4679.8,4680.2
1775565960,4680.1,4681.1,4677.1,4678.8
1775566020,4679.2,4680.4,4679,4679.8
1775566080,4679.5,4679.8,4672.4,4673.5
1775566140,4673,4674.8,4672.4,4673.5
1775566200,4673.8,4673.8,4671.6,4672.7
1775566260,4673.3,4677.6,4673.3,4674.9
1775566320,4674.9,4679.2,4674.3,4679.2
1775566380,4679.2,4680.8,4677,4679
1775566440,4679.2,4679.8,4678.5,4679.4
1775566500,4678.8,4687.4,4676.5,4685.1
1775566560,4685.5,4686.1,4678.8,4679.2
1775566620,4678.9,4679.8,4676.3,4677
1775566680,4676.8,4679.7,4676.6,4677
1775566740,4677.6,4678.4,4676.1,4676.1
1775566800,4676.2,4679.2,4673.4,4673.9
1775566860,4674.1,4678.6,4673,4678.3
1775566920,4678.9,4679.2,4677.5,4678.8
1775566980,4678.3,4680.9,4676.1,4680.9
1775567040,4680.4,4682.8,4679.1,4680.6
1775567100,4680,4682.8,4679.6,4681.7
1775567160,4681.8,4685.3,4681.8,4684.4
1775567220,4684.1,4684.7,4680.8,4681.3
1775567280,4681.3,4682.2,4680.5,4681.4
1775567340,4680.5,4681,4677.8,4680.6
1775567400,4680.2,4681.6,4676.6,4677
1775567460,4676.7,4678.9,4675.5,4678.5
1775567520,4678.4,4681.5,4678.3,4679.3
1775567580,4678.5,4682,4678.3,4681.8
1775567640,4681.4,4681.9,4678,4681.7
1775567700,4682,4682.7,4681.1,4681.3
1775567760,4680.9,4681.4,4679.1,4679.5
1775567820,4679.7,4679.7,4677.2,4679
1775567880,4679.5,4679.5,4676.6,4677.4
1775567940,4678,4678.2,4675.3,4676.2
1775568000,4675.7,4678.4,4675.4,4677.6
1775568060,4677.9,4680.1,4677.9,4680.1
1775568120,4680.2,4684.1,4680,4683.6
1775568180,4683.7,4684.8,4683.2,4683.6
1775568240,4683.8,4685.2,4683.2,4684.8
1775568300,4684.4,4687.5,4684.4,4687.5
1775568360,4686.6,4688.5,4686.1,4687
1775568420,4686,4686.3,4682.2,4683.5
1775568480,4683.9,4685.5,4683.6,4685.5
1775568540,4684.3,4684.9,4682.6,4683.6
1775568600,4683.6,4688.8,4681,4682.2
1775568660,4682.2,4683.1,4674.3,4676.9
1775568720,4676.8,4678.3,4674.7,4675.2
1775568780,4674.8,4678,4673.3,4675.9
1775568840,4675.4,4675.8,4672,4673
1775568900,4672.2,4673.4,4669.3,4670.4
1775568960,4670.2,4675.2,4669.2,4670.5
1775569020,4670.9,4677.1,4670.6,4674.8
1775569080,4674.1,4676.4,4671.5,4673.5
1775569140,4673.4,4674.4,4671.2,4672.9
1775569200,4672,4676.8,4670.8,4671.8
1775569260,4671.9,4671.9,4660,4662.7
1775569320,4663,4666.8,4662.2,4666.3
1775569380,4665.8,4667.5,4663.2,4665.1
1775569440,4664.5,4666.5,4663.8,4664.5
1775569500,4664,4667,4661.9,4666.2
1775569560,4666.7,4672.2,4666.1,4670
1775569620,4670.7,4671.7,4666.5,4668.2
1775569680,4668.6,4672,4668.4,4670
1775569740,4670.8,4672.7,4670.7,4671.8
1775569800,4672.4,4673.7,4670.9,4673
1775569860,4673.3,4674.7,4670.3,4670.8
1775569920,4671.2,4673.4,4670,4672.5
1775569980,4671.9,4672.7,4668.9,4672.7
1775570040,4672.8,4677.5,4672.8,4677.3
1775570100,4677.3,4679.2,4676.2,4677
1775570160,4677.1,4677.1,4671.6,4672.2
1775570220,4672.8,4673.8,4668.9,4669.4
1775570280,4671,4677.2,4670.4,4672.6
1775570340,4673,4674.1,4667.8,4668.6
1775570400,4668.5,4670.1,4662,4662.3
1775570460,4661.9,4664.7,4659.2,4659.5
1775570520,4659.9,4661,4654.2,4654.5
1775570580,4654.8,4656.5,4651.6,4652.2
1775570640,4652.1,4653.7,4646.8,4648.9
1775570700,4648.6,4652,4646.6,4649.8
1775570760,4649.5,4649.5,4631.9,4634.1
1775570820,4634.4,4639.9,4633.6,4637.9
1775570880,4637.5,4639.2,4633,4634.1
1775570940,4634.4,4640.2,4634,4636.2
1775571000,4636.5,4648.5,4636.5,4648.1
1775571060,4648.1,4650,4642.7,4647.1
1775571120,4646.4,4650.2,4646.4,4648.8
1775571180,4648.8,4650,4645.4,4646.7
1775571240,4646.5,4648.7,4644.4,4647.5
1775571300,4646.5,4647.4,4640,4644.6
1775571360,4644.9,4649,4644.9,4645.8
1775571420,4645.5,4646.1,4640.7,4642.1
1775571480,4641.1,4642.2,4634.1,4640.2
1775571540,4640.1,4641,4635,4640.2
1775571600,4640.6,4649.2,4640.3,4647.9
1775571660,4647.8,4656.1,4646.6,4654.7
1775571720,4654.1,4658.2,4653.3,4656.8
1775571780,4656.4,4665.3,4656.2,4665.1
1775571840,4665,4670.5,4663.8,4667.2
1775571900,4667.1,4675.6,4666.4,4673.7
1775571960,4673.2,4673.2,4667.8,4669.6
1775572020,4669.5,4671.3,4666,4666.7
1775572080,4666.5,4668.3,4665,4665.7
1775572140,4666.7,4671,4666.7,4670.2
1775572200,4670.4,4674.7,4669.2,4670.5
1775572260,4670.4,4670.7,4667.6,4669.1
1775572320,4669.7,4673.7,4669.3,4672.9
1775572380,4672.6,4680.2,4672.2,4679.7
1775572440,4679.6,4681,4677.4,4678.3
1775572500,4678.6,4682.1,4676.5,4680.8
1775572560,4681.1,4682.1,4678.4,4682.1
1775572620,4681.2,4687.4,4680.5,4685.1
1775572680,4685.3,4685.3,4682.2,4684.1
1775572740,4683.1,4683.1,4680,4680.3
1775572800,4680.2,4681.7,4678.5,4678.5
1775572860,4678.8,4680,4678.4,4679
1775572920,4678.7,4680.4,4677.4,4679.9
1775572980,4679.6,4679.6,4674.5,4675.3
1775573040,4674.5,4678.2,4672.3,4672.9
1775573100,4672.9,4674.8,4672,4672.7
1775573160,4672.8,4682.7,4672.3,4675.4
1775573220,4674.9,4676.5,4672.9,4675.6
1775573280,4675,4676.7,4673.4,4674
1775573340,4674.6,4679.3,4674.6,4674.8
1775573400,4674.6,4674.6,4669.4,4669.8
1775573460,4670.3,4671.2,4668.1,4669.2
1775573520,4670,4670.8,4667.7,4670.4
1775573580,4671,4673.1,4670.3,4670.4
1775573640,4669.7,4669.7,4665.3,4665.3
1775573700,4665.2,4666.5,4662.7,4663.2
1775573760,4664,4665.9,4661.2,4664.9
1775573820,4664.2,4666,4663.3,4664.2
1775573880,4665,4666.6,4660.4,4661
1775573940,4660.5,4661.3,4654.6,4658.3
1775574000,4658.3,4659.1,4653.9,4658.3
1775574060,4658.5,4661.1,4657.1,4660.4
1775574120,4660.3,4661.8,4655.7,4656.8
1775574180,4657.2,4660.2,4656.3,4660.2
1775574240,4659.5,4659.5,4652.7,4653
1775574300,4652.6,4653.4,4650.2,4651.2
1775574360,4652.1,4654.9,4650,4654.1
1775574420,4654.5,4656.3,4653.7,4655.2
1775574480,4654.9,4657,4654.5,4655.4
1775574540,4655.6,4660,4652.2,4659.6
1775574600,4659.4,4663.1,4656.6,4661.3
1775574660,4661.1,4666,4660.6,4664.6
1775574720,4664.5,4668.8,4664.3,4665.9
1775574780,4666.3,4668.2,4665.3,4665.4
1775574840,4665.7,4668.3,4665.7,4668.3
1775574900,4668.3,4678,4666.2,4676.1
1775574960,4676,4676,4670.8,4672.2
1775575020,4672,4673.7,4670.6,4672.4
1775575080,4672.6,4674.2,4670.6,4670.7
1775575140,4671.4,4676,4671.4,4675.6
1775575200,4675.8,4677.3,4673.9,4676.9
1775575260,4677.7,4678.5,4674.1,4674.7
1775575320,4674.3,4676.4,4673,4676.2
1775575380,4675.9,4675.9,4672,4672.5
1775575440,4673.5,4674.7,4671.2,4671.5
1775575500,4672.8,4677.7,4672,4675.5
1775575560,4674.9,4678.4,4674.1,4677.2
1775575620,4676.9,4678,4674.8,4676.5
1775575680,4676.6,4677.4,4675,4675.5
1775575740,4674.7,4679,4674,4678.7
1775575800,4678.8,4682.8,4677.7,4681.4
1775575860,4681.1,4681.3,4678.2,4679.3
1775575920,4679,4680.4,4673.2,4673.2
1775575980,4673.2,4676.2,4673,4673.5
1775576040,4674.3,4675.7,4668.1,4672
1775576100,4671.6,4674.8,4670.5,4673.6
1775576160,4673.7,4676.5,4673.7,4676
1775576220,4675.8,4676.1,4671.8,4671.9
1775576280,4672.7,4674,4672.5,4673.4
1775576340,4673,4673.3,4668.7,4669.9
1775576400,4669.7,4671,4668.9,4669.3
1775576460,4668.9,4669.8,4666.1,4667.4
1775576520,4667.5,4668.5,4667.1,4667.9
1775576580,4668.2,4674,4668.2,4673.5
1775576640,4673.6,4674.1,4670.9,4671.3
1775576700,4671.4,4672.4,4670.7,4672.1
1775576760,4671.9,4675.8,4671.9,4675.2
1775576820,4674.5,4677.8,4674.2,4677.1
1775576880,4676.4,4677,4675.3,4676.4
1775576940,4676.8,4677.9,4675,4676.8
1775577000,4677.1,4678.7,4675.3,4675.3
1775577060,4676.2,4676.5,4674,4674.7
1775577120,4674.8,4677,4674,4677
1775577180,4676.7,4679.1,4676.6,4678.3
1775577240,4678.8,4679.9,4677.4,4679.5
1775577300,4679.6,4685,4678.5,4681.2
1775577360,4680.6,4681.1,4676.5,4677.3
1775577420,4677.9,4678.5,4677.1,4678.1
1775577480,4678.5,4680.8,4678,4680.8
1775577540,4681.3,4681.9,4679.1,4681.3
1775577600,4681.8,4683.4,4681.1,4681.8
1775577660,4680.9,4682.9,4679,4682.2
1775577720,4682,4688.1,4682,4687.8
1775577780,4687.2,4694.6,4686.8,4691.2
1775577840,4691.9,4692.5,4688,4688.1
1775577900,4688.3,4688.4,4685.3,4686.8
1775577960,4687,4688.8,4684.9,4685.8
1775578020,4685.6,4687.8,4683.6,4683.7
1775578080,4683.3,4683.3,4679,4681.2
1775578140,4680.6,4680.9,4679.4,4679.7
1775578200,4679.5,4683.6,4678.1,4682.7
1775578260,4681.6,4685.1,4681.2,4684.6
1775578320,4685.5,4686.4,4684,4684.9
1775578380,4685,4686,4682.2,4682.6
1775578440,4682.8,4685,4682.6,4684.6
1775578500,4684.9,4685.5,4682,4685.5
1775578560,4685.3,4685.3,4682.4,4684.2
1775578620,4684,4685.4,4683.1,4683.4
1775578680,4682.8,4684,4682.5,4683.4
1775578740,4683.3,4683.7,4681.3,4682.9
1775578800,4682.9,4682.9,4680,4682.1
1775578860,4682.7,4685.6,4681.5,4685.5
1775578920,4685.7,4686.4,4685.1,4685.1
1775578980,4685,4693.4,4683.1,4686.5
1775579040,4685.1,4686,4680,4683.9
1775579100,4683.4,4685.5,4682,4682.8
1775579160,4682.2,4684.2,4682.1,4684.2
1775579220,4683.6,4688.4,4683.6,4686.9
1775579280,4687.6,4689.4,4686.4,4686.7
1775579340,4687.4,4689.1,4687.3,4688.5
1775579400,4688.9,4689.9,4686.9,4689.1
1775579460,4688.7,4688.7,4681.5,4685.7
1775579520,4685.2,4685.9,4683.5,4683.5
1775579580,4683.6,4686.7,4683.6,4686.5
1775579640,4686.5,4686.5,4684,4685.1
1775579700,4684.8,4686.7,4684.3,4685.4
1775579760,4685.4,4687,4684.6,4686
1775579820,4686.5,4686.5,4683.7,4685.9
1775579880,4685.8,4686.2,4684.6,4684.7
1775579940,4684.6,4685,4682.1,4683.4
1775580000,4684,4684.3,4681.7,4682.8
1775580060,4684.2,4686.5,4683.9,4684.3
1775580120,4683.9,4685.9,4683.6,4683.6
1775580180,4684.8,4685.2,4682.4,4683.3
1775580240,4684,4686.8,4683.3,4686.8
1775580300,4686.3,4687.9,4685.8,4687.1
1775580360,4687.1,4687.9,4686.3,4686.9
1775580420,4686.5,4687.4,4685.5,4687.4
1775580480,4687.3,4688.5,4685.5,4686.2
1775580540,4686.2,4686.5,4684.1,4684.1
1775580600,4683.7,4685.5,4682.9,4685.4
1775580660,4685.3,4687.1,4685.3,4685.8
1775580720,4686.2,4687.5,4685,4687.4
1775580780,4687.2,4687.7,4686.6,4687.2
1775580840,4687,4688,4685.2,4685.9
1775580900,4685.5,4685.6,4684.6,4684.9
1775580960,4684.7,4684.7,4682.2,4682.2
1775581020,4682.3,4683.1,4682,4682.2
1775581080,4682.1,4684.3,4681.9,4684.3
1775581140,4683.9,4684.1,4682.4,4682.4
1775581200,4682.5,4686.5,4682.1,4683.3
1775581260,4683.1,4684.4,4682.7,4684
1775581320,4684.5,4688.3,4684,4687.8
1775581380,4688.4,4691.6,4687.6,4690.9
1775581440,4690.9,4692,4690.5,4691.3
1775581500,4691.2,4693.4,4689.7,4691.6
1775581560,4691.7,4699.1,4690.5,4697.7
1775581620,4698,4698.9,4695.6,4695.6
1775581680,4695.5,4696.9,4694.6,4696.7
1775581740,4696.9,4696.9,4692.8,4693.3
1775581800,4692.8,4693.5,4691.4,4693
1775581860,4692.4,4692.6,4690.9,4691.9
1775581920,4692.2,4693.5,4691.2,4693.2
1775581980,4693.8,4693.8,4692.3,4692.5
1775582040,4692.8,4694.2,4692.8,4693.8
1775582100,4693.5,4693.5,4690.7,4692.2
1775582160,4692.5,4693.1,4686.4,4686.5
1775582220,4686.6,4687.5,4685,4685
1775582280,4685.2,4686,4682.1,4682.1
1775582340,4682.3,4682.7,4680.9,4682.3
1775582400,4682.3,4682.4,4680.2,4680.3
1775582460,4680.1,4681.7,4679.4,4681
1775582520,4680.8,4682.9,4680.6,4681.7
1775582580,4681.4,4684.5,4681.4,4683.5
1775582640,4683.7,4684.9,4683.7,4684.1
1775582700,4684,4684,4681.3,4682.6
1775582760,4682.8,4685.1,4682.8,4685
1775582820,4684.6,4686,4684.4,4684.8
1775582880,4684.6,4685.1,4682.9,4683.3
1775582940,4683.2,4686.6,4682.8,4686
1775583000,4686.1,4690.8,4686.1,4690.8
1775583060,4690.5,4691.7,4690.2,4691.5
1775583120,4691.6,4696.2,4691.4,4695.7
1775583180,4694.8,4696.5,4694.5,4696.1
1775583240,4695.5,4698.7,4694.3,4698.2
1775583300,4698.3,4704.1,4698,4703.5
1775583360,4703.2,4707.1,4701.6,4706.1
1775583420,4706.2,4712.8,4705.8,4711.2
1775583480,4711.1,4712,4707.4,4709.3
1775583540,4709.3,4712.7,4705.1,4705.7
1775583600,4705,4707.5,4702.2,4702.3
1775583660,4702.7,4704.2,4702.2,4703.3
1775583720,4702.9,4704.1,4700.9,4700.9
1775583780,4701.5,4701.8,4698.6,4700
1775583840,4699.6,4699.8,4697.4,4698.2
1775583900,4698.9,4699.6,4697.3,4697.3
1775583960,4698,4699.1,4697.7,4698.6
1775584020,4698.7,4702.8,4698.7,4702.8
1775584080,4702.5,4703.2,4700.8,4702.9
1775584140,4703,4704.2,4702.4,4704.2
1775584200,4703.8,4705.9,4703.8,4704
1775584260,4703.9,4705.8,4703.9,4705.2
1775584320,4704.9,4705.6,4704,4704.6
1775584380,4704.8,4706.1,4704.3,4705
1775584440,4704.6,4704.7,4702.2,4702.4
1775584500,4703.2,4703.9,4702.2,4703.7
1775584560,4703,4705,4702.9,4704.6
1775584620,4704.2,4704.5,4701.8,4703.4
1775584680,4702.3,4702.3,4701.2,4701.2
1775584740,4701.1,4702.7,4701.1,4701.7
1775584800,4702.3,4706.4,4702.3,4705.4
1775584860,4705.6,4707.1,4704.6,4705.1
1775584920,4705.3,4705.8,4704,4705.8
1775584980,4705.6,4706.8,4704.8,4706.5
1775585040,4706.7,4706.9,4704.6,4704.7
1775585100,4704.6,4705,4703.6,4704.6
1775585160,4704.6,4705.1,4703.4,4703.4
1775585220,4704.2,4705.4,4702.4,4703.4
1775585280,4703.4,4705.6,4703.2,4704.5
1775585340,4704.5,4706,4703.6,4705
1775585400,4705.1,4705.6,4703.6,4704
1775585460,4703.8,4705.7,4703.7,4705.1
1775585520,4705.5,4708.2,4705.5,4707.8
1775585580,4707.8,4709.3,4707.8,4708.7
1775585640,4709,4710.7,4708.1,4710.5
1775585700,4709.9,4712.3,4708.9,4709.2
1775585760,4709.3,4709.3,4707.7,4707.7
1775585820,4708.4,4708.6,4706.4,4707.7
1775585880,4707.8,4709.3,4707.3,4708.7
1775585940,4709.7,4711,4708,4710.9
1775586000,4711.3,4712.1,4710.1,4710.3
1775586060,4710.1,4710.1,4709,4709.5
1775586120,4709.1,4710.7,4709,4710.4
1775586180,4709.6,4709.6,4704.6,4705.6
1775586240,4705.9,4706,4703.1,4704.2
1775586300,4704.5,4705.3,4703.4,4704
1775586360,4703.9,4705.9,4703.7,4705.3
1775586420,4704.9,4706.3,4704.9,4705
1775586480,4704.3,4706.1,4704.3,4705.6
1775586540,4705.4,4707.9,4705.3,4706.7
1775586600,4707,4709.2,4707,4708.7
1775586660,4708.8,4708.8,4706.7,4708
1775586720,4708,4710.8,4708,4710
1775586780,4710.3,4712.7,4709.9,4711.6
1775586840,4711.9,4712.6,4709.4,4709.4
1775586900,4709.2,4710.1,4708.2,4708.5
1775586960,4707.6,4707.8,4706.1,4707.4
1775587020,4708,4708.7,4706.9,4707.4
1775587080,4707.2,4708.5,4706.1,4708.1
1775587140,4707.8,4708.2,4705.7,4705.9
1775587200,4706.1,4706.1,4703.6,4704.7
1775587260,4704.7,4706,4703.9,4705.1
1775587320,4705,4706.6,4704.1,4704.8
1775587380,4705.2,4705.7,4704.5,4705.4
1775587440,4705.5,4707,4705.3,4706
1775587500,4705.8,4705.9,4703.5,4704.8
1775587560,4705,4706.5,4704.8,4705.3
1775587620,4705.3,4705.9,4704.9,4704.9
1775587680,4704.6,4705,4701.5,4701.9
1775587740,4702.1,4702.3,4698.4,4700.6
1775587800,4700.4,4700.4,4695.4,4697.1
1775587860,4697,4697.1,4693.7,4695.1
1775587920,4694.8,4695.4,4692.2,4692.2
1775587980,4692,4694.3,4691.9,4693.4
1775588040,4693,4693,4690.8,4691
1775588100,4691.2,4691.2,4685.4,4686.2
1775588160,4686,4687,4684.5,4685.1
1775588220,4684.7,4686.9,4683,4686.7
1775588280,4686.6,4690.5,4686.4,4688.3
1775588340,4688.3,4690.1,4687.3,4688.5
1775588400,4688.5,4688.9,4687,4687.5
1775588460,4688.3,4689.1,4687.7,4688.4
1775588520,4688.7,4692.6,4688.7,4692.1
1775588580,4692.4,4692.9,4691.1,4691.9
1775588640,4691.9,4691.9,4690.7,4691.3
1775588700,4691.4,4691.4,4688,4688.2
1775588760,4687.5,4690.2,4687.1,4689.4
1775588820,4689.2,4690.3,4687.7,4687.7
1775588880,4687.4,4694.7,4686.9,4689.9
1775588940,4690.1,4690.6,4688.5,4689.1
1775589000,4688.1,4693.3,4688.1,4692.6
1775589060,4692.1,4693.9,4691.4,4693.9
1775589120,4693.3,4693.6,4692,4692.2
1775589180,4691.9,4693.1,4691.9,4692
1775589240,4692.2,4694.8,4692.2,4694.2
1775589300,4694.1,4696.9,4690.9,4693.3
1775589360,4692.9,4697.1,4692.9,4695.8
1775589420,4695.6,4697.6,4694.4,4695
1775589480,4695,4708.7,4694.5,4707.2
1775589540,4707.3,4718,4705.2,4716.4
1775589600,4715.2,4729.4,4713.9,4727.9
1775589660,4727.7,4728.7,4717.5,4719.4
1775589720,4719.5,4720.1,4716.1,4717.6
1775589780,4717,4718,4712.1,4712.1
1775589840,4713.1,4716.6,4711.9,4715.9
1775589900,4716,4717.6,4713.2,4716.5
1775589960,4717.2,4718.3,4713,4714.5
1775590020,4714.4,4715.7,4712.9,4714.5
1775590080,4714.9,4717.5,4713.5,4717.5
1775590140,4717.6,4717.6,4712.6,4713.9
1775590200,4713.9,4713.9,4711.5,4712
1775590260,4711.8,4712.7,4708.6,4710.1
1775590320,4710.2,4714.9,4710.2,4713.3
1775590380,4713.4,4715,4712.2,4712.2
1775590440,4712.4,4713.6,4710.7,4712.4
1775590500,4712.3,4712.4,4709,4710.3
1775590560,4711.4,4716.5,4711.4,4715.8
1775590620,4715.9,4717.8,4714.7,4715.5
1775590680,4715.5,4715.9,4712.2,4712.8
1775590740,4712.7,4713.8,4711.8,4711.9
1775590800,4711.7,4713.4,4709.7,4712
1775590860,4712.4,4714.6,4712.4,4714.2
1775590920,4712.8,4713,4709.5,4710.4
1775590980,4710.6,4712.2,4709.6,4710.4
1775591040,4709.2,4717.5,4708.3,4713.5
1775591100,4712.6,4739,4712.5,4736.7
1775591160,4736.1,4743.8,4732.9,4741
1775591220,4740.3,4740.8,4735.7,4739.7
1775591280,4740,4743.1,4734.9,4737.3
1775591340,4737.8,4745.7,4729.2,4732.6
1775591400,4733.7,4736.2,4730.5,4733.1
1775591460,4733.8,4739,4733.8,4738.6
1775591520,4737.8,4737.8,4727.4,4727.4
1775591580,4727.8,4727.8,4720.9,4724.5
1775591640,4725.1,4728,4723.1,4725.9
1775591700,4725.9,4727.7,4724.1,4726.1
1775591760,4726.2,4727.2,4724,4726.9
1775591820,4727.2,4728.2,4723,4727.6
1775591880,4727.9,4728.3,4724.7,4726.3
1775591940,4725.7,4728.2,4725.2,4727.3
1775592000,4727.3,4729.8,4723,4726.2
1775592060,4726.7,4737.1,4726.7,4736.8
1775592120,4735.9,4735.9,4731,4733.2
1775592180,4733.2,4735.9,4732.6,4733.3
1775592240,4733.5,4734.2,4730.5,4731.7
1775592300,4731.5,4731.5,4724.8,4725.5
1775592360,4726.2,4728.3,4723.4,4727.6
1775592420,4728.6,4729.1,4725.6,4728.4
1775592480,4729.4,4734.6,4729.4,4733.9
1775592540,4733.4,4735,4732.5,4733.3
1775592600,4734.1,4736.4,4733.2,4735.9
1775592660,4735.3,4735.7,4731.3,4731.3
1775592720,4731,4733.9,4730.8,4733.1
1775592780,4733.3,4733.3,4731.6,4731.8
1775592840,4732.1,4736.1,4732.1,4734.9
1775592900,4735.5,4739.8,4732.6,4733.6
1775592960,4734,4734.1,4732.2,4732.2
1775593020,4732.6,4732.6,4732.4,4732.5
1775593080,4733.8,4734.6,4732.3,4734.6
1775593140,4734.7,4736.3,4731.7,4734.2
1775593200,4733.7,4734.6,4732.7,4734.6
1775593260,4734.2,4734.2,4730.1,4730.6
1775593320,4730.7,4733.3,4730.7,4731.5
1775593380,4731.8,4731.8,4730.6,4731.8
1775593440,4731.7,4733.5,4731.5,4733.5
1775593500,4731.9,4733.7,4731.9,4732
1775593560,4732.7,4733,4730.3,4731.2
1775593620,4731.4,4739.4,4731.4,4738.3
1775593680,4737.3,4739,4734.6,4738.3
1775593740,4737.9,4737.9,4736.4,4737.4
1775593800,4738.3,4739.2,4737.6,4738.7
1775593860,4738.1,4740.6,4737.9,4739.4
1775593920,4739.8,4739.8,4735.8,4735.8
1775593980,4735.9,4739.1,4735,4737.7
1775594040,4738.5,4738.8,4736.8,4736.8
1775594100,4737.2,4740.5,4737.2,4740.4
1775594160,4740.8,4741.6,4729.6,4731.4
1775594220,4732.3,4733.9,4729,4730.7
1775594280,4731,4733.9,4729.9,4731.7
1775594340,4731.4,4734.6,4731.4,4734.2
1775594400,4733.8,4734.9,4732.8,4733.8
1775594460,4734.1,4742.9,4733.6,4741.5
1775594520,4740.4,4743.7,4737.6,4740
1775594580,4739.7,4743,4736.6,4736.6
1775594640,4737.2,4737.7,4733.8,4734.5
1775594700,4734.7,4738.1,4733.8,4736.6
1775594760,4737,4737.7,4734.9,4737.7
1775594820,4737.8,4738.9,4737.8,4738.9
1775594880,4738.6,4739,4736.6,4737
1775594940,4736.6,4739,4735.7,4739
1775595000,4738,4738.2,4736,4736
1775595060,4737.2,4738.1,4734,4737.1
1775595120,4736.3,4736.9,4734.8,4735.4
1775595180,4734.9,4736.8,4734.8,4735.7
1775595240,4735.6,4735.8,4733.7,4735.1
1775595300,4735.2,4740,4735.2,4740
1775595360,4739.1,4739.1,4733.2,4738.1
1775595420,4737.4,4737.4,4732.6,4733
1775595480,4733.2,4734.2,4731.3,4732.2
1775595540,4731.9,4734.1,4731.1,4733.3
1775599200,4747.2,4774.3,4741.3,4773.1
1775599260,4774.3,4774.3,4758.6,4771.8
1775599320,4769.8,4773.9,4762.9,4764
1775599380,4764.4,4767,4761.5,4763
1775599440,4762.1,4774.4,4758.9,4772.1
1775599500,4770,4777,4768.6,4776.3
1775599560,4777,4779.3,4772.6,4776.3
1775599620,4775.3,4778,4773.1,4777.8
1775599680,4777.8,4778.2,4768.8,4772.3
1775599740,4770.7,4775.6,4768.7,4771.1
1775599800,4771.8,4771.8,4763.3,4764.9
1775599860,4764.9,4769.5,4762.9,4764.8
1775599920,4763.6,4765.3,4760.8,4761.6
1775599980,4761.8,4765,4761.5,4764
1775600040,4765,4767.4,4758.3,4758.9
1775600100,4759.7,4761.3,4757.1,4760.8
1775600160,4760,4761.2,4755.8,4760.1
1775600220,4761.2,4761.4,4755.1,4759
1775600280,4758.8,4758.8,4752.9,4753.9
1775600340,4754.4,4759,4754.4,4757.3
1775600400,4757.9,4758.4,4753.2,4754.1
1775600460,4754.5,4755.6,4753.7,4754.6
1775600520,4755,4758.6,4753.9,4757.5
1775600580,4758,4758.5,4755.9,4756.1
1775600640,4756.6,4757,4755,4755.1
1775600700,4754.8,4755.6,4754,4754.9
1775600760,4755.6,4758.4,4754.5,4758.4
1775600820,4758.4,4760.5,4757.5,4758.8
1775600880,4759.7,4759.9,4758,4759.2
1775600940,4760.1,4763.1,4758.5,4762.8
1775601000,4763,4767.8,4763,4766
1775601060,4765.3,4765.3,4760.3,4762
1775601120,4761.1,4787.6,4740.5,4760.2
1775601180,4761.6,4774.2,4749.4,4773.9
1775601240,4772.3,4792.1,4768,4788.8
1775601300,4788,4793.2,4778.5,4791.9
1775601360,4790.9,4795,4785.5,4791.9
1775601420,4792.4,4794.8,4786.1,4792
1775601480,4792,4794.7,4788.7,4793.2
1775601540,4791.7,4808.7,4790.1,4802.5
1775601600,4802.6,4808.4,4800.5,4806.5
1775601660,4807.7,4808,4802.7,4803.6
1775601720,4803.7,4803.9,4798.9,4803.9
1775601780,4803.7,4806.6,4800.8,4804.7
1775601840,4803.8,4806,4797.6,4797.6
1775601900,4797.1,4800,4795.4,4797.1
1775601960,4796.8,4801.5,4792.3,4795.3
1775602020,4794.8,4798.8,4792.8,4797.2
1775602080,4794.8,4796.6,4791.1,4791.5
1775602140,4792.1,4799.1,4788,4799.1
1775602200,4799.8,4807,4797.5,4805.8
1775602260,4803.8,4808.3,4803.8,4807.6
1775602320,4808,4808.5,4804.9,4804.9
1775602380,4805.7,4811.2,4805.3,4810.5
1775602440,4810.9,4832,4810.9,4821.4
1775602500,4822.1,4838,4820.2,4835.8
1775602560,4835,4844.7,4834.9,4837.2
1775602620,4836.2,4845.9,4834.3,4845.4
1775602680,4844.5,4847.1,4842.1,4842.9
1775602740,4842.9,4846.9,4838.8,4845.1
1775602800,4844.8,4847.8,4828.3,4833.1
1775602860,4832.2,4838.9,4829.8,4838.9
1775602920,4837.7,4844.5,4834,4839.9
1775602980,4840.3,4852.2,4840,4848.7
1775603040,4849.1,4850.7,4836.9,4838.4
1775603100,4838.1,4844.2,4833.5,4844.2
1775603160,4844.4,4845.8,4836.7,4842.9
1775603220,4842,4845,4834.2,4837.4
1775603280,4837.1,4841.5,4834,4839.1
1775603340,4840.2,4844.6,4839.9,4843.2
1775603400,4842,4848.3,4840,4843.4
1775603460,4842.5,4847.4,4838.6,4838.7
1775603520,4838.9,4842.8,4837.1,4838
1775603580,4837.9,4841.3,4834,4838
1775603640,4836.7,4850.1,4836.7,4845.1
1775603700,4846.2,4847,4838,4840.2
1775603760,4840.8,4846,4839.4,4845.4
1775603820,4844.8,4846.5,4841.6,4842.4
1775603880,4843.2,4845,4840.7,4844.4
1775603940,4845.3,4853.1,4844.1,4852.4
1775604000,4852.2,4855,4848.7,4849.9
1775604060,4848.2,4852.2,4845,4849.1
1775604120,4849.6,4856.1,4849.5,4852.1
1775604180,4854.3,4857.9,4848,4849.2
1775604240,4848.9,4852.1,4845.3,4847.1
1775604300,4847.1,4847.6,4835.6,4838.1
1775604360,4838.9,4842,4837.8,4842
1775604420,4840.8,4843.3,4838.1,4840.2
1775604480,4840.8,4843,4837.3,4842.6
1775604540,4843,4844.7,4839.9,4843.1
1775604600,4843.2,4845.9,4839.6,4839.8
1775604660,4840.3,4841.3,4837.6,4837.9
1775604720,4837.8,4842,4837.5,4841
1775604780,4841,4841.7,4837.4,4838.4
1775604840,4839.1,4840.5,4835.5,4836.5
1775604900,4836.2,4837,4833,4836.9
1775604960,4838,4838,4833.4,4834.8
1775605020,4835.4,4843,4834.7,4840
1775605080,4840.9,4843.2,4836.6,4838.1
1775605140,4838.4,4838.8,4832.2,4838.7
1775605200,4838.2,4840.9,4837,4840.9
1775605260,4840.4,4841,4836,4837.2
1775605320,4837.7,4839.2,4836.4,4839.2
1775605380,4840,4840,4837,4837.5
1775605440,4837.5,4841,4837.5,4841
1775605500,4841.5,4843.5,4839.9,4841.7
1775605560,4841.3,4845,4839.7,4840.1
1775605620,4840.9,4841.6,4838.5,4841
1775605680,4841,4842.3,4840.1,4841.4
1775605740,4840.1,4841.5,4838.5,4840
1775605800,4840.5,4845.8,4837.9,4845
1775605860,4845.5,4846,4840.9,4842.4
1775605920,4843.1,4848,4841,4848
1775605980,4848,4852.4,4848,4850.7
1775606040,4850.1,4852,4846.2,4846.2
1775606100,4846.6,4849.4,4843.7,4845.8
1775606160,4846.6,4846.8,4842.6,4844.5
1775606220,4844.4,4851.3,4844.4,4851.3
1775606280,4851.6,4863.5,4851.6,4862.9
1775606340,4862.6,4863.4,4858.1,4860.7
1775606400,4860.7,4868.5,4858.5,4868.3
1775606460,4868.8,4873.3,4864.8,4871.7
1775606520,4871.5,4880.9,4871.4,4878.7
1775606580,4879.4,4880.3,4869.8,4873
1775606640,4873,4877.4,4871.3,4875
1775606700,4873.5,4875,4869.8,4873.2
1775606760,4873.6,4888,4873.6,4877.4
1775606820,4876.9,4878.4,4869.8,4877.4
1775606880,4877.4,4877.9,4867.4,4868.8
1775606940,4867.6,4871.1,4865.4,4867.3
1775607000,4867.7,4871.4,4860.5,4863.6
1775607060,4864.5,4871.5,4864.4,4871.2
1775607120,4870.5,4870.5,4864,4866.6
1775607180,4867,4872.3,4866.6,4867.8
1775607240,4867.7,4868,4859.1,4863.8
1775607300,4863.4,4863.9,4858.9,4860.1
1775607360,4860.5,4867.2,4860.3,4861.9
1775607420,4861.9,4862.3,4857.2,4860.3
1775607480,4860.3,4864.7,4859,4860.4
1775607540,4860,4861.5,4858.5,4861.1
1775607600,4861.2,4862.8,4855.6,4856.1
1775607660,4856.4,4857.3,4854.8,4855.9
1775607720,4856,4858.8,4855.3,4857.8
1775607780,4858.1,4860,4857.1,4858.6
1775607840,4858.2,4861.5,4855.8,4856.4
1775607900,4856.4,4857.3,4850.3,4852
1775607960,4852,4855.2,4850.7,4851.8
1775608020,4851.6,4853.9,4849.2,4851.1
1775608080,4851.2,4851.4,4847.1,4849.3
1775608140,4849.6,4853.6,4849.6,4850.6
1775608200,4851.6,4853.1,4846.9,4848.3
1775608260,4848.4,4848.9,4846.2,4848.2
1775608320,4848.5,4849.7,4847,4848.7
1775608380,4848.7,4849.1,4842.9,4843.2
1775608440,4843.2,4846.2,4843.1,4844.1
1775608500,4844.6,4845.6,4841.3,4842.3
1775608560,4842.3,4845.1,4840.3,4841.2
1775608620,4841.3,4848.9,4840.8,4848.2
1775608680,4848.6,4850.9,4845.6,4850.4
1775608740,4850.9,4851.4,4849,4849.1
1775608800,4849.9,4851.2,4840.2,4840.2
1775608860,4840.7,4843.4,4840.7,4842.7
1775608920,4842.6,4845.9,4841.4,4845.2
1775608980,4844.9,4845.8,4843.4,4845.6
1775609040,4845.7,4846.2,4842,4842
1775609100,4841.7,4842,4837.6,4837.8
1775609160,4838.4,4842.2,4836.9,4841.7
1775609220,4841.1,4842.9,4839.5,4840
1775609280,4840,4842.8,4839.9,4841.1
1775609340,4841.8,4844.7,4841.8,4843.9
1775609400,4843.7,4849.3,4843.7,4847.1
1775609460,4846.9,4849.8,4846.3,4848.8
1775609520,4848.2,4856.1,4848.2,4853.8
1775609580,4853.5,4853.5,4846.6,4848.3
1775609640,4848,4850.8,4848,4850.1
1775609700,4850.9,4852.1,4848.4,4848.7
1775609760,4848.7,4848.7,4845.8,4848.5
1775609820,4847.5,4847.5,4841,4843.6
1775609880,4843.4,4843.4,4838.4,4841.5
1775609940,4842.1,4849.1,4842.1,4845.6
1775610000,4846.7,4854.1,4841.8,4844.8
1775610060,4843.8,4848.8,4841.1,4843.5
1775610120,4844.5,4844.5,4836.4,4840.7
1775610180,4840.5,4840.8,4834.3,4838
1775610240,4837.2,4839,4834,4835
1775610300,4835.3,4843.5,4834.6,4841
1775610360,4841.4,4846.5,4840,4843.8
1775610420,4843.7,4845.9,4842.1,4842.8
1775610480,4843.6,4848.9,4841.7,4845.3
1775610540,4845,4847.3,4842.5,4846.8
1775610600,4848,4851,4844.7,4845.5
1775610660,4845,4848.2,4844.4,4847.1
1775610720,4847.4,4849,4846.2,4848
1775610780,4847.6,4850.6,4847.5,4848
1775610840,4848,4851.5,4848,4848.6
1775610900,4849,4850.9,4848.1,4848.5
1775610960,4848.8,4849.7,4848.1,4848.8
1775611020,4848.7,4849,4848,4848.5
1775611080,4848.7,4848.7,4836.9,4836.9
1775611140,4836.7,4839,4829.4,4831.8
1775611200,4831.8,4834.9,4823.1,4827.1
1775611260,4827.5,4831.1,4823,4829.4
1775611320,4829.2,4833,4826.4,4833
1775611380,4833.3,4836.9,4832.5,4834
1775611440,4833.9,4833.9,4827.8,4830.6
1775611500,4830.4,4834,4830.1,4833
1775611560,4832.5,4834.6,4825.8,4826.5
1775611620,4825.8,4828.2,4824.4,4827.8
1775611680,4827.6,4827.7,4821.3,4821.8
1775611740,4822.1,4824.5,4822,4823.6
1775611800,4823.1,4828.1,4822,4824
1775611860,4823.7,4826.7,4818.6,4821.2
1775611920,4822.2,4822.2,4817.2,4819.8
1775611980,4819.9,4828.9,4819,4827.9
1775612040,4827.7,4829,4826.2,4829
1775612100,4829,4829.8,4827.5,4829.2
1775612160,4828.8,4830.5,4827.4,4828.8
1775612220,4828.7,4833.7,4828.7,4832.2
1775612280,4830.7,4831.4,4828.1,4828.4
1775612340,4828.8,4829.6,4827.4,4827.5
1775612400,4827.5,4830,4825.1,4828.9
1775612460,4829.1,4832.3,4829,4831.4
1775612520,4831.5,4831.5,4829.3,4829.7
1775612580,4829.7,4829.9,4826.5,4827.8
1775612640,4828,4830.5,4826.8,4828.4
1775612700,4828.9,4832,4827.7,4831.5
1775612760,4830.5,4834.8,4830.1,4833.3
1775612820,4833.4,4834.8,4831.3,4831.9
1775612880,4832.1,4833.9,4831,4832.9
1775612940,4833.1,4837,4832.4,4836.4
1775613000,4837.5,4843,4837.3,4843
1775613060,4842.7,4843.5,4841.2,4841.6
1775613120,4842.1,4842.5,4840.4,4841.6
1775613180,4841.8,4842.4,4841.1,4841.3
1775613240,4841.3,4841.4,4836.6,4838.3
1775613300,4838.3,4838.9,4836,4837.6
1775613360,4836.9,4840.5,4836.8,4839.6
1775613420,4839.2,4839.4,4836.1,4838
1775613480,4837.9,4839.4,4837.3,4838.8
1775613540,4838.8,4840.8,4838.3,4838.6
1775613600,4838.5,4849.9,4838.4,4849.8
1775613660,4849.6,4849.6,4844.4,4847
1775613720,4845.9,4853.8,4845.8,4847.6
1775613780,4847.4,4849.9,4846.8,4847.9
1775613840,4848.2,4848.4,4844.6,4845.4
1775613900,4845.9,4847.3,4845.4,4845.4
1775613960,4845,4846.3,4844.6,4846.2
1775614020,4846.1,4847.1,4845.2,4846.7
1775614080,4847.5,4847.6,4846.1,4847
1775614140,4846.9,4846.9,4843.6,4845
1775614200,4845.3,4845.4,4844.4,4845
1775614260,4845.1,4845.1,4842.1,4843.4
1775614320,4844.4,4845.4,4842.4,4845.4
1775614380,4845.6,4848,4844.7,4845.5
1775614440,4845.2,4845.2,4842.6,4843.1
1775614500,4842.3,4842.6,4840.5,4841.9
1775614560,4842.2,4842.2,4840.2,4841.6
1775614620,4841.4,4841.5,4839.9,4840.9
1775614680,4840.9,4842,4840.9,4841.2
1775614740,4842.1,4842.1,4840.7,4841
1775614800,4841.4,4842.2,4841.1,4841.6
1775614860,4841.3,4842.5,4840.7,4841.3
1775614920,4841.7,4842.3,4840.6,4840.6
1775614980,4840.4,4841.2,4840,4840.6
1775615040,4840.8,4841,4838.3,4838.3
1775615100,4838.7,4839.2,4836.4,4837.4
1775615160,4837.1,4838.1,4836.9,4838.1
1775615220,4838,4839.2,4837.5,4839.2
1775615280,4839.5,4841.5,4839.5,4841.5
1775615340,4841.3,4842.4,4839.7,4839.7
1775615400,4840.3,4841.7,4838.8,4840.7
1775615460,4840.5,4840.7,4838.4,4839.3
1775615520,4839.5,4842.3,4838.8,4842
1775615580,4842.4,4845.1,4841.8,4842.8
1775615640,4842.3,4843.6,4841.8,4843.3
1775615700,4843.7,4845,4843.4,4843.8
1775615760,4843,4847,4841.5,4846.5
1775615820,4846.5,4847.8,4846,4847.8
1775615880,4848.1,4849.7,4845.3,4845.3
1775615940,4845.4,4845.8,4842.6,4842.8
1775616000,4843.4,4843.7,4838.1,4841.1
1775616060,4840.5,4842,4838.9,4840.3
1775616120,4840,4841.2,4838.8,4838.8
1775616180,4838.6,4839.4,4837.1,4837.5
1775616240,4837.1,4837.7,4835.3,4836.3
1775616300,4835.4,4837.3,4835,4836.4
1775616360,4836,4838.1,4835.5,4837.5
1775616420,4837.6,4837.8,4835.5,4836
1775616480,4836,4836,4834.4,4834.4
1775616540,4834.6,4835.7,4833.7,4835.2
1775616600,4835.3,4838,4834.8,4837.1
1775616660,4836.9,4838.2,4834,4834.6
1775616720,4834,4834.3,4832.4,4833.7
1775616780,4834,4834,4832.6,4832.6
1775616840,4832.8,4835.3,4832.1,4833
1775616900,4833.3,4833.5,4830,4830.3
1775616960,4830.4,4832.2,4828.2,4831
1775617020,4831.3,4831.4,4829.8,4830.9
1775617080,4830.5,4831.1,4830.1,4830.7
1775617140,4831.1,4833.7,4830.8,4833.4
1775617200,4833.8,4834.9,4832.6,4834.7
1775617260,4834.6,4834.8,4833,4834.5
1775617320,4833.7,4835.3,4833.6,4833.9
1775617380,4833.6,4834.7,4833.4,4833.8
1775617440,4834.2,4834.3,4833.5,4833.5
1775617500,4832.8,4833,4830,4830.3
1775617560,4830.7,4831.8,4829.8,4830
1775617620,4830.9,4832.9,4830.7,4832
1775617680,4831.9,4833.3,4831.5,4831.8
1775617740,4832.1,4832.2,4830.9,4831.9
1775617800,4831.9,4832.3,4831.5,4832.3
1775617860,4832.1,4832.8,4831.2,4831.3
1775617920,4831.3,4831.7,4830.1,4830.9
1775617980,4831,4831.2,4827.9,4828.8
1775618040,4828.6,4829.5,4827.1,4828.5
1775618100,4827.4,4829.3,4827.1,4827.8
1775618160,4827.7,4829,4827.2,4829
1775618220,4828.6,4828.9,4827.7,4828.6
1775618280,4828.4,4828.4,4825.8,4827.6
1775618340,4827,4828,4826.4,4827.3
1775618400,4827.5,4829.5,4826.4,4829.5
1775618460,4829.4,4831.2,4828.2,4830.7
1775618520,4830.5,4831.2,4828.7,4828.8
1775618580,4828.2,4829.6,4828,4829.6
1775618640,4829.2,4830,4828.6,4829.3
1775618700,4829.4,4831.1,4829.1,4829.5
1775618760,4829.9,4830.8,4829.2,4830.8
1775618820,4830.9,4830.9,4828.8,4830
1775618880,4829.6,4830.5,4828.8,4830.2
1775618940,4830.9,4834.6,4830.3,4832.5
1775619000,4832.1,4833.2,4831.6,4832.4
1775619060,4832.8,4832.9,4828.8,4830.1
1775619120,4830.1,4830.1,4824.4,4825.6
1775619180,4825.4,4828.5,4825.4,4827.2
1775619240,4827.3,4829.6,4826.8,4829
1775619300,4830.2,4831.1,4829.3,4830.8
1775619360,4831.1,4831.4,4829.8,4830.3
1775619420,4829.9,4830.5,4829.4,4829.5
1775619480,4829.5,4830.2,4828.2,4828.2
1775619540,4828,4828.4,4826.2,4826.8
1775619600,4827.6,4830,4827.6,4829.2
1775619660,4830.1,4832.9,4830.1,4831.4
1775619720,4831.1,4831.8,4830.9,4831.4
1775619780,4831.7,4832.4,4831.4,4832.4
1775619840,4832.6,4834.6,4829.6,4830.1
1775619900,4829.3,4830.4,4828.7,4828.8
1775619960,4829.1,4831.2,4828.4,4829.3
1775620020,4830,4830,4827.6,4828.3
1775620080,4828.8,4829.7,4828.5,4828.8
1775620140,4828.7,4829.2,4828.1,4828.1
1775620200,4828,4829.1,4827.8,4828.5
1775620260,4828.7,4834,4828.5,4832.1
1775620320,4832.7,4832.8,4830.3,4832.8
1775620380,4832,4833,4831.1,4832.1
1775620440,4831.3,4831.6,4829.4,4829.9
1775620500,4829.5,4830.7,4828.5,4830.1
1775620560,4830.5,4831.5,4829.6,4830.7
1775620620,4830.8,4831.4,4829.9,4830.9
1775620680,4830.1,4830.6,4828.2,4828.2
1775620740,4827.9,4828.1,4825.8,4826.9
1775620800,4826.8,4830.2,4826.3,4827.8
1775620860,4828.4,4831,4828.4,4829.9
1775620920,4829.4,4830,4828.4,4828.8
1775620980,4828.3,4829.5,4827.6,4828.2
1775621040,4827.7,4828.7,4827.1,4827.1
1775621100,4827,4828.2,4827,4827
1775621160,4826.9,4828.3,4826.7,4828.2
1775621220,4828,4828,4823.7,4824.2
1775621280,4824.7,4825.4,4823.6,4823.9
1775621340,4823.9,4824.8,4823.1,4824.1
1775621400,4823.9,4826.1,4823.9,4825.6
1775621460,4825.6,4826.3,4823.8,4825.2
1775621520,4825.3,4826.4,4824.7,4825.8
1775621580,4825.7,4826.3,4825.2,4825.5
1775621640,4825.7,4827.7,4825,4827.1
1775621700,4826.5,4827.3,4826,4826
1775621760,4826.3,4827.9,4826,4827
1775621820,4826.9,4826.9,4821.3,4821.7
1775621880,4821.9,4823.3,4821.5,4822.7
1775621940,4822.8,4825.8,4822.8,4823.9
1775622000,4824.2,4824.3,4822.1,4823
1775622060,4822.9,4822.9,4821.2,4821.7
1775622120,4821.2,4821.5,4820.8,4821.3
1775622180,4821.3,4821.8,4820.1,4820.6
1775622240,4820.7,4821.4,4819.8,4821
1775622300,4820.6,4822.6,4820.6,4822.3
1775622360,4822.6,4825.5,4822.6,4825
1775622420,4824.7,4825.7,4824.5,4825.3
1775622480,4825.7,4829.2,4825.7,4829
1775622540,4829.3,4833.5,4829.3,4832
1775622600,4831.4,4833.2,4830.1,4833
1775622660,4833.1,4834.3,4832,4832.4
1775622720,4832.4,4832.6,4831.9,4832.6
1775622780,4832.2,4832.4,4830,4830.5
1775622840,4830.9,4830.9,4830.4,4830.7
1775622900,4830.8,4831,4830.4,4830.4
1775622960,4831.4,4831.8,4830,4830.8
1775623020,4830.6,4831.3,4830.3,4830.8
1775623080,4831,4834.9,4831,4833.9
1775623140,4833.5,4834.6,4833.2,4833.4
1775623200,4834,4834.1,4833.4,4833.8
1775623260,4833.6,4833.7,4832.4,4833.1
1775623320,4833.3,4836.1,4833.3,4834.3
1775623380,4834.9,4834.9,4832.4,4833.7
1775623440,4832.7,4833.2,4831.5,4832
1775623500,4832.4,4833.2,4831.4,4831.4
1775623560,4831.2,4831.5,4829.5,4831.1
1775623620,4830.6,4831.5,4829.1,4829.1
1775623680,4829,4829.4,4827.5,4829.4
1775623740,4830,4830.1,4826.7,4827.8
1775623800,4827.6,4829.3,4827.6,4829.2
1775623860,4830.1,4831.5,4830.1,4831.5
1775623920,4830.9,4830.9,4828.9,4830.5
1775623980,4830.6,4831,4830.1,4830.4
1775624040,4830,4831.6,4829.4,4829.8
1775624100,4829.8,4830.8,4828.8,4830.5
1775624160,4830.6,4830.7,4828.4,4828.9
1775624220,4828.7,4829.1,4828.2,4828.7
1775624280,4828.9,4832,4828.9,4832
1775624340,4832.3,4833.1,4832,4832.7
1775624400,4833,4833.6,4831.3,4832.9
1775624460,4832.4,4833.4,4832.2,4833.2
1775624520,4832.7,4832.7,4831.1,4832.1
1775624580,4831.1,4831.6,4829.4,4831.1
1775624640,4831.6,4835.8,4830.9,4835
1775624700,4835.9,4836,4834.4,4835
1775624760,4835.4,4837,4834.9,4836.2
1775624820,4835.8,4839.1,4835.8,4838.4
1775624880,4838.2,4839,4837.3,4839
1775624940,4838.9,4838.9,4836.8,4837
1775625000,4837.6,4838.4,4836.4,4837.1
1775625060,4837.1,4838.7,4837.1,4838.7
1775625120,4839,4839.8,4836.8,4836.8
1775625180,4836.8,4837.4,4834.4,4835.9
1775625240,4836.1,4839.6,4836.1,4838.5
1775625300,4837.9,4838.5,4836.9,4837.8
1775625360,4837.2,4837.2,4835,4836.2
1775625420,4836.9,4837.4,4836.6,4836.7
1775625480,4838,4838.8,4837.8,4838.5
1775625540,4838.7,4838.9,4838,4838
1775625600,4838.2,4838.5,4837,4837.5
1775625660,4838,4838.8,4836.7,4838.1
1775625720,4838,4839.4,4837.5,4838.7
1775625780,4839,4839.6,4837.4,4839.2
1775625840,4839.2,4840.7,4839,4839.8
1775625900,4839.2,4841.4,4839.2,4839.7
1775625960,4839.1,4840.4,4839,4840.1
1775626020,4840.4,4843.9,4840.2,4843
1775626080,4843,4844.9,4842.5,4843.6
1775626140,4843.8,4844.5,4843.1,4844
1775626200,4843.6,4846.8,4843.6,4844.4
1775626260,4845,4848.8,4844.9,4846.4
1775626320,4846.7,4847,4843.2,4843.6
1775626380,4843.4,4849,4841.7,4848.2
1775626440,4848.2,4851.2,4847.7,4849.6
1775626500,4849.9,4850.6,4848.1,4849.4
1775626560,4848.9,4849.5,4847.7,4849.1
1775626620,4849.1,4850.2,4846.9,4847
1775626680,4847.2,4847.3,4845,4846.7
1775626740,4846.8,4848.7,4846.8,4848.4
1775626800,4848.8,4851.4,4848.8,4851.1
1775626860,4851.5,4852.5,4850.2,4850.2
1775626920,4850.7,4853.1,4850.7,4851.8
1775626980,4851.5,4853.3,4851.5,4852.1
1775627040,4852.5,4853,4850.1,4850.5
1775627100,4850,4851.6,4848.8,4851.4
1775627160,4851.7,4854.7,4851.7,4854
1775627220,4853.7,4855.9,4853.5,4855.3
1775627280,4855.2,4856.7,4854.4,4856.2
1775627340,4856.6,4860.1,4856.2,4859.9
1775627400,4859.7,4862.2,4859.1,4861
1775627460,4861.2,4867.3,4861.2,4867.1
1775627520,4867.2,4869.7,4866,4869.7
1775627580,4869.5,4872.2,4864.5,4864.7
1775627640,4864.9,4865.3,4863.4,4864.4
1775627700,4864.6,4864.6,4862.2,4862.6
1775627760,4862.5,4862.5,4857.7,4857.7
1775627820,4858.1,4858.2,4855.7,4856.5
1775627880,4856.2,4856.5,4853,4853.9
1775627940,4854,4856.7,4852.8,4855.5
1775628000,4855.2,4861,4855.2,4861
1775628060,4861.1,4862.8,4858.4,4859.8
1775628120,4859.9,4860.3,4856.8,4857.8
1775628180,4857.6,4858.6,4856.1,4858.4
1775628240,4858.1,4859,4856.6,4858.5
1775628300,4858.2,4859.4,4857.2,4858
1775628360,4857.6,4857.6,4855,4856.4
1775628420,4855.6,4856.5,4854.2,4854.5
1775628480,4854.3,4854.7,4849.4,4850
1775628540,4849.5,4853.1,4848.6,4852.3
1775628600,4852,4855.6,4852,4854.6
1775628660,4854.6,4854.9,4852.3,4853.2
1775628720,4853.3,4854.8,4852.2,4852.4
1775628780,4852.6,4854.3,4851.2,4854
1775628840,4853.5,4854.3,4852.8,4854
1775628900,4854.3,4858.3,4852.8,4857.2
1775628960,4857.2,4858.7,4854.5,4855.8
1775629020,4855.8,4856.8,4852.5,4853.8
1775629080,4853.5,4856.5,4852.4,4855.8
1775629140,4856.2,4858.7,4855.3,4857.9
1775629200,4857.5,4861.5,4856.7,4861.3
1775629260,4861,4863,4859.3,4861.2
1775629320,4861,4862.3,4857.8,4860
1775629380,4859.9,4860.3,4858,4860.3
1775629440,4861.1,4861.9,4859.4,4861
1775629500,4860.9,4863,4860.7,4861.7
1775629560,4861.3,4862.6,4859.3,4861.1
1775629620,4861.3,4862,4858.4,4860.1
1775629680,4859.7,4863,4859.6,4861.1
1775629740,4860.9,4863.9,4860.9,4863.7
1775629800,4863.2,4864,4857.5,4858.9
1775629860,4859.8,4859.9,4857.1,4857.5
1775629920,4857.2,4859.3,4856.3,4858
1775629980,4858.7,4862.7,4858.4,4861.3
1775630040,4860.8,4860.8,4858,4860.3
1775630100,4859.6,4863.4,4859.6,4863.4
1775630160,4863.4,4866.8,4858,4858.5
1775630220,4858.3,4861.9,4857.5,4861
1775630280,4860.7,4861.2,4859.7,4860.6
1775630340,4860.5,4860.5,4857.8,4858.3
1775630400,4858.2,4858.6,4857.1,4858.4
1775630460,4858.2,4860.3,4858.2,4859.7
1775630520,4859.4,4863.4,4859.4,4862.2
1775630580,4862.2,4862.2,4859.2,4861.1
1775630640,4861,4862.9,4860.3,4862.3
1775630700,4862.5,4865.7,4861.9,4865.7
1775630760,4865.2,4866,4859.6,4861.7
1775630820,4861.9,4862.8,4859.8,4860.6
1775630880,4860.4,4861,4859,4860.4
1775630940,4859.5,4859.9,4858.7,4859.3
1775631000,4858.5,4859.2,4854.3,4857.2
1775631060,4856.3,4858.4,4855.7,4857.3
1775631120,4857.4,4857.8,4852.5,4852.5
1775631180,4853.5,4854.8,4851.7,4852.9
1775631240,4853.3,4853.9,4846.6,4849.9
1775631300,4849.1,4849.7,4847.2,4849.2
1775631360,4849.3,4849.6,4846.2,4846.6
1775631420,4846.7,4848.6,4846.3,4848.2
1775631480,4848.4,4850.4,4847.5,4848.9
1775631540,4849.5,4849.8,4846.5,4846.6
1775631600,4846.8,4847.3,4842.7,4843.4
1775631660,4843.2,4843.9,4841.6,4843.1
1775631720,4842.2,4842.4,4831,4840.7
1775631780,4841,4845.2,4840.7,4841.1
1775631840,4840.9,4841.9,4839.5,4839.5
1775631900,4839.2,4843.4,4838.7,4842
1775631960,4841.6,4842,4838.9,4840.7
1775632020,4840.8,4842.2,4838.3,4839
1775632080,4838.9,4842.8,4838.9,4841.3
1775632140,4841.3,4843.5,4841,4841.9
1775632200,4841.5,4841.7,4837.6,4838.7
1775632260,4838.9,4839.8,4835.6,4838.3
1775632320,4838.5,4841.7,4837.9,4841.7
1775632380,4840.6,4840.6,4837.1,4838.5
1775632440,4838.5,4841.3,4838.2,4839
1775632500,4838.1,4840.6,4837.9,4840.4
1775632560,4840.7,4840.9,4837.6,4837.6
1775632620,4837.7,4839.7,4836.7,4839.2
1775632680,4839.8,4840.4,4838,4839.3
1775632740,4839.6,4839.8,4837.5,4838.6
1775632800,4838.9,4840.5,4835.4,4835.5
1775632860,4835.5,4837.3,4835.4,4837.1
1775632920,4837.4,4840.1,4836.9,4839.3
1775632980,4839,4841.6,4837.4,4839.7
1775633040,4839.8,4842.3,4839.5,4841.8
1775633100,4841.3,4847.2,4841.3,4847.2
1775633160,4846.6,4847,4843.3,4845.4
1775633220,4845.6,4845.6,4844,4844.5
1775633280,4845.8,4846.1,4843.9,4844.6
1775633340,4844.3,4844.5,4841.3,4844.3
1775633400,4844.1,4844.6,4842.3,4843.2
1775633460,4843.3,4843.8,4841.2,4843.3
1775633520,4843.4,4844.5,4840.4,4840.4
1775633580,4840.7,4840.9,4837.6,4837.6
1775633640,4837.3,4838.1,4834.1,4835.9
1775633700,4836.1,4840.2,4836.1,4840.2
1775633760,4840,4840,4834.1,4836.6
1775633820,4836.7,4837.5,4835.6,4836.6
1775633880,4836.3,4836.4,4833.2,4834.3
1775633940,4834.4,4837.8,4834.1,4836.8
1775634000,4837,4837.2,4834.2,4836
1775634060,4836.3,4836.3,4831.6,4833
1775634120,4833.7,4835.4,4832.9,4834.9
1775634180,4834,4834.6,4833.1,4834.6
1775634240,4834.7,4836.1,4834.4,4835.1
1775634300,4834.9,4839,4834.5,4838.6
1775634360,4839,4840.9,4839,4839.6
1775634420,4838.8,4839.4,4838.2,4838.2
1775634480,4838.7,4840.2,4837.9,4840.2
1775634540,4839.6,4840.7,4839.5,4840.6
1775634600,4841,4842.3,4840,4841.2
1775634660,4841.1,4845.3,4841.1,4844.6
1775634720,4844.7,4846.7,4844.1,4844.5
1775634780,4844.2,4845.2,4843.5,4844.2
1775634840,4844,4845,4843.5,4845
1775634900,4845,4845.3,4843.7,4844.9
1775634960,4845,4846.7,4845,4845.6
1775635020,4845.6,4845.6,4842.7,4842.9
1775635080,4843.2,4844.2,4840.4,4841.4
1775635140,4841.5,4841.8,4839.7,4839.7
1775635200,4839.9,4840.4,4837.4,4837.4
1775635260,4837.5,4839.4,4836.9,4839.2
1775635320,4838.7,4840.6,4838.4,4840.6
1775635380,4840.3,4840.7,4837.2,4837.9
1775635440,4838.3,4842.7,4834.3,4842.7
1775635500,4843,4845.4,4842.9,4844.4
1775635560,4844.2,4845,4841.9,4844.3
1775635620,4844.2,4844.7,4841.6,4841.6
1775635680,4841.7,4844,4841.7,4843.4
1775635740,4842.9,4843.2,4842.1,4842.2
1775635800,4842.2,4842.2,4840.4,4841
1775635860,4841.4,4841.7,4838.1,4838.1
1775635920,4838.8,4839.9,4838.8,4839.5
1775635980,4839.5,4842,4839.5,4841.6
1775636040,4842,4842.9,4841.6,4841.7
1775636100,4841.5,4842.5,4841.2,4841.2
1775636160,4842,4842.9,4841.5,4842
1775636220,4842.7,4843.5,4841.9,4842.1
1775636280,4842.8,4844.2,4842.8,4844.2
1775636340,4844.2,4846,4844.2,4845.3
1775636400,4845.5,4845.5,4841.2,4842.1
1775636460,4841.7,4843.6,4841.5,4841.5
1775636520,4842,4842,4839.2,4839.5
1775636580,4839.5,4839.5,4837.9,4837.9
1775636640,4837.7,4837.7,4833.5,4834.4
1775636700,4834.4,4836.1,4827.8,4832.2
1775636760,4832,4832.1,4825,4828.7
1775636820,4828.3,4831,4827.6,4831
1775636880,4831.2,4831.8,4829.4,4831
1775636940,4831.8,4835.5,4830.8,4835.5
1775637000,4834.8,4835.6,4830.7,4832.8
1775637060,4833,4833,4830.8,4832.2
1775637120,4832.4,4832.4,4829.4,4830
1775637180,4831.1,4832.3,4830.3,4831.9
1775637240,4831.4,4831.4,4829.3,4829.4
1775637300,4829.5,4833.8,4828.9,4833.7
1775637360,4834.2,4834.7,4829.9,4831.8
1775637420,4831.4,4833.3,4831,4831.7
1775637480,4831.5,4832.2,4830.5,4830.7
1775637540,4831.3,4832.5,4829.6,4830.6
1775637600,4830.6,4832.2,4829.5,4830.2
1775637660,4830.1,4830.1,4825.2,4825.2
1775637720,4825.1,4825.1,4818,4818
1775637780,4819.2,4822.3,4818.1,4821.6
1775637840,4822.2,4822.2,4818.3,4821.3
1775637900,4820.9,4822.8,4817.5,4819.3
1775637960,4819.3,4825.6,4818.7,4824.7
1775638020,4824.2,4826.8,4823,4823.6
1775638080,4823.5,4824.3,4821.3,4822.8
1775638140,4823,4824.6,4821,4822.7
1775638200,4823.1,4829.7,4822.2,4828.5
1775638260,4828.7,4831.4,4824.9,4824.9
1775638320,4824.7,4824.9,4821.4,4824.2
1775638380,4824,4826.2,4823.5,4825.4
1775638440,4825.6,4825.9,4823.1,4824.2
1775638500,4824.6,4826.4,4824.6,4825.9
1775638560,4825.6,4825.6,4823.3,4823.6
1775638620,4823.7,4823.9,4822.9,4823.6
1775638680,4822.9,4823.8,4821.4,4822.7
1775638740,4822.7,4823,4821.4,4821.8
1775638800,4821.9,4823.3,4821.2,4821.7
1775638860,4821.6,4826.1,4821.6,4824.7
1775638920,4824.4,4824.5,4823,4823.8
1775638980,4823.7,4825.5,4822.5,4824.4
1775639040,4824.6,4825.2,4823.4,4824.1
1775639100,4824.4,4824.9,4822.9,4823.3
1775639160,4824.4,4826,4823.6,4824.8
1775639220,4824.8,4827.3,4824.3,4826.4
1775639280,4825.8,4827.2,4825.2,4826.4
1775639340,4826.5,4826.9,4825.3,4825.3
1775639400,4825.3,4826.3,4822.8,4824.2
1775639460,4824.2,4825.6,4823.1,4825.4
1775639520,4826.2,4826.2,4824.9,4825.2
1775639580,4825.1,4826.6,4824.8,4826
1775639640,4826.7,4829.3,4825.6,4828.9
1775639700,4828.4,4828.7,4825.4,4825.4
1775639760,4825.5,4826.2,4825,4825.4
1775639820,4825.8,4826.4,4824.8,4825
1775639880,4825.2,4826.1,4824.3,4825.3
1775639940,4824.8,4825.7,4823.4,4825.1
1775640000,4825.1,4826,4824,4824.8
1775640060,4824.8,4824.8,4822.8,4824.4
1775640120,4824.4,4828.6,4823.5,4828.3
1775640180,4828.7,4831.2,4828.7,4829.6
1775640240,4829.9,4831.1,4829.3,4829.7
1775640300,4829.7,4832.5,4828.3,4831.9
1775640360,4831.8,4834,4831,4831
1775640420,4830.8,4833.7,4829.7,4830.4
1775640480,4830.5,4831.9,4829.2,4829.4
1775640540,4829.8,4830,4823.7,4825.4
1775640600,4825.3,4831,4825.2,4827.7
1775640660,4827.8,4827.8,4824.4,4827.7
1775640720,4827.7,4828.1,4825.2,4825.8
1775640780,4826.1,4827.7,4824.8,4825.9
1775640840,4825.7,4826.5,4822.9,4824.1
1775640900,4824.4,4826.2,4822.6,4825.3
1775640960,4826.2,4827.4,4825.2,4825.9
1775641020,4825.8,4828.4,4825.2,4825.7
1775641080,4825.5,4826,4824,4824.4
1775641140,4824.3,4824.4,4820.6,4822
1775641200,4821.4,4821.4,4817.7,4818
1775641260,4818.2,4822.6,4818.2,4820.6
1775641320,4820.3,4821.5,4818.7,4818.7
1775641380,4818.5,4818.5,4809.3,4813.5
1775641440,4813.5,4813.8,4804,4809.1
1775641500,4810.2,4811.4,4802.9,4806.3
1775641560,4807,4807.5,4805.4,4807
1775641620,4807,4811.4,4805.6,4811.1
1775641680,4810.6,4811.1,4808.7,4810.1
1775641740,4809.9,4814.4,4809.9,4812.5
1775641800,4813,4816.4,4812.3,4814.7
1775641860,4815.2,4815.4,4811.9,4812.5
1775641920,4812.6,4814.8,4812.1,4813.5
1775641980,4814.1,4814.9,4811.1,4812.8
1775642040,4812.2,4813.2,4811.7,4812.1
1775642100,4811.8,4812.2,4811.1,4812.1
1775642160,4811.7,4813.6,4811,4812
1775642220,4811.8,4812.7,4809.9,4809.9
1775642280,4809.7,4810.3,4806.2,4809.6
1775642340,4810.3,4811.1,4807,4810.2
1775642400,4810.3,4812.1,4809.2,4811
1775642460,4810.4,4819,4809.7,4815.8
1775642520,4815.8,4817.3,4815,4815
1775642580,4815.6,4818.1,4815.6,4817.6
1775642640,4817.4,4818.3,4815.9,4816.3
1775642700,4816.4,4816.7,4813.2,4815.5
1775642760,4815.9,4816.7,4815.2,4815.2
1775642820,4815.3,4816.9,4815.3,4816.1
1775642880,4816.5,4816.7,4814.4,4814.9
1775642940,4815,4815.9,4814.6,4815.6
1775643000,4815.3,4815.4,4814.6,4815.2
1775643060,4815.4,4816.1,4813.1,4813.1
1775643120,4812.7,4813.1,4812,4812.2
1775643180,4812.6,4812.6,4811,4811.8
1775643240,4811.1,4812.1,4810,4810.1
1775643300,4810,4810.2,4807.7,4808.1
1775643360,4807.9,4808,4798.2,4804
1775643420,4803.6,4807.8,4803.4,4806.5
1775643480,4806,4808.4,4806,4807
1775643540,4806.9,4807,4803.7,4803.7
1775643600,4804,4804.6,4799.1,4802.4
1775643660,4802.7,4803.4,4801.9,4803
1775643720,4803,4806.6,4802.3,4806.6
1775643780,4808.2,4808.6,4807.5,4808
1775643840,4807.8,4808.2,4805,4805.8
1775643900,4806.4,4808.6,4806.4,4807.8
1775643960,4808.2,4808.6,4806.4,4807.5
1775644020,4807.1,4808.6,4806.9,4808.6
1775644080,4808.2,4810.7,4808.2,4808.6
1775644140,4808.8,4810.2,4808.4,4809.8
1775644200,4809.5,4810,4806.9,4809.9
1775644260,4809.6,4809.8,4809,4809.8
1775644320,4809.5,4812,4809.5,4811.6
1775644380,4811.6,4812.4,4809.2,4809.2
1775644440,4808.9,4810.7,4808.7,4809.9
1775644500,4810.1,4812.6,4808.9,4812.6
1775644560,4812.1,4814.6,4811.4,4813.3
1775644620,4813.7,4816.9,4813.6,4814.3
1775644680,4814.3,4817.1,4814.2,4817.1
1775644740,4816.6,4816.8,4814.2,4815
1775644800,4815.1,4815.2,4812.5,4813
1775644860,4812.5,4814,4812.5,4813.9
1775644920,4814,4815.8,4813.3,4814.2
1775644980,4814.3,4816.3,4814,4816.3
1775645040,4816.1,4819.6,4816.1,4818.7
1775645100,4818.5,4821.7,4818.5,4821.7
1775645160,4821.2,4822.5,4820.4,4821.8
1775645220,4821.7,4821.9,4820.3,4821.3
1775645280,4821.9,4822.4,4819.2,4821.2
1775645340,4821.1,4821.7,4819.9,4820.2
1775645400,4819.9,4823.1,4819.9,4821.6
1775645460,4821.1,4822.4,4819.3,4821
1775645520,4821.5,4822.5,4820.1,4820.8
1775645580,4820.9,4822.7,4820.8,4821.8
1775645640,4822,4823,4817.9,4818.2
1775645700,4818.1,4818.3,4814.2,4814.2
1775645760,4815.1,4817,4814.3,4816.8
1775645820,4816.5,4816.9,4814.1,4814.4
1775645880,4813.5,4813.5,4811.4,4812.2
1775645940,4812.7,4812.9,4809.7,4809.7
1775646000,4809.3,4811.6,4807.2,4809.2
1775646060,4809.6,4810.3,4808.4,4809.2
1775646120,4809.1,4814.2,4808.5,4811.5
1775646180,4811.5,4813.6,4811.2,4813
1775646240,4812.6,4812.7,4810,4810
1775646300,4810,4810.6,4807.8,4810.6
1775646360,4810.6,4812.5,4810.5,4811.6
1775646420,4811.6,4814.6,4811.6,4814.2
1775646480,4814.2,4817.8,4814,4817.3
1775646540,4817.7,4818.8,4817,4818.7
1775646600,4817.9,4818.2,4816.8,4818
1775646660,4817.9,4818.1,4814.7,4815.4
1775646720,4815.7,4817.2,4814.5,4815.4
1775646780,4816,4817.3,4814.9,4816.3
1775646840,4816.1,4816.8,4814.8,4815.2
1775646900,4815.1,4815.7,4812.1,4812.1
1775646960,4812.5,4813.9,4811.2,4813.5
1775647020,4813.6,4814.2,4812.7,4813.5
1775647080,4813.4,4813.4,4811.3,4811.6
1775647140,4812,4813.3,4811.3,4812.5
1775647200,4812.6,4814.1,4811.8,4812.1
1775647260,4812.3,4814.6,4811.7,4812.9
1775647320,4813.1,4814.4,4810.6,4814
1775647380,4814,4814.4,4811.8,4813.3
1775647440,4813,4816,4812.6,4814.4
1775647500,4814.3,4820.9,4812.5,4819.9
1775647560,4820.5,4823.8,4819.7,4822.8
1775647620,4822.1,4825.5,4821.8,4822.4
1775647680,4822.5,4823.3,4818.6,4818.6
1775647740,4819,4821.2,4818.8,4818.8
1775647800,4819.2,4819.2,4813.7,4818.3
1775647860,4818.5,4820.1,4815.6,4815.6
1775647920,4815.1,4819.6,4813.9,4818.1
1775647980,4818.7,4820.8,4816.9,4817.1
1775648040,4817,4818.5,4816.5,4816.6
1775648100,4816.3,4816.8,4810.7,4812.2
1775648160,4811.6,4812.2,4806.4,4807.8
1775648220,4807.7,4810.9,4806.8,4810.6
1775648280,4810.8,4811.1,4808.2,4809.7
1775648340,4809.9,4811.8,4809.6,4811.1
1775648400,4811.1,4811.1,4809,4811
1775648460,4810.9,4815.2,4809.9,4815.2
1775648520,4815.2,4819.4,4815,4815
1775648580,4815,4815.4,4813.1,4814.9
1775648640,4814.9,4818.8,4814.9,4818.8
1775648700,4818.3,4821.2,4817.3,4821
1775648760,4821.4,4822.6,4820,4822.2
1775648820,4822.6,4824.1,4821.8,4822
1775648880,4821.7,4824.4,4821.1,4824
1775648940,4824.1,4824.6,4822.5,4824.2
1775649000,4824,4827.1,4821.8,4825.6
1775649060,4825.7,4826.8,4823.9,4824.3
1775649120,4824.2,4826.3,4823.3,4825.7
1775649180,4826.1,4828.8,4825.1,4828.7
1775649240,4828.2,4828.7,4824.8,4824.8
1775649300,4824.7,4826.9,4824.3,4826.2
1775649360,4825.9,4826.1,4824.4,4825.3
1775649420,4825.7,4830,4825.7,4829.4
1775649480,4829.4,4830.4,4828,4829.1
1775649540,4829.3,4829.4,4824.9,4826.4
1775649600,4826.3,4829.2,4825.7,4827.8
1775649660,4827.8,4829.7,4826.5,4828.3
1775649720,4828.4,4830,4827.8,4829.9
1775649780,4829,4830.1,4829,4829.9
1775649840,4829.5,4831.8,4829.1,4831.3
1775649900,4831.5,4831.5,4830,4830.7
1775649960,4830.9,4833.1,4830.1,4830.8
1775650020,4831.3,4832.2,4828,4829.4
1775650080,4829.6,4830.7,4827.6,4829.6
1775650140,4829.9,4830.8,4827.3,4827.8
1775650200,4827.7,4829.1,4826.1,4826.4
1775650260,4826.2,4829.4,4825,4828.2
1775650320,4828.5,4831.4,4828.2,4831.4
1775650380,4831.2,4834.8,4830.8,4833.6
1775650440,4833.2,4833.7,4831,4832.4
1775650500,4832.5,4832.9,4830.8,4831.1
1775650560,4831.1,4831.1,4828.5,4828.8
1775650620,4828.6,4831.3,4828,4830.7
1775650680,4830.4,4830.8,4828.8,4829.6
1775650740,4829.5,4829.5,4819.7,4820.3
1775650800,4820.4,4821.8,4813.2,4815.2
1775650860,4815,4818.3,4804.9,4805.2
1775650920,4805.8,4807.4,4793.7,4801.9
1775650980,4801.9,4805.2,4798,4798.7
1775651040,4799.2,4805,4795.6,4796.4
1775651100,4797,4802.8,4796.4,4802.2
1775651160,4802.2,4807,4800.2,4805.5
1775651220,4804.9,4807.6,4802,4805.1
1775651280,4805.1,4807.8,4804.7,4806
1775651340,4806.2,4811.2,4805.8,4810.8
1775651400,4810.9,4815.7,4809.8,4815.7
1775651460,4815,4817.2,4814,4815.9
1775651520,4816.5,4818.3,4814,4815.6
1775651580,4814.7,4818.4,4814,4817.9
1775651640,4818.2,4820.5,4818,4819.8
1775651700,4820.2,4820.2,4818.1,4819.4
1775651760,4820,4820.6,4818.7,4819.7
1775651820,4819.6,4823.2,4819.6,4822.5
1775651880,4822.6,4824.2,4821.7,4824
1775651940,4823.9,4825,4822.5,4823.5
1775652000,4823.4,4824.4,4820.8,4822.1
1775652060,4822.4,4823.3,4820.9,4823.3
1775652120,4823.6,4824.7,4822.6,4824.2
1775652180,4824,4824.5,4822.4,4823.9
1775652240,4822.5,4823.6,4820.9,4821.7
1775652300,4822,4824.8,4821.9,4824.8
1775652360,4824.8,4828,4823.4,4826.8
1775652420,4827.1,4828.5,4826.7,4827.5
1775652480,4827.5,4827.5,4822.6,4823
1775652540,4822.7,4824.7,4822.3,4824.5
1775652600,4823.8,4824.5,4821.7,4822
1775652660,4821.8,4825.3,4821.8,4825.1
1775652720,4825,4825.4,4823.2,4824.5
1775652780,4824.7,4824.7,4822.8,4823.4
1775652840,4823.7,4829,4823.7,4828.7
1775652900,4828.2,4829.7,4828.1,4828.9
1775652960,4828.7,4828.7,4825.9,4825.9
1775653020,4826.4,4828.1,4826,4827.9
1775653080,4827.4,4827.4,4826,4826.8
1775653140,4826.9,4828.3,4826.1,4827.1
1775653200,4826.6,4831.8,4826,4830.6
1775653260,4829.8,4831.8,4829.2,4830.5
1775653320,4830.9,4833.6,4830.6,4833.4
1775653380,4833.5,4833.6,4831.9,4832.5
1775653440,4831.8,4833,4827.2,4829.7
1775653500,4829.5,4829.6,4826.4,4827.9
1775653560,4827.8,4829.5,4825.7,4825.8
1775653620,4825.1,4825.4,4823.6,4823.9
1775653680,4824,4825.5,4823.4,4823.9
1775653740,4823.3,4826.5,4823.2,4824.9
1775653800,4825,4825,4820.4,4820.4
1775653860,4820.4,4820.8,4818,4819.4
1775653920,4820.3,4822.6,4820.3,4821.5
1775653980,4820.9,4822.1,4819.9,4821.2
1775654040,4821.1,4821.1,4819.1,4820.5
1775654100,4820.5,4823.5,4819.6,4822.7
1775654160,4822.9,4824.1,4821.2,4822.5
1775654220,4823,4824.9,4821.5,4824.9
1775654280,4824.5,4824.5,4820,4820.4
1775654340,4820.5,4821.2,4818.9,4820.7
1775654400,4820.6,4820.7,4817.5,4819.5
1775654460,4819.5,4820,4817.2,4819.6
1775654520,4819.1,4822.2,4818.9,4819.5
1775654580,4819.5,4823.1,4819.3,4822.3
1775654640,4822.6,4825.8,4822.6,4825.2
1775654700,4825.7,4826.9,4823.5,4824.8
1775654760,4825.1,4825.8,4824.7,4825
1775654820,4825.1,4825.3,4822,4822
1775654880,4822.1,4822.3,4819.5,4821.4
1775654940,4821.1,4821.4,4816.8,4818.1
1775655000,4817.7,4822.2,4813.8,4814.3
1775655060,4813.6,4815.6,4806.7,4808.7
1775655120,4808.9,4813.5,4807.9,4809.5
1775655180,4809.2,4811,4801.5,4806.4
1775655240,4806.7,4812,4805.4,4810.2
1775655300,4809.9,4813.6,4807.7,4810.4
1775655360,4810.7,4815.3,4810.6,4813.6
1775655420,4813.7,4814,4807.5,4808.8
1775655480,4808.7,4808.9,4802.1,4805.1
1775655540,4805,4805,4801.1,4804.4
1775655600,4804.4,4806.4,4801.7,4805.7
1775655660,4805.8,4806.2,4800.6,4803.9
1775655720,4804.3,4806.9,4801.1,4801.8
1775655780,4801.8,4804.8,4801.2,4803.3
1775655840,4803.1,4807.7,4801.3,4801.3
1775655900,4801.1,4807.7,4801,4805.3
1775655960,4805.3,4811.8,4804.5,4811.5
1775656020,4811.4,4813.2,4811.2,4811.8
1775656080,4811.8,4814.1,4811.3,4814
1775656140,4813.9,4815.5,4813.4,4814.7
1775656200,4815.1,4816,4813.5,4815
1775656260,4814.6,4815.3,4802.7,4803.5
1775656320,4803.9,4808.5,4803.9,4804.9
1775656380,4805.2,4807.2,4798.1,4801.1
1775656440,4800.7,4803,4798.3,4799.3
1775656500,4798.7,4800.3,4792.8,4798.2
1775656560,4798.4,4806.4,4798.4,4805.9
1775656620,4806,4807,4803.6,4806.6
1775656680,4806.7,4807.5,4804.3,4806.5
1775656740,4806.2,4807.4,4804,4804.1
1775656800,4803.7,4814.9,4803.1,4811.4
1775656860,4811.1,4812.9,4808.9,4810.6
1775656920,4811.3,4812.7,4808,4811.2
1775656980,4810.9,4816.7,4810.6,4816.6
1775657040,4816.9,4818.5,4812.1,4812.6
1775657100,4812.8,4815.8,4811.4,4813.9
1775657160,4813.3,4817.1,4813.2,4817
1775657220,4816.6,4818.8,4814.1,4815.5
1775657280,4814.7,4816.4,4803.8,4806.8
1775657340,4807.6,4813.4,4807.3,4813.4
1775657400,4813.7,4814,4810,4810.3
1775657460,4809.8,4812.4,4808.5,4811.8
1775657520,4811.5,4811.7,4808,4809.7
1775657580,4809,4810,4805.5,4807.5
1775657640,4807.2,4809.2,4806.1,4807
1775657700,4807,4811,4806.9,4811
1775657760,4811.2,4811.2,4808.5,4810.4
1775657820,4810.5,4812.2,4810.5,4811.4
1775657880,4811.7,4812.2,4808.6,4809
1775657940,4809.7,4810,4799.7,4800.4
1775658000,4799.9,4807.2,4798.7,4805.6
1775658060,4805.1,4807,4802.7,4802.9
1775658120,4803.1,4805,4800,4803.5
1775658180,4803.6,4804.1,4801,4802.6
1775658240,4802.5,4803.3,4801,4801
1775658300,4801.4,4801.4,4788,4790.9
1775658360,4791.6,4796,4789.1,4793
1775658420,4793,4799.4,4792,4798.2
1775658480,4798.5,4799.9,4796.5,4798.2
1775658540,4798.6,4799.9,4791.6,4795.1
1775658600,4794.9,4795.1,4788,4789.9
1775658660,4789.8,4792,4782.5,4782.5
1775658720,4782.5,4785.9,4776,4777.8
1775658780,4778,4784.3,4778,4784.3
1775658840,4784.5,4784.8,4777.5,4780.9
1775658900,4781,4786.5,4777.8,4780
1775658960,4780.7,4783.6,4780,4782.5
1775659020,4782.4,4786.6,4782.3,4784.9
1775659080,4785.4,4793.7,4780.5,4791.7
1775659140,4791.6,4793.4,4787.5,4787.9
1775659200,4788.6,4795,4787.9,4793.7
1775659260,4794,4797.3,4794,4794.4
1775659320,4794.1,4794.7,4789.6,4793
1775659380,4792.8,4793.1,4787.6,4788.3
1775659440,4788,4788.6,4785.4,4787.5
1775659500,4787.1,4792,4786.1,4787.1
1775659560,4786.2,4787.4,4783.5,4786.2
1775659620,4785.8,4785.9,4781.1,4781.6
1775659680,4782.2,4783.4,4776,4783
1775659740,4783.6,4787.2,4780.8,4782.1
1775659800,4782.6,4783.5,4777.3,4781.6
1775659860,4782.3,4782.9,4776.8,4777.8
1775659920,4777.5,4778.1,4770.5,4775.5
1775659980,4775.5,4776,4771.2,4773.4
1775660040,4773.8,4780.6,4773,4779.5
1775660100,4778.8,4779.5,4771.2,4771.7
1775660160,4772.4,4773.2,4757.6,4758.8
1775660220,4759.1,4766.4,4759.1,4762.5
1775660280,4763.3,4768.5,4763,4767.9
1775660340,4768,4768.8,4757.8,4762.2
1775660400,4761.6,4771.9,4760.3,4770.1
1775660460,4769.9,4773.4,4768.1,4772.3
1775660520,4771.7,4774.6,4771,4771.5
1775660580,4770.9,4774,4768.1,4771.6
1775660640,4771.4,4773.3,4766.8,4772.7
1775660700,4772.7,4773.6,4768.7,4770
1775660760,4769.4,4773.1,4768.7,4772.9
1775660820,4773.2,4775.4,4769,4772.8
1775660880,4772.4,4772.4,4769.5,4770.8
1775660940,4770.7,4772.5,4767.4,4767.7
1775661000,4767.6,4767.9,4759.9,4764.5
1775661060,4764.5,4768.5,4761.8,4767.5
1775661120,4767,4769.7,4765.3,4769
1775661180,4769.2,4773.8,4768.3,4772.9
1775661240,4772.1,4772.1,4768.2,4769.7
1775661300,4769,4773.9,4769,4773.6
1775661360,4773.7,4777,4772.8,4776.2
1775661420,4776.4,4777.1,4771.1,4771.6
1775661480,4771.6,4777.5,4771.5,4777.2
1775661540,4777.5,4780.2,4776,4780
1775661600,4780.3,4782.1,4779.9,4781.8
1775661660,4782.1,4783.3,4780,4781.1
1775661720,4780.6,4781.2,4779.2,4780
1775661780,4780.1,4781.7,4779.5,4780.5
1775661840,4780.5,4781.5,4778.9,4780.6
1775661900,4780.8,4781.5,4777.9,4779.4
1775661960,4779.2,4781,4778.1,4781
1775662020,4781,4783,4777.1,4778.7
1775662080,4779.2,4779.9,4777.8,4778.5
1775662140,4778.1,4778.3,4775.4,4776.2
1775662200,4776.3,4780.4,4776.3,4779
1775662260,4779.1,4779.1,4776.6,4777.9
1775662320,4777.7,4780.5,4776.2,4780.4
1775662380,4780.1,4781.4,4778.5,4779.3
1775662440,4780.1,4782.5,4778.9,4782.5
1775662500,4782.4,4784.7,4781.8,4784.1
1775662560,4784.1,4786.3,4783,4786.1
1775662620,4786,4786.5,4782.7,4784.7
1775662680,4785,4786.1,4782.7,4785.1
1775662740,4785.6,4786.8,4784.9,4786
1775662800,4785.5,4785.9,4784,4784.7
1775662860,4784.8,4786,4783.8,4785.7
1775662920,4785.9,4787.1,4782.9,4783.9
1775662980,4783.6,4784.1,4782,4782.9
1775663040,4782.9,4782.9,4779.5,4781.2
1775663100,4781.3,4782.6,4780,4781
1775663160,4781,4782.9,4780.8,4782.9
1775663220,4782.6,4785,4782,4783.6
1775663280,4783.3,4784.6,4783,4784.3
1775663340,4784.2,4784.6,4783,4784.4
1775663400,4784.5,4788.8,4784.3,4787.2
1775663460,4786.6,4788.1,4785.9,4787.6
1775663520,4787.4,4788.2,4786.4,4787
1775663580,4786.9,4787.4,4785.1,4785.5
1775663640,4785.3,4785.3,4782.9,4783.3
1775663700,4783.5,4784.1,4782.4,4783.5
1775663760,4783.5,4784.7,4783.1,4784.7
1775663820,4784.8,4785.4,4782.4,4783.3
1775663880,4783.1,4783.1,4781.5,4782.5
1775663940,4782.1,4782.5,4780.7,4782
1775664000,4782.2,4784.5,4781.8,4784.5
1775664060,4783.9,4784.7,4782.6,4784.2
1775664120,4784.5,4786.7,4784,4785.4
1775664180,4785.5,4788.3,4785.4,4787
1775664240,4787.5,4787.6,4781.6,4782.8
1775664300,4783.4,4783.8,4782,4783.2
1775664360,4782.9,4783.1,4780.6,4781
1775664420,4781.1,4783.1,4780.7,4782.6
1775664480,4782.7,4783.2,4781.8,4782.8
1775664540,4782.9,4784.4,4782.9,4783.6
1775664600,4783.6,4784,4781.6,4784
1775664660,4784.3,4786,4784.3,4785.3
1775664720,4785.3,4785.6,4781.6,4782.2
1775664780,4782.2,4783.5,4781.9,4783.4
1775664840,4783.4,4783.4,4779.1,4779.2
1775664900,4779.4,4780.1,4778.1,4779.9
1775664960,4779.6,4780,4774.7,4775.7
1775665020,4775.4,4776.4,4771.9,4772.2
1775665080,4772.2,4774.4,4770.9,4773.8
1775665140,4774,4774.8,4771.5,4773.5
1775665200,4773.1,4777.3,4772.6,4774
1775665260,4774.2,4777.5,4774.1,4777
1775665320,4777.1,4777.1,4774.5,4775.1
1775665380,4774.9,4775.3,4773.5,4773.8
1775665440,4774,4778.4,4774,4777.6
1775665500,4777.7,4777.7,4775.3,4775.8
1775665560,4776,4779.3,4775.9,4776.6
1775665620,4776.9,4777.2,4775.6,4777
1775665680,4776.7,4776.7,4773.8,4775.8
1775665740,4775.3,4775.6,4774.1,4775.1
1775665800,4775.6,4776.3,4773.3,4775.3
1775665860,4775.1,4775.5,4773.3,4774.8
1775665920,4774.7,4778.8,4774.7,4778.8
1775665980,4778.9,4782.9,4778.3,4782.9
1775666040,4782.7,4782.7,4780.1,4781.2
1775666100,4781.8,4782.3,4780.9,4782
1775666160,4782,4782.5,4780.2,4781.2
1775666220,4780.9,4781.6,4779.1,4781.5
1775666280,4780.8,4782,4779,4781.6
1775666340,4781.9,4784.9,4781.9,4784.6
1775666400,4784.6,4785.4,4784.4,4784.6
1775666460,4785,4785.8,4784,4785
1775666520,4785.2,4785.3,4783.5,4783.6
1775666580,4783.6,4784.5,4782.6,4784.1
1775666640,4784,4785.4,4783.2,4784.4
1775666700,4783.5,4783.8,4781.9,4783.4
1775666760,4783.9,4786.8,4783.8,4785.1
1775666820,4785,4785.7,4784.4,4785.7
1775666880,4786,4787.4,4785.7,4787
1775666940,4787.4,4787.9,4786.5,4786.8
1775667000,4786.7,4788.9,4785.8,4788.4
1775667060,4788.2,4789.9,4788.1,4789.5
1775667120,4789.8,4791.1,4788.9,4789
1775667180,4789.6,4789.8,4787.9,4788.1
1775667240,4787.9,4788.5,4786.4,4786.5
1775667300,4786.4,4788.1,4785.9,4787.1
1775667360,4786.7,4787.5,4786.1,4786.6
1775667420,4786.7,4786.8,4785.4,4785.7
1775667480,4786,4786.4,4785.4,4786.1
1775667540,4786.1,4786.6,4785.4,4785.9
1775667600,4785.7,4786,4784.5,4785.3
1775667660,4785.4,4787.4,4785,4787
1775667720,4786.6,4788.3,4786.6,4787.9
1775667780,4787.9,4789.9,4787,4787
1775667840,4787.3,4787.3,4785.4,4786
1775667900,4785.6,4786.3,4783.1,4783.7
1775667960,4783.3,4784,4782.2,4782.9
1775668020,4783,4785.6,4782.4,4785.1
1775668080,4785,4786.5,4782.8,4782.8
1775668140,4782.4,4784.5,4782.4,4783.8
1775668200,4783.7,4785.3,4783.4,4785
1775668260,4785.9,4787.2,4785.2,4786.4
1775668320,4786.3,4787.2,4784.9,4785.3
1775668380,4785.4,4787.8,4785.4,4786.8
1775668440,4787.4,4787.7,4786.2,4786.6
1775668500,4786.8,4788.5,4785.4,4785.6
1775668560,4785.3,4786,4784.2,4784.3
1775668620,4784.4,4784.7,4781.3,4781.9
1775668680,4781.9,4782.9,4781.6,4782
1775668740,4781.9,4783,4780.5,4781.5
1775668800,4781.3,4782.9,4780.9,4781.1
1775668860,4781.1,4781.7,4778.8,4779
1775668920,4779.2,4779.7,4774.3,4776.3
1775668980,4776.2,4778,4773,4774.6
1775669040,4774.7,4776.3,4772.5,4774.6
1775669100,4774.3,4774.7,4772.3,4773.8
1775669160,4773.5,4774.9,4771.5,4773
1775669220,4772.7,4775.3,4771.7,4775.3
1775669280,4775,4779.2,4774.5,4778.1
1775669340,4778.3,4780.2,4775.9,4776.6
1775669400,4776.8,4779.3,4776.2,4777.9
1775669460,4778.6,4780.1,4777.6,4778.8
1775669520,4779.1,4779.7,4777.3,4777.4
1775669580,4777.4,4777.4,4772.4,4773.9
1775669640,4774.3,4774.6,4767.5,4770.7
1775669700,4770.9,4770.9,4766.6,4767
1775669760,4766.8,4770.7,4764.9,4767
1775669820,4766.5,4768.8,4764,4767.1
1775669880,4767.2,4768.3,4764.3,4765.2
1775669940,4765.2,4768,4762.6,4763
1775670000,4763.1,4764.2,4761.9,4763.1
1775670060,4763,4765.7,4761.8,4764.1
1775670120,4764.1,4766.9,4763.9,4766.9
1775670180,4766.7,4768,4764.8,4767.5
1775670240,4767,4768,4766,4766
1775670300,4766.1,4766.4,4765.4,4765.4
1775670360,4765.9,4766.4,4762.9,4763
1775670420,4762.6,4764.7,4762.6,4764.1
1775670480,4763.8,4764.2,4761,4763
1775670540,4763,4765.1,4763,4763.8
1775670600,4764,4766.9,4764,4765.9
1775670660,4765.5,4767.2,4765.1,4766.4
1775670720,4766.1,4766.1,4764,4764.9
1775670780,4765.2,4766.6,4764.3,4764.3
1775670840,4763.7,4763.8,4761.3,4761.5
1775670900,4761.5,4762.3,4755.5,4757.6
1775670960,4757.7,4760.9,4757.1,4760.9
1775671020,4761,4763.2,4760.8,4761.8
1775671080,4761.7,4761.9,4758.5,4758.5
1775671140,4759.3,4760,4757.9,4759.5
1775671200,4759.1,4760.9,4751.5,4760.8
1775671260,4760.8,4762.1,4758.8,4761.9
1775671320,4761.7,4763.7,4761,4762.1
1775671380,4762.2,4763,4760.6,4762.6
1775671440,4762.8,4765.6,4762.2,4765.5
1775671500,4765.7,4766.9,4764.4,4765.5
1775671560,4765.5,4766.2,4765.1,4765.7
1775671620,4766.2,4769,4766.2,4768.6
1775671680,4768.2,4768.3,4766.4,4766.8
1775671740,4767.1,4768.5,4766.8,4768.5
1775671800,4768.6,4768.6,4766.4,4766.8
1775671860,4766.6,4768.9,4765.6,4768.8
1775671920,4768.9,4769.8,4768,4768.8
1775671980,4768.9,4769,4767.3,4768.4
1775672040,4768.7,4769.1,4767.1,4768.6
1775672100,4768.9,4769.5,4767.8,4768.2
1775672160,4767.8,4768.9,4766.3,4767.8
1775672220,4768.4,4769.1,4766.3,4766.3
1775672280,4766.9,4766.9,4741.1,4749.7
1775672340,4750.2,4756.6,4745.3,4754.8
1775672400,4753.9,4756.6,4747.1,4752.7
1775672460,4753.2,4753.6,4749,4751.5
1775672520,4751.2,4752.4,4745.7,4746.7
1775672580,4747.5,4752.8,4747.5,4750.4
1775672640,4750.4,4753.4,4747,4747.9
1775672700,4748,4750,4742.1,4746.6
1775672760,4747.3,4751.6,4744.7,4750.9
1775672820,4751.3,4751.3,4745.7,4749.6
1775672880,4749.7,4750.5,4747.2,4748.3
1775672940,4748.6,4749,4746.2,4747.4
1775673000,4747.6,4750,4746.6,4747.3
1775673060,4747.5,4750,4747.5,4749.3
1775673120,4748.6,4749.4,4746.3,4746.3
1775673180,4747.2,4747.8,4745.3,4746.3
1775673240,4747.5,4749,4746.8,4747.6
1775673300,4747.8,4747.8,4745.2,4746.6
1775673360,4745.8,4746.8,4743.5,4745
1775673420,4745.2,4745.8,4742.4,4742.9
1775673480,4741.9,4742.6,4738.4,4740.4
1775673540,4739.9,4740.9,4738.1,4739.9
1775673600,4739.9,4741.8,4738.2,4738.8
1775673660,4739.1,4740.2,4737.4,4738.1
1775673720,4737.9,4741.6,4735.7,4740.4
1775673780,4740.3,4740.4,4732.3,4735.3
1775673840,4735.5,4737.5,4733.1,4734.5
1775673900,4733.9,4738.6,4732.7,4738.6
1775673960,4738,4739.7,4737.1,4738.7
1775674020,4739.1,4742,4738.7,4740.4
1775674080,4740.5,4741,4735.7,4737.5
1775674140,4737.3,4737.3,4733.6,4735.2
1775674200,4735,4735.1,4731.8,4734.6
1775674260,4735,4735.3,4728.5,4729.3
1775674320,4730.3,4734.4,4729.6,4734.4
1775674380,4734.7,4736.9,4732.5,4732.5
1775674440,4732.7,4733.8,4730.9,4732.6
1775674500,4732.9,4733,4729.4,4730.7
1775674560,4730.7,4731.6,4728.1,4731.1
1775674620,4731.2,4732.4,4728.8,4729.7
1775674680,4730,4731.9,4729.3,4731.5
1775674740,4731,4731.8,4729,4730.1
1775674800,4729.3,4729.3,4726.1,4727.3
1775674860,4727.2,4732.8,4727.1,4731
1775674920,4731.4,4733.5,4728.2,4728.3
1775674980,4728.7,4730.4,4727.5,4728.4
1775675040,4728.6,4729,4726.8,4726.8
1775675100,4726.1,4728.5,4720.6,4725.2
1775675160,4725.6,4729,4725.3,4729
1775675220,4728.5,4733.8,4728.5,4733.8
1775675280,4733.1,4733.7,4731.8,4732.7
1775675340,4733.1,4733.8,4731.5,4733
1775675400,4732.7,4737.5,4731.4,4736.9
1775675460,4737.1,4739.3,4735.7,4738.4
1775675520,4738.2,4740.4,4737.7,4740.1
1775675580,4740.1,4741.1,4738.5,4741
1775675640,4741.3,4741.4,4739.8,4740.5
1775675700,4740.3,4743.7,4740.3,4743.3
1775675760,4743.5,4743.5,4741,4741
1775675820,4740.5,4740.5,4736.9,4738
1775675880,4738.2,4738.2,4735.5,4735.6
1775675940,4735.8,4737,4735,4736.3
1775676000,4735.4,4736.6,4734.5,4735.5
1775676060,4735.2,4737,4735.2,4736.1
1775676120,4736.1,4736.1,4733.2,4734.8
1775676180,4734.5,4735.8,4733.5,4735.8
1775676240,4735.3,4736.1,4734.3,4734.9
1775676300,4736.2,4739.5,4736.1,4737.4
1775676360,4737.3,4737.8,4734.9,4734.9
1775676420,4735.1,4735.7,4732.3,4733
1775676480,4732.8,4733.3,4732.2,4732.8
1775676540,4733.5,4733.8,4732.9,4733.5
1775676600,4733,4737.6,4733,4737.6
1775676660,4737.6,4740.1,4737,4739.8
1775676720,4740.1,4743.6,4739.6,4742.6
1775676780,4742.5,4743.7,4741.3,4741.5
1775676840,4741.4,4742.4,4740.8,4741.8
1775676900,4742.1,4744.2,4741.1,4741.9
1775676960,4742.2,4747,4742.2,4746.4
1775677020,4746.6,4750,4746.5,4749.1
1775677080,4749.1,4749.7,4745.2,4746.6
1775677140,4746.8,4749.4,4746.6,4749
1775677200,4748.5,4750,4748.5,4749.1
1775677260,4749,4749.2,4745.6,4746.1
1775677320,4746.6,4748.1,4746.6,4747.2
1775677380,4747.5,4747.9,4746.8,4747.3
1775677440,4747.2,4747.7,4746.7,4747.2
1775677500,4746.6,4749.8,4746.6,4749.4
1775677560,4749,4749.5,4747.2,4749.4
1775677620,4749.2,4750.1,4748.8,4749.5
1775677680,4749.3,4751.7,4749.3,4750.1
1775677740,4750.2,4751.4,4748.5,4750.7
1775677800,4751.2,4753.8,4750.6,4752.8
1775677860,4752.6,4753.7,4752.1,4753
1775677920,4752.9,4753.2,4751.1,4752.1
1775677980,4751.7,4755.6,4751.7,4754
1775678040,4754.3,4755.7,4754.3,4754.7
1775678100,4755,4755.2,4753,4753.8
1775678160,4754.3,4755.6,4752.2,4754.5
1775678220,4754.3,4755.1,4753.8,4754.9
1775678280,4754.7,4755.1,4752.6,4754
1775678340,4754.2,4756.6,4754.2,4755.3
1775678400,4755.2,4757.3,4753.6,4753.6
1775678460,4754.3,4755.9,4754,4754.5
1775678520,4753.8,4756.3,4753.8,4756.3
1775678580,4755.9,4756.4,4754.5,4754.6
1775678640,4755.5,4756.7,4755.5,4756.2
1775678700,4756.1,4756.7,4752.5,4752.6
1775678760,4753,4754.1,4753,4753.6
1775678820,4753.5,4755.3,4753.3,4755.3
1775678880,4755.4,4755.4,4753.3,4754
1775678940,4754.4,4755,4752.4,4752.4
1775679000,4752.6,4753,4752.1,4753
1775679060,4752.3,4753.2,4751.6,4752.8
1775679120,4752.4,4752.7,4752,4752.7
1775679180,4752.6,4752.7,4751.2,4752
1775679240,4752,4753.4,4751.8,4752.9
1775679300,4752.6,4755,4751.3,4751.5
1775679360,4751.9,4752.9,4751.5,4752.3
1775679420,4752.1,4752.1,4750.4,4751.5
1775679480,4751.4,4751.5,4750.2,4750.7
1775679540,4750.3,4750.6,4748.7,4748.9
1775679600,4749,4749.2,4747.4,4747.9
1775679660,4748.5,4748.5,4747.8,4748
1775679720,4747.9,4748.3,4747.5,4748.2
1775679780,4749.1,4749.4,4747.3,4747.9
1775679840,4748.2,4749.9,4748,4749.9
1775679900,4749.9,4750,4747.2,4747.2
1775679960,4747,4747.3,4746.8,4746.8
1775680020,4747,4748.8,4746.5,4748.8
1775680080,4748.2,4749.3,4748.2,4748.6
1775680140,4748.6,4748.6,4747.2,4748.3
1775680200,4747.4,4747.4,4746.2,4746.3
1775680260,4746.8,4748.5,4746.7,4747.5
1775680320,4748.5,4749.2,4748.5,4749.2
1775680380,4748.7,4748.8,4748,4748.3
1775680440,4748.8,4748.8,4748.2,4748.8
1775680500,4748.4,4748.4,4746.9,4746.9
1775680560,4746.9,4746.9,4746.4,4746.6
1775680620,4746.5,4746.5,4746.1,4746.1
1775680680,4746.5,4746.6,4746.5,4746.6
1775680740,4746.5,4747.6,4746.5,4747.6
1775680800,4747.3,4748.3,4747.3,4748.3
1775680860,4747.9,4747.9,4747.8,4747.8
1775680920,4747,4748.4,4747,4748.4
1775680980,4748.3,4748.6,4748,4748.3
1775681040,4748.1,4748.3,4747,4747.1
1775681100,4747.2,4748.3,4746.6,4748.2
1775681160,4748.1,4749.2,4748.1,4749.1
1775681220,4749.3,4749.3,4748.7,4748.7
1775681280,4748.7,4748.7,4746.4,4746.4
1775681340,4746.8,4746.8,4744.7,4745.1
1775681400,4744.7,4746.1,4743.7,4744.6
1775681460,4744.4,4746.2,4742.7,4744.5
1775681520,4744.3,4744.6,4743.4,4744.4
1775681580,4743.9,4744,4742.2,4743
1775681640,4742.4,4745,4742.1,4744.2
1775681700,4744.1,4745.7,4744.1,4745
1775681760,4744.7,4746,4744.7,4744.8
1775681820,4745.3,4745.8,4743.6,4744.8
1775681880,4744,4744.2,4743.8,4744.2
1775681940,4743.9,4745.4,4743.6,4745
1775685600,4744.8,4757.7,4741.6,4753.7
1775685660,4750.8,4753.6,4749.6,4752.5
1775685720,4753.4,4757,4751.8,4752.8
1775685780,4752.7,4754.2,4746.2,4748.2
1775685840,4747.5,4751.7,4746.3,4751.7
1775685900,4751.6,4752.7,4750.6,4751.5
1775685960,4751.5,4752.4,4750.8,4751.9
1775686020,4751.2,4751.4,4750,4750
1775686080,4748.5,4750.1,4747.1,4747.1
1775686140,4747.3,4747.3,4743.9,4744.1
1775686200,4746.1,4747.5,4745,4746.4
1775686260,4746.1,4746.1,4742.2,4742.5
1775686320,4741.7,4741.7,4735.2,4735.3
1775686380,4735.4,4740,4733,4739.8
1775686440,4740.1,4740.8,4735.2,4736.2
1775686500,4736.1,4741.2,4735.8,4738.7
1775686560,4738.5,4740.8,4738.1,4738.5
1775686620,4738.9,4738.9,4736.4,4736.4
1775686680,4736.2,4736.4,4731.5,4734.9
1775686740,4734,4736.5,4733.7,4736.3
1775686800,4736.2,4737.3,4730.6,4733.1
1775686860,4733.4,4733.7,4728.5,4730.7
1775686920,4731.3,4731.6,4728.5,4730.8
1775686980,4730.8,4732.7,4730,4732.2
1775687040,4732.7,4737.1,4732.4,4736.4
1775687100,4736.5,4737.3,4736,4736
1775687160,4734.7,4735,4733.1,4734.6
1775687220,4734.3,4734.3,4733.9,4734.1
1775687280,4733.7,4737,4733.7,4736.5
1775687340,4736.2,4737.7,4736.2,4737.2
1775687400,4738,4738.9,4737.7,4738
1775687460,4737.7,4737.7,4733.9,4734.4
1775687520,4734.4,4734.4,4730.4,4731.9
1775687580,4732,4738.3,4730,4737.2
1775687640,4737.6,4741.3,4737,4740.7
1775687700,4740.6,4742,4740.1,4741
1775687760,4742,4742.3,4739.2,4739.2
1775687820,4739.9,4743.7,4738.8,4741.9
1775687880,4741.6,4741.6,4739.9,4739.9
1775687940,4740.5,4740.5,4736.7,4737.4
1775688000,4736.6,4736.7,4735,4736.5
1775688060,4736.1,4741.2,4735.8,4736.7
1775688120,4737.3,4738.4,4737.3,4738.4
1775688180,4738.4,4738.4,4737.4,4737.5
1775688240,4737.6,4738.5,4736.3,4736.3
1775688300,4735.5,4737.7,4735.5,4736.8
1775688360,4736.3,4739.7,4736.3,4738.8
1775688420,4740,4740.2,4738,4738.8
1775688480,4738.7,4739.2,4737.3,4739.2
1775688540,4738.2,4738.8,4737.9,4738.8
1775688600,4739.3,4739.4,4737.5,4739.4
1775688660,4738.8,4741.8,4738.5,4740.3
1775688720,4740.6,4742.1,4740.6,4742.1
1775688780,4742,4742.4,4741.6,4742.4
1775688840,4742.5,4742.5,4740,4740.6
1775688900,4740.4,4740.7,4739.8,4740.5
1775688960,4739,4742.9,4738.7,4742.9
1775689020,4743,4744.2,4741.5,4741.9
1775689080,4741.2,4742.2,4741.2,4742.1
1775689140,4741.9,4742.1,4741.3,4741.5
1775689200,4741.2,4741.2,4738.5,4740
1775689260,4739.5,4740,4737.2,4737.2
1775689320,4737,4737,4733.1,4734.4
1775689380,4735,4737,4735,4737
1775689440,4736.5,4739.1,4735.1,4738.1
1775689500,4738.1,4741.3,4738,4739.5
1775689560,4738.3,4738.6,4736.7,4738.2
1775689620,4737,4737.6,4736.5,4737
1775689680,4736.4,4736.7,4733,4733.2
1775689740,4733.2,4733.6,4730.1,4730.5
1775689800,4731.1,4732.3,4730,4730
1775689860,4729.2,4731,4728.8,4730.2
1775689920,4729.8,4730.5,4728.5,4730.2
1775689980,4730.2,4734.3,4730.2,4734.3
1775690040,4734,4735,4731.8,4731.8
1775690100,4732.2,4732.9,4730,4731.5
1775690160,4731.3,4733.5,4729.3,4733.4
1775690220,4732.8,4735,4732.8,4734.5
1775690280,4735.2,4737.1,4734.9,4736
1775690340,4736.2,4737,4735.6,4736.1
1775690400,4736.6,4739.5,4734.5,4737.4
1775690460,4737.1,4737.2,4733.8,4736.4
1775690520,4736.2,4736.2,4735.3,4735.6
1775690580,4736.4,4736.6,4736.2,4736.3
1775690640,4736.8,4737,4736.5,4736.5
1775690700,4735.5,4735.5,4733.9,4734.3
1775690760,4734.5,4735.1,4733.2,4733.8
1775690820,4733.4,4734.5,4733.4,4734.5
1775690880,4734,4734.6,4734,4734.6
1775690940,4734.9,4735.4,4734.6,4734.6
1775691000,4733.7,4734,4733.5,4734
1775691060,4733.9,4734.5,4732.6,4733
1775691120,4732.8,4733,4731.4,4731.8
1775691180,4731.8,4731.8,4730.7,4731
1775691240,4731.4,4733.7,4731.4,4733.7
1775691300,4733.6,4734.6,4733.6,4734.6
1775691360,4734.3,4736.3,4734.1,4736.2
1775691420,4736.2,4736.4,4734.8,4734.8
1775691480,4735.3,4735.8,4734.2,4735.1
1775691540,4733.9,4735.4,4733.3,4735.4
1775691600,4735.5,4737.2,4735.5,4737
1775691660,4737.1,4738,4737.1,4737.7
1775691720,4738,4738.7,4738,4738.6
1775691780,4738,4738.3,4737,4737.3
1775691840,4736.8,4736.8,4736.8,4736.8
1775691900,4736.2,4738.9,4736.2,4738.8
1775691960,4738.2,4741.2,4738,4740.6
1775692020,4740.2,4740.2,4739.7,4739.9
1775692080,4739.7,4740.4,4739.5,4740.3
1775692140,4741,4741,4740.3,4740.5
1775692200,4741.1,4741.7,4741,4741
1775692260,4741.2,4743.4,4741.2,4743
1775692320,4742.8,4742.9,4742.2,4742.8
1775692380,4742.4,4743,4742.2,4742.6
1775692440,4741.8,4741.9,4738,4738.2
1775692500,4737.9,4738.6,4736.2,4736.6
1775692560,4736.5,4737.1,4736.5,4737.1
1775692620,4736.5,4736.5,4735.8,4736.1
1775692680,4737,4739.9,4737,4739.2
1775692740,4739.2,4740,4738.4,4738.8
1775692800,4739.4,4739.6,4732.3,4733.4
1775692860,4733.1,4733.6,4730,4731.4
1775692920,4731.4,4732.6,4728,4731.6
1775692980,4731.4,4732.1,4728.8,4729.7
1775693040,4730,4730,4726.2,4728.1
1775693100,4728.2,4728.2,4724.4,4726.9
1775693160,4726.6,4726.8,4724.1,4725.7
1775693220,4725.3,4726.5,4718.6,4723.4
1775693280,4723.3,4725.3,4723.2,4724.9
1775693340,4724.7,4726.1,4723.6,4723.6
1775693400,4723.2,4723.9,4721.7,4722.1
1775693460,4722.4,4723,4721.4,4722.8
1775693520,4722.4,4723.9,4722,4722.7
1775693580,4722.9,4725.8,4721.8,4725.5
1775693640,4725.1,4726.7,4724.4,4726
1775693700,4726,4727.5,4724.2,4726.4
1775693760,4725.6,4728,4725.1,4726.7
1775693820,4727,4728.3,4725.7,4727.7
1775693880,4726.9,4728,4725,4725.9
1775693940,4725.1,4727.4,4724.1,4727.4
1775694000,4727.5,4727.6,4724.9,4726.8
1775694060,4728,4732.1,4726.5,4732.1
1775694120,4732.5,4733,4729.4,4731.1
1775694180,4731.4,4733,4730.5,4732
1775694240,4732.6,4735.3,4732,4734.3
1775694300,4734.2,4734.9,4732.2,4733.5
1775694360,4733.5,4735.4,4732.9,4734.9
1775694420,4734.9,4735,4733.5,4733.5
1775694480,4733.4,4733.6,4731.8,4732.2
1775694540,4732.2,4732.3,4730.2,4730.2
1775694600,4730.1,4731.3,4728.6,4731.3
1775694660,4730.7,4737.5,4730.7,4736.4
1775694720,4736.5,4736.5,4733.9,4733.9
1775694780,4734.1,4735.9,4731.4,4731.9
1775694840,4731.8,4735.3,4731.8,4735.3
1775694900,4735.1,4737.3,4735,4736.8
1775694960,4736.9,4738,4736.2,4737.1
1775695020,4736.8,4737.9,4736,4737.9
1775695080,4737.3,4738.5,4735.8,4738.4
1775695140,4738.1,4738.2,4736.5,4736.7
1775695200,4736.7,4738.5,4736.7,4738.3
1775695260,4737.6,4739.5,4737.5,4739.5
1775695320,4739.2,4741.6,4738.8,4741
1775695380,4740.3,4741.3,4739,4739.9
1775695440,4740,4741.8,4739.7,4741.5
1775695500,4741.8,4742.4,4737,4737.5
1775695560,4738.2,4738.6,4737.3,4738.3
1775695620,4737.9,4738.3,4736.8,4737.4
1775695680,4737.7,4740.6,4737.7,4740.6
1775695740,4740.6,4742.2,4738.8,4738.8
1775695800,4738.9,4739.8,4738.1,4739.1
1775695860,4738.5,4739.9,4737.9,4739.9
1775695920,4740.1,4740.1,4736.6,4737.1
1775695980,4737.2,4737.3,4734.2,4734.2
1775696040,4734.7,4734.7,4731.4,4733.5
1775696100,4733.2,4733.8,4732.1,4732.1
1775696160,4732.3,4733.7,4731.9,4731.9
1775696220,4731.7,4733.2,4731,4733.2
1775696280,4734.1,4734.1,4731.8,4732.2
1775696340,4732.9,4733.3,4729.1,4730.4
1775696400,4730.2,4739.7,4729.2,4735.3
1775696460,4735,4737.8,4732.8,4736.5
1775696520,4736.2,4739.4,4728.9,4728.9
1775696580,4728.2,4733.7,4722.4,4732.8
1775696640,4732.4,4736.1,4728.7,4736.1
1775696700,4735.9,4739,4732.5,4733
1775696760,4733.2,4739.6,4733,4737.3
1775696820,4736.9,4736.9,4733.9,4735.4
1775696880,4735.5,4736.5,4732.6,4736.5
1775696940,4736.2,4740.6,4736.1,4739.1
1775697000,4738.4,4742.1,4737.6,4742.1
1775697060,4741.5,4741.5,4736.3,4738.1
1775697120,4737.3,4737.3,4734.5,4736
1775697180,4736.4,4741.4,4736.4,4740.5
1775697240,4740.9,4745.5,4740.8,4743.5
1775697300,4743.3,4745.6,4741.7,4745.6
1775697360,4745.8,4746.3,4742.3,4742.3
1775697420,4743.1,4743.1,4740,4741.6
1775697480,4740.8,4746.6,4740.6,4743.6
1775697540,4743.9,4746.6,4743.3,4744.4
1775697600,4743.5,4743.8,4737.7,4738.7
1775697660,4739.6,4741.2,4737.4,4738.2
1775697720,4738.6,4739.2,4733.8,4734.7
1775697780,4734.6,4735,4731.6,4733
1775697840,4734.1,4735,4732.8,4734.6
1775697900,4735,4735,4730,4730.4
1775697960,4730.1,4731.1,4728.5,4731
1775698020,4730.8,4731.8,4725.5,4727.3
1775698080,4726.9,4729.1,4725.3,4728.3
1775698140,4728.1,4728.7,4725.8,4727.6
1775698200,4727.3,4731.4,4727,4731.3
1775698260,4731.1,4732.7,4728.9,4729.5
1775698320,4728.9,4732.1,4728.6,4731.7
1775698380,4731.4,4733.9,4731.4,4733.9
1775698440,4734.1,4742.2,4734,4741.2
1775698500,4741.2,4742.1,4739.4,4740.6
1775698560,4739.9,4741.2,4739,4739
1775698620,4739.5,4741.4,4737.9,4737.9
1775698680,4738.7,4740.3,4737.3,4738.5
1775698740,4739.1,4742.3,4739,4741.7
1775698800,4742.1,4743.3,4740,4742.9
1775698860,4742.2,4742.6,4739.5,4739.5
1775698920,4738.9,4744.5,4738.9,4744
1775698980,4743.3,4743.3,4739.7,4740
1775699040,4740,4740.9,4739.6,4740.9
1775699100,4741.2,4742.3,4740.9,4741.7
1775699160,4741.6,4745.7,4741.6,4744.1
1775699220,4744.5,4744.5,4742.6,4743.5
1775699280,4743.3,4744.4,4742.4,4743.9
1775699340,4744.4,4746.5,4744.3,4745.6
1775699400,4745.1,4748.1,4744.8,4746.8
1775699460,4747.1,4747.4,4746.7,4747.2
1775699520,4747.1,4748,4746.5,4747.9
1775699580,4747.3,4747.8,4746.2,4747
1775699640,4747.5,4748.2,4746.3,4747.3
1775699700,4747.5,4747.5,4745.2,4746.3
1775699760,4746.4,4747.8,4746.1,4747.7
1775699820,4747.9,4751.8,4747.5,4751.8
1775699880,4751.4,4751.7,4749.7,4750.3
1775699940,4751.2,4752.2,4750.8,4751.2
1775700000,4751.5,4752.8,4748.7,4749.2
1775700060,4749.3,4749.7,4746.3,4746.3
1775700120,4747.3,4752.4,4747.2,4749.8
1775700180,4749.5,4749.5,4745.6,4747.7
1775700240,4748.1,4748.2,4744.8,4746.1
1775700300,4745.8,4749.3,4745.8,4748.5
1775700360,4748.1,4748.1,4746.1,4746.5
1775700420,4746.5,4749.5,4745.6,4748.8
1775700480,4749.4,4750,4746.6,4748.1
1775700540,4748.4,4748.4,4746.1,4746.6
1775700600,4746.6,4746.8,4745,4745.7
1775700660,4745.4,4748,4745.4,4747.5
1775700720,4747.4,4747.8,4746.6,4746.6
1775700780,4745.5,4746.1,4745.1,4746
1775700840,4745.8,4746.7,4745.5,4746.4
1775700900,4747,4747.7,4746.9,4747.6
1775700960,4747.8,4749.9,4747.8,4749.4
1775701020,4749.1,4749.2,4747.6,4749
1775701080,4749.2,4749.7,4746.8,4747.2
1775701140,4746.9,4751.6,4746.7,4750.9
1775701200,4750.8,4751.2,4750,4750
1775701260,4749.5,4749.8,4748.6,4749
1775701320,4749.4,4749.5,4748.9,4749.4
1775701380,4749.8,4751.6,4749.8,4750.8
1775701440,4750.2,4750.7,4749.7,4750.2
1775701500,4750.3,4750.3,4749,4749.8
1775701560,4749.4,4749.4,4747.3,4747.6
1775701620,4748.1,4748.6,4747.4,4747.4
1775701680,4747.9,4749.5,4747.4,4749.2
1775701740,4749,4749.5,4748,4749.1
1775701800,4748.8,4752.8,4748.8,4752.7
1775701860,4752.9,4753.6,4750.8,4751.4
1775701920,4751.6,4753.2,4751.4,4752
1775701980,4752,4752.4,4749.9,4749.9
1775702040,4749.6,4750.1,4749,4750.1
1775702100,4749.8,4751.4,4749.3,4751.1
1775702160,4750.4,4753.2,4750,4752.8
1775702220,4753.2,4754.9,4752.6,4754.9
1775702280,4755,4755.7,4754.4,4755.2
1775702340,4755.6,4756.4,4754.1,4754.6
1775702400,4754.3,4754.9,4753,4753.2
1775702460,4753.5,4754.1,4752.9,4753.3
1775702520,4753.5,4754.9,4753,4754.9
1775702580,4754.7,4755.8,4754.7,4755.3
1775702640,4755.3,4756.3,4755.2,4755.8
1775702700,4756.1,4756.6,4753.7,4754.5
1775702760,4754.5,4755.2,4753.1,4753.4
1775702820,4753,4754.1,4752.5,4753.5
1775702880,4753.2,4753.5,4751.7,4752
1775702940,4752.1,4752.3,4748.8,4749.2
1775703000,4749.6,4751.2,4747.5,4751.2
1775703060,4750.7,4751.4,4749.6,4750.4
1775703120,4750.8,4751.6,4750.7,4751.2
1775703180,4751.1,4751.2,4749,4749.7
1775703240,4749.5,4749.5,4746.4,4746.6
1775703300,4746.3,4747.8,4745.9,4746.4
1775703360,4746,4746.1,4741,4743
1775703420,4743.5,4743.9,4742.3,4743.3
1775703480,4743.3,4744.6,4742.3,4744.6
1775703540,4744.7,4744.7,4742.1,4742.1
1775703600,4742.2,4743.4,4741,4742.2
1775703660,4742.4,4742.6,4738.9,4739
1775703720,4739.5,4742.9,4738.8,4742.4
1775703780,4741.9,4742.7,4740.7,4741.9
1775703840,4742.3,4742.8,4740.8,4742.6
1775703900,4742.5,4742.5,4740.8,4741.2
1775703960,4740.5,4740.7,4738.6,4738.7
1775704020,4739,4741.3,4739,4740.1
1775704080,4740.3,4743,4740,4742.4
1775704140,4742.7,4742.7,4741.1,4741.3
1775704200,4741.4,4741.5,4738.8,4739.6
1775704260,4739.2,4739.2,4736,4736.6
1775704320,4736.7,4737.7,4736.2,4737.7
1775704380,4736.9,4737.4,4735.8,4735.8
1775704440,4735.8,4736.2,4734.4,4735.6
1775704500,4735.3,4736,4733.5,4734.1
1775704560,4733.9,4734,4731.6,4731.9
1775704620,4731.6,4733,4731.2,4731.6
1775704680,4731.6,4734.5,4731.6,4732.1
1775704740,4731.6,4731.8,4728.7,4731.2
1775704800,4730.9,4733.1,4730.4,4732.2
1775704860,4731.4,4731.5,4728,4728.2
1775704920,4728.4,4731.1,4728.4,4729.4
1775704980,4729.8,4731.8,4729.7,4730.4
1775705040,4730.2,4731.8,4728.5,4731.8
1775705100,4731.2,4732.7,4731.2,4732.6
1775705160,4732.2,4733.5,4732.1,4733.1
1775705220,4733.2,4734.6,4733.2,4734
1775705280,4734.7,4735.6,4734.4,4734.7
1775705340,4734.4,4735.5,4734.2,4735.4
1775705400,4735.8,4737.1,4734.9,4736.3
1775705460,4736.1,4737.2,4735.5,4736.5
1775705520,4737.1,4737.3,4735.8,4736.5
1775705580,4736.4,4737.7,4736.4,4737.4
1775705640,4737.4,4737.5,4736.3,4736.9
1775705700,4736.9,4737,4735.4,4736.1
1775705760,4736,4736.2,4735.1,4735.3
1775705820,4735.1,4736,4735,4735.6
1775705880,4735.6,4736.1,4735.6,4736.1
1775705940,4736,4737.2,4736,4737.2
1775706000,4737.4,4737.7,4736.4,4736.9
1775706060,4737.1,4737.7,4737.1,4737.1
1775706120,4737.4,4737.8,4736.5,4736.5
1775706180,4736,4737.1,4736,4736.4
1775706240,4736.6,4736.6,4736.2,4736.6
1775706300,4737.7,4737.7,4736.6,4736.6
1775706360,4735.6,4736.1,4734,4735
1775706420,4735,4735,4732.8,4733.5
1775706480,4733.2,4733.4,4729.5,4731.4
1775706540,4731.7,4734.2,4731.7,4734.1
1775706600,4734.1,4737,4734.1,4734.3
1775706660,4734.8,4735,4734,4734.9
1775706720,4734.6,4735.4,4731.6,4731.6
1775706780,4731.7,4733.3,4731,4733.3
1775706840,4734.1,4734.8,4734,4734.4
1775706900,4734.5,4735.2,4734.4,4734.9
1775706960,4735.6,4736.9,4734.8,4735
1775707020,4735.5,4735.7,4733.7,4734.1
1775707080,4734,4735.2,4733.6,4735
1775707140,4735.1,4735.9,4734.1,4734.3
1775707200,4734.6,4735.3,4734.5,4734.9
1775707260,4734.6,4734.6,4733.1,4734.1
1775707320,4734.7,4735.8,4733.7,4733.8
1775707380,4733.9,4735.3,4733,4735.2
1775707440,4734.6,4738.6,4734.3,4737.8
1775707500,4738.3,4740,4737.9,4740
1775707560,4740.1,4740.8,4739.6,4740
1775707620,4739.3,4741.5,4738.8,4741.5
1775707680,4741.3,4742.5,4741.1,4742.1
1775707740,4742.5,4743.9,4742.5,4743.5
1775707800,4743.8,4745.2,4743.7,4745
1775707860,4744.4,4745.1,4744.1,4745
1775707920,4744.8,4745.2,4744.5,4744.5
1775707980,4744.8,4744.8,4743.4,4744
1775708040,4744.1,4744.9,4744.1,4744.9
1775708100,4745,4745.5,4744.5,4745.5
1775708160,4745.2,4746,4745.1,4745.4
1775708220,4745.5,4746.3,4742.9,4743.3
1775708280,4743.3,4744.1,4742.7,4742.8
1775708340,4743.2,4744,4742.9,4743
1775708400,4743.2,4743.3,4742.5,4742.5
1775708460,4742.4,4742.4,4741.4,4742.1
1775708520,4742,4742.2,4741.5,4741.7
1775708580,4741.5,4742,4741.5,4742
1775708640,4741.4,4741.8,4741,4741.2
1775708700,4741,4742.4,4741,4741.5
1775708760,4742,4742.2,4741.6,4741.8
1775708820,4742.2,4742.6,4742.1,4742.5
1775708880,4742,4742,4740.8,4740.8
1775708940,4740.3,4740.4,4739.6,4739.8
1775709000,4739.4,4739.8,4738,4738.2
1775709060,4738.4,4739.4,4737.2,4739.2
1775709120,4739.5,4740.8,4739.2,4739.4
1775709180,4739.4,4739.4,4737.6,4738
1775709240,4737.7,4739,4737.4,4738.6
1775709300,4738.4,4739.3,4738.3,4739.3
1775709360,4739.8,4741.4,4739.8,4740.7
1775709420,4740.8,4743.2,4740.8,4743.2
1775709480,4743.2,4744,4743.2,4743.7
1775709540,4743.7,4743.8,4741,4741.1
1775709600,4741.3,4742.9,4740.8,4742.8
1775709660,4743.2,4745.9,4742.8,4745.6
1775709720,4745.8,4746.4,4745,4745.1
1775709780,4744.9,4745.2,4744,4745.2
1775709840,4744.8,4745,4743.3,4743.8
1775709900,4743.9,4744.4,4742.9,4743.9
1775709960,4744.4,4744.4,4743.8,4743.9
1775710020,4743.8,4743.9,4743.4,4743.9
1775710080,4744,4744,4743.6,4743.6
1775710140,4745,4745.5,4744,4744
1775710200,4744.4,4745,4744,4745
1775710260,4744.4,4746.2,4744.4,4745.8
1775710320,4745.7,4746.3,4745.4,4746.3
1775710380,4746.3,4748.3,4745.4,4746.7
1775710440,4747.2,4748.4,4746.5,4747.4
1775710500,4747.1,4747.1,4743.4,4746
1775710560,4745.9,4745.9,4745.2,4745.7
1775710620,4745.1,4745.3,4744.8,4745.3
1775710680,4744.4,4745.8,4744.4,4744.9
1775710740,4745.5,4745.5,4743.7,4744.2
1775710800,4743.9,4745.1,4743.9,4745.1
1775710860,4745.4,4746.4,4743.4,4743.4
1775710920,4743.6,4744.7,4743.3,4744
1775710980,4744.3,4744.9,4744.1,4744.3
1775711040,4743.6,4744.2,4742.5,4742.5
1775711100,4742.5,4743.1,4741.1,4741.3
1775711160,4741.3,4741.6,4740.2,4740.2
1775711220,4739.7,4739.7,4739,4739
1775711280,4738.9,4739.1,4738.3,4738.9
1775711340,4738.3,4739.3,4738.2,4739.3
1775711400,4739,4739,4734.9,4734.9
1775711460,4735.2,4736.1,4733.8,4735.9
1775711520,4736.1,4736.8,4733.6,4733.6
1775711580,4734.2,4737.5,4733.9,4736.4
1775711640,4736.3,4736.8,4736.3,4736.4
1775711700,4736.5,4737.8,4736,4737.5
1775711760,4737.3,4740.4,4736.7,4740
1775711820,4740.1,4741.6,4739,4740.7
1775711880,4741.3,4741.3,4740.2,4740.4
1775711940,4740,4743.4,4740,4743.4
1775712000,4743.4,4745,4742.9,4744.2
1775712060,4744.4,4746.9,4743.9,4746.5
1775712120,4746,4746.2,4744.1,4744.9
1775712180,4744.9,4746,4744.6,4745.9
1775712240,4745.9,4745.9,4743.8,4744
1775712300,4744.2,4746.1,4743.5,4744.8
1775712360,4745.9,4747.3,4745.9,4746.8
1775712420,4747.1,4747.3,4746.2,4746.8
1775712480,4747.3,4748.2,4747.3,4748.1
1775712540,4748.2,4749.6,4747.6,4749.5
1775712600,4749.2,4749.6,4741.7,4745
1775712660,4744.9,4745,4743.1,4743.1
1775712720,4743.1,4744.1,4740.2,4741.2
1775712780,4742.4,4743.2,4741.6,4742
1775712840,4741.3,4743.4,4741.3,4743.4
1775712900,4742.8,4743.3,4739.1,4740.2
1775712960,4740.8,4742,4740.8,4741.4
1775713020,4741.9,4744.8,4741.5,4743.1
1775713080,4743.5,4744.4,4742.2,4743.7
1775713140,4744.6,4745,4742.1,4743.3
1775713200,4742.9,4744.1,4742.9,4743.4
1775713260,4743.4,4746.3,4743.4,4745.6
1775713320,4745.1,4746,4743.3,4743.6
1775713380,4743,4745.2,4742.1,4745.2
1775713440,4745.5,4747.1,4743.9,4746.4
1775713500,4746.5,4747.4,4744.2,4744.2
1775713560,4744.3,4744.3,4741.7,4744.1
1775713620,4744,4744.2,4743,4743.4
1775713680,4743.5,4744.5,4742.1,4742.2
1775713740,4742,4742,4737.7,4737.7
1775713800,4737.6,4738.1,4734.6,4735.1
1775713860,4735.8,4736.2,4731.6,4731.6
1775713920,4732.1,4733.7,4729.1,4729.4
1775713980,4729.5,4733.6,4729.2,4731.9
1775714040,4732.1,4734,4730.7,4732.3
1775714100,4732.8,4734.7,4731.9,4731.9
1775714160,4732.2,4734.9,4730.4,4734.2
1775714220,4733.7,4737.7,4732.8,4737.7
1775714280,4737.2,4739.3,4736.9,4736.9
1775714340,4736.7,4737.4,4735.1,4736.4
1775714400,4736.7,4741.8,4735,4740.6
1775714460,4740.2,4742.3,4740,4741.1
1775714520,4741.5,4742.8,4741.1,4742.3
1775714580,4742,4746.4,4742,4745.4
1775714640,4745.3,4746.2,4743.8,4745.1
1775714700,4745.8,4746,4744.9,4745.8
1775714760,4745.3,4747.8,4744.9,4747.6
1775714820,4747.9,4749.2,4746.4,4748.3
1775714880,4748.1,4748.3,4745.6,4746.5
1775714940,4746,4746.1,4744.3,4744.3
1775715000,4744.3,4746.6,4743.2,4745.3
1775715060,4746.1,4747.3,4745.9,4746.4
1775715120,4746.1,4747.5,4745.5,4746.1
1775715180,4746.2,4746.5,4742.3,4742.6
1775715240,4742.4,4743.4,4741.4,4743.4
1775715300,4743.3,4744.3,4742.3,4743.6
1775715360,4743.8,4744.2,4742.5,4744.1
1775715420,4744.3,4745.6,4743.3,4743.4
1775715480,4742.9,4743.9,4742.7,4743.1
1775715540,4742.8,4742.9,4740.3,4741
1775715600,4740.6,4743.7,4740.2,4743.7
1775715660,4743.5,4743.6,4741.7,4742.7
1775715720,4742.8,4744.8,4741.7,4741.7
1775715780,4742.1,4742.1,4740.7,4741
1775715840,4741.3,4741.3,4738.1,4738.8
1775715900,4738.8,4739.1,4737.9,4738
1775715960,4737.4,4738.5,4736.2,4737.6
1775716020,4738.6,4740.8,4738.4,4740.5
1775716080,4740.1,4740.1,4737.7,4739.7
1775716140,4739.7,4741.4,4739.5,4741.2
1775716200,4741.7,4746.6,4741,4745
1775716260,4745,4745.8,4742.1,4742.4
1775716320,4742.2,4743.3,4740.9,4742.2
1775716380,4742.3,4742.5,4740.8,4742.3
1775716440,4742.4,4744.5,4742.4,4742.9
1775716500,4742.5,4742.5,4740.1,4740.6
1775716560,4741.1,4741.3,4737,4737.6
1775716620,4737.4,4738,4735.8,4736.7
1775716680,4736.9,4737.9,4735.5,4737.8
1775716740,4738.2,4739.1,4737.2,4738.2
1775716800,4738,4739.8,4737.7,4738.8
1775716860,4738.4,4739.3,4737.8,4738.5
1775716920,4739,4740.6,4738.7,4740.1
1775716980,4740.5,4742.8,4739.3,4739.3
1775717040,4739.3,4739.3,4736.4,4737.3
1775717100,4736.9,4738,4736.3,4737.4
1775717160,4738.1,4738.9,4738,4738.4
1775717220,4738.4,4738.5,4735.8,4736.9
1775717280,4736.8,4738.6,4736.4,4737.5
1775717340,4737.3,4737.3,4735,4735.9
1775717400,4735.9,4737,4733.2,4734
1775717460,4734.7,4734.7,4732.8,4732.9
1775717520,4733.5,4735,4732.2,4734.3
1775717580,4734.3,4735.9,4728.1,4728.3
1775717640,4728.1,4732.2,4727.2,4731.8
1775717700,4732.1,4735.7,4732.1,4735.6
1775717760,4735.8,4738,4735.8,4736.9
1775717820,4736.6,4737.4,4735,4736.7
1775717880,4736.3,4736.8,4734.8,4735.3
1775717940,4735.5,4737.2,4735.5,4736.3
1775718000,4736.5,4737.4,4734.6,4735
1775718060,4734.7,4739.8,4732.5,4739
1775718120,4739,4739.3,4735,4738.9
1775718180,4738.1,4738.9,4737.2,4737.9
1775718240,4737.6,4740.4,4737.1,4739.1
1775718300,4739.3,4742,4738.1,4741.3
1775718360,4741.3,4745.4,4740.9,4744.7
1775718420,4744.7,4747.9,4744.7,4747.9
1775718480,4748,4752,4748,4749.7
1775718540,4749.7,4751.8,4747.2,4748.7
1775718600,4748.9,4754.1,4748.1,4752.8
1775718660,4753.3,4753.5,4750.2,4751
1775718720,4751.1,4751.1,4747.5,4747.8
1775718780,4748.1,4748.7,4746,4746.3
1775718840,4746.3,4749.3,4745.8,4748
1775718900,4748.1,4748.4,4746.7,4747.6
1775718960,4747.5,4747.5,4744.5,4745.6
1775719020,4745.8,4746,4742.3,4742.6
1775719080,4742.7,4743.8,4742.2,4743.5
1775719140,4743.6,4744.9,4739.1,4739.7
1775719200,4739.6,4739.9,4738.1,4739.4
1775719260,4739,4739.3,4736.2,4737.5
1775719320,4737.4,4738.5,4736.7,4736.9
1775719380,4737,4737.3,4733.2,4735
1775719440,4734.9,4737.7,4734.2,4737.5
1775719500,4737.1,4737.6,4735.4,4735.4
1775719560,4735.7,4738.3,4735.4,4737.9
1775719620,4738.2,4738.3,4731.8,4732.3
1775719680,4732.3,4733,4729.5,4731.2
1775719740,4730.8,4732.6,4730.2,4732.2
1775719800,4732.8,4738.2,4732.7,4736.8
1775719860,4737.1,4738.4,4735.5,4737.8
1775719920,4738.2,4738.2,4734.2,4737.3
1775719980,4737.7,4740.1,4737,4740.1
1775720040,4740.7,4746,4740.7,4742.9
1775720100,4743.4,4744.8,4742.7,4743.2
1775720160,4743,4749.9,4742.3,4749.4
1775720220,4749.6,4752,4748.5,4750.7
1775720280,4750.8,4753.4,4750.8,4752.5
1775720340,4752.9,4755.2,4752.3,4753.3
1775720400,4752.9,4753.2,4751,4752
1775720460,4751.8,4752.1,4747.5,4748.1
1775720520,4748.1,4748.1,4746.8,4746.9
1775720580,4746.8,4747.8,4746.2,4747.5
1775720640,4747.1,4747.8,4746.6,4746.9
1775720700,4746.5,4747.2,4744.7,4745.6
1775720760,4745.9,4747.6,4740.8,4741
1775720820,4740.9,4743.7,4740.7,4742.8
1775720880,4742.5,4744.4,4741.4,4744.1
1775720940,4744.1,4745.7,4742.6,4742.6
1775721000,4742.2,4742.2,4736.1,4736.8
1775721060,4736.5,4740.1,4735.5,4738.9
1775721120,4739,4741.6,4737.8,4741.6
1775721180,4741.6,4742.1,4739.2,4739.2
1775721240,4739.5,4742.8,4739.4,4741.4
1775721300,4741.7,4742.4,4740.9,4742.2
1775721360,4742.3,4743.1,4741.8,4742.2
1775721420,4741.9,4743,4741.9,4742.9
1775721480,4743.1,4746.2,4743.1,4746
1775721540,4746.2,4748.8,4746,4748.4
1775721600,4748.3,4750,4747.2,4749.4
1775721660,4749.3,4750.6,4748.1,4748.8
1775721720,4748.2,4748.2,4745,4746.1
1775721780,4746,4746.9,4745.1,4745.1
1775721840,4745.1,4746.6,4745,4746.1
1775721900,4745.5,4745.6,4744.6,4745.1
1775721960,4745,4745.9,4744.1,4745.7
1775722020,4746.2,4746.8,4745.5,4746.4
1775722080,4746.4,4748.1,4746,4747.7
1775722140,4747.2,4747.2,4744.6,4747
1775722200,4746.8,4748.8,4746.8,4748.5
1775722260,4749.3,4749.3,4746.8,4747.2
1775722320,4747.2,4747.6,4745.7,4747.6
1775722380,4747.8,4750,4747.4,4750
1775722440,4749.3,4749.4,4748.1,4748.1
1775722500,4748.1,4748.2,4745.9,4745.9
1775722560,4746.3,4748.3,4745.7,4747.5
1775722620,4748.1,4748.2,4747.1,4747.8
1775722680,4748,4748.8,4747.9,4748.6
1775722740,4749,4749.6,4747.4,4747.8
1775722800,4747.6,4750,4747,4748.3
1775722860,4748.8,4750.2,4748.3,4748.9
1775722920,4748.8,4750.6,4748.7,4750.1
1775722980,4750,4750.3,4747.7,4749.6
1775723040,4749.5,4752.1,4749.1,4750.9
1775723100,4750.7,4750.7,4749.1,4749.8
1775723160,4750.2,4750.4,4748.8,4749.5
1775723220,4749.7,4749.8,4746,4746.8
1775723280,4747.1,4748.2,4746.4,4746.8
1775723340,4746.9,4746.9,4745.4,4745.6
1775723400,4745.9,4748.9,4744.9,4748.9
1775723460,4748.8,4751,4748.5,4751
1775723520,4751.1,4752.1,4749.5,4750.6
1775723580,4750,4751.3,4748.9,4750.5
1775723640,4750.2,4751.6,4750.2,4750.3
1775723700,4749.4,4750.2,4748.4,4748.9
1775723760,4749,4752,4749,4751.6
1775723820,4752,4752.6,4750.1,4750.6
1775723880,4750.3,4753.7,4750,4753.6
1775723940,4753.8,4754.9,4753.1,4753.1
1775724000,4753.2,4753.8,4751.2,4752
1775724060,4752.4,4753.3,4751.6,4753.1
1775724120,4753.2,4753.2,4752,4752.8
1775724180,4751.9,4755,4751.9,4754.6
1775724240,4754.6,4757.8,4754,4754.2
1775724300,4754.5,4756.6,4754.5,4755.4
1775724360,4755.7,4757.9,4755.1,4757.9
1775724420,4756.7,4756.7,4754,4755.8
1775724480,4755.9,4758.6,4755.6,4757.1
1775724540,4757.5,4757.5,4755.2,4755.5
1775724600,4755.2,4755.5,4754.3,4754.9
1775724660,4754.7,4755,4753.5,4754.4
1775724720,4754.4,4755.6,4752.5,4753
1775724780,4753.5,4753.7,4751.4,4752.5
1775724840,4752.3,4753.5,4751.7,4753.5
1775724900,4753.6,4753.6,4752.5,4753.5
1775724960,4753.1,4754.3,4750.9,4751.3
1775725020,4751,4752.1,4751,4751.6
1775725080,4751.7,4752.3,4751.1,4751.8
1775725140,4751.7,4752.3,4750.5,4750.5
1775725200,4750.1,4750.2,4748.4,4749.7
1775725260,4750.1,4750.9,4749.2,4750.9
1775725320,4750.6,4751.7,4749.5,4751.5
1775725380,4751.9,4752.4,4750.1,4750.1
1775725440,4750.5,4751.2,4749.9,4750.3
1775725500,4750.6,4751.8,4749.9,4751
1775725560,4751,4751,4747.7,4749.9
1775725620,4749.3,4752.1,4747.7,4751.5
1775725680,4751.9,4753.5,4751.8,4753.1
1775725740,4753.2,4756.7,4753.1,4756.1
1775725800,4756.2,4757.2,4755.5,4756.4
1775725860,4756.3,4758,4755.7,4757.5
1775725920,4757.4,4758,4756.8,4756.8
1775725980,4756.6,4756.9,4754.1,4754.8
1775726040,4754.6,4755.4,4754.2,4755.4
1775726100,4755.5,4756.5,4754.6,4754.6
1775726160,4754.5,4755,4753.6,4754.6
1775726220,4754.8,4758.1,4754.3,4757.1
1775726280,4757,4757.2,4755.1,4756.5
1775726340,4756.2,4756.2,4755.1,4755.1
1775726400,4754.9,4754.9,4754.3,4754.3
1775726460,4754,4755.8,4754,4755.4
1775726520,4755,4757.2,4755,4756.3
1775726580,4756,4757.1,4756,4756.1
1775726640,4756.3,4756.3,4754.5,4756.3
1775726700,4756,4757.7,4756,4757.2
1775726760,4757.1,4758.2,4756.6,4757.5
1775726820,4757.5,4758.3,4757.2,4757.6
1775726880,4757.5,4758.5,4754.6,4754.7
1775726940,4754.9,4755.6,4753.6,4754.4
1775727000,4754.1,4755.7,4753.2,4753.3
1775727060,4753.2,4754.1,4752.3,4753.7
1775727120,4753.8,4755.2,4752.2,4754.7
1775727180,4754.3,4755.4,4753.7,4754.5
1775727240,4754,4754.5,4753.7,4754.5
1775727300,4754.7,4754.8,4752.5,4753.3
1775727360,4753.4,4754.1,4752.5,4754.1
1775727420,4754,4754.7,4753.1,4753.4
1775727480,4753.6,4757,4753.5,4756.1
1775727540,4756.4,4757.5,4756.2,4757.1
1775727600,4756.9,4757.2,4755,4755.2
1775727660,4755,4755,4754.5,4754.5
1775727720,4754.2,4754.3,4752.2,4753.2
1775727780,4752.6,4752.6,4751.7,4752.1
1775727840,4752.4,4752.4,4751.4,4751.4
1775727900,4751.3,4751.6,4748.6,4748.8
1775727960,4748.6,4750,4748.2,4749.6
1775728020,4749.6,4750,4748.5,4749.1
1775728080,4749.1,4752.2,4748.7,4751.9
1775728140,4751.7,4754,4751.3,4753.5
1775728200,4753.4,4753.9,4753,4753.5
1775728260,4754,4754.9,4752.8,4754.7
1775728320,4754.2,4754.7,4753.6,4753.6
1775728380,4753.6,4755.2,4751.1,4752
1775728440,4752.2,4753.1,4752,4752.9
1775728500,4752.8,4753.5,4751.6,4753
1775728560,4753.5,4755,4752.6,4753.4
1775728620,4753.4,4753.4,4751.2,4752.7
1775728680,4752.8,4753.4,4752.2,4753.4
1775728740,4753.4,4754.5,4753.3,4753.9
1775728800,4753.9,4754.9,4753.1,4754.9
1775728860,4755.2,4758,4754.6,4756.9
1775728920,4756.7,4757.1,4754.9,4757
1775728980,4756.8,4756.8,4754.9,4755
1775729040,4755.6,4755.9,4752.9,4752.9
1775729100,4752.8,4753.8,4750.8,4751.1
1775729160,4751.3,4752,4750.7,4751.3
1775729220,4751.8,4753.2,4751.3,4753.1
1775729280,4752.8,4753.2,4752.7,4753.2
1775729340,4753.4,4753.8,4753.3,4753.3
1775729400,4753.3,4754.6,4753.3,4754.2
1775729460,4754,4754,4751.9,4752
1775729520,4751.9,4752.8,4751.9,4752.8
1775729580,4752.5,4752.6,4750.6,4752.5
1775729640,4752.8,4753.2,4751.8,4752.1
1775729700,4751.5,4752.1,4748.7,4749.1
1775729760,4749.7,4750.6,4748.1,4749.3
1775729820,4749.8,4752.7,4749.8,4752.3
1775729880,4752.8,4754.5,4752.6,4753.6
1775729940,4753.4,4754.5,4753.1,4753.8
1775730000,4753.4,4757.1,4753.4,4756.3
1775730060,4756.9,4758.7,4756.6,4757.3
1775730120,4757.1,4757.7,4755.9,4757.5
1775730180,4757.7,4758.9,4757,4757.6
1775730240,4757.5,4763.5,4757.5,4762.8
1775730300,4763.2,4764.7,4761,4763.8
1775730360,4763,4763.2,4761.4,4762.3
1775730420,4762.6,4763.2,4761.8,4762.9
1775730480,4762.2,4762.4,4760.9,4761.9
1775730540,4762.2,4763.2,4761.7,4762.6
1775730600,4763.2,4766,4762.9,4766
1775730660,4765.7,4766,4763.4,4763.9
1775730720,4764.4,4765.3,4762.9,4763.3
1775730780,4763.6,4766,4763.2,4765.4
1775730840,4765.2,4765.2,4762.9,4763.7
1775730900,4763,4763.3,4762.4,4762.6
1775730960,4762.3,4763.3,4762.3,4763.3
1775731020,4763.2,4764,4762,4764
1775731080,4764.5,4764.8,4763.9,4764.1
1775731140,4764,4764.7,4762.6,4764.7
1775731200,4764.7,4765.2,4764.3,4764.3
1775731260,4764.7,4764.7,4761.6,4761.9
1775731320,4761.4,4763.1,4761.1,4763
1775731380,4763.3,4766,4763.3,4765.6
1775731440,4765.5,4765.6,4764.6,4765.6
1775731500,4765.7,4765.8,4764.1,4765.8
1775731560,4766.2,4766.2,4764.2,4764.8
1775731620,4765.2,4768.5,4765.1,4767
1775731680,4767.6,4768,4766.6,4766.6
1775731740,4766.7,4769.2,4766.7,4768.7
1775731800,4769,4770.3,4768.2,4770.1
1775731860,4770,4770.5,4766.2,4770
1775731920,4770.1,4771,4769.3,4769.4
1775731980,4769.1,4769.5,4768.2,4768.8
1775732040,4768.4,4769.1,4767,4769.1
1775732100,4769.2,4771.4,4769.2,4770.7
1775732160,4770.8,4770.9,4768.5,4768.5
1775732220,4768.7,4768.8,4766,4766
1775732280,4765.5,4766.6,4764.6,4765.3
1775732340,4765.7,4766.4,4765.3,4765.7
1775732400,4765.8,4767.6,4765.2,4766.9
1775732460,4767,4768.8,4766.4,4766.5
1775732520,4766.7,4767.2,4763.4,4764.2
1775732580,4763.8,4765.2,4762.9,4763.9
1775732640,4763.4,4766,4763.4,4764.8
1775732700,4765.3,4765.3,4763.2,4763.5
1775732760,4763.7,4764.2,4763.5,4764.2
1775732820,4764.3,4765.6,4764.2,4764.7
1775732880,4764.2,4764.2,4763,4764
1775732940,4764.4,4766.2,4764.3,4764.6
1775733000,4764.9,4764.9,4763.6,4763.6
1775733060,4763.6,4764.1,4763.6,4764
1775733120,4764.2,4765.6,4764,4765
1775733180,4764.3,4765.3,4764.1,4764.7
1775733240,4765.4,4765.6,4763.8,4763.8
1775733300,4763.9,4765,4763.3,4764.5
1775733360,4764.5,4765.3,4764.5,4765.3
1775733420,4765.1,4765.4,4764.5,4764.7
1775733480,4764.1,4765.2,4764.1,4765
1775733540,4765.4,4767.7,4765.2,4767.6
1775733600,4767.8,4770,4767.6,4768.6
1775733660,4768.3,4769,4767.4,4768.6
1775733720,4768.9,4770.7,4768.8,4769.5
1775733780,4769.7,4769.7,4767.6,4767.7
1775733840,4767.7,4768.2,4767.7,4768.2
1775733900,4767.9,4768.5,4766.8,4768.5
1775733960,4768.3,4768.3,4767.3,4767.6
1775734020,4767.7,4767.8,4767,4767.4
1775734080,4767.5,4770.3,4767.4,4770.3
1775734140,4770.3,4772.2,4769.7,4770.3
1775734200,4770.3,4772.1,4770.3,4771.5
1775734260,4771.6,4772.6,4770.9,4771.2
1775734320,4771.2,4772.3,4771.2,4771.6
1775734380,4771.4,4771.4,4769,4770
1775734440,4769.8,4770,4767.7,4769.5
1775734500,4769.8,4770.3,4768.7,4768.7
1775734560,4768.2,4768.9,4767.8,4768.9
1775734620,4768.7,4769.9,4768.7,4769.6
1775734680,4769.5,4771.5,4769.5,4770.3
1775734740,4770.5,4773.5,4770.5,4773.4
1775734800,4773.2,4776,4773,4774.2
1775734860,4774.5,4775.4,4773.9,4774.2
1775734920,4774.2,4774.7,4773.5,4773.9
1775734980,4774.1,4775.1,4772.9,4775.1
1775735040,4774.5,4775.9,4774.3,4775.6
1775735100,4775.9,4780.1,4775.1,4778.8
1775735160,4779.1,4781.3,4779.1,4780.5
1775735220,4780.3,4781.8,4779.8,4781.3
1775735280,4781.3,4781.7,4779.8,4780.3
1775735340,4780,4781.9,4780,4781.1
1775735400,4780.7,4781.2,4779.8,4781.1
1775735460,4780.9,4781.7,4780,4780.2
1775735520,4780.3,4781,4780.2,4780.2
1775735580,4780.2,4781.2,4780,4780.4
1775735640,4780.5,4781.2,4780.5,4781
1775735700,4780.9,4781.4,4780.4,4780.7
1775735760,4780.9,4780.9,4777.6,4779.8
1775735820,4780,4782,4780,4781.1
1775735880,4781.5,4782.7,4780.5,4781.4
1775735940,4781.7,4782.2,4780.9,4781.3
1775736000,4781.7,4782.3,4780.9,4782.1
1775736060,4781.9,4785,4780,4780.1
1775736120,4780.2,4780.3,4777.6,4777.9
1775736180,4778,4778.3,4776,4776.2
1775736240,4776.3,4777,4774.1,4776
1775736300,4775.9,4776.1,4773,4773.1
1775736360,4773,4773.7,4770.9,4771.7
1775736420,4771.5,4772.4,4770.9,4771.7
1775736480,4771.6,4774.6,4771.4,4774.2
1775736540,4773.9,4774,4769.5,4770.2
1775736600,4770.4,4772.1,4770.4,4770.9
1775736660,4770.5,4772.7,4770.5,4771.3
1775736720,4771.2,4771.3,4769.5,4769.6
1775736780,4770,4770.3,4768.1,4768.1
1775736840,4768,4769.1,4766.9,4767.4
1775736900,4767.6,4769.2,4767.6,4767.7
1775736960,4767.5,4767.5,4764.7,4766.7
1775737020,4766.6,4766.6,4764.2,4764.9
1775737080,4764.8,4766.1,4764.6,4765.5
1775737140,4766,4767.3,4764,4764.4
1775737200,4764.3,4764.8,4761.3,4763.7
1775737260,4763.6,4765.4,4762.8,4764.1
1775737320,4764.5,4766.9,4763.9,4765.7
1775737380,4765.3,4765.7,4763.8,4764.1
1775737440,4764.4,4765.6,4763.4,4764.7
1775737500,4765,4766.7,4763.1,4765.2
1775737560,4765.3,4766.4,4764.6,4764.6
1775737620,4764.1,4764.2,4759.6,4760.7
1775737680,4760.5,4762.6,4759.9,4760.6
1775737740,4760.4,4763.1,4760.2,4762.2
1775737800,4763,4767.9,4762.2,4766.5
1775737860,4766,4766,4760.1,4765.1
1775737920,4764.7,4768.4,4762.5,4767.1
1775737980,4767.5,4768.7,4763.2,4764
1775738040,4763.6,4767.5,4763.6,4767.5
1775738100,4766.7,4769.9,4766.7,4768.3
1775738160,4768,4770,4768,4769
1775738220,4768.8,4769.9,4766.3,4766.3
1775738280,4765.9,4767.8,4764.8,4765
1775738340,4765.2,4768,4765.1,4766.8
1775738400,4766.8,4768.3,4765.3,4767
1775738460,4767.5,4773.3,4766.7,4768
1775738520,4767.8,4772.7,4767.2,4771.5
1775738580,4771.9,4772,4767.1,4768.2
1775738640,4767.5,4769.1,4766.8,4769.1
1775738700,4769.6,4769.6,4767.4,4769.1
1775738760,4768.7,4769.2,4767,4767.6
1775738820,4767.1,4767.1,4762.6,4763.5
1775738880,4763.9,4767,4763.4,4765.5
1775738940,4765.9,4769.2,4765.9,4768
1775739000,4768,4769.4,4767.3,4768
1775739060,4768.1,4768.8,4766,4766
1775739120,4766.1,4770,4765.9,4769.6
1775739180,4770.1,4771.1,4769.1,4769.6
1775739240,4769.1,4769.3,4766.7,4766.7
1775739300,4766.8,4769,4766.8,4768.9
1775739360,4768.3,4769.7,4767.7,4768.9
1775739420,4769,4771.9,4768.2,4771.7
1775739480,4771.6,4772.6,4771,4771.9
1775739540,4771.7,4771.8,4769.6,4770.9
1775739600,4771.3,4772.6,4765.2,4767.5
1775739660,4767.7,4769.3,4766,4766
1775739720,4766.1,4769.4,4765.5,4768
1775739780,4768,4768.6,4765.4,4766.3
1775739840,4765.9,4768.2,4763.9,4768.2
1775739900,4768,4772,4768,4771.9
1775739960,4771.3,4771.5,4769.6,4771.5
1775740020,4771.8,4775.1,4771.5,4773
1775740080,4773,4774.3,4772.2,4774.3
1775740140,4773.5,4774.6,4771.4,4774.3
1775740200,4774.3,4778.2,4773.8,4777.5
1775740260,4777.6,4778.3,4775.8,4778.3
1775740320,4777.9,4780.5,4776.5,4780.1
1775740380,4780.2,4781.7,4779.1,4780.4
1775740440,4780.3,4780.6,4778.2,4779.3
1775740500,4779.9,4784,4779.7,4782.6
1775740560,4782.4,4782.4,4780.7,4782
1775740620,4781.7,4781.7,4778.8,4779.7
1775740680,4779.5,4780.5,4777.9,4778.7
1775740740,4778.4,4780,4778.4,4778.6
1775740800,4778.4,4781,4778.4,4781
1775740860,4781.1,4782.8,4780.9,4782.1
1775740920,4781.8,4783.5,4781.8,4781.8
1775740980,4781.6,4782.4,4778.9,4778.9
1775741040,4778.3,4781,4777.6,4779.1
1775741100,4779.2,4780.3,4778.7,4779.4
1775741160,4779.8,4781.6,4777.9,4778.9
1775741220,4778.9,4778.9,4776.6,4777.2
1775741280,4777.2,4781.5,4777.2,4781
1775741340,4780.9,4781.1,4777,4777
1775741400,4778.1,4779.6,4775.7,4775.8
1775741460,4775.4,4781.2,4775.4,4780.5
1775741520,4780.3,4780.4,4776.5,4776.5
1775741580,4776.7,4782.7,4776.6,4782.5
1775741640,4782.2,4782.6,4779.5,4782.1
1775741700,4782.1,4789.7,4781.8,4787.7
1775741760,4788.2,4791.4,4787.9,4790.8
1775741820,4790.4,4791.9,4788.5,4789.9
1775741880,4789.3,4795.3,4788.6,4795
1775741940,4795.3,4796.8,4793,4795.7
1775742000,4795.2,4799.1,4795,4799
1775742060,4798.8,4799.9,4797.3,4798.5
1775742120,4798.2,4801,4797.1,4800.7
1775742180,4800.4,4802.6,4799.6,4801.6
1775742240,4801.5,4802.8,4800.2,4801.1
1775742300,4801.4,4802.3,4798.9,4800.3
1775742360,4800.2,4801,4797.8,4798.3
1775742420,4798.2,4799.3,4795.1,4795.5
1775742480,4795.3,4798.6,4794.5,4796.4
1775742540,4796.4,4797.4,4794.3,4796.9
1775742600,4797.3,4797.4,4791.6,4792.4
1775742660,4792.1,4792.6,4786.3,4787.5
1775742720,4787.8,4788,4784.6,4786
1775742780,4786.1,4790.6,4785.8,4789.2
1775742840,4789.4,4790.5,4788.6,4789
1775742900,4788.9,4791.8,4788.6,4791
1775742960,4791,4791.6,4789.9,4791
1775743020,4791.9,4794.2,4791.4,4792.3
1775743080,4792.9,4792.9,4789.4,4789.8
1775743140,4789.6,4789.9,4787.4,4789.6
1775743200,4790,4791.5,4787.1,4788.8
1775743260,4788.5,4791.8,4787.1,4791.4
1775743320,4791.3,4794.6,4790.9,4794.5
1775743380,4794.3,4798.5,4792.4,4798.1
1775743440,4797.6,4801.3,4797.6,4798.3
1775743500,4797.9,4798.7,4796.3,4796.7
1775743560,4796.5,4797.1,4794.9,4795.9
1775743620,4795.3,4797.1,4792,4792.6
1775743680,4792.9,4794.6,4791,4793.1
1775743740,4792.8,4796.2,4792.2,4792.9
1775743800,4792.5,4794.8,4791.2,4794.4
1775743860,4794.7,4794.9,4791.9,4793
1775743920,4793,4800.6,4792.8,4800
1775743980,4799.9,4801.8,4798.2,4798.5
1775744040,4798.2,4798.2,4795.6,4796.5
1775744100,4796.1,4798.7,4795,4797.4
1775744160,4796.8,4796.8,4791.2,4791.5
1775744220,4791.3,4793.2,4790.2,4792.1
1775744280,4791.9,4792.3,4785.1,4787
1775744340,4787.1,4788.3,4785.9,4787
1775744400,4787,4791.9,4786.8,4790.4
1775744460,4790.6,4792.3,4789.4,4790
1775744520,4789.8,4791.7,4788.7,4790.8
1775744580,4790.9,4795.3,4790.8,4794.5
1775744640,4794.4,4796.5,4793.6,4796.3
1775744700,4796.1,4797.8,4795.9,4797.2
1775744760,4797.6,4798.5,4792.9,4793.5
1775744820,4793.1,4793.4,4789.6,4789.7
1775744880,4790.1,4792.8,4789.6,4792.3
1775744940,4792.9,4794,4789,4791.3
1775745000,4791.2,4793.1,4789.1,4790.8
1775745060,4790.6,4790.6,4786.9,4787.1
1775745120,4787,4787.4,4783.8,4784.6
1775745180,4784.1,4786.4,4781.6,4783.7
1775745240,4783.7,4783.8,4780.6,4781.2
1775745300,4781.6,4781.6,4778.1,4781
1775745360,4781.1,4781.1,4772.5,4773.1
1775745420,4773.2,4778.3,4773.1,4777.4
1775745480,4777.1,4779.6,4776,4776.3
1775745540,4777.2,4784.7,4776.9,4783.6
1775745600,4783.7,4784.6,4781.8,4784
1775745660,4784,4786.3,4781.8,4782.1
1775745720,4782,4782.4,4776.3,4779.9
1775745780,4779.3,4783.8,4779.3,4782.4
1775745840,4782.4,4782.4,4779.9,4781.1
1775745900,4780.6,4786.3,4780.3,4785.9
1775745960,4785.9,4786,4783.2,4783.6
1775746020,4783,4786.4,4783,4784.6
1775746080,4784.2,4787.5,4784.1,4786.9
1775746140,4786.6,4788.4,4786.3,4786.9
1775746200,4786.5,4789.6,4786.4,4788.9
1775746260,4789.3,4791.1,4788.9,4788.9
1775746320,4788.6,4789.2,4787.7,4787.7
1775746380,4787.9,4790.8,4787.8,4790.8
1775746440,4791.2,4791.2,4788.2,4788.9
1775746500,4789,4792.1,4788.1,4791.5
1775746560,4791.8,4792.1,4788.4,4788.9
1775746620,4789.1,4791.3,4788.7,4790.5
1775746680,4790.6,4794,4790.2,4793.8
1775746740,4794,4794,4791.9,4794
1775746800,4794,4794.5,4792.1,4793.5
1775746860,4793.2,4794.5,4792,4793.2
1775746920,4792.9,4793,4788.4,4789.5
1775746980,4789.5,4790.4,4787.7,4788
1775747040,4787.6,4788.9,4786.3,4788.9
1775747100,4788.5,4790.7,4787.6,4789.2
1775747160,4789.3,4790.5,4787.4,4788.5
1775747220,4788.6,4792.1,4788.6,4789.7
1775747280,4789.2,4790.2,4788.9,4789
1775747340,4788.9,4789.1,4786.2,4787.4
1775747400,4787.7,4789.7,4786.9,4789.3
1775747460,4789.6,4790.7,4787.9,4789.8
1775747520,4790,4791,4788.3,4790.5
1775747580,4790.6,4793.3,4790.2,4792.7
1775747640,4792.9,4795.9,4791.9,4794.3
1775747700,4794.9,4802,4794.9,4800.3
1775747760,4800.4,4800.8,4797.2,4797.8
1775747820,4797.5,4804.7,4797.4,4803.6
1775747880,4803.5,4807.8,4803.4,4806.7
1775747940,4806.3,4809.5,4806.3,4809
1775748000,4809.1,4810.2,4807.5,4809
1775748060,4808.8,4811.7,4807.7,4807.9
1775748120,4807.6,4812.4,4804.9,4811
1775748180,4810.8,4812.4,4808.8,4808.8
1775748240,4808.6,4811.5,4808.5,4810.2
1775748300,4810,4810.1,4807.5,4809
1775748360,4808.5,4808.8,4806.4,4807.7
1775748420,4807.4,4807.7,4805.5,4806.1
1775748480,4806.1,4807,4805.2,4806.2
1775748540,4806,4806,4803,4804.5
1775748600,4803.9,4807.2,4803.3,4807
1775748660,4807.8,4808.2,4805.4,4806.9
1775748720,4806.9,4816.3,4806.3,4813
1775748780,4812.8,4817.2,4811.5,4816.8
1775748840,4816.4,4817.9,4813.8,4817.7
1775748900,4817.4,4821.4,4817.3,4820.2
1775748960,4819.8,4823.1,4818.9,4821.8
1775749020,4822.1,4823.9,4819.5,4821.6
1775749080,4821.7,4821.8,4812.9,4814.7
1775749140,4814.7,4817.7,4814.7,4816.6
1775749200,4816.8,4820.8,4816.6,4820.8
1775749260,4820.3,4821.5,4819.7,4820.2
1775749320,4820.3,4820.3,4817,4817.7
1775749380,4818.1,4819.3,4816.2,4816.7
1775749440,4816.4,4817.8,4815,4815.8
1775749500,4815.6,4815.7,4812.7,4815.4
1775749560,4814.9,4818.8,4810.3,4811.4
1775749620,4811.2,4811.9,4810.3,4811.3
1775749680,4811.3,4819,4811,4818.3
1775749740,4817.8,4817.8,4809.2,4809.6
1775749800,4809.5,4811.3,4808.9,4809.2
1775749860,4809,4811.4,4808.8,4809.8
1775749920,4810.4,4814.4,4809.7,4813.7
1775749980,4813.8,4815.2,4812.1,4814.1
1775750040,4814.9,4815.4,4811.4,4812.7
1775750100,4812.7,4813,4809,4812.8
1775750160,4812.7,4814.4,4812.4,4813.8
1775750220,4813.7,4815.1,4812,4812.2
1775750280,4812.2,4815.8,4812.2,4815.6
1775750340,4815.9,4818.7,4814.8,4817.4
1775750400,4817.7,4819.1,4815.9,4818.1
1775750460,4817.8,4821.9,4817.3,4821.2
1775750520,4820.6,4823.3,4820.2,4822.6
1775750580,4822.8,4825.5,4821.5,4822.5
1775750640,4822.8,4823.7,4820,4821.4
1775750700,4821.1,4822,4819,4820.3
1775750760,4820.1,4820.1,4817.8,4818.8
1775750820,4818.3,4821.8,4818.3,4820.8
1775750880,4820.4,4821.7,4819,4821
1775750940,4820.6,4821,4816.7,4816.8
1775751000,4816.6,4818.8,4816.4,4817.1
1775751060,4817.1,4817.1,4815.2,4815.6
1775751120,4816.5,4817.4,4815.6,4816.2
1775751180,4816.4,4818,4813.5,4813.8
1775751240,4813.8,4814,4812.2,4812.9
1775751300,4812.9,4815.3,4811.7,4814.5
1775751360,4814.6,4816,4814.5,4816
1775751420,4815.9,4816.5,4814.8,4815.5
1775751480,4815.3,4819.1,4815.3,4819.1
1775751540,4818.8,4822.7,4818.5,4820.3
1775751600,4820,4821.6,4818.2,4818.2
1775751660,4818.1,4818.2,4816.3,4818.1
1775751720,4818,4818.6,4816.4,4818.6
1775751780,4818.9,4820.4,4818.5,4818.7
1775751840,4818.8,4819.8,4818.6,4819.2
1775751900,4819,4819.4,4817.1,4818.3
1775751960,4818,4818.2,4816,4816.7
1775752020,4816.7,4818.6,4815.7,4818
1775752080,4817.5,4818,4815.7,4817.8
1775752140,4817.6,4818.5,4816.2,4817.3
1775752200,4817.7,4818.1,4815.7,4816.5
1775752260,4816.9,4817.4,4815.2,4816.2
1775752320,4816.5,4817.2,4815.2,4817
1775752380,4816.8,4819.9,4816,4819.6
1775752440,4819.3,4819.8,4817.4,4819.4
1775752500,4819.1,4819.1,4817.5,4818.1
1775752560,4818.3,4818.7,4816.9,4816.9
1775752620,4817.2,4817.8,4815.9,4815.9
1775752680,4815.9,4815.9,4812,4814.1
1775752740,4813.9,4817.2,4813.9,4817.2
1775752800,4816.5,4816.5,4812.7,4813.3
1775752860,4813.5,4814.1,4810.1,4811
1775752920,4811,4813.9,4811,4813.2
1775752980,4813.1,4813.5,4810.9,4812.6
1775753040,4812,4812.8,4811.3,4811.7
1775753100,4811.9,4812.6,4810.6,4811.3
1775753160,4811.5,4813.5,4811,4813.1
1775753220,4812.8,4813.1,4810.4,4811.4
1775753280,4810.7,4810.7,4809.7,4810.1
1775753340,4810.5,4811.7,4808.8,4808.8
1775753400,4809.3,4812.8,4809.3,4812.8
1775753460,4812.1,4813.5,4810.7,4813.3
1775753520,4813.1,4815.7,4811.7,4813.7
1775753580,4813.6,4813.6,4812.3,4812.9
1775753640,4813.1,4813.5,4812.2,4813
1775753700,4812.9,4813.9,4811.5,4811.5
1775753760,4811.3,4812.3,4811.3,4812.3
1775753820,4811.9,4812.3,4811.4,4811.4
1775753880,4811.7,4813.7,4811.3,4813.5
1775753940,4813.2,4813.8,4812.6,4813
1775754000,4813.5,4814.8,4813.4,4814.3
1775754060,4814.6,4815.5,4814,4814.8
1775754120,4814.8,4815,4811.1,4811.8
1775754180,4811.7,4812.1,4810.9,4811.9
1775754240,4811.8,4813.4,4811.8,4813.3
1775754300,4813.5,4814.9,4813,4814.5
1775754360,4814.6,4816.8,4813.8,4816.8
1775754420,4816.7,4817.8,4816.1,4816.3
1775754480,4816.3,4818.3,4816.3,4817.8
1775754540,4817.9,4818.5,4816.9,4817.3
1775754600,4817.4,4818.4,4815,4815.5
1775754660,4815.6,4816.5,4815.3,4816.2
1775754720,4816.4,4816.4,4814.5,4816
1775754780,4815.8,4817.7,4815.5,4816.2
1775754840,4815.8,4817.7,4815,4817.7
1775754900,4817.3,4819.7,4817.2,4819.2
1775754960,4819.2,4820.5,4819.1,4819.8
1775755020,4820,4820.7,4818.2,4820
1775755080,4820.4,4821.3,4819.8,4820.8
1775755140,4821,4822.7,4820.7,4822
1775755200,4822,4822.2,4818.6,4819
1775755260,4818.7,4818.9,4817.3,4817.5
1775755320,4817.6,4818,4816.5,4817
1775755380,4817.2,4817.9,4817,4817.6
1775755440,4817.8,4818.2,4816.6,4817
1775755500,4816.9,4817.4,4814.6,4816.9
1775755560,4816.9,4817.3,4815.7,4816.5
1775755620,4816.8,4819,4816.8,4818.4
1775755680,4818.5,4820.4,4818.3,4819.8
1775755740,4820,4820.6,4816.7,4817.1
1775755800,4817.3,4819.2,4813,4814
1775755860,4814,4815.3,4811.8,4815.3
1775755920,4815.2,4817.3,4814.4,4816.8
1775755980,4817,4817.3,4814.9,4815.1
1775756040,4815.1,4818.1,4815.1,4817.6
1775756100,4817.5,4819.9,4816.5,4819.6
1775756160,4819.5,4821.6,4819.1,4820.8
1775756220,4821,4822.7,4820.8,4821.2
1775756280,4821.1,4825.1,4821.1,4824.8
1775756340,4824.4,4824.6,4822.4,4823.2
1775756400,4823.1,4826,4823.1,4825
1775756460,4824.6,4825.2,4823.6,4824.5
1775756520,4824.8,4824.9,4819.4,4820.6
1775756580,4820.1,4820.9,4818.9,4820
1775756640,4820,4820.2,4819.3,4819.6
1775756700,4819.8,4822.9,4819.8,4822.7
1775756760,4822.8,4824.9,4822.8,4824.6
1775756820,4824.8,4824.8,4823,4824.7
1775756880,4824.8,4825.6,4822.5,4824.6
1775756940,4824.9,4825.5,4824,4825.1
1775757000,4825,4825,4823.8,4824
1775757060,4824.2,4824.3,4820.9,4820.9
1775757120,4821.6,4821.8,4820.7,4821.6
1775757180,4821.8,4823,4821.7,4822
1775757240,4822.1,4822.9,4821.5,4822.2
1775757300,4822.7,4822.7,4822,4822.2
1775757360,4822.1,4824.3,4822.1,4822.9
1775757420,4822.8,4824,4822.7,4822.9
1775757480,4823.2,4823.2,4822.1,4822.8
1775757540,4822.7,4823.5,4822.3,4822.3
1775757600,4822.6,4822.7,4819.7,4820
1775757660,4819.7,4821.2,4818,4818
1775757720,4818.4,4819.4,4814.4,4814.9
1775757780,4814.7,4815.9,4810.8,4811.2
1775757840,4810.5,4812.1,4805.3,4810
1775757900,4810.4,4814,4810,4813.8
1775757960,4814.2,4814.6,4812.5,4812.5
1775758020,4812.2,4812.3,4809.2,4809.5
1775758080,4809.5,4810.1,4805.2,4806.7
1775758140,4806.5,4810.2,4805.8,4810
1775758200,4811,4812.7,4810,4810.4
1775758260,4810.2,4811,4808.9,4810.3
1775758320,4810,4810.2,4807.8,4808
1775758380,4807.2,4807.6,4805.7,4805.8
1775758440,4805.7,4807.9,4804.6,4807.9
1775758500,4807.9,4808.1,4806.9,4807.6
1775758560,4807.8,4809.2,4806.9,4809.2
1775758620,4809.1,4812.5,4809,4811.6
1775758680,4811.3,4812.3,4808.7,4808.8
1775758740,4808.8,4810.7,4808.5,4810
1775758800,4810.2,4811,4810.2,4810.9
1775758860,4811.2,4811.5,4808.7,4808.7
1775758920,4808.8,4808.8,4807.6,4808.3
1775758980,4808.1,4808.2,4803.1,4803.8
1775759040,4803.5,4804.5,4802,4804.3
1775759100,4804.6,4806.5,4802.7,4804
1775759160,4805.5,4805.6,4803.6,4804
1775759220,4804.3,4805.5,4802.9,4805.5
1775759280,4806,4806.9,4805.5,4806.8
1775759340,4807.4,4807.4,4806.3,4806.3
1775759400,4805.9,4806.1,4801.4,4801.4
1775759460,4801.6,4801.9,4798.6,4799.7
1775759520,4799.3,4799.3,4797.2,4798.3
1775759580,4798.6,4799,4796.3,4798.7
1775759640,4798.1,4801.7,4798,4801.3
1775759700,4801.2,4804,4800.5,4802.2
1775759760,4802.4,4802.5,4800.5,4801.3
1775759820,4800.9,4801.8,4800.4,4801.3
1775759880,4802.5,4802.7,4800.4,4800.4
1775759940,4800.6,4801.5,4797.8,4800.9
1775760000,4800.7,4800.8,4796.4,4797.2
1775760060,4797.4,4797.5,4793.4,4795.4
1775760120,4795.2,4798.4,4793.7,4796.4
1775760180,4795.5,4795.5,4793.3,4793.5
1775760240,4793.3,4795,4792.7,4795
1775760300,4794.4,4796.1,4793.8,4796.1
1775760360,4795.9,4797,4794.4,4794.6
1775760420,4794.2,4795.9,4792.2,4795
1775760480,4794.9,4797.4,4794.8,4796.1
1775760540,4796.5,4797,4795,4797
1775760600,4796.6,4797.2,4794.8,4794.8
1775760660,4794.8,4796.6,4794.3,4795
1775760720,4795.4,4797,4793.9,4794.8
1775760780,4794.6,4797.3,4794.6,4795.4
1775760840,4795.2,4795.7,4793.8,4794.1
1775760900,4794.5,4796.5,4794.3,4794.9
1775760960,4794.2,4794.8,4793.8,4794.5
1775761020,4794.6,4800.8,4794.6,4796.4
1775761080,4796.7,4798.5,4795.9,4798.5
1775761140,4798.5,4798.8,4796,4796.6
1775761200,4796.6,4796.6,4793.4,4794.6
1775761260,4794.6,4797.7,4793.8,4797.7
1775761320,4797.1,4800.6,4796.9,4799.6
1775761380,4799.1,4799.6,4798.8,4799.6
1775761440,4799.6,4801,4799.3,4800.6
1775761500,4800.5,4802.5,4798.8,4802.3
1775761560,4802.5,4804.2,4801.8,4803.7
1775761620,4803.7,4806.1,4803.7,4804.9
1775761680,4805,4805,4804.2,4804.3
1775761740,4804.5,4806.2,4804.1,4805.8
1775761800,4806.2,4806.9,4804.7,4805.9
1775761860,4805.7,4806.8,4804.9,4804.9
1775761920,4804.8,4806.2,4804.5,4805.6
1775761980,4805.2,4805.2,4804,4804
1775762040,4803.7,4803.7,4802.6,4803.3
1775762100,4804,4804.9,4802.6,4802.8
1775762160,4803.2,4803.6,4801.8,4801.8
1775762220,4801.8,4801.9,4799.1,4800.7
1775762280,4800.6,4800.9,4798.2,4798.7
1775762340,4799,4799,4797.4,4798.3
1775762400,4798.1,4798.5,4797,4797.5
1775762460,4797.2,4798,4797,4797.4
1775762520,4797,4797.8,4796.8,4797
1775762580,4797,4798.2,4796.4,4797
1775762640,4797.4,4800.6,4797.4,4800.4
1775762700,4800.3,4802.6,4800.2,4800.7
1775762760,4800.3,4801.6,4800.3,4801
1775762820,4800.6,4800.6,4799.8,4800.1
1775762880,4800,4800.3,4798.1,4798.5
1775762940,4798.5,4799.1,4797.6,4797.7
1775763000,4798.4,4802.1,4797.7,4801.3
1775763060,4801.2,4801.9,4799.8,4800.4
1775763120,4800.4,4801.7,4800.1,4800.5
1775763180,4800.4,4800.9,4796.8,4797.1
1775763240,4797,4797.1,4793.6,4795.6
1775763300,4796,4796.9,4795.6,4796
1775763360,4796,4796.8,4794.4,4796.8
1775763420,4797.2,4797.4,4794.8,4796.8
1775763480,4796.6,4796.7,4795.3,4795.4
1775763540,4795.6,4795.8,4795.2,4795.4
1775763600,4795.7,4796,4793.3,4794.9
1775763660,4795.6,4795.6,4794.3,4794.7
1775763720,4794.6,4799.5,4794.6,4799.4
1775763780,4799.4,4799.8,4796.5,4796.8
1775763840,4796.7,4797.4,4796,4796.2
1775763900,4796.4,4796.7,4795,4795.4
1775763960,4795.4,4795.9,4793.2,4795.2
1775764020,4795.8,4796.5,4795.4,4795.5
1775764080,4795.6,4795.7,4794.5,4795.1
1775764140,4794.9,4794.9,4793.3,4793.9
1775764200,4793.5,4796.1,4793.5,4796
1775764260,4796.1,4796.1,4794.5,4795.5
1775764320,4795.4,4798.2,4795.4,4797.6
1775764380,4797.1,4797.4,4795.7,4796
1775764440,4795.9,4796.7,4795.4,4796.3
1775764500,4795.9,4795.9,4790.7,4792
1775764560,4792.7,4794,4792.1,4794
1775764620,4794,4794,4791.5,4791.5
1775764680,4791.9,4793.7,4791,4793.3
1775764740,4793.3,4794,4792.5,4793
1775764800,4793,4794.4,4793,4793.7
1775764860,4793.4,4794.3,4791.2,4794.3
1775764920,4794.6,4795.2,4793.9,4795.2
1775764980,4794.3,4794.3,4792.8,4793.5
1775765040,4793.9,4795.7,4793.5,4795
1775765100,4794.7,4795.1,4793.6,4793.6
1775765160,4793.9,4794,4793.3,4793.5
1775765220,4793.4,4793.5,4793.1,4793.1
1775765280,4793.1,4793.3,4793,4793.3
1775765340,4793.6,4794.7,4793.2,4794.7
1775765400,4794.7,4794.7,4793.6,4794.5
1775765460,4795.4,4795.6,4795,4795.2
1775765520,4794.8,4794.9,4793.9,4794.8
1775765580,4794.5,4794.5,4793.9,4793.9
1775765640,4793.8,4794.2,4793.8,4793.9
1775765700,4794.4,4794.8,4790.7,4790.8
1775765760,4790.5,4792.4,4790.2,4792.3
1775765820,4792,4792.4,4791.9,4792.4
1775765880,4793.2,4794.9,4793.2,4794.9
1775765940,4794.6,4795.3,4794.6,4794.7
1775766000,4794.8,4795.5,4794.5,4795.5
1775766060,4795.6,4795.6,4794.7,4794.8
1775766120,4795,4796.5,4794.9,4796.5
1775766180,4796.7,4797.3,4795.8,4795.8
1775766240,4796,4797.4,4795.7,4796.7
1775766300,4796.5,4797,4796,4796
1775766360,4795.8,4795.8,4793.9,4794
1775766420,4794.2,4795.6,4794.2,4795
1775766480,4795.1,4795.4,4794.5,4794.5
1775766540,4794.2,4794.2,4794.2,4794.2
1775766600,4794.9,4795,4794.9,4794.9
1775766660,4794.8,4796,4794.7,4795.3
1775766720,4795.4,4795.5,4794.6,4795.1
1775766780,4795.1,4795.3,4794.9,4794.9
1775766840,4795,4795.1,4793.6,4793.6
1775766900,4793.6,4793.9,4791.9,4791.9
1775766960,4792.2,4792.4,4787.7,4788.6
1775767020,4788.2,4788.5,4787.7,4788.2
1775767080,4788.5,4789.4,4787.1,4789.1
1775767140,4789.2,4790.1,4788.5,4788.5
1775767200,4788.3,4788.9,4786.3,4787.5
1775767260,4787.1,4787.1,4785.7,4786.5
1775767320,4786.1,4787,4784.6,4785.8
1775767380,4786.3,4787.4,4784.7,4785.9
1775767440,4786.2,4789.2,4786.2,4788.7
1775767500,4788.3,4791.2,4788,4790.2
1775767560,4789.9,4790.2,4788.9,4788.9
1775767620,4789.1,4789.4,4788.9,4789.3
1775767680,4789.4,4789.4,4789.4,4789.4
1775767740,4789.4,4789.6,4788.2,4789.2
1775767800,4789.2,4790,4789.2,4789.6
1775767860,4789.2,4790.8,4789.2,4790.4
1775767920,4790.4,4790.9,4790.4,4790.9
1775767980,4790.9,4793.1,4790.9,4792.1
1775768040,4792.9,4793.3,4792.4,4792.5
1775768100,4791.6,4791.9,4791.2,4791.2
1775768160,4790.9,4791.5,4790.9,4791.1
1775768220,4790.9,4790.9,4789.6,4789.6
1775768280,4789.1,4790,4789.1,4789.7
1775768340,4789.7,4792.3,4789.4,4790.5
1775772000,4790.5,4810,4790.5,4799.4
1775772060,4801.2,4804.8,4795.2,4795.2
1775772120,4796,4798,4789.3,4795.6
1775772180,4796.2,4796.2,4791.8,4794.2
1775772240,4795,4797.1,4795,4796.8
1775772300,4796.6,4796.6,4792,4792
1775772360,4791.9,4794.3,4791.9,4792
1775772420,4791.5,4793.3,4790.8,4792.6
1775772480,4793,4796.4,4792.2,4793.8
1775772540,4795.3,4795.6,4794.6,4794.7
1775772600,4794.1,4794.1,4792.3,4793.5
1775772660,4793.5,4794,4792.2,4792.2
1775772720,4792.3,4795.5,4791.5,4795.5
1775772780,4795.2,4795.2,4794,4794
1775772840,4793.5,4794.1,4793.5,4793.8
1775772900,4794.4,4794.4,4793,4793
1775772960,4792.6,4792.6,4791.9,4792.3
1775773020,4792,4792.3,4791.2,4791.2
1775773080,4791.7,4791.7,4789.2,4790.8
1775773140,4791,4791.2,4789.6,4789.8
1775773200,4789.6,4790.8,4788.9,4790
1775773260,4789.9,4791.8,4788.4,4791.8
1775773320,4791.9,4794.4,4790.5,4792.9
1775773380,4791.6,4793.6,4790.7,4791.6
1775773440,4791.2,4792,4790.7,4790.7
1775773500,4790.9,4791.4,4790.5,4790.9
1775773560,4792.1,4792.3,4792,4792
1775773620,4791.8,4792.6,4791.3,4791.3
1775773680,4791.2,4792,4791.2,4791.3
1775773740,4791.8,4792.8,4786.9,4787.7
1775773800,4788.4,4790.2,4787.5,4787.5
1775773860,4788,4788.9,4786.1,4787.8
1775773920,4787.7,4788.9,4787.7,4788.3
1775773980,4788,4790.9,4787.9,4789.6
1775774040,4788.7,4791,4788.7,4788.8
1775774100,4788.8,4789.7,4784.7,4785.7
1775774160,4785.8,4786.1,4785,4785.5
1775774220,4785.8,4787.4,4785.5,4787.4
1775774280,4787.5,4787.5,4786.2,4786.7
1775774340,4785.2,4785.3,4782.6,4783.2
1775774400,4783,4784.9,4783,4783.6
1775774460,4783.3,4785.5,4783.3,4785.3
1775774520,4785.8,4786.1,4785.1,4785.1
1775774580,4784.9,4786,4784.9,4786
1775774640,4785.8,4785.8,4784.6,4785
1775774700,4785,4786,4784.7,4785.5
1775774760,4785.4,4785.5,4784.8,4784.8
1775774820,4784.6,4784.7,4783,4783
1775774880,4782.9,4785,4782.9,4785
1775774940,4784.8,4785,4783.9,4784.1
1775775000,4783.8,4784.5,4782.8,4782.8
1775775060,4782.8,4786,4782.2,4785.6
1775775120,4785.7,4785.7,4785.1,4785.1
1775775180,4785.6,4785.6,4783.4,4784.7
1775775240,4784.7,4786.6,4784.7,4784.9
1775775300,4785.2,4788.1,4784,4787.5
1775775360,4787.3,4787.3,4784.1,4784.1
1775775420,4784.7,4786.5,4784.7,4786.5
1775775480,4786.2,4786.8,4786.1,4786.5
1775775540,4786,4787.8,4786,4787.6
1775775600,4787.4,4787.4,4783.7,4783.7
1775775660,4783.8,4784.7,4782.5,4782.9
1775775720,4783.1,4784.9,4783,4784
1775775780,4784,4785.4,4784,4785.4
1775775840,4784.8,4786.3,4784.1,4786
1775775900,4786.3,4786.8,4785.8,4785.8
1775775960,4785.5,4786.3,4781.1,4782.7
1775776020,4783.1,4784.2,4783.1,4784.2
1775776080,4784.5,4786.8,4784.4,4785.4
1775776140,4785,4786,4784.9,4785.9
1775776200,4785.2,4785.2,4784.6,4784.8
1775776260,4784.6,4785.4,4780.6,4781.6
1775776320,4782.2,4783.8,4782.1,4782.1
1775776380,4782.2,4782.6,4781.4,4781.4
1775776440,4781.3,4783.6,4781.3,4782.8
1775776500,4783,4783.6,4782.7,4783.4
1775776560,4783.6,4784,4783.6,4784
1775776620,4784.8,4784.8,4784.2,4784.2
1775776680,4784.6,4785,4784.6,4784.6
1775776740,4784.5,4784.7,4783.7,4783.7
1775776800,4783.4,4784.1,4782.6,4783.2
1775776860,4782.7,4782.7,4782,4782.6
1775776920,4782.2,4782.2,4781.5,4781.5
1775776980,4781.1,4781.8,4780.4,4781.5
1775777040,4781.5,4782.5,4781,4781
1775777100,4780.9,4781.1,4780.8,4780.9
1775777160,4781.1,4781.4,4780.4,4780.5
1775777220,4780.5,4780.5,4779.8,4780.4
1775777280,4781,4781.1,4780.5,4781
1775777340,4781.2,4781.3,4780.8,4781.3
1775777400,4781.2,4783.3,4781.2,4782.8
1775777460,4783,4783.6,4782.3,4783.6
1775777520,4783.4,4783.4,4782.2,4782.6
1775777580,4782.8,4782.8,4782.6,4782.8
1775777640,4783,4784.9,4782.8,4784.6
1775777700,4784.7,4786.3,4784.6,4786
1775777760,4786,4786,4784.2,4785
1775777820,4785.2,4785.9,4784.9,4785.3
1775777880,4785.1,4785.4,4784.7,4784.7
1775777940,4784.4,4784.8,4783.5,4783.5
1775778000,4784,4784,4782.2,4782.6
1775778060,4782.5,4782.5,4781.5,4782.1
1775778120,4782.2,4783.2,4782.2,4783.2
1775778180,4783.3,4784,4783.3,4783.7
1775778240,4783.4,4783.4,4782.9,4783.3
1775778300,4783.1,4783.1,4781.5,4782.3
1775778360,4783.1,4785.2,4783.1,4785.2
1775778420,4785.1,4785.9,4784.6,4785.9
1775778480,4785.9,4786.6,4785.6,4786.3
1775778540,4786.1,4787.1,4785.3,4785.3
1775778600,4785.2,4785.4,4784.8,4785
1775778660,4785.3,4785.9,4785.3,4785.8
1775778720,4786,4786,4784.9,4784.9
1775778780,4784.6,4785.4,4783.4,4785.4
1775778840,4785.4,4785.5,4784.6,4785.3
1775778900,4785.5,4785.5,4784.5,4785
1775778960,4785.4,4786.8,4785.2,4786.8
1775779020,4786.3,4786.9,4786,4786.6
1775779080,4786.5,4786.5,4785.7,4785.7
1775779140,4785.9,4787,4785,4787
1775779200,4786.6,4786.6,4779,4780.2
1775779260,4780.4,4780.4,4776.4,4779.1
1775779320,4778.7,4780,4776.8,4778.8
1775779380,4779,4781.3,4779,4780.9
1775779440,4780.5,4781.6,4778.3,4780.8
1775779500,4780.4,4780.5,4778.5,4779.6
1775779560,4780.2,4781,4776.6,4776.7
1775779620,4776.2,4776.2,4773.9,4773.9
1775779680,4775.1,4775.8,4774,4775.5
1775779740,4775.5,4778,4775.5,4777.2
1775779800,4777.3,4778.5,4775.9,4776.3
1775779860,4776,4777.3,4774.9,4775
1775779920,4775.1,4777,4773.8,4774.4
1775779980,4774.5,4776.9,4774.5,4776.6
1775780040,4776.8,4778.1,4774.9,4777.5
1775780100,4777.6,4779.9,4777,4779.6
1775780160,4779.4,4780.6,4777.2,4777.6
1775780220,4777.6,4777.6,4775.5,4777.2
1775780280,4777.1,4777.3,4774.6,4775.4
1775780340,4775.1,4778.3,4775.1,4778.3
1775780400,4778.9,4781.9,4778.9,4781
1775780460,4781.2,4781.4,4778.8,4778.8
1775780520,4778.8,4779.8,4777.2,4777.2
1775780580,4777.8,4778.1,4776.3,4777.4
1775780640,4777.2,4778.5,4777,4777.6
1775780700,4777,4778.5,4776.4,4777.5
1775780760,4777.4,4778.4,4776.7,4777.2
1775780820,4777.2,4778,4776,4776.5
1775780880,4776,4776.1,4774.3,4775.7
1775780940,4775.5,4777.7,4775.1,4777
1775781000,4777.3,4780.4,4777.3,4779
1775781060,4779.4,4781.3,4779.4,4780.2
1775781120,4780.3,4781.3,4780.3,4780.6
1775781180,4780.8,4781.7,4779.9,4780.1
1775781240,4780.4,4782.8,4779.9,4782.1
1775781300,4782.6,4783.6,4782.2,4783.5
1775781360,4783.2,4784.6,4781.9,4784.2
1775781420,4784.4,4784.7,4782.4,4783.1
1775781480,4782.8,4783,4781.1,4782.7
1775781540,4782.9,4783.5,4781.9,4782.7
1775781600,4783.2,4783.3,4781.8,4781.8
1775781660,4781.7,4781.9,4780.6,4781.5
1775781720,4781.4,4781.5,4779,4779.5
1775781780,4779.7,4780.1,4778.3,4778.4
1775781840,4779,4779.5,4778,4779.1
1775781900,4778.7,4779.3,4778.3,4778.3
1775781960,4778.5,4778.8,4778.5,4778.8
1775782020,4778.7,4779.9,4778.4,4779.7
1775782080,4779,4779.5,4778.7,4779
1775782140,4779,4779.2,4778.4,4779.1
1775782200,4779.5,4781.9,4779.5,4781.4
1775782260,4781.4,4781.7,4779.7,4780.8
1775782320,4780.6,4782.3,4780.6,4781.5
1775782380,4781,4781.3,4779.7,4780.3
1775782440,4780.2,4780.9,4779.7,4779.7
1775782500,4779.6,4780.6,4779,4780.4
1775782560,4780.7,4782.2,4779.9,4782.2
1775782620,4782,4783.4,4782,4782.9
1775782680,4783,4784.2,4782.9,4784
1775782740,4784.1,4786.5,4784.1,4786.4
1775782800,4786.2,4789.6,4784.9,4789
1775782860,4789,4789.9,4787.2,4787.6
1775782920,4787.6,4790.5,4787.6,4789.5
1775782980,4789.6,4789.7,4784.6,4785.2
1775783040,4784.3,4785.9,4783.7,4784.4
1775783100,4784,4784.4,4783.3,4783.5
1775783160,4783.7,4784.2,4781.7,4784.2
1775783220,4784.4,4788.1,4784.4,4785.5
1775783280,4784,4785.7,4783.6,4785.4
1775783340,4785.6,4785.6,4782.1,4782.3
1775783400,4782.6,4785,4782.5,4784.2
1775783460,4783.8,4784.2,4781.6,4781.8
1775783520,4782.2,4785.6,4782.2,4784.2
1775783580,4783.6,4783.9,4783.3,4783.3
1775783640,4783.5,4783.9,4781.4,4783.8
1775783700,4783.8,4784.4,4781.5,4783.9
1775783760,4783.7,4785.7,4781.3,4785.3
1775783820,4784.8,4786.2,4784.6,4784.8
1775783880,4784.8,4788.5,4784.8,4788
1775783940,4788.4,4788.7,4786.1,4787.1
1775784000,4787.4,4787.4,4783.3,4783.7
1775784060,4783.8,4786.1,4783.6,4783.6
1775784120,4783.5,4783.6,4782,4782.5
1775784180,4782.6,4784.8,4782,4784.7
1775784240,4784.8,4785.5,4781.8,4782
1775784300,4781.9,4784,4781.7,4782.9
1775784360,4783.4,4783.5,4782,4783
1775784420,4783.2,4783.8,4782.3,4783.2
1775784480,4784.1,4785.5,4784.1,4785.1
1775784540,4785,4786.8,4785,4785.7
1775784600,4785.6,4786.1,4784,4784.8
1775784660,4784.6,4785.7,4783.4,4784.2
1775784720,4784.3,4787.9,4784.3,4787.6
1775784780,4787.6,4791.3,4787.3,4790.4
1775784840,4790.6,4794.5,4790.6,4794.5
1775784900,4794.6,4795.6,4792.8,4795.6
1775784960,4796.1,4799.1,4795.8,4798.9
1775785020,4798.9,4800.4,4796.6,4799
1775785080,4799.3,4799.7,4795.8,4796.8
1775785140,4796.5,4797,4795.2,4795.7
1775785200,4796.5,4798.2,4795.3,4796
1775785260,4796.1,4796.1,4792.6,4793.3
1775785320,4793.3,4795.5,4793,4794.9
1775785380,4794.8,4794.9,4793.5,4793.7
1775785440,4793.4,4795.3,4792.7,4794.9
1775785500,4794.9,4795.6,4793.8,4795.6
1775785560,4796,4796.4,4791.6,4793.4
1775785620,4793.3,4793.3,4789.8,4792.2
1775785680,4792.5,4792.5,4789.1,4789.3
1775785740,4789,4789.5,4787.9,4789.3
1775785800,4789.2,4789.2,4783.3,4785.1
1775785860,4784.9,4787,4783.2,4786.1
1775785920,4786.6,4787.6,4784.9,4785.4
1775785980,4786.2,4787.9,4786.2,4787
1775786040,4786.7,4788.4,4786,4788.4
1775786100,4788.5,4790.4,4787.4,4789.3
1775786160,4789.5,4789.6,4786,4786
1775786220,4786.4,4786.7,4784.7,4786.1
1775786280,4786.3,4788.5,4786,4788.1
1775786340,4787.6,4787.6,4786.1,4787.3
1775786400,4787.5,4788.2,4784.4,4784.6
1775786460,4784.6,4785.8,4783.7,4785.8
1775786520,4786,4786,4783.7,4785.2
1775786580,4784.7,4784.9,4781.6,4783.7
1775786640,4782.7,4782.8,4777.4,4777.9
1775786700,4777.7,4780.4,4777.5,4779.9
1775786760,4780.1,4781,4779.5,4780.4
1775786820,4780.6,4781.4,4779,4779.5
1775786880,4779,4783,4778.1,4781.5
1775786940,4782,4782.8,4780.6,4781.7
1775787000,4782,4782,4779.2,4779.4
1775787060,4779.2,4779.3,4777,4778
1775787120,4777.6,4779.5,4775.4,4775.5
1775787180,4775.6,4776,4772.1,4773.1
1775787240,4773.2,4776.6,4771.1,4774.9
1775787300,4775,4776.9,4775,4776.2
1775787360,4776.1,4776.9,4774.7,4776.1
1775787420,4775.7,4776.6,4774.7,4774.9
1775787480,4775,4775,4772,4772.1
1775787540,4772.5,4772.8,4768.1,4770.4
1775787600,4770.6,4772.5,4767.8,4769
1775787660,4768.6,4768.6,4764,4766.1
1775787720,4766.1,4766.8,4764.4,4765.9
1775787780,4765.7,4769.6,4765.7,4766.8
1775787840,4766.8,4769,4766.7,4767.9
1775787900,4768,4770.7,4767.4,4770.7
1775787960,4770.5,4771.5,4769.3,4771.4
1775788020,4770.7,4771.8,4769.5,4769.9
1775788080,4770.3,4770.4,4766.1,4766.2
1775788140,4766.6,4767.3,4766.2,4766.7
1775788200,4766.9,4768.1,4764.1,4764.7
1775788260,4764.9,4764.9,4760.5,4762
1775788320,4762,4766.2,4760.4,4765.6
1775788380,4765.5,4766.9,4764.9,4765.8
1775788440,4766.1,4768,4764.9,4766.5
1775788500,4766.1,4767.4,4765.7,4767.1
1775788560,4767.2,4767.6,4766.1,4766.6
1775788620,4766.5,4769,4765.2,4769
1775788680,4769.4,4771.8,4768.1,4770.1
1775788740,4770,4770.4,4769,4770.1
1775788800,4770,4771.7,4768.8,4771.7
1775788860,4771.8,4772.2,4771.2,4771.7
1775788920,4771.8,4771.8,4770.3,4770.7
1775788980,4771.2,4772.2,4771.1,4772
1775789040,4772,4772.3,4770.7,4771.9
1775789100,4772.3,4773.4,4771.1,4773.2
1775789160,4773.4,4773.9,4772.3,4773.1
1775789220,4772.9,4773.3,4772.2,4772.6
1775789280,4772.9,4773,4770,4770.7
1775789340,4771,4772.4,4770.7,4772
1775789400,4772.2,4773.8,4771.6,4773.5
1775789460,4773.4,4774.7,4773.3,4773.7
1775789520,4773.7,4773.7,4772.3,4772.4
1775789580,4772.6,4772.9,4772.2,4772.4
1775789640,4772.2,4772.4,4770.3,4772.1
1775789700,4771.4,4772.3,4770.9,4772.1
1775789760,4772.3,4773,4771.1,4773
1775789820,4772.8,4775,4772.4,4774.9
1775789880,4774.9,4776,4774,4775.5
1775789940,4775.5,4775.9,4775.2,4775.5
1775790000,4775.6,4778.1,4775.2,4777.6
1775790060,4777.5,4778.9,4776.5,4777
1775790120,4777.1,4778.6,4776.8,4777.7
1775790180,4777.5,4779.3,4776.3,4777.8
1775790240,4777.8,4778.7,4776.7,4777.6
1775790300,4777.2,4778,4776.9,4777.7
1775790360,4777.7,4778.4,4776.4,4778.4
1775790420,4777.9,4779.9,4777.9,4779.2
1775790480,4779,4779.9,4778.4,4778.5
1775790540,4778.8,4780.9,4778.8,4780.7
1775790600,4780.4,4781.4,4780.1,4780.2
1775790660,4780.6,4782.8,4780.5,4782.7
1775790720,4782.8,4784.8,4782.5,4783.4
1775790780,4783.3,4783.3,4782.1,4783.3
1775790840,4783,4783.8,4782.7,4782.7
1775790900,4783.3,4783.3,4781.6,4782.2
1775790960,4782.3,4783.6,4782.3,4783.2
1775791020,4783.2,4783.7,4782.5,4782.5
1775791080,4783,4783.6,4782.6,4782.8
1775791140,4783.1,4785,4782.9,4784.4
1775791200,4784.3,4785,4783.3,4783.3
1775791260,4783,4783.9,4781.7,4782.4
1775791320,4782.1,4782.5,4780.7,4781.2
1775791380,4781.3,4782.1,4780.9,4781.2
1775791440,4781.3,4781.8,4780.7,4781.5
1775791500,4781.6,4781.6,4779.6,4780.2
1775791560,4780.5,4780.5,4778.1,4779.4
1775791620,4779.4,4779.9,4778.8,4779.2
1775791680,4779,4779.5,4778.3,4779.5
1775791740,4779.1,4779.8,4779,4779.2
1775791800,4779.5,4781.4,4779.2,4781.2
1775791860,4781.1,4781.1,4780,4780.9
1775791920,4781,4782.4,4781,4782.1
1775791980,4782.2,4785,4781.8,4785
1775792040,4784.9,4785.9,4784,4785.7
1775792100,4785.8,4786.5,4785.4,4786
1775792160,4785.9,4788.2,4785.7,4787.9
1775792220,4788.2,4789.7,4787.9,4789.5
1775792280,4789.9,4790.9,4789.7,4790.5
1775792340,4790.5,4792.1,4788.2,4788.8
1775792400,4788.8,4789.6,4786.9,4787.2
1775792460,4787.1,4789,4786.7,4788
1775792520,4787.5,4788.3,4786.6,4787.7
1775792580,4787,4788.4,4787,4788.2
1775792640,4788.3,4789.8,4788.2,4788.9
1775792700,4788.7,4789.6,4788.7,4789.3
1775792760,4789.1,4791.9,4788.2,4791.6
1775792820,4791.8,4793.3,4791,4791
1775792880,4790.9,4791.7,4789.4,4789.8
1775792940,4789.4,4791.7,4789.2,4790.6
1775793000,4790.8,4790.8,4788.6,4789.4
1775793060,4789.1,4789.2,4788.6,4789.2
1775793120,4789.1,4789.4,4788.7,4789.2
1775793180,4788.7,4788.7,4787.6,4788
1775793240,4788.1,4789.6,4788,4788.2
1775793300,4788.1,4790.6,4787.5,4790
1775793360,4789.6,4789.8,4788.4,4789.6
1775793420,4789.9,4790.8,4789.3,4789.6
1775793480,4789.5,4789.9,4789.1,4789.1
1775793540,4789.5,4790,4789.2,4790
1775793600,4790.4,4791.7,4790.4,4791.2
1775793660,4791.1,4791.7,4791.1,4791.4
1775793720,4791.5,4792,4790.5,4790.6
1775793780,4791,4791.5,4790.3,4791.2
1775793840,4791.2,4791.3,4790.9,4790.9
1775793900,4790.9,4791.2,4790,4790
1775793960,4789.9,4790.4,4789.3,4789.9
1775794020,4789.7,4789.7,4789.2,4789.3
1775794080,4789.4,4789.5,4789,4789.2
1775794140,4789.2,4789.7,4788.7,4789.7
1775794200,4789.5,4789.6,4789,4789.6
1775794260,4789.3,4789.3,4788.7,4788.7
1775794320,4788.6,4788.8,4788.1,4788.1
1775794380,4788.6,4790.4,4788.6,4790.1
1775794440,4790,4790.7,4790,4790.7
1775794500,4790.5,4791,4790.5,4790.6
1775794560,4790.5,4791,4789.6,4790.8
1775794620,4790.7,4793.2,4790.3,4793.2
1775794680,4792.9,4793.7,4792.9,4793.3
1775794740,4793.7,4794.6,4793.4,4794.1
1775794800,4794.1,4794.5,4791.5,4792
1775794860,4791.9,4792.3,4791.3,4791.8
1775794920,4791.4,4791.9,4791.4,4791.8
1775794980,4791.7,4791.9,4791.3,4791.9
1775795040,4791.7,4791.7,4789.9,4790.6
1775795100,4790.3,4790.9,4790.2,4790.7
1775795160,4790.7,4791.1,4790.2,4790.7
1775795220,4790.6,4791.2,4790.6,4791.2
1775795280,4790.9,4790.9,4790.2,4790.2
1775795340,4790.2,4790.3,4789,4789.3
1775795400,4789.2,4789.4,4787.5,4788.3
1775795460,4788.3,4789,4787.8,4787.8
1775795520,4788.6,4788.6,4787.6,4788.1
1775795580,4788.3,4788.4,4787,4787.6
1775795640,4787.5,4787.6,4787.4,4787.4
1775795700,4787.5,4787.7,4786.9,4787.2
1775795760,4787,4787.3,4786.2,4786.7
1775795820,4786.8,4787.6,4786.6,4787.6
1775795880,4787.3,4788.4,4786.3,4786.8
1775795940,4786.5,4788,4786.3,4787.2
1775796000,4787.1,4787.7,4786.4,4786.6
1775796060,4786.5,4787.3,4785.5,4786.8
1775796120,4786.1,4786.5,4786.1,4786.5
1775796180,4786.1,4787,4785.7,4785.8
1775796240,4787,4787,4786.2,4786.5
1775796300,4786.1,4786.2,4785.6,4785.8
1775796360,4786,4786,4785.7,4785.7
1775796420,4785.9,4786.1,4785.9,4785.9
1775796480,4786.2,4786.2,4785.7,4786
1775796540,4786.3,4786.9,4786.3,4786.9
1775796600,4787.5,4789.3,4787.4,4787.7
1775796660,4788.1,4788.6,4785.4,4785.4
1775796720,4785.4,4788,4784.7,4787.7
1775796780,4787.6,4787.8,4786.2,4787.4
1775796840,4787.3,4787.3,4786.6,4786.6
1775796900,4786.4,4786.6,4784.9,4784.9
1775796960,4784.2,4785.1,4783.4,4784.7
1775797020,4784.4,4784.7,4782.4,4782.7
1775797080,4782.6,4783.3,4782.6,4783
1775797140,4782.7,4782.7,4781.8,4781.8
1775797200,4782.5,4783.1,4781.3,4781.3
1775797260,4781.6,4783.8,4781.5,4782.9
1775797320,4783.3,4785.3,4783.2,4783.4
1775797380,4783.5,4784.8,4782,4782.8
1775797440,4782.8,4786.2,4782.4,4786.2
1775797500,4786,4787.2,4784.4,4784.7
1775797560,4785.1,4786.3,4784.2,4785.8
1775797620,4785.7,4786.1,4784.2,4785.4
1775797680,4784.6,4785.9,4784.6,4785.4
1775797800,4785.7,4785.9,4785.2,4785.2
1775797860,4784.4,4784.4,4782.6,4783
1775797920,4783.2,4784.7,4783.2,4783.4
1775797980,4783.7,4784,4783.2,4783.8
1775798040,4782.9,4783.8,4782.8,4783.8
1775798100,4783.2,4783.3,4782.7,4783.3
1775798160,4782.7,4783.1,4782.5,4782.5
1775798220,4782.3,4784.4,4782.3,4783.7
1775798280,4783.9,4783.9,4783.6,4783.9
1775798340,4783.8,4783.8,4783.3,4783.6
1775798400,4784.2,4787.8,4784.2,4787.4
1775798460,4787.3,4787.7,4787,4787.5
1775798520,4787.3,4787.5,4786,4786
1775798580,4785.5,4786.2,4785.4,4785.5
1775798640,4785.8,4785.8,4784.5,4784.7
1775798700,4785.2,4785.7,4784.4,4784.9
1775798760,4785.4,4786.7,4785.4,4786.7
1775798820,4786.5,4787.9,4786.5,4787.3
1775798880,4787.4,4787.5,4786,4786
1775798940,4785.6,4785.6,4783.4,4783.7
1775799000,4783.1,4785.9,4783.1,4785.3
1775799060,4786.1,4786.2,4784.9,4785.2
1775799120,4785.9,4789.2,4785.9,4788
1775799180,4788,4788,4786.5,4787.3
1775799240,4786.9,4788.6,4786.8,4788.3
1775799300,4788.5,4789.1,4787.9,4789.1
1775799360,4788.8,4790.9,4788.4,4790.9
1775799420,4791,4792.1,4790.3,4791.7
1775799480,4791.6,4791.6,4787.3,4788.8
1775799540,4789.4,4789.9,4788.7,4788.8
1775799600,4789,4789.2,4788.2,4788.8
1775799660,4788.3,4790.5,4788.2,4789.6
1775799720,4789.1,4789.5,4788.6,4789
1775799780,4788.3,4788.3,4785.3,4786.6
1775799840,4786.7,4789.4,4786.7,4788.3
1775799900,4789.1,4790.9,4789.1,4790.5
1775799960,4789.8,4790.2,4789.6,4789.9
1775800020,4789.6,4790.3,4788.6,4789
1775800080,4789.2,4790.1,4789.2,4789.7
1775800140,4789.7,4791.1,4789.2,4789.9
1775800200,4789.9,4791.1,4789.4,4791
1775800260,4791.4,4791.9,4790.6,4791.9
1775800320,4792.1,4793,4792.1,4792.9
1775800380,4792.3,4792.5,4790.7,4791.6
1775800440,4791.2,4792.3,4790.5,4790.9
1775800500,4790.7,4791.1,4789.2,4791
1775800560,4791,4791,4789.6,4790
1775800620,4790.4,4791.8,4789.5,4791.2
1775800680,4791.5,4791.8,4791.2,4791.4
1775800740,4791.6,4792,4789.8,4789.9
1775800800,4790,4790.2,4784,4785.8
1775800860,4785,4786.8,4784.3,4785.2
1775800920,4785.2,4788.2,4785.1,4785.9
1775800980,4785.9,4786.6,4785.4,4785.7
1775801040,4785.3,4785.9,4784,4785.6
1775801100,4785.8,4785.8,4782.8,4783.3
1775801160,4782.9,4784.5,4782.9,4784.2
1775801220,4784.3,4786,4784.3,4786
1775801280,4786.1,4787.7,4783.6,4785.7
1775801340,4786,4786,4783,4783
1775801400,4782.9,4784.5,4782.8,4784.5
1775801460,4784.8,4784.8,4783.5,4784.4
1775801520,4783.6,4785.1,4783.6,4785.1
1775801580,4784.1,4784.3,4782,4782
1775801640,4782.3,4782.3,4779.1,4779.9
1775801700,4779.8,4781,4779,4779.4
1775801760,4779.4,4780.5,4778.8,4779.7
1775801820,4779.3,4780.2,4778.8,4779.6
1775801880,4779.2,4779.3,4776.8,4777.6
1775801940,4777.8,4778.4,4775.7,4776.4
1775802000,4776.1,4777,4775.1,4775.2
1775802060,4775.6,4776.7,4775.3,4776.6
1775802120,4776.6,4778.3,4775.7,4777.1
1775802180,4776.5,4777.4,4775.5,4776.6
1775802240,4776.2,4777.6,4775.5,4777.1
1775802300,4777.5,4779.6,4776.6,4779.6
1775802360,4779.2,4779.5,4776.9,4777
1775802420,4777,4779.1,4776.2,4778.1
1775802480,4777.7,4778.3,4777.2,4778
1775802540,4778,4779.3,4777.8,4779.1
1775802600,4779.1,4781.7,4778.6,4781.7
1775802660,4781.6,4782,4779.3,4779.6
1775802720,4780.3,4780.9,4778,4779.1
1775802780,4778.9,4779.6,4777.5,4779
1775802840,4779.7,4781.7,4779.7,4781.4
1775802900,4781.8,4782,4780.4,4780.9
1775802960,4781,4781.3,4779.6,4780
1775803020,4778.6,4778.6,4776.1,4776.3
1775803080,4776.5,4776.5,4773,4773.6
1775803140,4774.1,4777.3,4773.5,4775.9
1775803200,4775.7,4776.5,4775.3,4776.5
1775803260,4776.5,4777.9,4775.8,4776.6
1775803320,4776.6,4776.8,4773.6,4774.9
1775803380,4774.6,4775.6,4774.6,4774.6
1775803440,4774.9,4775.7,4774.6,4774.8
1775803500,4774.8,4775.4,4774.4,4775.1
1775803560,4775.2,4777.6,4775.1,4777.5
1775803620,4777.7,4778,4775.4,4776.8
1775803680,4776.7,4777,4774.2,4774.2
1775803740,4773.8,4773.8,4766.9,4767.4
1775803800,4767.2,4770.9,4767.1,4770
1775803860,4769.9,4770.4,4768,4769.9
1775803920,4770,4770.3,4766.3,4769.4
1775803980,4769.4,4769.4,4768.2,4768.6
1775804040,4769.2,4770.1,4768.1,4768.2
1775804100,4768.8,4771.7,4768.6,4771.1
1775804160,4771.1,4771.1,4767.8,4768.5
1775804220,4768.9,4770.9,4768.9,4770
1775804280,4769.8,4770,4769.3,4769.9
1775804340,4770.1,4771.3,4769.7,4769.7
1775804400,4769.6,4771.1,4768.6,4769.6
1775804460,4769.2,4769.3,4767.1,4767.1
1775804520,4767.6,4768.3,4764.6,4767.4
1775804580,4766.9,4771.6,4766.9,4770.6
1775804640,4770.2,4774.2,4769.8,4774.1
1775804700,4774.2,4774.2,4772.3,4773.2
1775804760,4772.9,4774.7,4772.2,4773.8
1775804820,4773.6,4773.6,4772.7,4773.2
1775804880,4773.8,4774.4,4773.3,4773.5
1775804940,4774,4775.8,4774,4774.9
1775805000,4775.2,4777.7,4775,4775.9
1775805060,4775.6,4775.8,4774.4,4774.4
1775805120,4774.2,4775.5,4774.2,4775
1775805180,4774.5,4774.7,4772.6,4773.2
1775805240,4772.7,4773,4769.4,4770.1
1775805300,4770.1,4771.3,4769.7,4771.3
1775805360,4771.5,4773.3,4770.6,4772.9
1775805420,4773.2,4773.9,4772.3,4773.9
1775805480,4773.9,4776,4773.9,4775.6
1775805540,4775.5,4776.9,4775.2,4776
1775805600,4776.4,4777.8,4775.9,4776.1
1775805660,4776.3,4777.1,4775,4775
1775805720,4775.3,4776,4774.9,4776
1775805780,4776,4778.4,4775.9,4778.3
1775805840,4778.3,4778.3,4777.2,4777.7
1775805900,4777.9,4779.6,4777.5,4779.4
1775805960,4779.2,4779.2,4778,4778.6
1775806020,4778.3,4778.7,4776.3,4776.6
1775806080,4776.9,4777.8,4776.8,4777.6
1775806140,4777.9,4778.3,4776.6,4777
1775806200,4777.2,4777.4,4775.8,4775.8
1775806260,4775.6,4776.5,4774.8,4776.2
1775806320,4776,4776.6,4776,4776.3
1775806380,4776.3,4778.3,4776.3,4777.9
1775806440,4777.6,4779.5,4777.6,4779.3
1775806500,4779.5,4779.5,4778.1,4778.1
1775806560,4778.4,4780,4778.2,4778.5
1775806620,4778.8,4780.3,4778.5,4779.4
1775806680,4779.7,4780.8,4779.5,4780.5
1775806740,4780,4780.3,4779.3,4779.3
1775806800,4779,4781.2,4778.8,4779.1
1775806860,4779.1,4779.4,4778,4778.7
1775806920,4778,4778,4777.4,4777.8
1775806980,4777.7,4778,4776.6,4776.6
1775807040,4776.3,4777.8,4776.1,4777.6
1775807100,4777.7,4777.7,4775.4,4775.4
1775807160,4775.5,4778.5,4775.5,4778.5
1775807220,4778.4,4778.5,4777.2,4777.3
1775807280,4777.5,4777.8,4776.3,4776.9
1775807340,4776.6,4777.4,4776.5,4777.4
1775807400,4776.7,4776.7,4774.9,4775.1
1775807460,4775.3,4776.1,4773.8,4774.4
1775807520,4774,4774.7,4773.3,4774.3
1775807580,4774.1,4775.7,4773.8,4775.7
1775807640,4775.9,4775.9,4774.2,4774.2
1775807700,4773.9,4775.2,4773.8,4774.6
1775807760,4774.8,4775.2,4774,4774.7
1775807820,4774.4,4774.4,4773.2,4773.6
1775807880,4773.8,4773.9,4772.6,4772.6
1775807940,4772,4773.4,4772,4773
1775808000,4773.3,4774.8,4772.2,4774.8
1775808060,4775.2,4776.3,4775.1,4775.4
1775808120,4774.9,4776.4,4774.9,4776.4
1775808180,4776.5,4776.5,4771.8,4772.5
1775808240,4771.4,4771.6,4770.7,4770.8
1775808300,4770.7,4772.8,4770.4,4770.7
1775808360,4771.1,4771.6,4770.6,4770.8
1775808420,4771.2,4771.8,4770.6,4771.2
1775808480,4771.3,4774.3,4770.9,4773.5
1775808540,4773.5,4773.8,4772.8,4773.1
1775808600,4773.3,4774.9,4773.3,4774.3
1775808660,4774.3,4775.2,4773.5,4773.6
1775808720,4773.5,4774.6,4772.6,4773.9
1775808780,4773.9,4774.2,4772.3,4774.2
1775808840,4773.7,4774,4772.5,4773
1775808900,4773.1,4773.1,4771,4772.2
1775808960,4772.3,4773.5,4771.4,4771.8
1775809020,4772,4772,4766.4,4766.6
1775809080,4766.5,4768.5,4765.5,4768.5
1775809140,4768,4769.6,4766.8,4768.8
1775809200,4768.5,4769.9,4768.2,4769.5
1775809260,4769.5,4769.6,4768.1,4768.4
1775809320,4768.9,4770.1,4768.8,4769.8
1775809380,4769.6,4770,4767.3,4767.5
1775809440,4767.3,4769.4,4767.3,4769.2
1775809500,4769.1,4770,4769.1,4770
1775809560,4769.7,4769.9,4768.8,4768.9
1775809620,4768.6,4770.1,4768.1,4770
1775809680,4770,4770.1,4768.6,4770
1775809740,4769.9,4770.9,4769.3,4769.8
1775809800,4769.4,4772.5,4769.4,4772.3
1775809860,4772.8,4775.3,4772.8,4773.9
1775809920,4774.4,4775.1,4773.7,4774.9
1775809980,4774.9,4775.1,4774,4774.5
1775810040,4774.6,4774.6,4772.7,4773.3
1775810100,4773,4774,4772.8,4773.1
1775810160,4773.1,4775.1,4773,4773.7
1775810220,4773.5,4773.9,4772,4772.3
1775810280,4772.5,4772.5,4771.7,4772.1
1775810340,4771.7,4772.9,4771.1,4772.6
1775810400,4772.8,4773.2,4771.5,4771.5
1775810460,4771.4,4771.9,4770.6,4771.4
1775810520,4771.5,4772.4,4770.8,4770.8
1775810580,4770.8,4770.8,4768,4768.4
1775810640,4768.3,4768.7,4763.8,4764.9
1775810700,4765.6,4766.8,4765,4766
1775810760,4765.9,4766.8,4764.7,4765.3
1775810820,4764.8,4764.8,4755.7,4759.2
1775810880,4759.8,4761.4,4757.6,4759.5
1775810940,4759.7,4760.1,4758.2,4758.2
1775811000,4758.1,4758.9,4755.6,4758.5
1775811060,4758.5,4758.5,4754.4,4755.6
1775811120,4755.8,4757.6,4755.2,4755.4
1775811180,4755.2,4756.8,4752.7,4756.5
1775811240,4757,4759.6,4756.7,4759.4
1775811300,4758.8,4761.6,4757.4,4761.6
1775811360,4761.4,4762.6,4761.1,4761.4
1775811420,4761.2,4762.9,4760.6,4762.8
1775811480,4762.9,4764.7,4762.5,4763.8
1775811540,4764,4764.3,4762.7,4763.1
1775811600,4763.6,4765.3,4763.1,4763.4
1775811660,4763.4,4765.8,4763.4,4765.8
1775811720,4765.6,4767,4765.5,4767
1775811780,4766.6,4767.9,4765.5,4767.7
1775811840,4767.1,4768,4766.6,4766.6
1775811900,4767.3,4768.4,4766.7,4768.4
1775811960,4768.3,4768.5,4766.9,4767.3
1775812020,4767.7,4767.7,4765.9,4766
1775812080,4766.3,4766.6,4764.4,4765.6
1775812140,4766,4766,4764,4764.9
1775812200,4764.8,4766.2,4764.2,4766.2
1775812260,4766.7,4767.6,4765.6,4767.6
1775812320,4767.6,4767.6,4765.4,4766.6
1775812380,4766.6,4766.6,4766.1,4766.3
1775812440,4766.5,4769.4,4766.3,4769.4
1775812500,4769.2,4769.4,4768.1,4768.7
1775812560,4768.5,4768.5,4767.2,4767.5
1775812620,4767.2,4768.1,4767.1,4767.7
1775812680,4767.3,4777.3,4767.3,4772.7
1775812740,4773.2,4783.3,4771.6,4782.3
1775812800,4781.7,4781.9,4775.7,4775.9
1775812860,4775.9,4779.5,4775.9,4777
1775812920,4777,4780.6,4777,4779.8
1775812980,4778.2,4781.3,4777,4779
1775813040,4778.6,4779.8,4775.8,4775.8
1775813100,4776.1,4776.5,4774.2,4774.6
1775813160,4774.3,4775.7,4773.8,4775.7
1775813220,4775.7,4776.1,4774.6,4774.6
1775813280,4774.4,4776,4773.6,4774.9
1775813340,4774.8,4776.2,4771.7,4771.9
1775813400,4771.5,4772.1,4769.9,4771.3
1775813460,4771.6,4773.3,4770,4771.8
1775813520,4771.9,4773.3,4769.4,4770.2
1775813580,4770.3,4771.2,4769.8,4770.6
1775813640,4770.3,4771,4768.5,4770.4
1775813700,4771,4773,4770.3,4773
1775813760,4772.8,4773.4,4771.7,4772.4
1775813820,4772.2,4772.8,4771.9,4772.6
1775813880,4772.1,4773.2,4771.6,4772.7
1775813940,4772.9,4773,4770.4,4771.7
1775814000,4771.4,4771.6,4770.8,4771.6
1775814060,4771.8,4772.8,4771.3,4772.7
1775814120,4773.1,4773.2,4772.7,4772.9
1775814180,4773.1,4774,4772.6,4773.1
1775814240,4773.5,4774.3,4773.4,4773.8
1775814300,4773.9,4773.9,4772.9,4772.9
1775814360,4773.1,4773.5,4772,4772
1775814420,4772,4772.2,4771.6,4772.2
1775814480,4772.4,4772.4,4771.6,4771.7
1775814540,4771.1,4773.2,4771.1,4773.2
1775814600,4772.6,4773,4771.9,4772.8
1775814660,4773.2,4773.6,4772.5,4773.2
1775814720,4772.7,4774.7,4772.7,4774
1775814780,4774,4775.6,4773.8,4775.1
1775814840,4775.5,4776,4775,4775.5
1775814900,4775,4775,4773.8,4774.4
1775814960,4774.2,4775,4773.8,4774
1775815020,4774.2,4776.4,4773.6,4776.1
1775815080,4775.8,4776.3,4775.3,4775.5
1775815140,4775.3,4775.6,4774.6,4774.6
1775815200,4774.7,4775.7,4774.3,4775.3
1775815260,4775.4,4776.6,4774.6,4774.8
1775815320,4774.5,4774.5,4771.5,4771.6
1775815380,4771.4,4772.3,4771.4,4772
1775815440,4771.6,4772,4770.6,4770.8
1775815500,4770.6,4770.6,4768.9,4769.2
1775815560,4769.2,4770.3,4765.3,4766.8
1775815620,4766.7,4768.7,4766.5,4767.3
1775815680,4767.3,4768.6,4766.7,4768.3
1775815740,4768.1,4769.2,4768,4769.2
1775815800,4769.2,4769.9,4768.3,4769.7
1775815860,4769.6,4769.8,4768.5,4768.5
1775815920,4768.1,4768.3,4766.4,4768
1775815980,4768.5,4769.9,4768.4,4769.7
1775816040,4769.6,4771,4769.6,4770.2
1775816100,4769.8,4770.7,4769.6,4770.4
1775816160,4770.7,4771.6,4770.2,4770.2
1775816220,4770.3,4772.3,4770.3,4771.3
1775816280,4771.5,4773.1,4770.6,4773.1
1775816340,4773.1,4775.1,4773.1,4775
1775816400,4775.1,4776.2,4774.7,4775.5
1775816460,4775.9,4776.5,4775.4,4776.5
1775816520,4776.1,4778.8,4776,4778.4
1775816580,4778.1,4781.5,4778.1,4781.1
1775816640,4781.5,4782.1,4781.1,4782
1775816700,4782,4784,4781.5,4783.2
1775816760,4783.5,4783.7,4781.7,4782.5
1775816820,4782.5,4782.8,4780.8,4782.3
1775816880,4782.1,4783.4,4781.2,4782.8
1775816940,4782.4,4782.4,4780.9,4781.6
1775817000,4781.6,4782.1,4780.5,4780.5
1775817060,4780.5,4781.3,4780.1,4781
1775817120,4780.3,4782.1,4780.2,4781.7
1775817180,4781.4,4781.9,4781.3,4781.5
1775817240,4781.6,4783,4781.5,4782.9
1775817300,4783.1,4783.1,4780,4780
1775817360,4779.8,4780.4,4779.7,4779.9
1775817420,4779.8,4780,4778.8,4779.3
1775817480,4779.1,4779.4,4777.4,4777.7
1775817540,4777.6,4779.4,4777.4,4777.8
1775817600,4778.2,4780,4778.2,4779.8
1775817660,4779.8,4779.8,4778.5,4778.5
1775817720,4778.5,4778.8,4778,4778.1
1775817780,4778.3,4779.4,4778.3,4779.4
1775817840,4779.1,4779.5,4779.1,4779.1
1775817900,4779.2,4779.2,4778.4,4778.5
1775817960,4778.1,4779.3,4778.1,4778.4
1775818020,4778.2,4778.7,4778.2,4778.7
1775818080,4779.1,4780.6,4778.9,4780.3
1775818140,4780.2,4782.1,4780,4781.6
1775818200,4782.1,4783.2,4781.8,4783.2
1775818260,4783.2,4784,4781.3,4781.8
1775818320,4782,4782,4781,4781
1775818380,4780.5,4783,4780.2,4783
1775818440,4782.8,4782.8,4781.3,4781.6
1775818500,4780.6,4782,4780.1,4780.4
1775818560,4780.2,4780.4,4779.4,4779.8
1775818620,4779.8,4780,4779.8,4779.8
1775818680,4780.6,4782,4780.6,4782
1775818740,4781.6,4781.7,4780.4,4780.7
1775818800,4780.7,4782.2,4780.4,4780.4
1775818860,4780.9,4781.6,4780.3,4781.5
1775818920,4781.6,4781.6,4779.9,4780.5
1775818980,4780.7,4781.5,4780.7,4781.3
1775819040,4781.2,4783.4,4781.2,4783.4
1775819100,4783,4783,4781.2,4781.7
1775819160,4781.3,4781.3,4779.6,4779.8
1775819220,4780.3,4781,4779.5,4779.5
1775819280,4780.1,4781.4,4780.1,4780.3
1775819340,4780,4780.8,4778.7,4779.4
1775819400,4779.6,4779.6,4779.1,4779.5
1775819460,4779.2,4779.2,4777.1,4778.1
1775819520,4778.1,4778.3,4777.2,4777.2
1775819580,4778.6,4780.2,4778.6,4779.9
1775819640,4779.6,4779.6,4779,4779.6
1775819700,4779.2,4779.8,4778.8,4778.8
1775819760,4778.8,4779.1,4778.1,4778.1
1775819820,4778.8,4780.2,4778.8,4779.9
1775819880,4780.7,4780.7,4780.1,4780.1
1775819940,4780.2,4782.5,4780.2,4782.2
1775820000,4782.5,4782.6,4781.6,4782.4
1775820060,4782.7,4783.5,4782,4783.3
1775820120,4782.8,4783.5,4782.6,4783.5
1775820180,4783.1,4785,4782.8,4784.1
1775820240,4784.1,4786.9,4784.1,4785
1775820300,4784.8,4784.8,4782.8,4783.3
1775820360,4783.5,4783.9,4782.2,4783.1
1775820420,4783.1,4785.4,4783.1,4784.7
1775820480,4784.9,4786.1,4784.7,4786.1
1775820540,4786.1,4786.1,4784.9,4785.6
1775820600,4785.3,4787,4785.2,4786.7
1775820660,4787.1,4787.1,4784.5,4784.5
1775820720,4784.3,4784.3,4782.8,4783.8
1775820780,4783.8,4783.8,4782.8,4783.1
1775820840,4783.1,4783.1,4782.3,4782.7
1775820900,4783.2,4785.4,4782.8,4785.4
1775820960,4785.3,4786.2,4785.3,4785.8
1775821020,4786.1,4786.6,4785.7,4785.7
1775821080,4785.4,4785.6,4784.9,4785.4
1775821140,4785.7,4785.7,4785.2,4785.4
1775821200,4785.4,4785.4,4784.2,4784.8
1775821260,4784.4,4785.7,4784.4,4784.9
1775821320,4784.7,4786.2,4784.7,4786.2
1775821380,4785.9,4788,4785.9,4787.5
1775821440,4787.5,4791.1,4787.4,4791.1
1775821500,4791.2,4791.2,4789,4790.1
1775821560,4790.4,4790.6,4787.2,4787.7
1775821620,4788,4789.5,4787.6,4788.4
1775821680,4788.5,4788.7,4787.8,4788.3
1775821740,4788.5,4788.5,4787.4,4787.4
1775821800,4787.4,4789.8,4787.4,4789.3
1775821860,4789.7,4790.4,4787,4787.4
1775821920,4787.5,4788.6,4787.3,4788
1775821980,4788.1,4789.8,4787.7,4789.5
1775822040,4789.2,4789.5,4788.3,4788.3
1775822100,4788.3,4788.9,4787.1,4788.9
1775822160,4788.9,4789.9,4788.7,4789.5
1775822220,4789.5,4789.5,4788,4789.3
1775822280,4789.4,4789.5,4788.4,4789.5
1775822340,4789.2,4792.9,4789,4792
1775822400,4792.1,4793.2,4790,4790.8
1775822460,4791.1,4794,4790.5,4790.5
1775822520,4790.3,4790.3,4787.8,4789
1775822580,4789.2,4790.8,4788.8,4789.5
1775822640,4789.1,4790.9,4789.1,4790.9
1775822700,4790.4,4790.4,4789.3,4789.3
1775822760,4788.8,4789.2,4787.2,4789
1775822820,4788.7,4791.5,4788.7,4791.1
1775822880,4791.3,4791.6,4790.1,4790.6
1775822940,4790.8,4791.2,4788.5,4788.5
1775823000,4788.9,4790,4788.2,4790
1775823060,4790,4790.9,4789.3,4789.9
1775823120,4790.4,4791.2,4789.6,4790.9
1775823180,4790.5,4791.3,4788,4789.2
1775823240,4789.3,4791.1,4788.8,4791.1
1775823300,4791,4791.4,4789.7,4790.9
1775823360,4791.1,4793.6,4791.1,4793.6
1775823420,4793.3,4794.7,4791.8,4792.1
1775823480,4792.3,4795.5,4790.8,4794.7
1775823540,4794.7,4795.3,4792,4792.6
1775823600,4792.3,4792.6,4789.6,4791.2
1775823660,4791.4,4791.4,4789.5,4789.5
1775823720,4789.5,4790.8,4788.2,4788.2
1775823780,4788,4788.2,4785.4,4786.4
1775823840,4786.2,4786.2,4783.9,4784.4
1775823900,4784.3,4785.6,4783.9,4785.6
1775823960,4785.5,4786.2,4784.3,4784.6
1775824020,4784.8,4786.4,4784.8,4784.8
1775824080,4784.5,4786.2,4784.3,4785.9
1775824140,4785.5,4786.9,4784.6,4785.6
1775824200,4785.1,4803,4784.9,4800.1
1775824260,4799.5,4800,4796.4,4798.9
1775824320,4799,4802.1,4796.6,4799
1775824380,4799.8,4805.3,4798.5,4803.6
1775824440,4803.3,4806.4,4802.8,4804.4
1775824500,4804.8,4806.9,4801.9,4802.4
1775824560,4802.9,4802.9,4794.3,4799.8
1775824620,4800.1,4802.3,4799.3,4799.3
1775824680,4799.1,4799.5,4796.8,4798.8
1775824740,4798.7,4799.9,4795.2,4799.7
1775824800,4799.3,4802.2,4798.8,4798.9
1775824860,4798.4,4799.3,4797.4,4798.3
1775824920,4798.2,4798.8,4792.5,4795
1775824980,4794.7,4796,4793.9,4795.2
1775825040,4795.4,4796.7,4794.3,4795.8
1775825100,4796.2,4797.7,4794,4794.7
1775825160,4794.7,4795,4789.5,4789.7
1775825220,4790.2,4792,4788.6,4791.2
1775825280,4790.6,4791.3,4787.3,4787.4
1775825340,4787.5,4791,4787.3,4790.9
1775825400,4791.3,4792.6,4790.9,4791.6
1775825460,4791.4,4792.3,4791.1,4792
1775825520,4792,4792.7,4791.4,4791.7
1775825580,4791.6,4794.9,4791.4,4794.9
1775825640,4794.6,4795,4788.5,4788.6
1775825700,4788.7,4795.2,4788.1,4795
1775825760,4795.2,4796.3,4794.3,4795.4
1775825820,4795.2,4796.3,4794.7,4795
1775825880,4795,4795.7,4793.2,4793.5
1775825940,4793.9,4795.7,4793.2,4795.5
1775826000,4795.4,4795.6,4792.7,4793.4
1775826060,4793.6,4795.7,4792.3,4795.7
1775826120,4795.6,4797.5,4795.3,4796.1
1775826180,4796,4796.9,4792,4792.7
1775826240,4792.5,4795.2,4791.8,4794.4
1775826300,4794.1,4797,4793.5,4796.8
1775826360,4796.7,4801.4,4796.7,4800.1
1775826420,4799.6,4801.6,4797.8,4801.5
1775826480,4801.2,4801.2,4798.7,4798.9
1775826540,4799.2,4799.9,4796.9,4798.3
1775826600,4798.4,4798.6,4796.8,4797.1
1775826660,4796.8,4796.8,4794.3,4795.4
1775826720,4795.7,4797.7,4795.7,4797.2
1775826780,4797.4,4797.7,4795.9,4796.4
1775826840,4796.3,4797.4,4794.9,4796.4
1775826900,4796.8,4796.8,4792.7,4794.7
1775826960,4795.3,4796.8,4794.4,4796.8
1775827020,4796.7,4797.5,4795.6,4796.7
1775827080,4796.9,4797.7,4793.7,4794.4
1775827140,4794,4797,4790.2,4796.5
1775827200,4796.3,4799.5,4794.8,4798.8
1775827260,4798.8,4801.1,4798.4,4801.1
1775827320,4801.1,4803.8,4800.9,4803.4
1775827380,4803,4804,4801.6,4801.9
1775827440,4802.2,4802.3,4799.4,4800.3
1775827500,4800.8,4802.9,4800.8,4802.4
1775827560,4802.6,4802.8,4799.6,4800.5
1775827620,4799.9,4802,4799,4801.6
1775827680,4800.9,4802.2,4800.6,4802.1
1775827740,4801.8,4804.4,4798.4,4799.8
1775827800,4800.2,4801.4,4794.4,4796
1775827860,4796.4,4799.2,4796,4799.2
1775827920,4799.2,4803,4795.3,4796.8
1775827980,4796.5,4798.8,4795.5,4797.9
1775828040,4797.4,4798.7,4793.4,4794.6
1775828100,4794.2,4794.6,4788.9,4792.3
1775828160,4793,4795.6,4792.7,4793.6
1775828220,4793.9,4799.7,4792.8,4799.6
1775828280,4799.9,4801.8,4798.4,4800.6
1775828340,4800.5,4800.7,4797.6,4800.2
1775828400,4800.2,4800.2,4795.9,4799
1775828460,4798.6,4799,4795.9,4796.8
1775828520,4796.9,4797.1,4792,4792.6
1775828580,4792.3,4794.7,4791.1,4793
1775828640,4793.5,4794.3,4792,4793.7
1775828700,4793.4,4796.3,4793.1,4793.5
1775828760,4793.7,4794.2,4790,4792.1
1775828820,4791.6,4793.9,4790.5,4792.7
1775828880,4793.2,4795.7,4791,4795.2
1775828940,4795.1,4798.5,4794.3,4797.8
1775829000,4797.8,4798.9,4793.3,4795.3
1775829060,4794.7,4797.7,4794.4,4797.1
1775829120,4797.3,4801.5,4797,4798.4
1775829180,4798.4,4801.2,4798.3,4800.3
1775829240,4800.4,4802.1,4799.1,4801.6
1775829300,4802,4802.1,4799.5,4801.1
1775829360,4800.6,4800.6,4798.5,4800.5
1775829420,4800.5,4802.4,4800.5,4800.8
1775829480,4800.8,4800.9,4798.9,4799.8
1775829540,4799.8,4800.5,4799.2,4799.3
1775829600,4799.1,4802.5,4793.6,4798.2
1775829660,4798.9,4800.8,4798,4799
1775829720,4799,4804.8,4798.4,4803.4
1775829780,4803.4,4805.4,4798.5,4801.6
1775829840,4801.4,4803.6,4800,4801.5
1775829900,4801.7,4803.1,4800.6,4802.3
1775829960,4802.3,4805.7,4801.8,4804.4
1775830020,4804.2,4804.2,4800.5,4800.8
1775830080,4801.4,4802.8,4799.9,4802.3
1775830140,4801.9,4801.9,4799.7,4800.5
1775830200,4800.5,4800.9,4794.3,4796.5
1775830260,4796.2,4796.9,4791.7,4795.4
1775830320,4795,4801.5,4795,4800.3
1775830380,4800,4800.7,4798.5,4800.2
1775830440,4800.3,4805.2,4798.8,4805
1775830500,4805.3,4811.5,4803.9,4810.5
1775830560,4810.5,4810.5,4805.9,4806.4
1775830620,4806.2,4809.6,4804.3,4808.8
1775830680,4808.9,4813.7,4808.6,4812.6
1775830740,4812.8,4813.6,4810.9,4813.2
1775830800,4812.9,4813.6,4811.5,4812
1775830860,4811.7,4812.7,4810.8,4812.3
1775830920,4812.4,4813.7,4811.9,4811.9
1775830980,4812.4,4813,4810.4,4812.4
1775831040,4812.5,4815.9,4812.3,4815.4
1775831100,4815.5,4818,4814.9,4816.8
1775831160,4817,4817.7,4812.8,4814.3
1775831220,4814.4,4814.8,4812.5,4812.9
1775831280,4812.6,4816,4812.1,4815.1
1775831340,4814.9,4816.2,4814.5,4815.7
1775831400,4815.7,4819.3,4815.1,4818.7
1775831460,4818.6,4820,4817.7,4818.7
1775831520,4818.6,4819.5,4816.5,4816.8
1775831580,4816.8,4818.9,4815.5,4816.4
1775831640,4816.4,4816.7,4812.2,4812.3
1775831700,4812.3,4814.1,4811.3,4813.2
1775831760,4812.9,4814.9,4812.3,4814.9
1775831820,4814.8,4814.9,4811.6,4812.8
1775831880,4812.8,4815.8,4812.5,4814.3
1775831940,4814.2,4814.2,4811.4,4811.4
1775832000,4811.3,4813,4811.2,4812.1
1775832060,4812.1,4813.5,4811.3,4811.3
1775832120,4811.6,4812.1,4798,4799.7
1775832180,4799.7,4810.2,4799.6,4808
1775832240,4807.7,4810.9,4804.6,4805.2
1775832300,4805.6,4807.3,4803.5,4805.7
1775832360,4805.7,4807.8,4803.3,4803.3
1775832420,4804.2,4805.6,4803.7,4805
1775832480,4804.4,4804.4,4800.3,4801.7
1775832540,4801.5,4801.5,4796,4796.5
1775832600,4796.8,4801.5,4795,4800.9
1775832660,4800.8,4805.3,4800.8,4804.7
1775832720,4804.4,4806.1,4803.4,4804.6
1775832780,4804.6,4804.6,4802.1,4803.4
1775832840,4804,4804,4798.5,4798.5
1775832900,4799.1,4800,4795,4797.9
1775832960,4798.2,4801.1,4798.2,4799.9
1775833020,4800.5,4803.8,4800.1,4803.3
1775833080,4803.2,4804,4799.5,4799.5
1775833140,4800,4800,4797.2,4799.3
1775833200,4799.4,4801.1,4798.3,4799.5
1775833260,4799.6,4802.4,4798.5,4802.1
1775833320,4802.5,4803.3,4801.7,4802.7
1775833380,4802.1,4802.3,4799.3,4801.2
1775833440,4800.8,4800.8,4798.1,4798.6
1775833500,4799.6,4800,4795.2,4796
1775833560,4796.7,4798.1,4793.7,4797
1775833620,4797.3,4799.2,4796.7,4797.2
1775833680,4797.2,4801.1,4797.2,4800.6
1775833740,4800.9,4804.7,4800.9,4803.9
1775833800,4804.2,4805.3,4803.7,4804
1775833860,4804.1,4807.1,4804,4807
1775833920,4806.7,4808.4,4806.1,4808
1775833980,4807.7,4808.5,4806.4,4806.8
1775834040,4806.6,4807.8,4806.1,4806.3
1775834100,4806.5,4811.3,4806.5,4810.8
1775834160,4810.5,4810.5,4807.8,4808.1
1775834220,4808,4808,4806.3,4806.5
1775834280,4807.1,4808.3,4806.6,4808
1775834340,4808.3,4808.9,4806.6,4806.7
1775834400,4807.6,4809.5,4806.2,4809.3
1775834460,4809.5,4810.3,4807.8,4809.5
1775834520,4809.5,4811.9,4809.1,4811.5
1775834580,4811.7,4811.9,4810.5,4811.2
1775834640,4811.2,4811.7,4810,4810.8
1775834700,4810.8,4810.8,4807,4807.3
1775834760,4807.4,4807.4,4805.3,4805.6
1775834820,4805.8,4807.1,4805.2,4806.8
1775834880,4807,4807.1,4803.6,4804.9
1775834940,4804.5,4804.5,4800.5,4800.8
1775835000,4800.8,4802.8,4799.8,4801.2
1775835060,4801.1,4801.3,4798.2,4799.6
1775835120,4800,4801.4,4798.7,4799.2
1775835180,4799.9,4800.3,4797.2,4798.8
1775835240,4798.5,4800.1,4797.1,4799.2
1775835300,4799.5,4799.7,4794.1,4794.4
1775835360,4795,4795.8,4779.3,4786.6
1775835420,4786.8,4789.8,4785.5,4789.2
1775835480,4788.9,4791.9,4788.5,4791.6
1775835540,4791.2,4791.3,4783.1,4784.8
1775835600,4785.1,4791.2,4783.9,4787.7
1775835660,4787.9,4791,4787.5,4789.7
1775835720,4790.5,4791.8,4786.9,4787
1775835780,4786.8,4790.4,4786.8,4790.3
1775835840,4789.8,4790.6,4789,4790.2
1775835900,4789.8,4793.4,4789.3,4792.2
1775835960,4792.2,4793.1,4788,4788.4
1775836020,4788,4793.6,4787.2,4793.6
1775836080,4793.8,4793.8,4789,4789.2
1775836140,4789.4,4790.7,4788.5,4790.4
1775836200,4790.4,4792.5,4790.3,4791.8
1775836260,4792,4794.1,4791.8,4794
1775836320,4793.9,4793.9,4790,4791.6
1775836380,4791.3,4792.2,4789.1,4789.1
1775836440,4789.6,4792.4,4789.3,4790.9
1775836500,4790.6,4790.6,4785.6,4786.6
1775836560,4786.3,4787.7,4785.8,4786.6
1775836620,4786.9,4789.2,4782.8,4787.5
1775836680,4787.7,4788.3,4786.2,4787.3
1775836740,4786.9,4789.4,4783.9,4785.8
1775836800,4785.9,4787.6,4783.9,4784.1
1775836860,4784,4784.3,4780.8,4781.2
1775836920,4781,4783.7,4780.3,4782
1775836980,4781.7,4783,4779.1,4782.7
1775837040,4782.2,4783.2,4776.5,4777.9
1775837100,4778,4779.7,4776.1,4776.7
1775837160,4776.4,4776.4,4768.4,4773.1
1775837220,4773.3,4778.5,4771.9,4778.5
1775837280,4778.1,4780,4777.3,4778.7
1775837340,4778.4,4781,4777.7,4780.6
1775837400,4780.3,4783.5,4780.3,4783.2
1775837460,4783.2,4784.4,4782.2,4783.3
1775837520,4783.7,4786.2,4783.7,4784.9
1775837580,4784.9,4786.5,4784.5,4786.2
1775837640,4786.1,4787.7,4785.2,4787.2
1775837700,4787,4788.1,4786.6,4787.9
1775837760,4787.5,4789.1,4787.3,4788.1
1775837820,4788.6,4789.4,4785.8,4787.6
1775837880,4787.2,4787.8,4786.3,4787.8
1775837940,4786.9,4787,4784.9,4786.3
1775838000,4786,4786.2,4780.3,4780.9
1775838060,4781.3,4783.4,4780,4780.9
1775838120,4780.9,4781.1,4779.1,4779.1
1775838180,4779.4,4781.6,4778.2,4781
1775838240,4781.1,4786.3,4780.5,4784.9
1775838300,4784.4,4785.1,4780.9,4782.4
1775838360,4783,4783.8,4782.4,4783.3
1775838420,4783.1,4784.4,4782.2,4784
1775838480,4784,4786.4,4783.3,4785.1
1775838540,4785.4,4786.4,4782.1,4782.6
1775838600,4782.1,4782.8,4780.7,4782.1
1775838660,4782,4787.5,4781.3,4786.9
1775838720,4786.8,4787.6,4784.8,4785.3
1775838780,4785.4,4785.8,4783,4783.9
1775838840,4783.8,4786,4783.6,4785.6
1775838900,4785.6,4788,4785.2,4787.3
1775838960,4787.1,4787.7,4785.5,4785.9
1775839020,4785.7,4788,4785.2,4787.4
1775839080,4787.8,4789.6,4787.3,4787.4
1775839140,4787.7,4788,4786.6,4786.9
1775839200,4786.8,4787.1,4784.4,4785
1775839260,4784.5,4784.5,4780.9,4781.3
1775839320,4781.5,4782.6,4780.6,4782
1775839380,4782.1,4784.8,4782.1,4783.3
1775839440,4783.3,4783.5,4781.2,4781.5
1775839500,4781.3,4783.3,4780.5,4783.2
1775839560,4782.8,4784.7,4781.7,4783.8
1775839620,4783.9,4784.5,4783.6,4784.3
1775839680,4784.7,4786.7,4784.6,4786.1
1775839740,4785.5,4785.7,4784.5,4785
1775839800,4785.9,4788.2,4785.9,4787.6
1775839860,4787.4,4787.8,4785.3,4786.3
1775839920,4786.6,4787.3,4785.3,4786.4
1775839980,4786.9,4788,4786.4,4788
1775840040,4788.1,4790.7,4788,4789.6
1775840100,4789.6,4790,4787.8,4788.3
1775840160,4788.3,4788.5,4787.2,4787.2
1775840220,4787.6,4788,4786.6,4787.2
1775840280,4787.7,4788.4,4787,4787.5
1775840340,4787.6,4788.1,4787.5,4788.1
1775840400,4788.4,4788.7,4786,4786.7
1775840460,4786.7,4789.1,4786.7,4787.8
1775840520,4787.8,4788,4784.8,4785
1775840580,4785.1,4785.4,4783.3,4785
1775840640,4785.1,4785.4,4784.2,4784.2
1775840700,4784.3,4785.8,4783.6,4784.8
1775840760,4785.3,4786.1,4783.9,4783.9
1775840820,4783.8,4784.4,4782.4,4784
1775840880,4784.3,4786.5,4784.3,4786.3
1775840940,4786,4788.1,4785.7,4786.5
1775841000,4786.7,4786.7,4784.8,4785.2
1775841060,4785,4786.9,4784.7,4786.9
1775841120,4786.5,4788.5,4786.5,4788.5
1775841180,4789.2,4790.4,4789,4790.2
1775841240,4790.6,4790.8,4788.4,4789
1775841300,4788.9,4790.2,4788.7,4788.7
1775841360,4789,4790.1,4787.8,4788.9
1775841420,4788.7,4791.7,4788.6,4791.7
1775841480,4791.4,4793,4791.2,4791.7
1775841540,4792.2,4792.2,4790.5,4791.3
1775841600,4791.5,4792,4790.1,4790.1
1775841660,4790.3,4793,4786.2,4787.1
1775841720,4787.1,4788.1,4785.7,4786.2
1775841780,4786.1,4790,4786.1,4789.6
1775841840,4790,4790.8,4788.7,4788.9
1775841900,4789.1,4790.1,4788.7,4789.5
1775841960,4789.8,4792.3,4789.8,4791.9
1775842020,4792,4793.3,4791.8,4792.6
1775842080,4792.7,4793,4790.4,4790.7
1775842140,4790.8,4790.9,4785.5,4787.3
1775842200,4787,4787,4782.8,4785.9
1775842260,4786,4788,4785.7,4786.9
1775842320,4786.7,4790,4786.6,4788.9
1775842380,4788.8,4788.8,4785.7,4786.3
1775842440,4786.4,4786.6,4784.8,4785.2
1775842500,4784.9,4787.1,4784.8,4787.1
1775842560,4786.6,4786.6,4782.1,4783.9
1775842620,4783.2,4785,4782.4,4784.7
1775842680,4784.8,4785.3,4783.8,4783.8
1775842740,4784.2,4786.6,4784.2,4785.6
1775842800,4785.8,4786.4,4784.2,4784.4
1775842860,4784.6,4784.6,4783.2,4783.3
1775842920,4783.4,4784.4,4783.3,4784.4
1775842980,4784,4785.7,4784,4785.1
1775843040,4785,4785.4,4783.2,4783.4
1775843100,4783,4785.8,4783,4784.9
1775843160,4785.2,4786,4785,4785.8
1775843220,4785.9,4787.2,4785.9,4787.1
1775843280,4787,4787.5,4785.9,4787
1775843340,4787,4788.8,4786.7,4788.2
1775843400,4787.4,4789.2,4787.3,4788.6
1775843460,4788.6,4788.9,4786.5,4786.5
1775843520,4786.9,4787.5,4786.8,4787
1775843580,4786.8,4786.8,4785.8,4785.8
1775843640,4785.5,4785.5,4784.7,4785.3
1775843700,4785.3,4785.3,4783.6,4783.7
1775843760,4783.2,4785.7,4783.2,4785.2
1775843820,4785.2,4786,4785,4785.7
1775843880,4785,4785,4783.9,4783.9
1775843940,4784,4784.8,4783.8,4784.5
1775844000,4784.7,4785.5,4783.7,4784.2
1775844060,4784.1,4784.1,4782.9,4783.3
1775844120,4783,4784.3,4781.6,4782.4
1775844180,4782.2,4782.4,4779.9,4780.6
1775844240,4780.5,4780.5,4776.9,4777.5
1775844300,4776.9,4778,4775.1,4777.8
1775844360,4778.3,4780.8,4778.2,4779.1
1775844420,4778.9,4779.1,4776,4777.7
1775844480,4777.9,4782.4,4777.1,4781.7
1775844540,4781.4,4781.6,4780.2,4780.5
1775844600,4780.4,4782.8,4780.3,4782.8
1775844660,4782.4,4787.3,4782.4,4786.1
1775844720,4786.5,4788.1,4786,4786
1775844780,4786,4787.4,4786,4787.3
1775844840,4787.3,4787.9,4786.7,4787.8
1775844900,4787.7,4790.4,4787.5,4787.5
1775844960,4787.8,4787.8,4787.2,4787.7
1775845020,4787.8,4789.6,4787.3,4789
1775845080,4789.4,4791.3,4789.1,4790.9
1775845140,4790.9,4792.6,4790.8,4792.2
1775845200,4792.4,4793.1,4790.8,4793.1
1775845260,4792.9,4794,4792.3,4792.8
1775845320,4793.1,4793.3,4791.1,4792.6
1775845380,4793,4793.5,4787.8,4790.1
1775845440,4790,4790.2,4788.5,4788.9
1775845500,4788.8,4789.7,4787.6,4789.2
1775845560,4789.3,4789.9,4789,4789.4
1775845620,4789.3,4789.3,4788.1,4788.7
1775845680,4788.4,4791.2,4788.4,4790.7
1775845740,4790.6,4790.8,4788.4,4790.3
1775845800,4790.5,4792.2,4790.1,4791.6
1775845860,4791.7,4792.9,4790.9,4791.7
1775845920,4791.7,4795,4791.7,4794.5
1775845980,4794.8,4795,4793.4,4794.3
1775846040,4794.7,4796.6,4794.7,4795.9
1775846100,4795.9,4796.4,4793.8,4794.2
1775846160,4794.3,4794.8,4793.1,4793.9
1775846220,4794.1,4796.3,4793.8,4795.9
1775846280,4795.7,4797.7,4795.4,4797.4
1775846340,4797.4,4797.4,4795.8,4796.7
1775846400,4796.4,4797.4,4796.4,4797.2
1775846460,4796.6,4796.7,4793.4,4793.7
1775846520,4794,4794.9,4793.5,4794.1
1775846580,4794,4794,4793.2,4793.3
1775846640,4793.4,4793.6,4792.3,4792.6
1775846700,4792.2,4792.5,4791.1,4791.1
1775846760,4791.4,4791.7,4789.8,4790.5
1775846820,4790.2,4790.2,4788.6,4788.9
1775846880,4788.6,4789.8,4787.4,4789.7
1775846940,4789.7,4790.4,4788,4788.2
1775847000,4788.5,4790.4,4788.2,4790.2
1775847060,4790.2,4791.4,4790.1,4791.4
1775847120,4791.5,4792.2,4790,4791.4
1775847180,4791.6,4791.7,4790.9,4791.1
1775847240,4790.7,4792,4790.5,4792
1775847300,4792.2,4792.2,4790.5,4790.8
1775847360,4790.4,4790.5,4790,4790.2
1775847420,4789.8,4790.4,4789,4790
1775847480,4789.6,4790.1,4789.1,4790.1
1775847540,4790.4,4790.7,4789.5,4789.5
1775847600,4789.5,4790.6,4788.5,4789.4
1775847660,4789.6,4790.6,4789.6,4789.6
1775847720,4789.7,4791,4789.7,4790.7
1775847780,4790.9,4791.8,4790.3,4790.3
1775847840,4790.6,4790.7,4790.3,4790.7
1775847900,4791.6,4792.2,4791.2,4791.5
1775847960,4791.8,4792.2,4790.6,4791.1
1775848020,4791,4792.3,4791,4791.5
1775848080,4791.2,4792.1,4791.2,4791.7
1775848140,4791.7,4791.8,4789.3,4789.6
1775848200,4789.5,4791.3,4789.5,4790.8
1775848260,4791,4791.3,4789.8,4790.1
1775848320,4790.4,4791,4789.2,4790.6
1775848380,4791,4791.2,4790.4,4790.8
1775848440,4790.4,4791.2,4790.2,4791
1775848500,4790,4790.4,4789.8,4790
1775848560,4790,4792.7,4790,4792.7
1775848620,4792.6,4793.9,4792.5,4793.6
1775848680,4793.8,4794,4793.4,4793.9
1775848740,4793.8,4793.8,4793.3,4793.3
1775848800,4793.5,4794.6,4792.9,4792.9
1775848860,4792.9,4793.1,4791.7,4791.7
1775848920,4791.6,4792,4790.9,4791.3
1775848980,4791.7,4792.7,4791.7,4792.6
1775849040,4792.6,4792.6,4791.2,4791.6
1775849100,4791.5,4792.5,4791.1,4792.5
1775849160,4792.1,4792.4,4791.4,4792.4
1775849220,4792.4,4792.4,4788.7,4788.9
1775849280,4789.3,4789.3,4787,4787
1775849340,4787.3,4788.4,4787.2,4787.7
1775849400,4787.7,4787.7,4785,4786
1775849460,4786,4787.2,4785.5,4787
1775849520,4786.9,4788,4786.9,4787.2
1775849580,4787.6,4789.2,4787.5,4789
1775849640,4788.7,4788.8,4788.1,4788.1
1775849700,4788.4,4788.4,4787.5,4787.7
1775849760,4788.2,4788.5,4787.1,4787.5
1775849820,4787.5,4787.9,4787,4787
1775849880,4787.2,4787.7,4787,4787.6
1775849940,4786.5,4786.6,4785.8,4786.3
1775850000,4786.5,4786.8,4785.5,4786.4
1775850060,4786.2,4786.9,4786.2,4786.2
1775850120,4785.9,4786,4784.6,4785.4
1775850180,4785.3,4787.4,4785,4787
1775850240,4787.3,4788,4787.1,4787.6
1775850300,4787.5,4788.5,4785.7,4786.4
1775850360,4786,4786,4784.7,4785.6
1775850420,4785.5,4785.7,4785.2,4785.3
1775850480,4785.2,4785.3,4783.8,4784.1
1775850540,4783.8,4784.3,4782.6,4783.5
1775850600,4783.5,4785.9,4783.1,4784.7
1775850660,4784,4784.2,4782,4783.6
1775850720,4784,4784.4,4783,4783.3
1775850780,4783.2,4783.4,4782.5,4782.5
1775850840,4782.7,4783.2,4782.1,4783
1775850900,4783.1,4784,4782,4783.1
1775850960,4783.7,4783.8,4782.6,4783.8
1775851020,4783.9,4784.2,4782.8,4784.2
1775851080,4784.1,4784.2,4782.7,4783.8
1775851140,4783.7,4784.1,4782.7,4783.6
1775851200,4783.5,4783.5,4781.3,4782.5
1775851260,4782.5,4782.5,4781,4781.3
1775851320,4781.2,4781.5,4779.7,4780.8
1775851380,4780.5,4780.5,4779.1,4779.9
1775851440,4780.3,4780.3,4776.8,4776.8
1775851500,4776.7,4777.6,4775.3,4776.9
1775851560,4776.4,4777.3,4776.2,4776.8
1775851620,4777,4777.9,4776.9,4777.1
1775851680,4777.2,4778.3,4776.3,4778
1775851740,4777.8,4778.2,4777.4,4777.4
1775851800,4777.3,4778.2,4776.6,4777.6
1775851860,4776.5,4778.5,4776.5,4778.5
1775851920,4778.1,4778.4,4777.9,4778.4
1775851980,4778.4,4779.2,4778.1,4779
1775852040,4778.6,4778.9,4777.3,4777.3
1775852100,4777,4777.1,4775.9,4776.8
1775852160,4776.6,4776.6,4775.3,4775.4
1775852220,4775.3,4775.7,4774.4,4775.7
1775852280,4775.4,4776.2,4775,4775.2
1775852340,4775.1,4776,4774.9,4775.2
1775852400,4774.9,4774.9,4774,4774
1775852460,4773.8,4774.8,4773.8,4774
1775852520,4774.3,4774.6,4773.2,4774.4
1775852580,4774.5,4774.9,4773.7,4773.8
1775852640,4773.7,4774,4772,4772.5
1775852700,4772.4,4772.5,4765.9,4767.2
1775852760,4767.9,4768.7,4764,4767.8
1775852820,4768.5,4769.9,4768.1,4768.7
1775852880,4768.7,4769.6,4768.1,4768.6
1775852940,4768.8,4770,4768.8,4769.2
1775853000,4769.1,4770.7,4769,4770.2
1775853060,4770.5,4772.9,4770.5,4772.7
1775853120,4772.9,4773,4772.3,4772.5
1775853180,4772.3,4772.5,4771.1,4772.2
1775853240,4772,4772.2,4770.7,4770.7
1775853300,4770.9,4771.5,4770.8,4770.8
1775853360,4770.9,4770.9,4770.3,4770.8
1775853420,4770.8,4771.1,4770.3,4771.1
1775853480,4771.7,4772.2,4770.8,4772
1775853540,4771.9,4773.5,4771.8,4773.5
1775853600,4774.2,4776.1,4774.2,4775.9
1775853660,4776,4776,4774.7,4775
1775853720,4775.3,4775.3,4773.3,4774
1775853780,4774.8,4775.6,4774.8,4775.3
1775853840,4774.8,4776.1,4774.8,4774.9
1775853900,4774.8,4775.3,4773.2,4775.2
1775853960,4774.7,4775,4773,4774.3
1775854020,4774.3,4775.5,4774.1,4774.1
1775854080,4773.8,4774.3,4773.5,4774.2
1775854140,4773.7,4774.9,4773.3,4774.2
1775854200,4774,4775.5,4774,4775.2
1775854260,4775.1,4776.5,4773.2,4774
1775854320,4774.4,4774.5,4772,4773
1775854380,4773.1,4774.9,4772.4,4772.9
1775854440,4773,4774.3,4772.4,4772.4
1775854500,4772.8,4774.2,4770.1,4773.4
1775854560,4772.8,4774,4772.6,4773.3
1775854620,4772.8,4774.6,4772.2,4773
1775854680,4772.7,4773.4,4772.1,4772.3
1775854740,4772.8,4773.7,4771,4771
1776031200,4710,4710,4626,4695.5
1776031260,4694.9,4695.5,4680.3,4687.3
1776031320,4689,4715,4687,4711.4
1776031380,4711.1,4711.1,4688,4697.4
1776031440,4696.9,4698.6,4690,4691.6
1776031500,4690.7,4698.8,4690,4692.6
1776031560,4691.2,4697.4,4690.2,4697.4
1776031620,4697.5,4706,4691.9,4698.5
1776031680,4698.9,4700.1,4692.2,4694.1
1776031740,4694.8,4694.9,4688.5,4688.5
1776031800,4688.7,4700,4687.9,4700
1776031860,4699.5,4702.9,4695.5,4699.8
1776031920,4697.6,4707.4,4697.6,4707.2
1776031980,4705.8,4705.8,4696.9,4699.6
1776032040,4699,4702.2,4698.1,4698.6
1776032100,4698.2,4699.2,4696.5,4699.2
1776032160,4698,4699.9,4694.7,4699.6
1776032220,4700,4705.7,4699.8,4703.2
1776032280,4703.7,4704.5,4698.1,4699.3
1776032340,4700.2,4701.3,4690.6,4691.1
1776032400,4691.4,4694.6,4690.5,4693.3
1776032460,4693.5,4695.1,4689.7,4690
1776032520,4689.2,4690.5,4686,4688
1776032580,4688.3,4688.8,4680.8,4684
1776032640,4685.3,4685.9,4676.4,4680
1776032700,4680.2,4680.6,4667.4,4671.2
1776032760,4671.9,4675,4665.2,4668.3
1776032820,4668.1,4675,4668.1,4671.5
1776032880,4671,4671,4665.6,4667
1776032940,4667.1,4669,4666,4669
1776033000,4669,4674,4666.7,4671
1776033060,4671.6,4673.2,4669.9,4670.4
1776033120,4671.4,4671.4,4668.5,4670
1776033180,4670.1,4676.8,4669.3,4676.8
1776033240,4676.2,4677.4,4673.2,4675.8
1776033300,4676.3,4677.1,4673.8,4675.6
1776033360,4676.4,4677.5,4674.3,4675.1
1776033420,4675,4676.6,4672.8,4676.6
1776033480,4675.5,4678.9,4675.1,4678
1776033540,4678.1,4679.1,4676.4,4679.1
1776033600,4678.7,4679.9,4676.9,4678.3
1776033660,4678.8,4678.9,4676,4676.4
1776033720,4676.5,4676.9,4672.6,4672.9
1776033780,4673.6,4680.2,4673,4680.1
1776033840,4680.3,4680.8,4678,4679.8
1776033900,4679.3,4680.4,4676.6,4676.6
1776033960,4676.6,4679.8,4673.9,4677.1
1776034020,4676.2,4676.2,4673.1,4675.9
1776034080,4675.7,4675.7,4674,4674.9
1776034140,4675.9,4681.3,4675.9,4680.5
1776034200,4681.3,4681.5,4678.1,4678.6
1776034260,4679.2,4680,4677.8,4678
1776034320,4677.6,4679.5,4676.1,4678.7
1776034380,4678.7,4678.9,4677.9,4678
1776034440,4677.8,4678.2,4676.1,4676.9
1776034500,4677.1,4679.6,4676.2,4677.8
1776034560,4678.1,4681,4678.1,4679.9
1776034620,4678.6,4681.6,4678.6,4680.4
1776034680,4679.8,4682,4679.4,4680.6
1776034740,4681.5,4682.5,4680.6,4680.6
1776034800,4680.5,4680.6,4674.6,4678.1
1776034860,4677.6,4682.4,4677.6,4681.9
1776034920,4682.4,4682.7,4679.4,4679.4
1776034980,4679.2,4682.6,4678.9,4682.2
1776035040,4682.1,4682.2,4679.6,4680.9
1776035100,4681,4681,4678.6,4679.1
1776035160,4677.9,4679.8,4677.8,4679.8
1776035220,4679.4,4680,4677.5,4677.7
1776035280,4677.7,4677.7,4673.6,4677
1776035340,4676.7,4679.6,4676.4,4677.8
1776035400,4678.6,4679.1,4676.4,4676.4
1776035460,4676.9,4680.7,4676.3,4679.3
1776035520,4678.5,4680,4677.7,4680
1776035580,4679.1,4680.3,4678.1,4680
1776035640,4680.1,4681.5,4679.6,4680.8
1776035700,4681,4681.5,4677.5,4677.5
1776035760,4678.1,4678.3,4675.9,4677.3
1776035820,4675.1,4675.1,4673.1,4674.3
1776035880,4673.7,4673.7,4670.4,4672.6
1776035940,4672.6,4674.5,4672,4673.9
1776036000,4673.2,4673.5,4667.7,4669.3
1776036060,4668.8,4668.8,4664.6,4667.1
1776036120,4667.8,4669.9,4666.9,4668.2
1776036180,4668,4672.7,4668,4671.5
1776036240,4671.7,4671.7,4668.8,4668.8
1776036300,4669,4672.5,4669,4671.3
1776036360,4671.2,4673.7,4671.2,4673.6
1776036420,4673.5,4674.3,4672.8,4673.6
1776036480,4673.7,4674.4,4673.3,4673.6
1776036540,4674.1,4675.9,4674.1,4674.8
1776036600,4674.4,4676.4,4673.3,4675.3
1776036660,4674.4,4674.7,4671.6,4674.7
1776036720,4674.6,4674.6,4673.5,4673.9
1776036780,4674,4678,4674,4676.6
1776036840,4676.9,4678.1,4676.6,4676.7
1776036900,4676.4,4678.2,4676.1,4676.2
1776036960,4677.2,4679.7,4677.1,4678.6
1776037020,4678.2,4679.7,4678.2,4678.3
1776037080,4678.8,4680.9,4678.2,4680.2
1776037140,4681,4682,4679.3,4679.7
1776037200,4680.3,4681.8,4680.1,4680.1
1776037260,4680.5,4680.6,4677.3,4677.9
1776037320,4678.2,4680.5,4677.3,4678.8
1776037380,4678.9,4679.4,4676.6,4678
1776037440,4677.9,4678.2,4676.1,4677
1776037500,4677.8,4681.4,4677.8,4681.4
1776037560,4680.9,4682.4,4678.3,4678.6
1776037620,4678.6,4679.5,4677.6,4679.4
1776037680,4679.4,4681.2,4679.1,4680.2
1776037740,4680.7,4683.1,4680.7,4681.5
1776037800,4682,4687.7,4682,4687.4
1776037860,4687.6,4689.2,4686.6,4689
1776037920,4689.5,4693.4,4689.2,4691.8
1776037980,4691.8,4693.8,4688.8,4690.1
1776038040,4689.7,4690.7,4687.7,4688.8
1776038100,4688.3,4690.9,4688.2,4690.5
1776038160,4690.1,4692,4689.9,4691.8
1776038220,4691.3,4691.3,4688.3,4689.1
1776038280,4689,4691.1,4688.6,4690.8
1776038340,4690.3,4694.2,4690.3,4693.6
1776038400,4693.7,4694.5,4687,4689.4
1776038460,4688.4,4692.8,4687.8,4689.5
1776038520,4690,4690.4,4686.9,4687.1
1776038580,4688.7,4689.6,4687.2,4688.3
1776038640,4688.9,4691.3,4688.9,4690.6
1776038700,4690.6,4692.8,4689.3,4692.8
1776038760,4691.9,4693,4690.6,4691.5
1776038820,4691.9,4693.1,4691.3,4692.7
1776038880,4691.9,4692,4689.9,4689.9
1776038940,4690.3,4694.2,4690.3,4693.8
1776039000,4693.8,4694,4692.6,4693.3
1776039060,4693.8,4693.8,4691.8,4693.3
1776039120,4693.3,4693.8,4691.5,4692.9
1776039180,4692.3,4693.3,4691.7,4692.9
1776039240,4693.9,4695.7,4693.9,4695.1
1776039300,4693.9,4698,4693.9,4696.3
1776039360,4696.7,4696.8,4694.3,4695.5
1776039420,4695.5,4696.8,4695.1,4695.7
1776039480,4696.1,4698.7,4696,4697.4
1776039540,4696.7,4696.7,4694.7,4695.6
1776039600,4695.2,4697,4695.1,4695.6
1776039660,4695,4696.4,4693.8,4695.5
1776039720,4695.4,4696.1,4695.1,4695.1
1776039780,4694.7,4694.8,4691,4693.2
1776039840,4693.2,4695.7,4692.4,4695.5
1776039900,4695.2,4696.9,4694.9,4695.6
1776039960,4696,4696,4694.2,4694.3
1776040020,4692.7,4698,4692.2,4696.5
1776040080,4696.6,4697.6,4695.9,4696.7
1776040140,4695.2,4696.3,4694.7,4695.8
1776040200,4695.5,4696,4693.5,4694.1
1776040260,4694.1,4696.6,4694.1,4696.6
1776040320,4697.3,4698.4,4696.8,4697.2
1776040380,4697.2,4702.1,4696.7,4700.4
1776040440,4700.7,4703.1,4700.7,4702.6
1776040500,4702,4704.5,4701.6,4704.2
1776040560,4704,4705,4703.3,4703.9
1776040620,4703.7,4704.4,4701.9,4704.4
1776040680,4704.3,4704.8,4699.9,4700.7
1776040740,4700,4700.3,4697.7,4699.3
1776040800,4699.2,4704.3,4698.7,4703.5
1776040860,4703.8,4704.2,4702.3,4702.3
1776040920,4701.4,4701.8,4699.8,4700.7
1776040980,4700,4702.8,4700,4701
1776041040,4700.5,4701.1,4699.8,4701
1776041100,4700.3,4704.6,4700.3,4704.6
1776041160,4704.3,4705.6,4703.6,4705.4
1776041220,4704.7,4707.3,4704.7,4707.1
1776041280,4706.9,4709.3,4706,4708.5
1776041340,4708.1,4709.5,4706.7,4709.5
1776041400,4709.2,4709.7,4707,4707.8
1776041460,4707.6,4709.1,4707.5,4708.9
1776041520,4708.7,4712,4708.7,4711.5
1776041580,4711.1,4713,4710.8,4712.7
1776041640,4712.3,4712.8,4710.5,4711.6
1776041700,4711.3,4711.6,4710.3,4711.1
1776041760,4710.7,4711.9,4709.1,4711.8
1776041820,4712.3,4712.8,4711.6,4712.8
1776041880,4712.6,4713.5,4710.6,4710.9
1776041940,4711.3,4721,4711.3,4718
1776042000,4717.5,4723.4,4716,4723.4
1776042060,4722.9,4731.5,4719.7,4731.3
1776042120,4730.6,4731.4,4723,4729.9
1776042180,4729.6,4731,4725.2,4727.3
1776042240,4726.9,4730,4724.9,4725.5
1776042300,4726.4,4726.7,4722.8,4723.2
1776042360,4723.5,4725,4722.5,4724.4
1776042420,4724.7,4730.8,4724.7,4727.4
1776042480,4727.9,4729.1,4722.9,4723.1
1776042540,4722.7,4731,4722,4730
1776042600,4729.6,4741.5,4727.9,4739
1776042660,4739,4739,4734.9,4736.1
1776042720,4736.3,4737.1,4734.5,4735.2
1776042780,4736.3,4736.3,4734,4736
1776042840,4735.4,4738.6,4733.7,4737.6
1776042900,4736.4,4737.5,4733.3,4737
1776042960,4736.4,4736.7,4735.3,4735.9
1776043020,4736.2,4739.1,4734.8,4735.2
1776043080,4735.3,4737.5,4734.9,4737.3
1776043140,4738,4740,4737.7,4738.5
1776043200,4738.5,4742.1,4738.5,4741.4
1776043260,4740.7,4743.3,4740.4,4741.8
1776043320,4741.3,4741.5,4736.4,4736.5
1776043380,4736.8,4739.3,4735.8,4737.5
1776043440,4739,4739.5,4737.2,4737.6
1776043500,4736.9,4738.8,4735.9,4738
1776043560,4737.4,4739.5,4736.3,4738.3
1776043620,4738.2,4739.2,4736.7,4738.8
1776043680,4738.7,4741.8,4737.6,4740.9
1776043740,4739.6,4739.7,4737.2,4739.2
1776043800,4738.8,4739.2,4734,4734.3
1776043860,4734.4,4735.8,4733.6,4734.7
1776043920,4734.3,4735,4732.1,4734
1776043980,4734.7,4735.9,4732,4734.7
1776044040,4734.9,4742.9,4734.9,4742.9
1776044100,4742.8,4743.5,4740.2,4741.7
1776044160,4741.6,4742.4,4736.9,4737.7
1776044220,4737.8,4739.5,4736.6,4737.4
1776044280,4738,4739,4735.1,4735.5
1776044340,4735.8,4738.6,4735,4738.2
1776044400,4738.2,4740.3,4737,4737
1776044460,4736.4,4737.7,4733.9,4734.2
1776044520,4734.3,4737.8,4733.9,4736
1776044580,4736.1,4736.6,4735,4736.1
1776044640,4736.9,4737.6,4736.4,4736.6
1776044700,4734.9,4735,4731.3,4734.5
1776044760,4734.2,4735.1,4733,4734.8
1776044820,4734.2,4736,4733.6,4735.3
1776044880,4734.7,4739.8,4734.6,4738.8
1776044940,4738.6,4739.8,4736.6,4736.6
1776045000,4736.1,4741.1,4736.1,4740.4
1776045060,4740.4,4741.5,4739.7,4740.4
1776045120,4741.1,4744.3,4741.1,4742.4
1776045180,4742.1,4745.3,4739.9,4744.5
1776045240,4744.7,4745.3,4742.5,4743.9
1776045300,4743.7,4748,4742.9,4747.6
1776045360,4746.9,4749.5,4744,4744.4
1776045420,4744.3,4745.8,4743.3,4744.9
1776045480,4744.8,4744.8,4742.7,4742.7
1776045540,4743.3,4744,4742.6,4743.1
1776045600,4743.7,4746.8,4743.4,4744.3
1776045660,4744.1,4745.3,4741.1,4743.1
1776045720,4742.6,4743.2,4741.5,4743
1776045780,4742.3,4742.3,4740.5,4741.4
1776045840,4740.7,4745.3,4740.7,4744.5
1776045900,4744.4,4745,4741.4,4741.4
1776045960,4741.7,4742.6,4740.6,4741.8
1776046020,4742.5,4744,4741.4,4741.5
1776046080,4741.8,4746,4741.8,4746
1776046140,4746.1,4747.2,4744.7,4744.9
1776046200,4744.3,4745,4742.4,4743.4
1776046260,4742.9,4744.2,4742.1,4742.6
1776046320,4743.5,4744.7,4742.7,4743.2
1776046380,4742.6,4744.8,4742.6,4744.4
1776046440,4745,4745.7,4743.5,4744.3
1776046500,4743.7,4745.9,4743.4,4743.7
1776046560,4743.1,4743.5,4741.3,4741.3
1776046620,4740.9,4743.4,4740.9,4742.3
1776046680,4742.6,4745.5,4741.9,4742.8
1776046740,4742.8,4743.4,4742.4,4742.9
1776046800,4742.6,4743,4741.3,4743
1776046860,4742.3,4742.9,4741.6,4741.6
1776046920,4741.5,4742.8,4741,4742.2
1776046980,4742.3,4742.3,4741.3,4741.7
1776047040,4741.6,4742.8,4741.5,4742
1776047100,4742.5,4745.8,4742.5,4745.5
1776047160,4745.8,4746.3,4744.7,4744.7
1776047220,4745.1,4745.7,4743.5,4743.6
1776047280,4743.6,4743.7,4742.6,4742.9
1776047340,4742.9,4743,4740.6,4741.2
1776047400,4741.4,4746.1,4741.4,4746.1
1776047460,4746,4748.1,4745.2,4747.5
1776047520,4748.3,4749.5,4744.8,4745.5
1776047580,4745.3,4745.3,4743.4,4743.8
1776047640,4743.8,4746.9,4743,4746.6
1776047700,4746.6,4746.6,4743.9,4744
1776047760,4743.7,4744.6,4742.5,4742.7
1776047820,4742.7,4744.2,4741.4,4742.4
1776047880,4742.4,4742.7,4741.6,4742
1776047940,4741.7,4741.7,4737.5,4737.5
1776048000,4737.6,4739.6,4736.6,4739.3
1776048060,4739.5,4740.7,4739.5,4740.5
1776048120,4741,4741,4739.6,4739.8
1776048180,4739.3,4739.7,4737.7,4738.1
1776048240,4738.1,4738.5,4736.8,4736.9
1776048300,4736.7,4739.7,4735.9,4739.6
1776048360,4739.8,4739.8,4735,4736.1
1776048420,4735.5,4736.2,4734.2,4734.7
1776048480,4734.2,4734.6,4732.5,4732.5
1776048540,4732.5,4734.9,4732.5,4734.1
1776048600,4733.8,4735.2,4732.8,4733.2
1776048660,4733.2,4734.4,4733.2,4734
1776048720,4734,4736.5,4734,4736.5
1776048780,4736.7,4737.6,4736.4,4737.6
1776048840,4737.6,4740.7,4737.6,4740.2
1776048900,4740.5,4742,4740.5,4741.7
1776048960,4741.1,4742.5,4741.1,4741.7
1776049020,4741.8,4742.3,4740.3,4740.8
1776049080,4740.8,4742.8,4740.6,4741.8
1776049140,4742.2,4743.2,4741.5,4742
1776049200,4742.5,4743.4,4742,4742.1
1776049260,4741.6,4741.6,4739.4,4740.3
1776049320,4740.7,4740.7,4738.8,4739.5
1776049380,4739.8,4740.5,4738.9,4738.9
1776049440,4738.5,4738.5,4736.6,4737.1
1776049500,4736.6,4737.1,4736,4736
1776049560,4736.4,4736.4,4734.4,4734.4
1776049620,4734.5,4736.6,4734.5,4736.3
1776049680,4736.8,4736.9,4736.3,4736.6
1776049740,4735.5,4736.5,4735.4,4736.2
1776049800,4735.5,4736.6,4735.4,4735.9
1776049860,4735.9,4735.9,4733.7,4734.1
1776049920,4734.3,4736.8,4734.1,4736.1
1776049980,4736,4736.9,4736,4736.4
1776050040,4736.4,4736.4,4734.2,4734.8
1776050100,4734.9,4736.1,4734.3,4736.1
1776050160,4735.9,4737.6,4735.9,4736.9
1776050220,4737.5,4738.3,4737.5,4737.6
1776050280,4737.7,4738.8,4737.7,4738.6
1776050340,4738.6,4738.6,4737,4737.2
1776050400,4737,4737,4735.5,4736.9
1776050460,4735.4,4737.5,4735.1,4737
1776050520,4737.2,4738.6,4736.7,4738.6
1776050580,4738,4738.2,4737.4,4737.5
1776050640,4738.5,4739.5,4738.5,4738.9
1776050700,4738.3,4740.3,4737.9,4740.2
1776050760,4739.6,4742.6,4739.6,4741.5
1776050820,4741.5,4742.9,4741,4742.9
1776050880,4741.9,4742.6,4740.9,4740.9
1776050940,4740.7,4741.1,4740.4,4740.6
1776051000,4740.2,4741.8,4740.1,4740.9
1776051060,4740.9,4740.9,4740.2,4740.2
1776051120,4740.5,4742.1,4740.2,4742.1
1776051180,4741.6,4742.3,4741.1,4742.3
1776051240,4742.1,4743.6,4742.1,4743.1
1776051300,4743.4,4743.4,4741.1,4742.1
1776051360,4742.2,4742.2,4739.3,4740.2
1776051420,4740.4,4740.4,4739.4,4739.8
1776051480,4739.8,4740.4,4739.5,4739.5
1776051540,4739.7,4741.1,4739.7,4740.3
1776051600,4740.2,4742,4740.2,4742
1776051660,4741.9,4745.4,4741.9,4744.9
1776051720,4745.1,4745.8,4744.2,4744.2
1776051780,4744.5,4744.8,4744,4744.4
1776051840,4744.4,4744.4,4743,4743.8
1776051900,4744.2,4744.3,4743.4,4743.4
1776051960,4743.1,4744,4742.1,4742.4
1776052020,4742.2,4742.7,4740.9,4740.9
1776052080,4740.9,4741,4740.3,4740.7
1776052140,4740.3,4741.5,4740.2,4741.5
1776052200,4742.1,4742.4,4741.1,4741.1
1776052260,4741.3,4741.6,4740.6,4740.6
1776052320,4740.9,4740.9,4739.4,4740.8
1776052380,4740.5,4740.7,4740,4740.3
1776052440,4740.4,4740.7,4740.2,4740.6
1776052500,4740,4740.2,4739.8,4740.1
1776052560,4739.7,4740,4739.4,4739.5
1776052620,4739.3,4740,4739.1,4739.7
1776052680,4740.2,4742,4740.2,4741.6
1776052740,4740.9,4741,4739.5,4739.5
1776052800,4740,4740.2,4738.9,4739.1
1776052860,4739.1,4739.2,4736,4736.2
1776052920,4736.3,4736.5,4735,4736.5
1776052980,4736.4,4737.4,4736.4,4737.4
1776053040,4737,4737.3,4735.9,4737.3
1776053100,4736.6,4736.9,4736.1,4736.8
1776053160,4736.6,4736.6,4735.1,4736.3
1776053220,4735.9,4736.3,4729.2,4733.4
1776053280,4733.2,4735,4733.2,4734.2
1776053340,4735,4736.4,4733.9,4734.2
1776053400,4734,4734.6,4732,4734.6
1776053460,4734.9,4735,4734,4734.2
1776053520,4734.8,4735.2,4734,4734
1776053580,4734.8,4736.2,4734.8,4736.2
1776053640,4736.4,4736.6,4735.8,4735.8
1776053700,4736.5,4736.8,4736,4736.5
1776053760,4736.8,4737,4735.9,4737
1776053820,4737.3,4737.3,4735,4735.4
1776053880,4735.1,4735.1,4733,4733.8
1776053940,4733.6,4734,4731.9,4734
1776054000,4733.8,4733.9,4732.7,4733
1776054060,4733,4733,4730.5,4732.6
1776054120,4732.7,4733.1,4731.9,4732.5
1776054180,4732.8,4733.1,4732.3,4732.7
1776054240,4732.4,4734.6,4732.1,4734.6
1776054300,4734.7,4736.9,4734.7,4735.9
1776054360,4736.3,4736.3,4734.1,4735.2
1776054420,4735.2,4735.5,4733.9,4734.8
1776054480,4734.8,4735.2,4734.5,4734.5
1776054540,4734.2,4735.2,4734.2,4734.7
1776054600,4735.1,4735.8,4733.9,4734.6
1776054660,4735.2,4735.2,4733.4,4733.4
1776054720,4733.4,4733.4,4730.6,4731.2
1776054780,4731,4734.2,4730.9,4734.2
1776054840,4734.4,4735,4734.3,4735
1776054900,4734.4,4734.6,4733.8,4734.2
1776054960,4734,4734,4732,4732.7
1776055020,4732.4,4732.6,4732.4,4732.6
1776055080,4732.6,4734,4731.2,4733.2
1776055140,4733.1,4734.1,4733.1,4733.8
1776055200,4734.4,4735.4,4734.2,4735
1776055260,4735.4,4736.3,4735.2,4736.1
1776055320,4736,4739.7,4736,4739.7
1776055380,4739.5,4741.6,4739,4740.3
1776055440,4739.6,4741.4,4739.4,4741
1776055500,4740.3,4740.3,4738.3,4738.3
1776055560,4739,4739.8,4738.8,4739.8
1776055620,4740,4740.2,4739,4739
1776055680,4738.6,4738.6,4738.3,4738.4
1776055740,4738.8,4741,4738.8,4740.8
1776055800,4740.9,4741.1,4740.5,4740.9
1776055860,4740.8,4741.3,4739.7,4741.3
1776055920,4741.9,4743.3,4740.5,4742.7
1776055980,4742.5,4744,4741.8,4743.5
1776056040,4743.6,4745.5,4743.5,4744.6
1776056100,4744.8,4745.6,4743.1,4744.2
1776056160,4744.6,4745.3,4744.2,4745
1776056220,4744.3,4747,4744.3,4745
1776056280,4744.9,4745.4,4744.4,4744.8
1776056340,4744.6,4744.9,4744.1,4744.7
1776056400,4744.9,4745.8,4744.5,4744.5
1776056460,4743.7,4745.3,4743.6,4745
1776056520,4745.2,4748,4745.2,4747
1776056580,4745.9,4745.9,4744,4744.7
1776056640,4744.5,4744.5,4742.8,4743.9
1776056700,4743.1,4743.4,4741.8,4741.9
1776056760,4742.1,4742.9,4741.8,4742.4
1776056820,4742.7,4744,4742.3,4743.6
1776056880,4743.4,4745,4743.4,4743.9
1776056940,4743.8,4743.8,4742.2,4742.9
1776057000,4742.7,4744.7,4742.5,4744.2
1776057060,4743.1,4743.8,4742.4,4742.4
1776057120,4742.6,4742.6,4741,4741.5
1776057180,4741.2,4742,4740.1,4740.6
1776057240,4740.6,4741.1,4740.1,4740.8
1776057300,4740.9,4742.9,4740.9,4742.7
1776057360,4742,4742,4739.4,4740.1
1776057420,4739.6,4739.7,4739.1,4739.5
1776057480,4739.9,4741.2,4739.9,4741.2
1776057540,4741.4,4742.5,4738.7,4738.7
1776057600,4738.6,4739.3,4738.6,4738.9
1776057660,4738.9,4739.7,4738.9,4739.7
1776057720,4739.6,4740.9,4739,4740.7
1776057780,4740.4,4740.5,4739.7,4740.1
1776057840,4739.5,4739.5,4737.9,4737.9
1776057900,4738.6,4739.5,4738.6,4739.1
1776057960,4738.9,4740,4738.8,4739.5
1776058020,4739.3,4740.2,4738.6,4739
1776058080,4739.4,4742,4739.4,4741.9
1776058140,4742,4743.3,4742,4742.5
1776058200,4742.7,4743.7,4742.7,4743.1
1776058260,4743.2,4743.2,4740.8,4741.5
1776058320,4741.2,4741.3,4739.8,4741.3
1776058380,4741.7,4742.2,4740.7,4742.2
1776058440,4742.3,4744.5,4742.1,4744.2
1776058500,4744.1,4745,4743.3,4744.5
1776058560,4744,4744,4742.3,4742.6
1776058620,4743.7,4745,4743.1,4743.5
1776058680,4744.1,4746.8,4743.9,4745.9
1776058740,4746,4746.1,4744.4,4744.4
1776058800,4744.2,4745.4,4743.1,4743.3
1776058860,4743.4,4743.9,4742.7,4742.8
1776058920,4742.8,4743.9,4741.9,4743.4
1776058980,4743.5,4743.9,4741.9,4743.6
1776059040,4743.1,4743.9,4742.2,4743.3
1776059100,4743,4746,4743,4745.5
1776059160,4745.2,4747.4,4745.2,4746.1
1776059220,4746.3,4747.3,4745.5,4745.9
1776059280,4746.7,4747.7,4745.5,4745.9
1776059340,4746.1,4746.1,4743.2,4744.8
1776059400,4744.6,4746.4,4744.5,4746.4
1776059460,4745.9,4746.9,4745.4,4745.7
1776059520,4745.7,4746.4,4743.6,4745.8
1776059580,4745.3,4745.8,4745.2,4745.3
1776059640,4744.4,4744.4,4742.1,4742.5
1776059700,4743.3,4744.2,4743,4744.2
1776059760,4744.8,4749,4744.6,4749
1776059820,4748.9,4751.9,4748.7,4751.1
1776059880,4751,4751.7,4749.8,4750.2
1776059940,4750.6,4752.6,4750,4751.1
1776060000,4751.5,4751.5,4744.8,4749.2
1776060060,4749.1,4749.9,4747.9,4748.9
1776060120,4748.6,4749.6,4747.2,4747.2
1776060180,4747.1,4749.1,4746.2,4747.7
1776060240,4747.6,4748.5,4745.1,4748.2
1776060300,4747.6,4748,4746.1,4746.5
1776060360,4746.4,4748.9,4746.1,4748.3
1776060420,4748.2,4750.1,4748.2,4749.7
1776060480,4750.2,4751.1,4749.8,4749.8
1776060540,4750,4750.5,4749.4,4749.6
1776060600,4750.2,4750.2,4748.3,4749.3
1776060660,4749.7,4751,4748.7,4748.7
1776060720,4748.3,4748.6,4746.5,4746.5
1776060780,4747.2,4747.3,4746,4746.8
1776060840,4746.3,4749,4746.3,4747.7
1776060900,4748,4752,4748,4751.7
1776060960,4751.7,4753.6,4751.4,4751.7
1776061020,4751.7,4753,4750.9,4751.2
1776061080,4751.3,4751.9,4749,4750.7
1776061140,4750.2,4750.8,4749.6,4750.4
1776061200,4750.7,4750.7,4748.9,4749.7
1776061260,4750,4750.5,4748.5,4749.9
1776061320,4749.3,4749.5,4747,4748.2
1776061380,4748.1,4749.9,4747.9,4749.7
1776061440,4749,4749.7,4748.5,4749.1
1776061500,4749,4749.4,4747.8,4748.1
1776061560,4748.4,4749.5,4747.6,4748.3
1776061620,4748.2,4751.7,4747.9,4751.7
1776061680,4751,4752.4,4750.9,4752.1
1776061740,4751.9,4753.7,4751.6,4753.5
1776061800,4753.7,4754.2,4751.6,4754.1
1776061860,4753.9,4754.7,4751.7,4751.7
1776061920,4752.1,4753.2,4751.1,4752.7
1776061980,4752.5,4753.9,4751.6,4752.6
1776062040,4752.7,4753.3,4750.5,4751.5
1776062100,4751.7,4751.7,4749.6,4751.3
1776062160,4752,4753.1,4749.5,4750.2
1776062220,4749.8,4750.4,4749,4749.2
1776062280,4749.1,4749.1,4747.4,4747.7
1776062340,4748.1,4749.4,4747.7,4749
1776062400,4749,4750.4,4748.9,4749.4
1776062460,4749.5,4749.5,4748.5,4749
1776062520,4748.9,4750.2,4747.9,4748.1
1776062580,4747.8,4749.3,4747.8,4749.1
1776062640,4749,4749.5,4748.4,4748.4
1776062700,4748,4748,4746.5,4746.5
1776062760,4746.6,4747.9,4746.4,4747.6
1776062820,4748.1,4748.4,4746.8,4747
1776062880,4747.2,4747.2,4743.8,4744.1
1776062940,4744.1,4744.9,4742.7,4743.6
1776063000,4744.1,4745.6,4743.5,4743.8
1776063060,4744,4745.3,4743.5,4745
1776063120,4745.1,4747.9,4745,4746
1776063180,4746.5,4746.5,4744.6,4745.9
1776063240,4745.9,4747,4745.4,4746.9
1776063300,4747,4747,4746.7,4746.7
1776063360,4747.4,4747.6,4746.7,4746.9
1776063420,4747.4,4747.7,4745.2,4745.5
1776063480,4745.2,4746.8,4745,4746.8
1776063540,4746.8,4748.1,4746.7,4747.9
1776063600,4748,4751,4747.8,4751
1776063660,4751.4,4757,4751.3,4756.9
1776063720,4756.9,4759.7,4756.1,4759.7
1776063780,4759.4,4761.1,4757.3,4758.5
1776063840,4758.9,4760,4758.1,4759.1
1776063900,4759.5,4760,4758.4,4759.1
1776063960,4758.7,4759.1,4755.8,4756.2
1776064020,4756.2,4757.3,4755.1,4755.1
1776064080,4755.5,4756.3,4754.9,4755.3
1776064140,4755.2,4755.2,4749,4749.2
1776064200,4749.2,4752.8,4748.5,4752
1776064260,4752.2,4752.2,4749.4,4749.7
1776064320,4749.7,4749.8,4747.4,4748.1
1776064380,4748.5,4749,4748.3,4749
1776064440,4749.1,4750.8,4748.1,4750.5
1776064500,4749.8,4752,4749.1,4752
1776064560,4752.2,4753.6,4750,4750.4
1776064620,4749.9,4751.1,4749.7,4751.1
1776064680,4751.5,4754.3,4751.4,4753.8
1776064740,4753.8,4755.2,4753.5,4753.7
1776064800,4754,4754.9,4753.3,4754
1776064860,4754.6,4754.6,4753.6,4753.9
1776064920,4753.9,4754.5,4753.7,4753.8
1776064980,4753.6,4754.2,4753,4753.2
1776065040,4752.6,4752.6,4751.9,4752.6
1776065100,4752.8,4753.3,4751.7,4751.8
1776065160,4751.8,4751.8,4749.6,4749.6
1776065220,4749.6,4752.9,4749.6,4752.9
1776065280,4753,4754.2,4752.9,4752.9
1776065340,4752.3,4753.7,4752,4753.1
1776065400,4753.5,4754,4752.9,4753.7
1776065460,4754.2,4756.2,4754.2,4755.4
1776065520,4755.1,4756.2,4755,4755.8
1776065580,4756,4756,4753.6,4754.2
1776065640,4753.9,4755.2,4753.9,4754
1776065700,4754.4,4754.4,4751.8,4753.5
1776065760,4753.7,4753.8,4752.3,4752.9
1776065820,4751.9,4751.9,4751.3,4751.4
1776065880,4750.9,4751,4749.9,4751
1776065940,4752.8,4752.8,4752,4752.8
1776066000,4751.9,4753.8,4751.2,4753.6
1776066060,4753.5,4754.7,4752.9,4753.2
1776066120,4753.3,4755,4753.3,4754.9
1776066180,4754.7,4754.7,4753.2,4754
1776066240,4754.5,4754.8,4754,4754.8
1776066300,4754.4,4759.2,4754.4,4756.4
1776066360,4756.6,4757.5,4756.1,4756.7
1776066420,4755.5,4757.3,4755.5,4756.8
1776066480,4757.6,4761.7,4757.6,4760.4
1776066540,4760.7,4761.4,4760,4761.1
1776066600,4761.7,4762.1,4759.8,4760.8
1776066660,4761,4762.5,4760.5,4761.8
1776066720,4762,4762.1,4759,4759.8
1776066780,4759.6,4759.6,4758,4758.8
1776066840,4758.8,4760.6,4756.8,4757.2
1776066900,4757.1,4757.7,4754,4754.5
1776066960,4754,4755.7,4750.8,4754
1776067020,4754.8,4755.3,4754.3,4755
1776067080,4755.7,4758.7,4755.7,4758.7
1776067140,4758.9,4758.9,4756.4,4756.4
1776067200,4756.7,4761,4755.9,4761
1776067260,4760.3,4760.5,4758.1,4759.1
1776067320,4759,4761.1,4757.8,4761.1
1776067380,4761.1,4761.2,4759.2,4759.2
1776067440,4759.9,4760.2,4757.5,4757.9
1776067500,4758.9,4760.2,4757.2,4757.4
1776067560,4756.8,4756.8,4755,4755.5
1776067620,4755.1,4757.4,4755,4757
1776067680,4757.1,4757.1,4755.1,4756.3
1776067740,4756.3,4757.2,4756.3,4756.5
1776067800,4756.9,4757.3,4756.8,4757.3
1776067860,4756.7,4756.7,4755.7,4756.1
1776067920,4756.3,4756.8,4755.7,4756.7
1776067980,4757,4758.1,4756.8,4757.8
1776068040,4758.3,4758.3,4755.6,4756
1776068100,4755.1,4755.2,4753,4754.3
1776068160,4754.6,4755,4753.4,4753.6
1776068220,4754.2,4755,4753.8,4753.8
1776068280,4753.4,4754.9,4753.1,4754.9
1776068340,4755,4755.9,4755,4755.9
1776068400,4755.1,4755.1,4752.9,4753.5
1776068460,4753.1,4755.5,4753.1,4754.6
1776068520,4754.2,4755.2,4754,4754.6
1776068580,4754.9,4755.1,4754.9,4755.1
1776068640,4756.1,4756.6,4755.8,4755.8
1776068700,4756.2,4757,4755.4,4756
1776068760,4755.7,4756.5,4755.6,4756.5
1776068820,4755.7,4755.9,4755.2,4755.2
1776068880,4755.9,4756.4,4755.5,4755.7
1776068940,4755.1,4755.8,4754.9,4754.9
1776069000,4754.7,4754.8,4753.8,4754.5
1776069060,4754.2,4759.2,4754.1,4759
1776069120,4759.1,4759.1,4756.6,4756.6
1776069180,4756.7,4756.8,4755,4755.1
1776069240,4755.3,4755.4,4754.2,4755.1
1776069300,4755.8,4757,4755.3,4756.7
1776069360,4756.8,4757.4,4752.4,4752.4
1776069420,4752.9,4754.2,4752.9,4754.2
1776069480,4753.8,4754.1,4753.1,4753.1
1776069540,4753,4753.3,4752.2,4753
1776069600,4753.1,4753.1,4749.6,4750.3
1776069660,4750.4,4751.2,4748.4,4748.6
1776069720,4749,4750.9,4747.6,4747.7
1776069780,4747.8,4747.8,4745,4745.7
1776069840,4745.5,4745.5,4743.9,4744.1
1776069900,4744.2,4745.3,4743.3,4744.4
1776069960,4744.5,4748.3,4744.3,4747.4
1776070020,4747.1,4749,4746.3,4749
1776070080,4748.8,4752.1,4748.8,4750.4
1776070140,4750.5,4752.8,4750.4,4751.8
1776070200,4751.3,4751.6,4749.3,4749.3
1776070260,4749,4749.4,4747.9,4749.1
1776070320,4748.4,4749.5,4748.4,4749.1
1776070380,4749.6,4750.1,4747.9,4747.9
1776070440,4747.3,4749.1,4747,4748.3
1776070500,4748.3,4749.2,4748,4749.2
1776070560,4749,4749.5,4746.4,4748.1
1776070620,4747.9,4748.7,4747.4,4748.6
1776070680,4748.6,4748.8,4747.3,4748.2
1776070740,4748.2,4748.2,4746.3,4746.3
1776070800,4746.3,4750.2,4745.8,4746.6
1776070860,4746.6,4748.1,4746.4,4748
1776070920,4748,4748.9,4747.3,4748.5
1776070980,4748,4751.5,4748,4750.3
1776071040,4750,4750.3,4749,4750
1776071100,4750.1,4750.1,4749.2,4749.4
1776071160,4749.1,4749.1,4744.4,4744.7
1776071220,4744.6,4747.4,4744.4,4747.2
1776071280,4747.1,4747.7,4745.6,4745.6
1776071340,4745.2,4745.4,4740.4,4740.4
1776071400,4741,4741.3,4739.2,4740.1
1776071460,4739.6,4741.4,4738.9,4740.6
1776071520,4741,4744.5,4740.3,4744
1776071580,4744.1,4744.1,4741.5,4742.6
1776071640,4742.3,4743.1,4741.4,4741.8
1776071700,4741.7,4742.7,4739.2,4739.2
1776071760,4740,4742,4739.2,4741.7
1776071820,4742,4743.4,4741.3,4743.2
1776071880,4743,4743.4,4741.7,4742.1
1776071940,4741.4,4743.5,4741.4,4742.5
1776072000,4743.1,4744,4741.2,4741.8
1776072060,4741.8,4742,4740.3,4740.6
1776072120,4740.1,4742.1,4739.8,4741
1776072180,4740.6,4743.8,4740.6,4743.8
1776072240,4743.8,4743.8,4742.2,4743.6
1776072300,4743.2,4743.5,4742.7,4743
1776072360,4743.2,4743.5,4741,4741.8
1776072420,4741.5,4742.3,4740.7,4742.2
1776072480,4741.7,4742.4,4741.4,4741.4
1776072540,4741.3,4741.5,4736.9,4738.3
1776072600,4737.8,4743.3,4737.8,4741.1
1776072660,4741.9,4741.9,4739.2,4740
1776072720,4740.4,4740.9,4738.5,4740.1
1776072780,4740.3,4740.9,4736.8,4737.6
1776072840,4737.5,4738.9,4736.9,4736.9
1776072900,4737,4737,4735.2,4736.7
1776072960,4736.4,4737.1,4735.6,4736.4
1776073020,4737,4738.1,4735.4,4736.7
1776073080,4735.9,4735.9,4733.4,4734.9
1776073140,4734.3,4738.6,4734.3,4738.6
1776073200,4738.3,4738.9,4736.9,4737.2
1776073260,4737,4738.3,4736.9,4737.8
1776073320,4737.9,4737.9,4733.2,4733.3
1776073380,4733.4,4735.4,4733.2,4734.4
1776073440,4735,4737.3,4734.3,4736.7
1776073500,4736.7,4739.1,4736.4,4738.1
1776073560,4738.1,4738.1,4733.4,4733.4
1776073620,4733.6,4737.7,4733.3,4737.7
1776073680,4738,4738.1,4736.3,4736.6
1776073740,4736.6,4736.8,4735.6,4735.6
1776073800,4735,4737,4734.4,4737
1776073860,4736.7,4738.8,4736.7,4738.2
1776073920,4738.1,4739.2,4737.6,4738.2
1776073980,4738.3,4739,4737.4,4738.3
1776074040,4737.9,4738.2,4736.9,4737.6
1776074100,4737.1,4738.8,4736.8,4738.8
1776074160,4739,4739.2,4738.3,4738.9
1776074220,4738,4738.5,4737.7,4737.8
1776074280,4737.9,4738.4,4737.4,4738.2
1776074340,4737.8,4737.8,4736.7,4737.4
1776074400,4737.4,4738.6,4737,4738.4
1776074460,4738.8,4739.4,4737.5,4739.1
1776074520,4739.5,4739.5,4738.1,4738.1
1776074580,4738.5,4738.5,4737.4,4737.6
1776074640,4737.5,4738.3,4737.1,4738.2
1776074700,4738.4,4738.4,4736.5,4737.3
1776074760,4737.3,4737.9,4736.9,4737.5
1776074820,4737.8,4737.8,4737,4737.3
1776074880,4737.6,4738.7,4737.6,4738.5
1776074940,4738.8,4741.4,4738.5,4740.9
1776075000,4740.5,4740.9,4738.2,4738.4
1776075060,4737.9,4740.5,4737,4739.5
1776075120,4740.1,4740.8,4739.6,4740.3
1776075180,4740.3,4740.9,4739.8,4740.9
1776075240,4740.7,4741.5,4740.6,4740.6
1776075300,4740.6,4740.6,4736.1,4736.1
1776075360,4736.4,4737.3,4735.3,4735.5
1776075420,4735.6,4736.6,4735.2,4735.2
1776075480,4735.9,4736.3,4735.3,4735.7
1776075540,4735.1,4735.9,4734.9,4735.3
1776075600,4735.2,4736,4734.5,4734.9
1776075660,4735.5,4737,4734.7,4736.5
1776075720,4736.2,4736.2,4735,4735
1776075780,4734.9,4735.5,4733.4,4734.4
1776075840,4734.7,4735.1,4733,4734
1776075900,4733.9,4733.9,4730.9,4730.9
1776075960,4731.3,4732,4731.3,4731.7
1776076020,4731.9,4732,4730.5,4731.1
1776076080,4731.1,4734.4,4731.1,4734
1776076140,4734.2,4734.8,4733.4,4734.8
1776076200,4735,4736.6,4735,4736.5
1776076260,4736.3,4736.3,4734,4734.5
1776076320,4734.5,4736.1,4734.3,4734.8
1776076380,4734.8,4735.9,4734.8,4735.4
1776076440,4736.8,4738.2,4736.8,4738.2
1776076500,4738.8,4739.4,4738.4,4739
1776076560,4738.9,4738.9,4737.2,4737.7
1776076620,4737.7,4738.4,4737.4,4738.4
1776076680,4738,4738.1,4738,4738.1
1776076740,4738.3,4739.7,4737.7,4739.7
1776076800,4739.9,4740,4738.1,4738.4
1776076860,4738,4738.3,4737.3,4737.4
1776076920,4737,4739.4,4737,4738.1
1776076980,4738,4739.1,4738,4738.6
1776077040,4738.7,4741.1,4738.7,4740.7
1776077100,4740.3,4741.2,4739.7,4740.8
1776077160,4740.8,4743,4740.1,4742.7
1776077220,4742.6,4744.5,4742.4,4743.8
1776077280,4743.8,4744.4,4742.8,4743.5
1776077340,4743.2,4744.2,4743.2,4744.2
1776077400,4743.7,4745,4742.5,4745
1776077460,4745,4746.2,4745,4745.7
1776077520,4745.5,4745.7,4744.2,4744.4
1776077580,4744.9,4745,4743.7,4744.6
1776077640,4744.2,4744.9,4742.4,4742.4
1776077700,4742.8,4743,4741.9,4743
1776077760,4742.7,4742.7,4741.6,4742.7
1776077820,4743,4743.7,4742.5,4743.2
1776077880,4743.8,4743.8,4743.1,4743.3
1776077940,4743.3,4744.4,4743.3,4744.2
1776078000,4744.8,4749,4743.8,4743.8
1776078060,4743.7,4745.4,4743.7,4744.2
1776078120,4744.2,4746.1,4744,4745.8
1776078180,4745.4,4748,4744.8,4747.2
1776078240,4747,4747.9,4746.6,4747.7
1776078300,4747.7,4749.7,4747.7,4749.4
1776078360,4749.3,4751,4749.1,4750.8
1776078420,4750.8,4751.4,4747.9,4748.6
1776078480,4748.5,4748.5,4746,4746
1776078540,4745.6,4746.5,4745.4,4745.4
1776078600,4745.7,4746,4745,4745.2
1776078660,4745.2,4745.5,4744,4744
1776078720,4744.3,4744.6,4742.2,4743.1
1776078780,4743.1,4743.3,4742.6,4743.3
1776078840,4743.5,4744.8,4742.9,4743.9
1776078900,4744.2,4744.2,4743.4,4743.8
1776078960,4743.8,4744,4743.4,4743.9
1776079020,4743.6,4745.5,4743.6,4745
1776079080,4745,4745,4743.3,4744.1
1776079140,4744.2,4744.2,4742.4,4742.5
1776079200,4742.8,4744.8,4742.8,4744.8
1776079260,4745.2,4746.1,4743.9,4744.1
1776079320,4744.1,4744.6,4743.9,4744.6
1776079380,4744,4745.4,4743.9,4745.4
1776079440,4745.4,4745.4,4741.2,4741.7
1776079500,4742.6,4743,4741.3,4742.5
1776079560,4742.8,4743.4,4741.3,4741.4
1776079620,4741.3,4741.6,4740.5,4741.4
1776079680,4741.7,4742.6,4740.6,4742.2
1776079740,4742.5,4743.2,4742.5,4743.2
1776079800,4742.6,4744.4,4741.8,4744.2
1776079860,4744.3,4744.3,4741.7,4742
1776079920,4742.1,4743,4741.4,4742.6
1776079980,4742.5,4742.5,4742.3,4742.5
1776080040,4742.5,4743,4741.9,4742
1776080100,4742,4742,4737.8,4738.2
1776080160,4737.8,4738.5,4734.4,4735.1
1776080220,4735.6,4736,4733.6,4734.3
1776080280,4734.5,4734.6,4732.9,4734.6
1776080340,4734.6,4736,4734.1,4734.2
1776080400,4734.6,4734.6,4731.4,4731.4
1776080460,4731.4,4732.2,4728.4,4731.3
1776080520,4731.4,4733.6,4731.4,4732.9
1776080580,4733.3,4734.8,4726.2,4728.3
1776080640,4727.9,4730.2,4726.2,4729.1
1776080700,4729.5,4731.1,4729,4729.6
1776080760,4728.9,4731.4,4725.2,4731.3
1776080820,4730.9,4731.1,4728.9,4729.6
1776080880,4730,4733.7,4729.2,4733.2
1776080940,4733,4733.3,4730.4,4730.5
1776081000,4730.4,4731.5,4727.7,4730.7
1776081060,4730.7,4732.5,4730.7,4732.4
1776081120,4733.1,4733.2,4729.5,4730.3
1776081180,4730.2,4734.3,4730,4732
1776081240,4731.9,4731.9,4728.6,4730.5
1776081300,4730.2,4731.2,4729.5,4729.6
1776081360,4729.3,4729.9,4728.7,4729.6
1776081420,4730.1,4732.5,4730.1,4732.5
1776081480,4732.4,4733.5,4730.5,4731.2
1776081540,4731,4731,4726.8,4729.1
1776081600,4728.6,4729.2,4726.4,4726.5
1776081660,4726.1,4731.8,4725.6,4729.7
1776081720,4730.3,4735.1,4729.8,4732
1776081780,4731.7,4732.9,4730.7,4731.3
1776081840,4731.2,4731.9,4728.5,4731.3
1776081900,4732.1,4735.4,4731.6,4734.9
1776081960,4734.6,4735.3,4731.5,4735.3
1776082020,4735.4,4736,4734.4,4735.7
1776082080,4735.9,4737.5,4734.7,4736.5
1776082140,4736.5,4737.2,4735.1,4736.7
1776082200,4736.7,4739.1,4736.7,4738.8
1776082260,4738.9,4741.2,4738.6,4740.8
1776082320,4741,4741.5,4739.9,4740.7
1776082380,4740.9,4742.8,4740.1,4740.9
1776082440,4741.1,4741.7,4739,4740.2
1776082500,4739.8,4740.4,4737.6,4738.1
1776082560,4738.2,4739.5,4737.5,4737.9
1776082620,4737.6,4738.8,4736.4,4738.6
1776082680,4738.3,4738.3,4736.9,4737.2
1776082740,4736.7,4737.4,4735.5,4736.5
1776082800,4736.8,4737.1,4732.1,4732.2
1776082860,4732.5,4732.7,4730,4730
1776082920,4730.1,4731.4,4729.3,4731.2
1776082980,4731.2,4731.6,4729.8,4729.8
1776083040,4729.7,4730.3,4728.1,4729.5
1776083100,4730,4730.4,4726.1,4726.5
1776083160,4726.7,4730.8,4726.7,4729.2
1776083220,4729.1,4732.8,4728,4732.1
1776083280,4731.8,4733.3,4731.8,4732.3
1776083340,4732.3,4733.6,4730.7,4732.8
1776083400,4733,4735.2,4732.1,4735
1776083460,4734.7,4735.6,4732,4734.7
1776083520,4734.7,4737,4734.7,4736.6
1776083580,4737,4738.3,4734.2,4734.6
1776083640,4734.6,4738,4734.6,4736.1
1776083700,4736.1,4736.1,4734.5,4735.1
1776083760,4735.9,4738.5,4735.9,4736.6
1776083820,4736.5,4737.7,4735.2,4736
1776083880,4736.4,4737.6,4734.5,4734.5
1776083940,4734.9,4734.9,4731.5,4734
1776084000,4734.1,4735,4733.3,4734.1
1776084060,4733.6,4734.6,4733.3,4733.8
1776084120,4734,4737.3,4734,4736.6
1776084180,4736,4736.8,4735.6,4736.7
1776084240,4736.9,4739,4736.8,4738.2
1776084300,4737.9,4742.5,4737.8,4742.2
1776084360,4742.2,4743.3,4741.3,4743.1
1776084420,4743.2,4744.6,4742.7,4743.5
1776084480,4742.7,4744.8,4742.3,4744
1776084540,4743.7,4744.8,4742.8,4744
1776084600,4743.9,4745.5,4742.1,4743.9
1776084660,4743.8,4745.6,4743.6,4745.2
1776084720,4744.7,4746.1,4744.2,4746.1
1776084780,4746.1,4747.5,4745.6,4746
1776084840,4745.4,4746.5,4744.3,4746.3
1776084900,4746.5,4747.8,4745.7,4746.3
1776084960,4746.2,4747.2,4744.4,4744.8
1776085020,4745.3,4745.9,4744.5,4744.5
1776085080,4744.3,4745.7,4743.2,4745.7
1776085140,4745.5,4746.2,4745.3,4745.9
1776085200,4745.8,4750.4,4745.8,4747.4
1776085260,4747.5,4753.6,4746.9,4751.5
1776085320,4751.3,4751.8,4748,4748.4
1776085380,4748.6,4749.1,4745.3,4747.1
1776085440,4747.4,4750.3,4747.2,4750.1
1776085500,4750.1,4753.3,4750.1,4751.2
1776085560,4751.3,4754.6,4750.6,4752.1
1776085620,4752.2,4753.4,4751.6,4752.6
1776085680,4752.5,4752.9,4750.7,4751
1776085740,4750.9,4751.8,4749.8,4751.7
1776085800,4751.5,4752.1,4749.4,4750.4
1776085860,4750.1,4754.4,4748.8,4753.8
1776085920,4753.5,4759.2,4753.2,4757.1
1776085980,4757.5,4758.7,4757,4758.2
1776086040,4758.6,4759.9,4757.4,4757.8
1776086100,4758.1,4760,4756.5,4759.8
1776086160,4759.7,4759.9,4756.6,4756.8
1776086220,4756.5,4757.2,4755.3,4756
1776086280,4756.5,4758.3,4755.5,4757.8
1776086340,4757.7,4760.7,4757.2,4758.7
1776086400,4758.6,4759,4755.7,4755.7
1776086460,4755.3,4756,4754,4754.1
1776086520,4754.1,4755.6,4753,4753.3
1776086580,4753.2,4754.6,4752.1,4754.5
1776086640,4754.2,4754.5,4753.1,4754.5
1776086700,4754.1,4756.8,4753.3,4755.3
1776086760,4755.1,4757.2,4755.1,4755.6
1776086820,4755.7,4756.1,4754.3,4754.3
1776086880,4754.2,4756.2,4753.9,4756.1
1776086940,4756.5,4758,4756,4756.7
1776087000,4757.1,4761.5,4756.4,4758.2
1776087060,4758.1,4758.1,4755.8,4757.4
1776087120,4757.6,4759,4756.1,4756.4
1776087180,4756.3,4758.3,4754,4757.8
1776087240,4758.5,4759.5,4756.6,4757
1776087300,4757.5,4758.4,4755.4,4755.4
1776087360,4755.4,4756.1,4752.2,4753
1776087420,4753.3,4755.3,4752.1,4752.8
1776087480,4752.9,4754.3,4751.3,4751.8
1776087540,4751.7,4752,4750.1,4750.7
1776087600,4750.2,4750.9,4748.8,4749.9
1776087660,4749.4,4751.2,4747.5,4748.2
1776087720,4747.6,4750.9,4747.6,4750.1
1776087780,4750.3,4753.5,4749.8,4752
1776087840,4751.7,4751.7,4749.2,4750
1776087900,4749.7,4751.5,4747.2,4750.7
1776087960,4750.8,4752,4750.2,4750.4
1776088020,4750.3,4750.3,4745.8,4746.2
1776088080,4745.9,4756,4745.3,4749.7
1776088140,4749.7,4763.7,4749.4,4762.8
1776088200,4762.8,4768,4758,4759.9
1776088260,4759.8,4760.6,4753.7,4754.8
1776088320,4754.1,4759.4,4748.9,4749.5
1776088380,4750.2,4750.6,4743,4747.7
1776088440,4748.1,4751.8,4748.1,4749.7
1776088500,4750.5,4750.5,4746.6,4747
1776088560,4746.9,4748.6,4745.5,4747.6
1776088620,4748.3,4752.8,4746.7,4752.5
1776088680,4752.3,4753.4,4750.3,4751.8
1776088740,4752.4,4755,4750.9,4753.3
1776088800,4753.2,4754.3,4748,4753.2
1776088860,4753,4753.5,4748.8,4749.3
1776088920,4750.1,4750.2,4745.2,4746.7
1776088980,4746,4746.6,4743.3,4744.5
1776089040,4745,4748.1,4745,4746.4
1776089100,4747,4748,4745.3,4746.4
1776089160,4746.1,4747.1,4744,4747
1776089220,4747.7,4750.6,4747.3,4747.5
1776089280,4747.8,4748,4744.4,4746
1776089340,4745.5,4748.7,4745.1,4748.6
1776089400,4748.1,4751.7,4748,4750.2
1776089460,4750.9,4750.9,4748,4748.2
1776089520,4748.3,4749.3,4746.8,4748.2
1776089580,4748.1,4750.1,4747.3,4748.5
1776089640,4748.6,4751.9,4748.2,4750.9
1776089700,4750.4,4751.4,4744.4,4746.3
1776089760,4745.6,4747.3,4745.5,4745.9
1776089820,4746.1,4746.1,4742.3,4742.4
1776089880,4742.2,4743.8,4741,4741
1776089940,4741.9,4743.6,4740,4742
1776090000,4741.9,4744.5,4740.7,4744
1776090060,4743.8,4744.3,4739.1,4742
1776090120,4743.1,4743.8,4739.5,4739.8
1776090180,4740,4741.3,4732.4,4738.2
1776090240,4738.2,4742.1,4738.1,4740.4
1776090300,4740.1,4740.4,4736.2,4737.4
1776090360,4737.4,4738.9,4736.3,4737.2
1776090420,4736.7,4740.3,4736.7,4739.9
1776090480,4740.2,4740.9,4737.7,4738.7
1776090540,4739,4739.7,4737.2,4738.2
1776090600,4738.3,4738.5,4733.5,4734.1
1776090660,4733.8,4736.6,4731.9,4736.6
1776090720,4736.7,4737,4734.1,4734.9
1776090780,4735.1,4740.2,4735.1,4739.1
1776090840,4739.1,4743.5,4739.1,4743
1776090900,4742.9,4743.2,4740.7,4741.7
1776090960,4741.6,4743.8,4741.1,4742.5
1776091020,4742.6,4742.7,4739.7,4740.4
1776091080,4740.2,4743.7,4738,4742.8
1776091140,4742.6,4742.8,4740.3,4742.7
1776091200,4741.7,4744.7,4741.7,4743.9
1776091260,4743.7,4744,4742.5,4743.9
1776091320,4743.3,4743.4,4741.7,4742.4
1776091380,4742.3,4743.4,4740.1,4741.5
1776091440,4741.4,4745.8,4741,4745
1776091500,4744.8,4747,4744.5,4744.6
1776091560,4744.1,4747.5,4743.6,4745.4
1776091620,4745.3,4745.7,4741.5,4741.5
1776091680,4741.7,4741.7,4739,4739
1776091740,4739.8,4739.8,4738,4738.4
1776091800,4738.4,4738.4,4733.6,4734.2
1776091860,4734.2,4736.4,4733,4735.6
1776091920,4735.9,4739,4735.6,4737.3
1776091980,4737.4,4738.1,4734,4736.6
1776092040,4736.6,4738.3,4736,4737.2
1776092100,4736.9,4738.7,4734.9,4738.7
1776092160,4738.4,4742,4738.4,4740.1
1776092220,4740.2,4740.9,4739.4,4740.9
1776092280,4740.9,4743.6,4740.9,4742.7
1776092340,4742.3,4742.4,4741.2,4742.2
1776092400,4742.6,4743.1,4732.1,4735.1
1776092460,4734.6,4737.9,4734.6,4737
1776092520,4737.1,4737.1,4732.2,4733.2
1776092580,4733,4734,4730.6,4731.1
1776092640,4730.8,4732.1,4728.3,4730.4
1776092700,4730.6,4731.3,4722.5,4725.1
1776092760,4725.4,4729.1,4725.2,4726.6
1776092820,4727.4,4731,4727.4,4729.4
1776092880,4729.5,4730,4722.7,4724.2
1776092940,4724.2,4728.9,4723.3,4727.9
1776093000,4727.3,4728.1,4725.9,4727.9
1776093060,4727.2,4731.5,4727.2,4731.1
1776093120,4731.5,4732.5,4730.2,4730.2
1776093180,4730,4730.1,4727.3,4728.2
1776093240,4727.7,4730.5,4727.1,4729.9
1776093300,4729.6,4732.7,4729.6,4731.2
1776093360,4730.7,4731.1,4728.4,4731.1
1776093420,4730.3,4731.5,4730,4731.5
1776093480,4731.4,4732.7,4731.1,4731.9
1776093540,4732.9,4733.9,4728.6,4729
1776093600,4728.9,4732.4,4728.5,4732.2
1776093660,4731.9,4732,4730.7,4730.9
1776093720,4730.6,4731.9,4729.7,4730.2
1776093780,4730,4731.2,4729.3,4730.6
1776093840,4730.4,4730.8,4726.4,4726.8
1776093900,4726.6,4727.2,4725.2,4727.2
1776093960,4727.4,4727.7,4725.3,4726.9
1776094020,4727.5,4727.5,4725.1,4725.5
1776094080,4726.8,4728.4,4726.5,4726.9
1776094140,4727.7,4727.7,4725.7,4726.1
1776094200,4725.7,4726.8,4724.2,4726.5
1776094260,4726.5,4727.2,4725.5,4726.4
1776094320,4726.8,4728.7,4726.4,4727.5
1776094380,4728,4731.6,4728,4731.6
1776094440,4731.3,4731.3,4730,4731
1776094500,4731.8,4733.7,4731.8,4733.4
1776094560,4732.6,4734.8,4732.4,4734.4
1776094620,4734.4,4737.4,4734.1,4736.1
1776094680,4736.1,4740.5,4734.9,4738.1
1776094740,4738.1,4739.4,4737.6,4738
1776094800,4738.4,4738.7,4736,4737.4
1776094860,4737.6,4737.6,4735.2,4736
1776094920,4735.6,4736.7,4733.9,4734.2
1776094980,4734.6,4734.8,4732.8,4734.2
1776095040,4734.6,4735.4,4734.1,4734.4
1776095100,4734.6,4734.6,4733,4733.3
1776095160,4733.8,4735.4,4733.8,4734.6
1776095220,4734.9,4735.4,4733.8,4734.9
1776095280,4734.6,4735.9,4734.6,4735.2
1776095340,4735,4737.6,4734.6,4737.4
1776095400,4737.2,4737.8,4735.4,4737.7
1776095460,4737.7,4737.7,4735.5,4736
1776095520,4736.6,4737.2,4736.3,4736.4
1776095580,4736.9,4737.1,4736.2,4737.1
1776095640,4736.8,4736.8,4734.4,4734.5
1776095700,4734.7,4735.2,4734.4,4735.1
1776095760,4735.6,4736.7,4735.6,4736.6
1776095820,4736.3,4736.3,4734.8,4735.3
1776095880,4735.1,4735.7,4734.7,4735.6
1776095940,4735.8,4736.9,4735.1,4736.9
1776096000,4737.2,4738.3,4736.9,4736.9
1776096060,4736.5,4736.8,4734,4734.6
1776096120,4735,4735.1,4732.3,4732.7
1776096180,4733.1,4734.1,4732.9,4733.1
1776096240,4733,4735.3,4732.6,4733.6
1776096300,4733.8,4733.8,4731.5,4733.2
1776096360,4733.9,4742,4732.9,4740.4
1776096420,4739.4,4739.5,4735.3,4735.9
1776096480,4736.3,4738.8,4736.1,4738.5
1776096540,4738.7,4739.6,4738.5,4739.6
1776096600,4738.9,4740.1,4737.4,4740.1
1776096660,4739.7,4741.3,4739.3,4740.7
1776096720,4741.1,4741.5,4739.7,4741.2
1776096780,4741.3,4743.3,4740.4,4740.4
1776096840,4740.8,4742.3,4740,4742.3
1776096900,4742.3,4743.6,4741.1,4741.8
1776096960,4741.4,4744.9,4741.2,4744.5
1776097020,4744.2,4747.6,4743.9,4747.6
1776097080,4747.4,4752.7,4747.3,4750.6
1776097140,4750.1,4750.1,4748.2,4748.7
1776097200,4749.1,4755.1,4747.3,4747.7
1776097260,4747.5,4748.6,4745.3,4748.6
1776097320,4747.9,4749.8,4747.7,4747.7
1776097380,4747.5,4748.6,4746.2,4747.6
1776097440,4747.2,4749.6,4747.1,4749.6
1776097500,4749.8,4752.6,4749.5,4752.6
1776097560,4751.8,4752.3,4751,4751.7
1776097620,4751.8,4753.9,4750.3,4753
1776097680,4753.3,4754.7,4752.5,4754.2
1776097740,4754.1,4757.5,4753.6,4754
1776097800,4753.4,4755,4752.2,4754
1776097860,4754.6,4756.8,4752.1,4754.9
1776097920,4754.5,4755.4,4751.3,4751.9
1776097980,4751.9,4759.4,4751.7,4757.3
1776098040,4757,4758.4,4755.8,4757.1
1776098100,4756.7,4759.4,4754.9,4758.1
1776098160,4758.5,4758.8,4756.3,4756.6
1776098220,4756.3,4758.2,4755.4,4758
1776098280,4758.1,4758.1,4756.3,4756.3
1776098340,4756.3,4760,4755.9,4758.8
1776098400,4758.2,4761.8,4756.8,4759.8
1776098460,4759.6,4760.5,4753.8,4756.4
1776098520,4756.7,4757.5,4752.6,4754.4
1776098580,4753.8,4759.8,4752.7,4759.8
1776098640,4759.6,4763.6,4759.3,4763.1
1776098700,4763.6,4764.8,4762.1,4762.3
1776098760,4762.8,4765.2,4762.8,4763.1
1776098820,4762.9,4770.6,4762.9,4764.1
1776098880,4764.6,4764.8,4761.9,4762.2
1776098940,4761.8,4762.6,4760,4761.5
1776099000,4761.7,4767.1,4760.3,4766.6
1776099060,4766.8,4767.5,4762.6,4762.8
1776099120,4762.1,4763.2,4761.1,4761.6
1776099180,4761.9,4762.4,4758.6,4759.2
1776099240,4759.4,4761.8,4759.3,4760.9
1776099300,4760.6,4761.2,4759.3,4760.2
1776099360,4760.5,4762.1,4757.9,4758.9
1776099420,4758.7,4760,4757.7,4758.8
1776099480,4759,4759.2,4756.7,4757.1
1776099540,4757,4757.3,4755.7,4756.4
1776099600,4756.7,4759.7,4756.7,4757.2
1776099660,4757.2,4758,4756.4,4757.7
1776099720,4758,4761,4758,4760.6
1776099780,4760.6,4761.9,4760.2,4760.4
1776099840,4760.5,4762.2,4760.2,4762.2
1776099900,4761.9,4761.9,4758.9,4759.4
1776099960,4759.2,4759.2,4754.3,4754.4
1776100020,4754.1,4754.1,4749.2,4750.3
1776100080,4750.5,4753.2,4748.4,4752.1
1776100140,4751.8,4753,4749.5,4752
1776100200,4751.6,4753.8,4751.6,4753.5
1776100260,4753.6,4754.5,4752.4,4754.2
1776100320,4753.9,4754.2,4751.4,4753.3
1776100380,4752.8,4754.9,4752.8,4754
1776100440,4754.3,4754.3,4752.5,4753.9
1776100500,4754,4754,4752.7,4753.1
1776100560,4753.4,4755.6,4753.2,4755
1776100620,4754.8,4760,4754.8,4759.9
1776100680,4759.6,4764.2,4759.6,4764
1776100740,4764.1,4768.1,4763.8,4767.5
1776100800,4767.8,4769.4,4765.7,4766.1
1776100860,4766.7,4769.2,4764.8,4768.8
1776100920,4769.3,4771.7,4767.7,4767.7
1776100980,4768.2,4769.9,4768.1,4769.5
1776101040,4769,4769.6,4767.2,4768.7
1776101100,4768.4,4771.7,4768,4771
1776101160,4771,4773.5,4769.9,4772.9
1776101220,4773.1,4773.8,4771.6,4773.5
1776101280,4773.6,4774.4,4770.3,4770.7
1776101340,4770.3,4770.3,4766.4,4766.8
1776101400,4766.5,4770.4,4766.3,4769.3
1776101460,4769.6,4770.3,4768,4769.1
1776101520,4769,4770.6,4768.7,4770.6
1776101580,4770.7,4771.1,4768.5,4769.2
1776101640,4768.9,4768.9,4766.5,4766.9
1776101700,4767,4768.6,4767,4767.3
1776101760,4767.4,4769.5,4767.4,4768.9
1776101820,4769,4770.1,4768.2,4769.1
1776101880,4769.3,4770.3,4768.9,4769.9
1776101940,4770.1,4770.1,4768.9,4769.7
1776102000,4769.6,4770.3,4766.9,4766.9
1776102060,4767.2,4767.4,4766.1,4766.9
1776102120,4767.2,4767.3,4766.3,4766.6
1776102180,4766.8,4768.8,4766.3,4768.7
1776102240,4768.2,4768.9,4767.3,4767.7
1776102300,4767.7,4767.7,4765.5,4766.6
1776102360,4766,4767,4765.9,4767
1776102420,4766.8,4766.9,4760.3,4762.8
1776102480,4762.8,4763.4,4762.3,4762.4
1776102540,4762.7,4762.9,4761.1,4762.3
1776102600,4762.3,4762.3,4759.5,4760.4
1776102660,4760.5,4762.7,4760.5,4762.7
1776102720,4763,4763.5,4760.6,4761.3
1776102780,4761,4761,4752.3,4753.1
1776102840,4752.9,4754.9,4750.6,4753.5
1776102900,4753.5,4754.5,4752.1,4753.2
1776102960,4753.5,4754.6,4753.3,4753.6
1776103020,4753.9,4755.2,4753.5,4754.6
1776103080,4754.5,4754.9,4753.1,4753.6
1776103140,4753.9,4754,4753.3,4753.3
1776103200,4753.5,4755.7,4753.2,4755
1776103260,4755,4755,4752.6,4753.3
1776103320,4753.9,4756.3,4753.4,4755.9
1776103380,4755.9,4756.2,4754.2,4755.5
1776103440,4755.7,4756.6,4755.5,4755.6
1776103500,4755.6,4755.6,4754.8,4755.1
1776103560,4755.3,4755.4,4753.2,4754.1
1776103620,4753.8,4754.2,4753.5,4754.2
1776103680,4754.6,4755.9,4754.6,4755.1
1776103740,4754.6,4754.6,4752.5,4753
1776103800,4753.8,4754.2,4753,4753.3
1776103860,4753.6,4754.9,4753.5,4754.5
1776103920,4754.5,4755.5,4754.5,4755.5
1776103980,4755,4755,4753.3,4754
1776104040,4754,4754.7,4753.5,4753.6
1776104100,4753.7,4754.5,4751.5,4752
1776104160,4751.9,4752.7,4748.3,4750.2
1776104220,4749.9,4751.1,4747.9,4749.6
1776104280,4749.5,4750.7,4749.4,4750.1
1776104340,4750.2,4750.2,4747.7,4747.8
1776104400,4748.1,4749,4747.7,4749
1776104460,4748.9,4751.8,4748.8,4751.6
1776104520,4751.5,4752.4,4751,4752.4
1776104580,4752.5,4753.3,4751.9,4752
1776104640,4751.5,4752.6,4751.2,4752.2
1776104700,4751.7,4752,4750.2,4750.5
1776104760,4750,4750.7,4748.8,4749.3
1776104820,4749.1,4749.1,4746.1,4748.1
1776104880,4748.2,4750.6,4748.2,4750.2
1776104940,4750.5,4750.8,4749.7,4750.2
1776105000,4750.6,4752.7,4750,4752.7
1776105060,4752.8,4754.5,4751.7,4753.6
1776105120,4753.3,4754.8,4753,4753.8
1776105180,4754.3,4756.1,4754.3,4755.8
1776105240,4755.9,4757.1,4755.6,4756.1
1776105300,4756.1,4756.4,4754.9,4755.9
1776105360,4755.6,4757.1,4755.6,4757
1776105420,4757.2,4758.3,4755.9,4755.9
1776105480,4755.9,4755.9,4755,4755.6
1776105540,4755.6,4755.6,4754.2,4754.9
1776105600,4754.8,4755.6,4754.6,4754.9
1776105660,4754.4,4756,4754.4,4755.5
1776105720,4755.3,4755.4,4754,4755.2
1776105780,4755.5,4756.5,4755.4,4755.9
1776105840,4755.6,4756.7,4755.3,4756.7
1776105900,4756.8,4759.4,4756.8,4759.1
1776105960,4759.3,4759.7,4757.6,4757.6
1776106020,4758.1,4758.2,4757.3,4757.7
1776106080,4758.2,4759,4757.3,4758.1
1776106140,4758.5,4759.1,4758.4,4759.1
1776106200,4758.7,4758.8,4758.1,4758.2
1776106260,4758.2,4762.1,4757.2,4760.7
1776106320,4760.9,4763.5,4760.7,4763.3
1776106380,4763.3,4763.3,4761.2,4761.2
1776106440,4760.9,4762.9,4760.7,4762.7
1776106500,4762.7,4764.2,4762.5,4763.7
1776106560,4763.8,4763.8,4761.6,4762.2
1776106620,4761.4,4762.3,4761,4761.9
1776106680,4761.7,4762.7,4760.4,4761.1
1776106740,4761,4762.3,4760.9,4762
1776106800,4762,4762.4,4761,4761.8
1776106860,4761.9,4762.6,4761.7,4761.9
1776106920,4761.9,4761.9,4759.3,4759.7
1776106980,4759.5,4760.2,4759.2,4759.2
1776107040,4758.7,4759.7,4758.5,4758.7
1776107100,4759.1,4759.1,4758.4,4758.7
1776107160,4759,4759,4756.3,4756.3
1776107220,4756.2,4756.6,4753.8,4754.1
1776107280,4754.4,4756.4,4754.4,4755.7
1776107340,4755.9,4757.4,4755.8,4757.4
1776107400,4757.6,4757.7,4757.1,4757.7
1776107460,4757.7,4758.3,4756.4,4756.4
1776107520,4756.7,4757.2,4756.6,4757
1776107580,4756.9,4757.1,4755.7,4757
1776107640,4756.6,4758.2,4756.5,4758
1776107700,4758.4,4759.3,4758.4,4759.1
1776107760,4759,4759.4,4758.6,4759.4
1776107820,4760,4760.9,4760,4760.8
1776107880,4760.8,4761.3,4760.8,4760.9
1776107940,4760.8,4761.2,4760.3,4760.3
1776108000,4760.3,4761.5,4760.3,4761.2
1776108060,4761.4,4763.3,4761.2,4763
1776108120,4763.5,4764.5,4763.5,4763.9
1776108180,4763.9,4764.4,4763.6,4763.6
1776108240,4763.6,4764.6,4763.6,4764.5
1776108300,4764.5,4765.6,4764.4,4765.3
1776108360,4765.7,4766.6,4765.7,4766
1776108420,4765.9,4766.3,4765.1,4765.5
1776108480,4765.2,4767.6,4765.2,4766.2
1776108540,4766.2,4766.7,4765.7,4766.3
1776108600,4766.3,4767.2,4766.1,4767.1
1776108660,4767.4,4769.7,4766.6,4769.7
1776108720,4769.7,4770.4,4768.7,4770.3
1776108780,4770.5,4770.7,4767.3,4767.7
1776108840,4767.5,4768,4766.2,4767.1
1776108900,4766.8,4767.3,4765.7,4766.9
1776108960,4767.1,4769,4767,4768.7
1776109020,4767.6,4768,4766.6,4766.6
1776109080,4766.7,4766.7,4765.3,4765.3
1776109140,4765.3,4765.9,4765,4765
1776109200,4764.9,4765.6,4764.4,4764.4
1776109260,4764,4764.4,4762.6,4762.8
1776109320,4762.6,4764.7,4762.3,4764.3
1776109380,4764.7,4765.4,4764.1,4765.4
1776109440,4765,4766.1,4765,4765.5
1776109500,4765.2,4765.6,4763.3,4763.6
1776109560,4763.5,4764.6,4763.5,4764
1776109620,4763.9,4764.3,4763.3,4763.7
1776109680,4764.1,4764.5,4763.8,4764
1776109740,4763.9,4765,4763.1,4765
1776109800,4765,4769.5,4765,4768.3
1776109860,4768.2,4768.5,4765.8,4767.2
1776109920,4767.3,4769.3,4767.1,4767.9
1776109980,4767.6,4768.4,4767.2,4768.4
1776110040,4768.3,4769.6,4767.3,4768.2
1776110100,4768.5,4769.7,4766.4,4767
1776110160,4766.9,4767.3,4765.6,4766
1776110220,4765.9,4766,4763.7,4763.9
1776110280,4763.8,4766.7,4763.8,4766.5
1776110340,4766.2,4766.3,4764.4,4765.5
1776110400,4765.3,4765.6,4763.8,4764.4
1776110460,4764.7,4766.7,4764.4,4765.7
1776110520,4765.3,4767.3,4765.3,4766.7
1776110580,4766.5,4767.5,4766.2,4766.3
1776110640,4766,4766.2,4764.7,4766.2
1776110700,4766.1,4767,4765.7,4766.6
1776110760,4767.2,4767.4,4766.8,4767.1
1776110820,4766.8,4767.5,4766.6,4766.6
1776110880,4766.4,4767.5,4766,4766.6
1776110940,4766.2,4767.1,4766.2,4766.5
1776111000,4766.9,4768.4,4766.9,4768.1
1776111060,4767.7,4768.1,4767.5,4767.5
1776111120,4767.8,4768.1,4767.1,4767.5
1776111180,4767.3,4767.3,4766.2,4766.2
1776111240,4766.2,4766.9,4765.9,4766.7
1776111300,4766.6,4766.6,4766,4766.2
1776111360,4766,4766.2,4765.9,4765.9
1776111420,4766.5,4766.5,4766,4766
1776111480,4766,4766.8,4766,4766.8
1776111540,4766.2,4766.2,4765.4,4765.4
1776111600,4765.7,4767.7,4765.7,4766.5
1776111660,4766.8,4767.3,4766.8,4767.2
1776111720,4767.4,4767.4,4764.4,4764.8
1776111780,4764.9,4765.2,4763.9,4765
1776111840,4765.2,4765.6,4764.9,4765.5
1776111900,4765,4765,4764,4764.1
1776111960,4764.2,4764.5,4763.9,4764.4
1776112020,4764.6,4764.6,4763.4,4763.9
1776112080,4764,4765,4763.3,4763.3
1776112140,4763.5,4763.5,4762.5,4763.5
1776112200,4763.2,4763.2,4762.4,4762.7
1776112260,4763.3,4764,4763.1,4763.4
1776112320,4763.5,4764.5,4763.5,4763.8
1776112380,4764.1,4764.1,4763.7,4763.7
1776112440,4764,4764,4763.4,4763.6
1776112500,4763.3,4764.1,4763.2,4764.1
1776112560,4764.1,4764.1,4763.5,4763.5
1776112620,4763.6,4764.2,4763.4,4763.4
1776112680,4763.2,4763.7,4762.4,4763.2
1776112740,4763.1,4763.1,4762.4,4762.4
1776112800,4762.3,4763.7,4762.3,4763.7
1776112860,4763.4,4763.4,4763.3,4763.3
1776112920,4763.2,4763.4,4763.2,4763.4
1776112980,4763.7,4763.9,4763.5,4763.5
1776113040,4764,4764,4763.6,4763.6
1776113100,4763.7,4765.3,4763.5,4764.8
1776113160,4764.6,4764.6,4764.1,4764.6
1776113220,4764.2,4765,4763.9,4763.9
1776113280,4763.8,4763.8,4762.6,4763.3
1776113340,4763.2,4763.5,4762.7,4763.2
1776113400,4763.2,4763.7,4762.2,4762.2
1776113460,4762.9,4762.9,4762.2,4762.6
1776113520,4762.6,4762.8,4762.5,4762.8
1776113580,4763,4763.7,4762.8,4763.4
1776113640,4764.6,4765.8,4764.3,4764.8
1776113700,4764.6,4765,4764.3,4764.3
1776113760,4764.6,4765,4764.3,4765
1776113820,4765,4765.8,4764.9,4764.9
1776113880,4764.9,4765.3,4764,4764.2
1776113940,4764.2,4766.6,4763.8,4766.6
1776117600,4769.3,4780.5,4767.6,4774.1
1776117660,4775.2,4777.4,4770.2,4774.9
1776117720,4775,4775.1,4771.7,4774.9
1776117780,4774.8,4776.1,4774.3,4774.3
1776117840,4773.8,4774.2,4770,4770
1776117900,4770,4773.1,4770,4772.6
1776117960,4772,4774.5,4772,4774.1
1776118020,4774.1,4774.6,4773.3,4773.3
1776118080,4772.6,4772.6,4770.8,4770.8
1776118140,4770.8,4771.5,4770.1,4771.2
1776118200,4773,4773.4,4771.8,4771.8
1776118260,4772,4773.6,4772,4773.6
1776118320,4773.4,4774.8,4773.4,4773.9
1776118380,4774.5,4775.9,4773.7,4773.7
1776118440,4773.1,4773.3,4771.9,4771.9
1776118500,4772.4,4772.6,4770.6,4772.2
1776118560,4770.7,4772.4,4770.5,4772.2
1776118620,4773,4773.6,4772.8,4772.8
1776118680,4772.2,4773,4772,4773
1776118740,4772.9,4773,4771.3,4772.3
1776118800,4772.3,4772.6,4772,4772.6
1776118860,4772.3,4772.5,4770,4770.9
1776118920,4770.3,4770.6,4769.8,4770.6
1776118980,4771.3,4771.3,4770.1,4770.6
1776119040,4770,4770.6,4770,4770.6
1776119100,4771.4,4772.6,4771.1,4771.6
1776119160,4771.9,4771.9,4771,4771.3
1776119220,4771,4771,4770.2,4770.7
1776119280,4770.8,4770.9,4770.3,4770.5
1776119340,4769.9,4772.4,4769.2,4771.8
1776119400,4772.2,4773.3,4771.9,4772
1776119460,4771.8,4771.8,4770.9,4771.5
1776119520,4770.9,4773,4770.6,4772.5
1776119580,4772.9,4773.5,4771.9,4771.9
1776119640,4771.2,4771.2,4771.2,4771.2
1776119700,4771.6,4771.9,4771,4771.7
1776119760,4771,4771,4770.5,4770.5
1776119820,4771.6,4771.6,4771.4,4771.4
1776119880,4771.2,4773.2,4770,4772.5
1776119940,4771,4771.8,4770.9,4771.4
1776120000,4771.1,4772.5,4771.1,4772.5
1776120060,4772.5,4773.4,4771.9,4772.8
1776120120,4772.9,4774.2,4772.9,4773
1776120180,4773.2,4773.7,4772.9,4773.3
1776120240,4773.4,4774,4772.9,4774
1776120300,4774.2,4776.8,4774.2,4776.5
1776120360,4776.4,4776.6,4773.5,4773.5
1776120420,4773.4,4774,4772.8,4773.2
1776120480,4773.2,4773.8,4773,4773.8
1776120540,4774,4775.2,4773.7,4775.2
1776120600,4775.5,4777.5,4775.4,4777.2
1776120660,4776.7,4777.7,4776.6,4777.3
1776120720,4776.3,4778.9,4775.8,4778.3
1776120780,4778.6,4779.4,4777.6,4778.7
1776120840,4778.5,4779.7,4778.5,4779.1
1776120900,4779.4,4780.6,4779.1,4780.6
1776120960,4780.3,4782.3,4779.6,4782.2
1776121020,4781.7,4783.3,4780.9,4782.8
1776121080,4783,4783,4780.8,4781.1
1776121140,4781.5,4782.5,4781.5,4782
1776121200,4782,4786.1,4782,4784
1776121260,4784,4785.5,4784,4785
1776121320,4784.5,4786.4,4784.5,4786.3
1776121380,4786,4786.7,4784.9,4785.7
1776121440,4785.4,4788.8,4785.4,4788.2
1776121500,4788,4789.2,4787.4,4788
1776121560,4788.5,4789,4787.7,4788
1776121620,4787.7,4788.6,4786.1,4787.8
1776121680,4788.2,4789.5,4788.1,4788.1
1776121740,4788.2,4789.5,4787.2,4788.7
1776121800,4788.3,4789.7,4788.3,4789.5
1776121860,4789.4,4789.4,4788.2,4788.7
1776121920,4788.4,4788.5,4786.1,4787.1
1776121980,4786.8,4787.9,4786.5,4786.5
1776122040,4786.7,4786.9,4786.5,4786.8
1776122100,4786.6,4786.7,4785.5,4786.7
1776122160,4786.5,4787.1,4786.4,4786.4
1776122220,4786.5,4786.5,4783.6,4783.9
1776122280,4784.3,4784.8,4784,4784.4
1776122340,4784,4784.5,4783.7,4784.2
1776122400,4784,4784,4782.8,4783
1776122460,4783.2,4783.5,4781.4,4781.9
1776122520,4781.7,4783.2,4781.4,4782.5
1776122580,4782,4782.8,4781.4,4782.1
1776122640,4781.6,4782.5,4781.2,4782.5
1776122700,4782.8,4782.8,4781.3,4781.9
1776122760,4781.4,4781.4,4780.5,4780.9
1776122820,4781.4,4782,4781,4781
1776122880,4781.1,4781.3,4780.1,4780.1
1776122940,4780.5,4780.5,4778.4,4779
1776123000,4779.1,4781.8,4778.8,4781.5
1776123060,4781.5,4782,4779.1,4779.5
1776123120,4779.7,4780.1,4778.2,4779.2
1776123180,4778.8,4780.2,4778.8,4780.2
1776123240,4779.8,4780.3,4778.6,4778.6
1776123300,4778.6,4778.9,4778.2,4778.9
1776123360,4779.5,4780.4,4779.5,4780
1776123420,4780.1,4782,4780.1,4782
1776123480,4781.7,4783.5,4781.7,4782.8
1776123540,4783.1,4783.8,4783.1,4783.3
1776123600,4783.6,4784.3,4783.1,4783.3
1776123660,4783.2,4784.5,4783.2,4783.7
1776123720,4783.9,4785,4783.9,4784.6
1776123780,4784.3,4785.3,4784.3,4784.9
1776123840,4784.9,4785.2,4783.3,4783.3
1776123900,4783.4,4785.6,4783.3,4785.4
1776123960,4784.8,4785.3,4783,4783.3
1776124020,4783.1,4784.8,4783.1,4784.7
1776124080,4784.5,4784.5,4783.2,4783.6
1776124140,4782.9,4783.3,4782.3,4782.3
1776124200,4781.9,4782,4780.4,4780.7
1776124260,4781,4781.2,4781,4781.2
1776124320,4782.4,4784.1,4782.4,4783.5
1776124380,4784,4784,4782.5,4782.5
1776124440,4782.9,4783.2,4782.9,4783
1776124500,4782.2,4782.2,4780.7,4780.7
1776124560,4781,4782.5,4781,4782.2
1776124620,4782.2,4782.4,4782,4782
1776124680,4782.4,4782.4,4781.5,4781.5
1776124740,4781.5,4782.3,4781.3,4781.3
1776124800,4781.7,4781.7,4775.5,4777
1776124860,4776.8,4778.8,4776.3,4777.6
1776124920,4777.8,4779.9,4777.8,4779
1776124980,4779.2,4779.3,4777,4778.8
1776125040,4778.8,4779.9,4778.3,4779.1
1776125100,4778.7,4780.3,4776.3,4777.4
1776125160,4777.8,4779.2,4777.5,4778.5
1776125220,4779.4,4781.7,4778.7,4781.1
1776125280,4780.2,4780.8,4777,4777
1776125340,4777.1,4779.9,4777.1,4779.8
1776125400,4780.1,4783.1,4779.1,4782.8
1776125460,4783.1,4783.8,4780.4,4780.7
1776125520,4780.7,4781.1,4779.7,4779.7
1776125580,4779.8,4782.7,4779.8,4782.7
1776125640,4782.6,4783.8,4782.2,4783.4
1776125700,4783.4,4788.1,4783.4,4787.1
1776125760,4786.4,4787,4784.9,4785.7
1776125820,4785,4785.4,4783.5,4784
1776125880,4784.6,4788.5,4784.6,4787.8
1776125940,4787.6,4787.6,4785.7,4787.5
1776126000,4787.6,4789,4787.5,4787.5
1776126060,4788,4788.5,4786.1,4786.7
1776126120,4786.3,4788.5,4786.3,4787.9
1776126180,4787.8,4787.8,4785.8,4786.3
1776126240,4785.1,4787,4785,4786.9
1776126300,4786.9,4788.5,4786.9,4788.5
1776126360,4788.9,4791.6,4785.8,4786.3
1776126420,4786.7,4787.8,4782.9,4785.1
1776126480,4784.8,4785.1,4783.7,4784.8
1776126540,4784.5,4786.2,4783.5,4786.2
1776126600,4786.4,4790.7,4784.8,4790.4
1776126660,4790.4,4791.8,4789.3,4790.3
1776126720,4790.6,4792.7,4789.6,4790
1776126780,4790.2,4790.6,4789.1,4789.1
1776126840,4789.1,4790.1,4788.6,4789.9
1776126900,4789.5,4791.3,4789.5,4790.2
1776126960,4790.6,4793.1,4790.5,4793.1
1776127020,4793.3,4793.4,4791.9,4792.6
1776127080,4793,4793.7,4792.1,4792.9
1776127140,4793.3,4795,4792.9,4795
1776127200,4795.2,4797,4793.6,4796.8
1776127260,4796.6,4799.4,4795.7,4797.9
1776127320,4798.1,4798.2,4794.4,4794.6
1776127380,4794.4,4795.9,4794.3,4795
1776127440,4795,4795,4793.3,4793.9
1776127500,4793.3,4793.6,4792.5,4792.7
1776127560,4792,4794.5,4791.9,4793.5
1776127620,4794.3,4794.3,4791.8,4792.9
1776127680,4792.6,4794.2,4792.1,4794.2
1776127740,4793.6,4795.3,4793.6,4794.2
1776127800,4794,4795.3,4793.9,4794.9
1776127860,4794.5,4794.5,4791.8,4793.6
1776127920,4793.6,4793.6,4792.8,4793.4
1776127980,4794.3,4794.8,4793.5,4793.5
1776128040,4793.5,4794.1,4793.2,4793.5
1776128100,4793.7,4793.9,4792.2,4793.3
1776128160,4793.6,4794.5,4793.5,4793.9
1776128220,4794.1,4795.1,4793.8,4795.1
1776128280,4793.7,4793.9,4793,4793
1776128340,4793.1,4793.7,4792.1,4792.7
1776128400,4792.7,4793.3,4785.7,4789.4
1776128460,4789.3,4791.8,4786.8,4788.4
1776128520,4789.2,4791.6,4788.6,4789.8
1776128580,4790,4794.4,4790,4793.4
1776128640,4793.3,4793.6,4790.1,4790.9
1776128700,4791.5,4796.9,4790.9,4795.5
1776128760,4794.7,4797.1,4793,4796.7
1776128820,4796.7,4798.9,4796.5,4798.5
1776128880,4798.9,4798.9,4796.9,4798.1
1776128940,4798.8,4799.9,4798,4798
1776129000,4798.4,4798.6,4796.8,4797
1776129060,4796.5,4796.6,4793.4,4793.9
1776129120,4794.3,4802.8,4794.3,4799.6
1776129180,4799,4800.2,4797,4800.2
1776129240,4799.8,4799.8,4797.3,4798.9
1776129300,4799.2,4801.6,4796.1,4798
1776129360,4798.4,4798.6,4795.4,4796.8
1776129420,4796.3,4797.1,4794.8,4794.8
1776129480,4795,4796.9,4793.9,4796.5
1776129540,4797.2,4797.4,4794.5,4795.2
1776129600,4794.2,4796.3,4792.4,4795.9
1776129660,4795.9,4796.1,4793.7,4793.7
1776129720,4793.7,4795.4,4793.5,4795.1
1776129780,4795.5,4797,4794.3,4797
1776129840,4796.2,4796.3,4792.9,4792.9
1776129900,4793,4796.5,4793,4796.2
1776129960,4796.1,4797.7,4796.1,4796.8
1776130020,4796.5,4796.5,4794.3,4795
1776130080,4794.6,4795.3,4793.9,4794.4
1776130140,4794,4795,4792.8,4793.6
1776130200,4793.6,4794.2,4790,4790.3
1776130260,4790.1,4792.5,4790.1,4791.9
1776130320,4792.5,4793.1,4789.8,4791.3
1776130380,4790.7,4790.7,4786.9,4789.6
1776130440,4789.5,4790.3,4788.4,4788.4
1776130500,4789.3,4789.8,4789,4789.3
1776130560,4789.4,4792.7,4788.4,4791.7
1776130620,4791.9,4792.3,4787.6,4787.8
1776130680,4787.7,4789.1,4787.7,4788.7
1776130740,4790,4791.2,4789.5,4790.6
1776130800,4791.2,4794,4791.2,4793.1
1776130860,4793.2,4794.7,4792.4,4793.8
1776130920,4794.4,4794.4,4793,4793.9
1776130980,4794.1,4795.9,4793.8,4794.6
1776131040,4794.9,4795.9,4794.8,4795.9
1776131100,4795.5,4796.2,4794.7,4795.8
1776131160,4796,4796,4791.9,4791.9
1776131220,4792.5,4792.6,4790.5,4790.7
1776131280,4790.1,4791.2,4789.7,4790.3
1776131340,4790.3,4791.4,4789.8,4791.4
1776131400,4789.9,4791,4789.2,4789.2
1776131460,4789.3,4790.8,4789.2,4790.4
1776131520,4790,4791.2,4790,4790
1776131580,4790,4791.2,4788,4788.8
1776131640,4788.8,4789,4786.6,4787.4
1776131700,4787.4,4789.3,4786.7,4789.3
1776131760,4789.1,4789.5,4787.5,4788.1
1776131820,4787.4,4787.4,4784.7,4785
1776131880,4784.6,4786.6,4784.1,4786.1
1776131940,4786.5,4787.8,4786.1,4787.2
1776132000,4787.1,4789.1,4787.1,4788.9
1776132060,4788.8,4788.8,4785.3,4785.3
1776132120,4785.9,4786.9,4785.5,4786.5
1776132180,4786,4786.7,4785,4786.1
1776132240,4785.7,4788.5,4785.5,4788.1
1776132300,4788.3,4792.7,4788.3,4790.9
1776132360,4791.2,4791.9,4790.8,4791
1776132420,4790.9,4793.7,4790.9,4793
1776132480,4792.8,4792.9,4791.9,4792.8
1776132540,4792.9,4793.7,4791,4791.4
1776132600,4791.4,4792.8,4790.8,4792.8
1776132660,4792,4792.8,4791.6,4791.6
1776132720,4792,4792,4790.3,4790.3
1776132780,4790.7,4791,4789.8,4789.8
1776132840,4790.4,4791.5,4790.1,4790.1
1776132900,4790.2,4790.2,4790.1,4790.1
1776132960,4791.4,4793.6,4791.3,4793.6
1776133020,4793.6,4795,4793.3,4795
1776133080,4794.6,4794.8,4793.1,4793.5
1776133140,4793.3,4793.5,4792.6,4793.5
1776133200,4793.5,4793.5,4792,4792.1
1776133260,4792.2,4793,4791,4791
1776133320,4790.7,4791.7,4790.7,4791.2
1776133380,4790.8,4792.1,4790.8,4791.6
1776133440,4791.6,4792,4791,4791.9
1776133500,4791.9,4792.2,4791.3,4791.7
1776133560,4791.3,4792.1,4791.3,4792
1776133620,4792,4792.4,4790.9,4791.6
1776133680,4791.7,4791.7,4791.5,4791.5
1776133740,4791.3,4791.6,4790.4,4791.6
1776133800,4791.4,4791.4,4784.8,4785.7
1776133860,4786.1,4786.7,4784.3,4786.7
1776133920,4786.3,4787.2,4785.9,4786.8
1776133980,4787.3,4788.3,4786.5,4787.3
1776134040,4788.4,4789,4788,4789
1776134100,4789.7,4790.5,4788.2,4788.5
1776134160,4788.8,4790.1,4788.8,4790.1
1776134220,4789.8,4791.1,4789.8,4790.6
1776134280,4790.6,4791.3,4790.6,4790.8
1776134340,4790.6,4791.8,4789.4,4790
1776134400,4790.9,4791.4,4790.9,4791.4
1776134460,4791.8,4792.1,4790.5,4790.7
1776134520,4791,4791,4789,4790.1
1776134580,4790,4794.5,4789.6,4794.2
1776134640,4794.4,4795.3,4794.2,4794.9
1776134700,4795.1,4797.5,4795,4796.2
1776134760,4796.6,4797.9,4796.2,4797.5
1776134820,4797.6,4799.7,4797.6,4798.6
1776134880,4799,4799,4798.2,4799
1776134940,4799.1,4799.2,4798.2,4798.6
1776135000,4798.4,4798.7,4797.4,4798.7
1776135060,4798.5,4799.8,4798.4,4799.2
1776135120,4798.9,4800.4,4798.9,4799.6
1776135180,4799.6,4799.8,4798.6,4798.8
1776135240,4798.5,4798.5,4797,4797
1776135300,4797,4797.3,4796,4796.3
1776135360,4796.3,4798.6,4796,4797.6
1776135420,4797.4,4797.4,4796.2,4796.2
1776135480,4796.7,4797.4,4796.5,4797.4
1776135540,4797.9,4798.4,4797.2,4797.6
1776135600,4797.7,4797.8,4794.2,4795.4
1776135660,4795.6,4795.7,4794.1,4794.2
1776135720,4794.4,4795.6,4793.8,4795.2
1776135780,4794.6,4794.7,4794.5,4794.5
1776135840,4794.6,4795.1,4794.1,4795.1
1776135900,4794.8,4795.5,4794.7,4794.7
1776135960,4794.6,4794.6,4793.4,4793.8
1776136020,4794,4794,4792.2,4792.2
1776136080,4791.7,4792.9,4791.3,4791.6
1776136140,4791.3,4792.8,4791.3,4791.3
1776136200,4791.5,4791.5,4790.8,4790.8
1776136260,4791,4792.8,4791,4792.8
1776136320,4793,4793,4791.7,4792.3
1776136380,4791.7,4792.1,4791.3,4792
1776136440,4792.3,4792.9,4791.1,4791.1
1776136500,4791.7,4791.7,4788.6,4790.2
1776136560,4791.7,4791.7,4789.9,4789.9
1776136620,4789.2,4790.7,4789.2,4790.7
1776136680,4790.2,4791.8,4790,4791.5
1776136740,4791.1,4792,4790.7,4792
1776136800,4792.4,4792.7,4792.2,4792.7
1776136860,4792.7,4793.3,4792.3,4793.3
1776136920,4793.4,4793.5,4791.2,4791.7
1776136980,4791.6,4792.4,4790.9,4792.2
1776137040,4791.6,4791.9,4791.5,4791.9
1776137100,4791.1,4791.2,4788.5,4789.2
1776137160,4789.1,4789.5,4788,4789.2
1776137220,4789,4790.6,4789,4790.3
1776137280,4790,4790,4789.5,4789.5
1776137340,4790.5,4791,4790.5,4790.6
1776137400,4790.5,4791.3,4790.5,4791.2
1776137460,4791.7,4791.7,4791.2,4791.2
1776137520,4791.4,4791.4,4787.9,4788.4
1776137580,4788.5,4789.1,4788.2,4788.4
1776137640,4788.2,4790.2,4788.2,4789.7
1776137700,4789.2,4789.2,4789.2,4789.2
1776137760,4789.2,4789.4,4789.1,4789.4
1776137820,4789,4789,4788.6,4789
1776137880,4789,4789.7,4789,4789.4
1776137940,4789.2,4789.9,4789.1,4789.1
1776138000,4788.8,4789.4,4788.5,4789.1
1776138060,4789.1,4789.2,4787.9,4788.8
1776138120,4789,4790.3,4789,4790.3
1776138180,4790.5,4791.2,4790.3,4790.3
1776138300,4790.2,4790.6,4790,4790
1776138360,4790.8,4791.3,4790.7,4791.3
1776138420,4791.6,4792.4,4791.6,4792.4
1776138480,4792.1,4792.8,4791.8,4792.8
1776138540,4792.5,4793.6,4792.5,4793.6
1776138600,4793.7,4794.2,4792.9,4793.4
1776138660,4793.2,4793.9,4792.5,4792.7
1776138720,4792.7,4793,4792.7,4793
1776138780,4792.8,4793.2,4792.4,4793
1776138840,4793.1,4793.9,4792.9,4793.5
1776138900,4793.5,4794.2,4793.5,4793.5
1776138960,4793.2,4793.6,4793.2,4793.3
1776139020,4793.2,4793.2,4793.2,4793.2
1776139080,4793,4793,4792,4792.3
1776139140,4792.1,4792.1,4789.5,4790.4
1776139200,4790,4792.6,4789.2,4792
1776139260,4791.9,4792.1,4791.2,4791.5
1776139320,4790.9,4791.6,4790.8,4791.6
1776139380,4791.6,4792,4790.7,4790.7
1776139440,4791.3,4791.3,4790.7,4790.7
1776139500,4790.1,4790.3,4790,4790.2
1776139560,4789.8,4790.2,4789.7,4790.1
1776139620,4790.1,4790.4,4789.9,4789.9
1776139680,4789.9,4789.9,4789.9,4789.9
1776139740,4790,4790,4789.8,4789.8
1776139800,4789.9,4790.6,4789.9,4790.6
1776139860,4790.5,4790.7,4790.5,4790.7
1776139920,4790.7,4791.5,4790.7,4790.8
1776139980,4790.4,4791,4790.2,4791
1776140100,4791.2,4791.2,4791.2,4791.2
1776140160,4791.2,4792.8,4791.2,4792.6
1776140220,4793,4793.8,4792.5,4793.3
1776140280,4793.6,4794,4793.4,4794
1776140340,4794.1,4795.8,4794.1,4795.5
1776140400,4795.9,4796.4,4795.5,4796.4
1776140460,4796,4796.6,4796,4796.4
1776140520,4796,4797.1,4795.9,4796.7
1776140580,4796.4,4797.5,4796.2,4796.6
1776140640,4796.6,4796.6,4795.8,4796.2
1776140700,4796.7,4797.2,4796.3,4796.5
1776140760,4796.9,4798.9,4796.7,4798.2
1776140820,4798.4,4799.2,4798.2,4799.1
1776140880,4798.6,4798.6,4797.4,4798.1
1776140940,4797.8,4798.3,4797.8,4798.2
1776141000,4798.1,4798.3,4797.1,4797.1
1776141060,4797.3,4797.5,4797.1,4797.1
1776141120,4797.7,4798.5,4797.7,4798.5
1776141180,4798.3,4798.6,4797,4797
1776141240,4797.3,4797.3,4795.6,4796.3
1776141300,4796.4,4797.3,4796,4796.9
1776141360,4796.5,4796.5,4795.1,4795.6
1776141420,4795.3,4795.3,4794.2,4794.2
1776141480,4794.2,4794.6,4793.5,4794.6
1776141540,4794.3,4795.2,4794.1,4795.2
1776141600,4795,4795.3,4794.6,4794.6
1776141660,4795,4795,4794.3,4794.9
1776141720,4795.2,4795.2,4794.3,4794.7
1776141780,4795.1,4795.1,4794.4,4794.9
1776141840,4795.3,4795.6,4795.1,4795.6
1776141900,4795.7,4796.1,4795.4,4796.1
1776141960,4796,4796,4795.3,4795.3
1776142020,4795.1,4795.8,4795.1,4795.8
1776142080,4796.1,4798.1,4796,4797.6
1776142140,4797.7,4798.3,4797.5,4797.7
1776142200,4797.8,4798.3,4797.7,4798.3
1776142260,4798.3,4798.3,4797.2,4797.2
1776142320,4797.2,4797.5,4796.5,4796.7
1776142380,4796.5,4796.8,4796.1,4796.7
1776142440,4797,4797,4797,4797
1776142500,4797.1,4797.1,4796.7,4796.7
1776142560,4796.6,4797.1,4796.6,4797.1
1776142620,4797.2,4797.2,4796.6,4796.6
1776142680,4796.7,4796.7,4796.4,4796.7
1776142740,4796.5,4796.5,4796.3,4796.3
1776142800,4796.1,4796.3,4796.1,4796.3
1776142860,4796,4796,4794.9,4794.9
1776142920,4794.8,4795.6,4793.4,4795.6
1776142980,4795.8,4795.8,4793.8,4794.7
1776143040,4794.3,4795,4792.6,4795
1776143100,4794.9,4794.9,4793.4,4793.9
1776143160,4794,4794,4791.8,4792
1776143220,4792.7,4792.8,4792.2,4792.2
1776143280,4792.1,4793.4,4791.6,4792.5
1776143340,4792.4,4792.4,4789.5,4789.7
1776143400,4789.8,4790.4,4788.1,4789.2
1776143460,4789.3,4789.8,4787.2,4787.2
1776143520,4787.3,4788.1,4785.4,4786.1
1776143580,4786.1,4787.3,4785.8,4786.5
1776143640,4786,4787.8,4785.7,4787.8
1776143700,4787.9,4788.3,4787.1,4787.1
1776143760,4788.3,4788.6,4788.2,4788.6
1776143820,4788.6,4789.5,4788.6,4789.5
1776143880,4789.5,4789.9,4789.3,4789.7
1776143940,4789.4,4789.4,4788.5,4788.7
1776144000,4789,4789.7,4788.7,4789.7
1776144060,4790,4790.5,4789.9,4789.9
1776144120,4789.9,4789.9,4788.2,4788.7
1776144180,4788,4788,4787.4,4787.9
1776144240,4787.7,4787.8,4786.9,4786.9
1776144300,4787,4787,4785,4786.2
1776144360,4786.2,4786.2,4784.3,4784.5
1776144420,4784.3,4785.2,4783.6,4785.2
1776144480,4785.4,4785.5,4784.9,4785.3
1776144540,4785.7,4787.1,4785.3,4786.5
1776144600,4786.7,4789.4,4785.8,4788.5
1776144660,4787.8,4788.5,4784.2,4785.1
1776144720,4785.3,4785.8,4784.7,4785.2
1776144780,4784.8,4785.4,4783.5,4783.5
1776144840,4783.5,4784.4,4782.3,4783.9
1776144900,4783.3,4784.9,4781,4783.7
1776144960,4784,4785.6,4783.5,4784
1776145020,4784,4784.3,4782.5,4782.5
1776145080,4782.5,4782.7,4780.3,4781.3
1776145140,4781.2,4782.3,4780.7,4781.4
1776145200,4781.3,4782,4780,4780.9
1776145260,4781.2,4784.7,4781.2,4783.8
1776145320,4784.2,4784.7,4783.8,4784
1776145380,4783.9,4783.9,4782.5,4783
1776145440,4782.9,4783.9,4782.8,4783.2
1776145500,4783.1,4783.1,4781.4,4782.3
1776145560,4782.8,4784.9,4782,4784.9
1776145620,4785,4786.9,4784.1,4786.9
1776145680,4787,4788.9,4786.6,4786.6
1776145740,4786.8,4787.5,4785.8,4786
1776145800,4785.9,4788.4,4785.8,4788.1
1776145860,4788,4788.8,4787.9,4788.1
1776145920,4787.6,4787.6,4785.1,4785.3
1776145980,4785.1,4786.5,4784.8,4785.8
1776146040,4785.3,4785.3,4783.7,4783.8
1776146100,4784.1,4785.4,4782.7,4782.7
1776146160,4782.7,4783.9,4782.4,4783.6
1776146220,4784,4784.4,4783.6,4784.2
1776146280,4784.4,4784.9,4783.5,4784
1776146340,4783.7,4784.2,4782,4782.3
1776146400,4782.6,4788.7,4782.4,4788.3
1776146460,4788,4788.4,4785.1,4786.6
1776146520,4786.7,4788,4786.2,4787.6
1776146580,4787.5,4789,4787.4,4788.1
1776146640,4789,4789.4,4786.9,4786.9
1776146700,4787.4,4788.1,4787,4788.1
1776146760,4788.2,4790.5,4788.2,4790.1
1776146820,4790.5,4791.6,4790.2,4791.2
1776146880,4791.2,4792.1,4790.7,4791.2
1776146940,4791.3,4792.6,4791.3,4792.1
1776147000,4792,4792.3,4788.3,4789.2
1776147060,4788.5,4788.9,4788,4788.1
1776147120,4788.3,4789.2,4787.8,4788.6
1776147180,4789,4790.3,4788.9,4790.2
1776147240,4790,4790,4788.3,4788.7
1776147300,4788.3,4788.3,4786.8,4788.3
1776147360,4788.3,4788.5,4787.1,4787.1
1776147420,4787.3,4787.9,4787.1,4787.9
1776147480,4787.4,4787.7,4787.1,4787.1
1776147540,4786.6,4786.9,4786.1,4786.9
1776147600,4786.7,4789.2,4786.6,4788.2
1776147660,4788.2,4789,4788.2,4788.6
1776147720,4788.2,4789.6,4787.7,4788.6
1776147780,4789.1,4789.8,4789,4789.4
1776147840,4789.8,4789.9,4787.6,4787.7
1776147900,4787.5,4787.9,4787.3,4787.8
1776147960,4787.7,4790,4787.7,4789.4
1776148020,4789.4,4790.9,4788.8,4789.9
1776148080,4789.9,4790.4,4789.1,4790.4
1776148140,4790.3,4790.9,4789.5,4790.6
1776148200,4790.6,4790.7,4789.4,4789.7
1776148260,4789.2,4789.6,4789.2,4789.2
1776148320,4789,4789.7,4788.1,4788.1
1776148380,4788.2,4788.2,4787.4,4787.5
1776148440,4788.1,4789,4787.9,4787.9
1776148500,4788.3,4788.3,4787.7,4788
1776148560,4788.8,4788.8,4787.8,4787.8
1776148620,4788.3,4788.4,4787.1,4787.7
1776148680,4787.4,4790,4787.4,4789.8
1776148740,4790.4,4790.5,4789.9,4790.2
1776148800,4790.7,4793.2,4790.2,4790.6
1776148860,4790.8,4792.1,4790.8,4792.1
1776148920,4792.1,4792.9,4792,4792
1776148980,4791.8,4791.8,4790.5,4791.1
1776149040,4790.5,4792.9,4790.4,4792.9
1776149100,4792.8,4795.4,4792.1,4795.4
1776149160,4795.8,4797.2,4794.6,4796.7
1776149220,4796.9,4797.3,4794.2,4794.5
1776149280,4794.3,4795.6,4792.6,4795.6
1776149340,4795.7,4796.4,4795.6,4796.2
1776149400,4796.2,4798.6,4793.8,4798
1776149460,4798,4799,4798,4798.6
1776149520,4798.6,4800.5,4798.1,4800.5
1776149580,4800.6,4804.7,4799.9,4802.2
1776149640,4801.9,4803.3,4800.4,4802.7
1776149700,4802.2,4805.6,4801.8,4804.7
1776149760,4804.1,4804.2,4803.4,4804
1776149820,4803.6,4805.6,4803,4805.4
1776149880,4805.3,4806.3,4804.4,4805.6
1776149940,4805.4,4806.2,4804.6,4805.4
1776150000,4805.4,4808.9,4804.5,4807.7
1776150060,4807.6,4810.4,4807.3,4809.4
1776150120,4809.8,4813.9,4809.7,4811.9
1776150180,4811.3,4812.6,4808.2,4811.9
1776150240,4811.4,4811.6,4809.1,4810.4
1776150300,4811,4815.4,4810.5,4815.2
1776150360,4815.5,4818,4814.4,4816.5
1776150420,4816.8,4817.7,4814.6,4815.9
1776150480,4816.3,4820.4,4815.1,4816.5
1776150540,4816.3,4818.4,4816,4817.4
1776150600,4816.9,4816.9,4812.6,4812.6
1776150660,4813,4813.2,4809.6,4810.3
1776150720,4810.7,4813.1,4810.2,4810.7
1776150780,4810.7,4812.6,4810.6,4812.3
1776150840,4812.3,4814.1,4811.8,4814.1
1776150900,4814.1,4815.4,4811.5,4811.5
1776150960,4811.7,4811.7,4810.3,4811.1
1776151020,4811.2,4812.9,4810.8,4811.5
1776151080,4811.3,4811.4,4809.8,4809.8
1776151140,4809.8,4810.1,4808.1,4808.8
1776151200,4808.9,4809.1,4807.2,4808.4
1776151260,4808.6,4809.7,4807.5,4809.4
1776151320,4810.7,4810.8,4804.9,4805.3
1776151380,4805.4,4806,4797.8,4797.8
1776151440,4797.7,4799.3,4795.1,4796.4
1776151500,4796,4797.9,4790.9,4791.6
1776151560,4791.7,4796.8,4791.7,4796.2
1776151620,4796.3,4797.9,4795.4,4796.8
1776151680,4796.9,4797.7,4793.1,4794.1
1776151740,4794.2,4795.9,4793.4,4795.9
1776151800,4795.6,4798.2,4795.3,4797.2
1776151860,4797.4,4798.2,4796.2,4796.4
1776151920,4796.7,4797,4795.8,4796.4
1776151980,4796,4798.7,4796,4797.3
1776152040,4797,4797.4,4795.3,4795.5
1776152100,4795.7,4796.5,4795,4796.3
1776152160,4796,4797.5,4796,4796.8
1776152220,4796.7,4796.7,4794.7,4796.7
1776152280,4797.1,4798.6,4796,4798
1776152340,4798.5,4800.5,4798.5,4800.5
1776152400,4800.8,4802.4,4800.4,4802.4
1776152460,4802.3,4802.9,4799.5,4800.9
1776152520,4800.3,4800.3,4797.7,4798.2
1776152580,4797.9,4800.4,4797.1,4798.6
1776152640,4798.5,4801.4,4797.6,4801.1
1776152700,4800.5,4802.7,4800.5,4802.1
1776152760,4801.7,4803.4,4801.6,4802.3
1776152820,4802.8,4803.7,4801.8,4802.4
1776152880,4802.8,4803.1,4800.2,4801.4
1776152940,4801.3,4802,4800.1,4800.9
1776153000,4800.4,4801.4,4797.1,4800.2
1776153060,4799.9,4800.8,4798.9,4800.1
1776153120,4800.7,4800.7,4798.2,4799
1776153180,4798.7,4800,4797.8,4800
1776153240,4799.9,4800.4,4797.1,4798.1
1776153300,4798.4,4800,4796.6,4799.2
1776153360,4799.5,4799.9,4799.5,4799.6
1776153420,4799.5,4800.1,4798.9,4799.9
1776153480,4799.6,4800.4,4799.6,4799.9
1776153540,4799.7,4802.5,4799,4800.2
1776153600,4799.6,4799.9,4798,4799.4
1776153660,4800,4800,4798.4,4798.4
1776153720,4798.2,4798.5,4797.7,4797.7
1776153780,4798.2,4799.7,4798.1,4798.1
1776153840,4798.1,4801.2,4797.2,4800.8
1776153900,4801,4801.8,4800.7,4801.5
1776153960,4801.9,4805.5,4801.7,4804.7
1776154020,4804.8,4805.3,4803.8,4804.8
1776154080,4804.6,4804.7,4803.1,4804.7
1776154140,4805.3,4805.3,4802.9,4803.4
1776154200,4803.6,4804.1,4802.4,4802.4
1776154260,4802.3,4807.1,4801.5,4803.2
1776154320,4802.9,4804.9,4802.9,4803.4
1776154380,4803.6,4804.4,4801.8,4802.7
1776154440,4802.7,4803.7,4802.7,4803.5
1776154500,4804,4804,4802.3,4802.8
1776154560,4802.7,4804.4,4802.1,4802.3
1776154620,4802.6,4802.6,4801.2,4801.2
1776154680,4801.4,4802.3,4801,4802.3
1776154740,4802.8,4803.3,4802.8,4803
1776154800,4803.1,4804.1,4802.3,4803.5
1776154860,4803.2,4803.8,4800.9,4801.9
1776154920,4801.9,4803.8,4801,4803.8
1776154980,4804,4805.3,4800.1,4800.9
1776155040,4800.5,4801.3,4798.9,4800.7
1776155100,4801.5,4804.6,4801.5,4804.5
1776155160,4805.3,4807.7,4804.4,4807.1
1776155220,4806.8,4807.3,4806,4806.9
1776155280,4807.4,4807.7,4806.7,4807.3
1776155340,4807.7,4809.9,4807.7,4808.8
1776155400,4809.6,4810.4,4809.1,4810
1776155460,4809.4,4810.7,4808.4,4809.8
1776155520,4809.9,4812.8,4809.9,4811.9
1776155580,4812,4812.2,4810.8,4812.1
1776155640,4812,4812.9,4811,4812.3
1776155700,4812.5,4812.8,4810.7,4812.5
1776155760,4812.6,4813.7,4811.7,4812.7
1776155820,4812.3,4812.6,4811.3,4812.6
1776155880,4812.5,4812.7,4809.5,4809.7
1776155940,4809.5,4811.7,4809.3,4811.5
1776156000,4811.3,4811.5,4808.5,4808.5
1776156060,4809,4809.3,4808.2,4808.4
1776156120,4808.4,4810.2,4808.1,4808.9
1776156180,4808.1,4808.1,4806.1,4807.3
1776156240,4807.2,4809.4,4807.2,4808.1
1776156300,4808.6,4808.9,4807.7,4808.7
1776156360,4808.9,4809.6,4807.6,4808.1
1776156420,4808.4,4809,4808.4,4808.6
1776156480,4809.2,4809.3,4807.7,4807.9
1776156540,4808.4,4808.4,4807,4807.9
1776156600,4808.2,4808.2,4805.8,4806.1
1776156660,4806.1,4806.3,4805.5,4805.6
1776156720,4806,4807.9,4805.2,4807.8
1776156780,4808.5,4809,4807.2,4807.9
1776156840,4808,4808.5,4808,4808.2
1776156900,4808.1,4808.1,4808.1,4808.1
1776156960,4807.6,4808.4,4806,4807
1776157020,4807.5,4807.6,4804.9,4806.1
1776157080,4806.1,4808.2,4806.1,4808.2
1776157140,4808.7,4810,4807.6,4810
1776157200,4810.5,4811.6,4810.3,4810.9
1776157260,4811.3,4811.3,4810.1,4811.1
1776157320,4810.5,4810.5,4807.5,4808.8
1776157380,4808.7,4809.7,4808.6,4809.7
1776157440,4809.2,4809.8,4809.1,4809.2
1776157500,4809.2,4809.6,4805,4805
1776157560,4804.8,4805.9,4804.2,4805.9
1776157620,4805.9,4806.5,4803.2,4805.7
1776157680,4805.4,4806.9,4805.4,4806.7
1776157740,4806.7,4809.8,4806.7,4809.2
1776157800,4809.3,4809.8,4808.8,4809.1
1776157860,4808.9,4808.9,4807.4,4808.2
1776157920,4808.8,4809.1,4808.3,4808.5
1776157980,4808.4,4808.4,4807.6,4808
1776158040,4808.3,4809.5,4807.3,4809.5
1776158100,4809.5,4811.1,4809.4,4810.4
1776158160,4810.4,4810.8,4810.1,4810.6
1776158220,4810.9,4811.1,4810,4810.7
1776158280,4809.7,4810.3,4808.5,4808.5
1776158340,4808.6,4810,4808.6,4809.1
1776158400,4808.8,4810.3,4806.7,4810.3
1776158460,4810.1,4813,4809.8,4812.4
1776158520,4812.1,4812.3,4809.3,4809.3
1776158580,4809,4811.1,4808.3,4810.6
1776158640,4810.3,4810.8,4809.9,4810.7
1776158700,4810,4810.1,4808.7,4808.7
1776158760,4809,4809.1,4807.1,4808.2
1776158820,4808,4809.3,4807.5,4808.4
1776158880,4809.3,4809.6,4804.3,4804.8
1776158940,4805.1,4805.1,4802,4802
1776159000,4802,4802.6,4798.2,4799.5
1776159060,4799.7,4800,4797.8,4799.8
1776159120,4800,4800,4796.7,4797.6
1776159180,4797.7,4798.3,4794.8,4795.1
1776159240,4795.6,4798,4795.6,4797.8
1776159300,4797.4,4800,4796.7,4797.6
1776159360,4798,4800.5,4798,4799.5
1776159420,4799.7,4800.5,4797.8,4800.5
1776159480,4800.3,4803.1,4800.3,4802.5
1776159540,4802.2,4802.4,4800.8,4801.9
1776159600,4801.9,4802.5,4801.8,4801.8
1776159660,4802,4802,4799.1,4799.1
1776159720,4799.1,4800.5,4798.9,4800.2
1776159780,4800,4801.9,4800,4801.9
1776159840,4802,4802,4801.3,4801.5
1776159900,4801.2,4801.5,4801.2,4801.3
1776159960,4801.2,4801.7,4799.8,4800.8
1776160020,4800.9,4801.7,4798.5,4798.7
1776160080,4799.2,4799.2,4796.5,4796.5
1776160140,4796.5,4799.3,4796.3,4799.3
1776160200,4799.5,4800.8,4799.4,4800.6
1776160260,4800.5,4800.5,4799.2,4799.7
1776160320,4799.6,4800.4,4799.1,4800.2
1776160380,4800.4,4801.8,4800.1,4800.1
1776160440,4799.9,4801.3,4799.9,4800.4
1776160500,4800.6,4802.8,4800.3,4802.8
1776160560,4802.8,4805.6,4801.5,4804.7
1776160620,4804.5,4805.2,4803.4,4804.2
1776160680,4804.1,4804.5,4802.5,4802.5
1776160740,4802.5,4803.2,4800.7,4801.6
1776160800,4801.7,4804.5,4801.7,4803.8
1776160860,4803.7,4805.3,4803.7,4805
1776160920,4804.9,4805,4802.8,4803
1776160980,4802.8,4803.4,4801.8,4802.6
1776161040,4802.8,4803.7,4802.8,4803.3
1776161100,4803.5,4805.1,4803.3,4804.7
1776161160,4804.8,4805.9,4804,4804.3
1776161220,4804.7,4806.8,4804.4,4805.3
1776161280,4805.6,4806.4,4805.2,4806
1776161340,4805.7,4807.8,4805.7,4807.4
1776161400,4808,4808.1,4806.9,4807.6
1776161460,4807.2,4807.2,4805.2,4806.6
1776161520,4806.6,4806.6,4806,4806.6
1776161580,4806.3,4806.3,4803.4,4803.4
1776161640,4803.5,4805.4,4803.5,4805.4
1776161700,4805.4,4805.5,4804.9,4804.9
1776161760,4804.9,4807.3,4804.6,4807.1
1776161820,4806.8,4808.1,4805.4,4806.2
1776161880,4806,4806.5,4806,4806.5
1776161940,4807,4810.6,4807,4810.4
1776162000,4810,4811,4809.9,4810.4
1776162060,4810,4810.7,4808.8,4810.4
1776162120,4810.1,4811.1,4808.6,4809.3
1776162180,4808.9,4809,4807.8,4808.3
1776162240,4807.6,4807.9,4806.2,4807.3
1776162300,4807.2,4807.3,4805.9,4806.5
1776162360,4806.1,4806.1,4803.2,4804.1
1776162420,4804.4,4804.9,4804.3,4804.7
1776162480,4805.2,4806.7,4805.2,4806.3
1776162540,4806.7,4808.6,4806,4807.2
1776162600,4806.7,4806.7,4806,4806.5
1776162660,4806.2,4807.1,4806.2,4806.5
1776162720,4807,4807,4806.2,4806.3
1776162780,4805.3,4807.2,4805,4807.2
1776162840,4806.9,4807.5,4806,4806.8
1776162900,4806.9,4807,4797.6,4799.3
1776162960,4799.2,4801,4798.8,4798.8
1776163020,4799.2,4799.4,4795.4,4796.6
1776163080,4796.8,4796.8,4786.4,4789.9
1776163140,4790.1,4790.1,4773.3,4786.1
1776163200,4786.1,4790.6,4784.7,4789.3
1776163260,4789,4789.1,4779.1,4781.1
1776163320,4781.2,4787.7,4779.6,4787.5
1776163380,4787.8,4787.8,4780.2,4785
1776163440,4784.8,4790.9,4784.4,4789.1
1776163500,4789.3,4791.3,4789,4790.8
1776163560,4790.9,4792.2,4790.2,4791
1776163620,4790.9,4792.5,4790.6,4791.5
1776163680,4791.6,4792.2,4791,4791.5
1776163740,4791.4,4792.2,4791.4,4792.2
1776163800,4792.5,4793.2,4791.6,4792.6
1776163860,4793,4793.8,4792.8,4792.9
1776163920,4793.1,4793.9,4792.9,4793.9
1776163980,4794,4795.3,4793.9,4794.9
1776164040,4794.8,4794.8,4791.7,4793.1
1776164100,4792.6,4793.6,4792.4,4793.6
1776164160,4793.6,4794,4793.1,4793.1
1776164220,4793.2,4793.2,4791.4,4791.4
1776164280,4792.2,4794.8,4792.2,4792.8
1776164340,4792.3,4793,4790.9,4791.1
1776164400,4790.6,4791.9,4789.4,4791.2
1776164460,4791.1,4793,4790.1,4793
1776164520,4792.5,4793.1,4791.7,4793.1
1776164580,4794,4794,4792.1,4792.8
1776164640,4792.3,4793.8,4792.2,4793.8
1776164700,4793.3,4795,4792.7,4794.9
1776164760,4795,4796.3,4794.5,4795.1
1776164820,4795.3,4795.5,4794.2,4794.6
1776164880,4794.5,4798.5,4794.5,4797.8
1776164940,4797.9,4799.4,4797,4798.7
1776165000,4798.9,4799.7,4798.9,4799.6
1776165060,4799.3,4799.4,4797.9,4798.5
1776165120,4798.5,4798.8,4798,4798.2
1776165180,4798.9,4799.3,4798.4,4798.6
1776165240,4798.2,4799.4,4798,4799.4
1776165300,4799.4,4799.6,4797.9,4799.6
1776165360,4799.6,4800.4,4799.2,4800
1776165420,4799.7,4800.4,4799.3,4799.3
1776165480,4799.3,4801.2,4799.3,4800
1776165540,4799.8,4800,4798.9,4799.3
1776165600,4799.7,4800.5,4799.7,4800
1776165660,4799.7,4800,4799,4799.6
1776165720,4799.6,4800.1,4799.1,4800
1776165780,4799.6,4800.6,4799.2,4799.2
1776165840,4799.6,4802.5,4799.3,4800.8
1776165900,4801.2,4802.5,4801.2,4802.5
1776165960,4802.5,4802.5,4801.4,4801.7
1776166020,4801.9,4805.1,4801.9,4803.8
1776166080,4803.8,4805.8,4803.8,4804.9
1776166140,4804.8,4804.8,4799.2,4800.9
1776166200,4801,4801.3,4799.2,4799.7
1776166260,4799.1,4799.5,4797.9,4798.6
1776166320,4799,4799.2,4796.8,4796.8
1776166380,4797.1,4798,4797.1,4797.7
1776166440,4797.6,4797.9,4795.9,4796.2
1776166500,4796.1,4797,4795.9,4796.7
1776166560,4796.8,4797.3,4796.2,4796.2
1776166620,4796.7,4797.6,4796.7,4797.6
1776166680,4798,4800,4798,4799.7
1776166740,4799.9,4800.5,4799.2,4800.2
1776166800,4800.2,4802.3,4800.2,4801.1
1776166860,4800.9,4802.2,4800.9,4801
1776166920,4801,4802,4800.9,4800.9
1776166980,4800.9,4801.2,4799.3,4801.2
1776167040,4801.6,4802.4,4800,4800.4
1776167100,4800.8,4801.3,4800.5,4801.1
1776167160,4800.8,4801.1,4800.7,4801.1
1776167220,4800.8,4800.8,4798.9,4799.9
1776167280,4799.9,4800.2,4797,4798.2
1776167340,4798.7,4798.7,4797.8,4797.8
1776167400,4798.2,4798.2,4792.3,4795.4
1776167460,4796.1,4796.1,4795.2,4795.8
1776167520,4795.8,4796,4794.9,4794.9
1776167580,4795.2,4796,4794.2,4795.6
1776167640,4795.8,4797,4795.4,4796.2
1776167700,4795.8,4795.8,4794.3,4794.5
1776167760,4794.1,4795,4794.1,4794.7
1776167820,4794.5,4798.3,4793.4,4798.3
1776167880,4797.8,4805.6,4797.7,4804.1
1776167940,4803.5,4803.8,4795.9,4797.1
1776168000,4797.1,4799.5,4797.1,4798.9
1776168060,4798.1,4799.7,4797.7,4798.6
1776168120,4798.8,4799.7,4796.7,4798.5
1776168180,4799,4799.2,4797.8,4798.1
1776168240,4798.5,4798.5,4796.1,4797.1
1776168300,4797.1,4799.6,4796.7,4798.6
1776168360,4798.9,4799,4797.5,4798.4
1776168420,4798.5,4800.1,4798.1,4799.6
1776168480,4799.2,4800.2,4799.2,4799.7
1776168540,4799.2,4799.6,4797.3,4797.3
1776168600,4797.1,4797.5,4795.8,4795.8
1776168660,4796.1,4796.1,4794.5,4795.4
1776168720,4795.8,4795.8,4792.3,4792.8
1776168780,4793.1,4793.5,4791.2,4791.7
1776168840,4791.9,4792.9,4791.3,4792.2
1776168900,4792,4792.5,4788.2,4789.5
1776168960,4789,4791.2,4789,4790.5
1776169020,4790.4,4795,4790,4794.5
1776169080,4794.5,4794.8,4792.3,4793.7
1776169140,4793.9,4793.9,4791.8,4793
1776169200,4792.9,4793.1,4788.4,4789
1776169260,4788.9,4789,4786.5,4787
1776169320,4786.8,4787.5,4785,4785.2
1776169380,4785,4789.2,4784.2,4788.5
1776169440,4788.1,4788.9,4787,4787.8
1776169500,4788.4,4789.4,4787.2,4787.9
1776169560,4788,4792.2,4787.4,4791.5
1776169620,4791.6,4792.2,4790,4790.9
1776169680,4791,4792.7,4789.8,4789.8
1776169740,4790.1,4791.6,4788,4790.9
1776169800,4790.7,4795.7,4790.6,4792.4
1776169860,4792.1,4796.7,4790.8,4796.3
1776169920,4796.2,4796.4,4794.1,4794.9
1776169980,4795.1,4796.7,4793.9,4795.3
1776170040,4795.6,4798.4,4794.9,4797.6
1776170100,4798,4798.5,4795.1,4795.1
1776170160,4794.9,4795.1,4791.7,4792
1776170220,4792.4,4794.2,4792.4,4794.2
1776170280,4794.1,4797.1,4793.4,4794.5
1776170340,4794.7,4795.5,4794.1,4795.3
1776170400,4795.3,4798.3,4795,4797.7
1776170460,4797.6,4798.3,4796.7,4797.9
1776170520,4798,4798.1,4795.5,4796.5
1776170580,4796.4,4797.1,4791.8,4792.1
1776170640,4792,4792.8,4790,4791
1776170700,4791.1,4791.6,4789.8,4790.2
1776170760,4790.5,4790.8,4789,4790
1776170820,4790.1,4790.8,4788,4790.4
1776170880,4790,4793.2,4789.5,4793.2
1776170940,4792.9,4796.1,4792.9,4794.7
1776171000,4795.2,4795.3,4792.3,4794.1
1776171060,4793.6,4793.6,4786.7,4787.7
1776171120,4787.6,4788.4,4786.1,4787.1
1776171180,4787.4,4788.3,4785.7,4785.7
1776171240,4785.4,4787,4784.2,4787
1776171300,4787.1,4788,4786.2,4787.6
1776171360,4787,4788.7,4786.8,4788.4
1776171420,4788.2,4791.5,4788.2,4790.9
1776171480,4790.7,4792.8,4790.5,4792.8
1776171540,4792.9,4793.6,4792.8,4793.3
1776171600,4793,4798,4792.9,4796.8
1776171660,4797,4798.4,4796,4797.3
1776171720,4797.3,4798,4796.4,4797.6
1776171780,4797.3,4800.3,4797,4799.2
1776171840,4799,4800,4797.9,4799.6
1776171900,4799.5,4800,4797.5,4798.9
1776171960,4798.5,4800.1,4798,4799.4
1776172020,4799.4,4799.5,4797,4797
1776172080,4797.7,4798.5,4796,4798.5
1776172140,4798.2,4799.6,4797.7,4799
1776172200,4799.2,4802.2,4798.8,4800.8
1776172260,4800.6,4802,4800,4800
1776172320,4800,4800.7,4799.3,4800.1
1776172380,4801,4802.7,4800.8,4802.6
1776172440,4802.8,4804.6,4802.4,4804.3
1776172500,4804.5,4806,4803.3,4804.7
1776172560,4804.1,4808,4803.5,4806.3
1776172620,4806.2,4808,4805.5,4807.7
1776172680,4807.6,4809,4806.5,4807.5
1776172740,4807.5,4810.3,4806.9,4809.8
1776172800,4810.1,4811.2,4809,4810.4
1776172860,4810.4,4812.9,4809.4,4812.4
1776172920,4812.1,4813.4,4809.5,4809.9
1776172980,4809.7,4811.8,4809.4,4811.3
1776173040,4811.7,4815.8,4810.7,4814.3
1776173100,4814.2,4814.6,4811.4,4812.7
1776173160,4812.9,4813.1,4810.7,4810.7
1776173220,4810.8,4810.9,4807.4,4807.4
1776173280,4808.1,4808.7,4805.5,4806
1776173340,4805.8,4806.6,4804.6,4805.8
1776173400,4805.3,4807.6,4802.9,4805.7
1776173460,4805.6,4807.4,4803.9,4807
1776173520,4807.1,4809.6,4805.8,4807.3
1776173580,4807.9,4812.6,4807.8,4812
1776173640,4812.2,4817.2,4811.4,4817.2
1776173700,4816.9,4818.8,4815.3,4815.9
1776173760,4816.3,4818.9,4815.3,4818.3
1776173820,4818.5,4821.4,4816.8,4820
1776173880,4820.5,4828.9,4819.9,4823.7
1776173940,4823.3,4823.6,4812.6,4813.7
1776174000,4813.1,4817.4,4812.1,4812.6
1776174060,4812.7,4814.5,4811.1,4811.7
1776174120,4811.4,4816,4810,4816
1776174180,4815.7,4815.9,4813.6,4815.9
1776174240,4816,4817,4814.2,4816.7
1776174300,4816.5,4817.3,4814.4,4814.8
1776174360,4815,4818.7,4814.9,4817.9
1776174420,4817.3,4818.3,4814,4815.3
1776174480,4815.2,4817.6,4815.1,4815.9
1776174540,4815.8,4818,4814,4817.1
1776174600,4818,4818.1,4813,4813.1
1776174660,4813.4,4819.4,4812.8,4818.8
1776174720,4818.7,4819.4,4816.8,4818.1
1776174780,4818.1,4818.1,4814.7,4816.4
1776174840,4816.7,4817.1,4814.9,4816.6
1776174900,4816.6,4817.3,4814.6,4814.6
1776174960,4814.4,4815.8,4813.9,4815.1
1776175020,4815.1,4816.2,4814,4815
1776175080,4815.5,4820.5,4814.4,4820
1776175140,4820.1,4820.5,4817.7,4818.8
1776175200,4818.4,4824.8,4818.3,4824.2
1776175260,4824.3,4827.2,4824,4826.3
1776175320,4826.5,4827.8,4822.1,4827.5
1776175380,4827.4,4827.8,4818.8,4823.3
1776175440,4822.9,4823.1,4818.5,4819.8
1776175500,4819.9,4821.3,4816.7,4817.3
1776175560,4817.2,4819.1,4816.8,4818.3
1776175620,4818.3,4819.6,4817,4819
1776175680,4819.3,4823.4,4819.2,4821.5
1776175740,4821.9,4826.3,4821.4,4826
1776175800,4826,4826.3,4823,4825.3
1776175860,4824.9,4824.9,4819.5,4820.3
1776175920,4820.3,4821,4818.3,4820.5
1776175980,4820.6,4822.1,4818.7,4821.1
1776176040,4821.6,4822.2,4817.6,4818.7
1776176100,4818.7,4821,4818.7,4820.8
1776176160,4820.6,4822.3,4819.9,4821.5
1776176220,4821.2,4826.4,4819.7,4825.4
1776176280,4825.2,4827.1,4821.7,4823.4
1776176340,4823.1,4831,4823.1,4828.5
1776176400,4828.3,4829.2,4822.4,4827.9
1776176460,4828.2,4828.6,4824.8,4826
1776176520,4826,4826.3,4824,4824
1776176580,4824.2,4824.9,4822.5,4824.6
1776176640,4825.1,4826.8,4824.4,4824.4
1776176700,4824.5,4829.4,4823.4,4826.8
1776176760,4826.5,4828.9,4826.2,4828.9
1776176820,4829.1,4834,4829.1,4832.8
1776176880,4833,4834.3,4831.4,4833.5
1776176940,4833.3,4834.6,4832.5,4833
1776177000,4833,4833.8,4830,4831.9
1776177060,4831.5,4835,4831.3,4834.4
1776177120,4834.2,4837.7,4833.4,4837.1
1776177180,4837,4840.7,4837,4838.6
1776177240,4838.7,4839.6,4837,4837.5
1776177300,4837.8,4842,4836.2,4837
1776177360,4837.3,4837.3,4835.5,4836.5
1776177420,4836.5,4836.5,4833.8,4834.7
1776177480,4834.9,4835.6,4829.9,4831.5
1776177540,4831.3,4832,4825.3,4828.3
1776177600,4827.9,4828.3,4824.8,4824.8
1776177660,4824.8,4826.6,4823.5,4826.2
1776177720,4827,4828.4,4825.6,4825.6
1776177780,4825.4,4826.5,4824.4,4826.4
1776177840,4826.3,4826.4,4821.8,4822.2
1776177900,4822.7,4822.9,4818.7,4821.5
1776177960,4821.6,4823.5,4819.4,4819.6
1776178020,4819.2,4822.8,4819,4822.4
1776178080,4822.4,4822.7,4821.1,4822.2
1776178140,4822.2,4824.7,4822.2,4823.1
1776178200,4823,4823.3,4820,4821.7
1776178260,4821.5,4823,4820,4823
1776178320,4822.8,4823.9,4821.5,4821.7
1776178380,4821.7,4823.2,4821.6,4822.2
1776178440,4822.4,4825.3,4822.1,4825.3
1776178500,4825.2,4828.8,4825.2,4828.2
1776178560,4828.4,4830.3,4827.1,4827.6
1776178620,4827.5,4828,4824.9,4826.3
1776178680,4826.1,4827.6,4824.7,4827
1776178740,4827,4827.4,4826,4827.3
1776178800,4827.3,4827.5,4822.6,4823.6
1776178860,4823.2,4826.3,4821,4825.9
1776178920,4825.9,4825.9,4820.6,4822.5
1776178980,4822.6,4825.3,4822.3,4822.9
1776179040,4823.4,4823.4,4819.5,4819.8
1776179100,4819.6,4820.1,4815.3,4818.1
1776179160,4818.4,4818.4,4815,4818.3
1776179220,4818.6,4821.7,4817.7,4817.7
1776179280,4817.3,4818.9,4816.9,4818.1
1776179340,4818,4818.2,4815.9,4816
1776179400,4816,4816.7,4814.4,4816.3
1776179460,4816.4,4820,4816.4,4819.4
1776179520,4819.2,4820.2,4817.7,4818
1776179580,4818.2,4820.5,4818,4820.3
1776179640,4820.3,4821.4,4817.7,4817.7
1776179700,4817.7,4820.5,4816.3,4820.5
1776179760,4820.4,4820.4,4818.8,4819.9
1776179820,4820,4821.4,4820,4820.5
1776179880,4820.6,4822.3,4819.9,4820.5
1776179940,4820.5,4824.5,4820.1,4823.9
1776180000,4824,4825.8,4822.8,4824.9
1776180060,4825.3,4828.5,4825.2,4827.7
1776180120,4827.9,4827.9,4826.1,4826.1
1776180180,4825.9,4828.7,4825.2,4828.4
1776180240,4828,4829.3,4826.8,4826.8
1776180300,4827.5,4828.3,4824.8,4824.8
1776180360,4824.8,4827,4824.1,4827
1776180420,4827.1,4827.4,4825.6,4825.9
1776180480,4826.1,4826.6,4825.2,4826.5
1776180540,4826.5,4827.5,4826,4826.2
1776180600,4826.3,4831.7,4826.3,4831
1776180660,4831.1,4833.9,4830.5,4831.4
1776180720,4831.3,4831.7,4829.4,4830.1
1776180780,4830.4,4832.4,4829.8,4831.7
1776180840,4832.2,4832.2,4829.7,4831.1
1776180900,4831.1,4834,4831,4833.7
1776180960,4833.5,4836.3,4833.2,4835.7
1776181020,4835.6,4837.2,4833.2,4833.2
1776181080,4833.7,4834.5,4832,4833.8
1776181140,4834.1,4835.5,4833.5,4835
1776181200,4835.2,4835.7,4833,4833.1
1776181260,4833.1,4833.1,4830.6,4831.6
1776181320,4831.8,4833,4831.3,4832.7
1776181380,4832.6,4834,4832,4832.1
1776181440,4831.7,4833.3,4831.2,4832.6
1776181500,4832.9,4834.9,4832.9,4834.4
1776181560,4834.2,4834.6,4833.2,4833.8
1776181620,4833.3,4833.3,4831.7,4832.2
1776181680,4832.1,4833,4831.3,4831.9
1776181740,4831.8,4832.4,4830.6,4831.8
1776181800,4831.8,4834.4,4831.5,4834
1776181860,4834.4,4839.7,4834,4837.7
1776181920,4838.1,4839.8,4835.7,4837.2
1776181980,4836.4,4838,4835.4,4835.7
1776182040,4835.4,4836.3,4834,4834
1776182100,4834.4,4835.1,4832.5,4832.8
1776182160,4832.8,4833.3,4831.9,4833
1776182220,4832.9,4834,4832.9,4833.9
1776182280,4833.9,4834,4830.8,4830.8
1776182340,4831.2,4832.2,4830,4832.2
1776182400,4832,4832.5,4829.7,4829.7
1776182460,4829.7,4831.5,4829,4831.3
1776182520,4831.7,4834.2,4831.7,4833.5
1776182580,4833.9,4834.7,4833,4834.5
1776182640,4834.7,4836.9,4834.1,4835.3
1776182700,4835.4,4837.4,4834.7,4836.2
1776182760,4836.1,4837,4834.8,4835.5
1776182820,4835.8,4837.5,4835.2,4835.2
1776182880,4834.9,4835.3,4832.5,4832.6
1776182940,4832.7,4834.8,4832.6,4834.4
1776183000,4834.5,4834.6,4832,4832
1776183060,4832.2,4833.6,4832,4832.8
1776183120,4832.9,4833,4831.7,4831.8
1776183180,4831.5,4832.7,4830.4,4832.4
1776183240,4832.3,4833.6,4832,4832.9
1776183300,4833,4833,4830.9,4830.9
1776183360,4830.9,4832.6,4830.6,4830.9
1776183420,4830.7,4831.5,4830.6,4831.2
1776183480,4831.1,4836,4830.3,4835.4
1776183540,4835,4840.8,4834.8,4839.2
1776183600,4839.2,4840.3,4838.3,4839.9
1776183660,4839.5,4839.7,4837.3,4838.5
1776183720,4838.1,4838.1,4833.2,4835.8
1776183780,4835.9,4840.4,4835.9,4839.8
1776183840,4839.2,4839.5,4837.9,4839.4
1776183900,4839.5,4840.1,4838.7,4839.3
1776183960,4839,4840.8,4838.4,4839.8
1776184020,4839.7,4841.6,4839.7,4841.5
1776184080,4841.6,4842.6,4841.1,4842
1776184140,4842.1,4842.2,4839.1,4839.8
1776184200,4839.5,4844,4839.4,4842.3
1776184260,4842.5,4843.4,4840.3,4840.4
1776184320,4840.4,4840.6,4837.8,4838.4
1776184380,4838.2,4841.2,4838.1,4840.1
1776184440,4839.9,4840.3,4838.7,4838.7
1776184500,4839,4839.9,4837.1,4837.5
1776184560,4837.4,4839.1,4836.6,4839.1
1776184620,4839,4840.3,4838.6,4839.8
1776184680,4839.3,4839.3,4838.2,4838.5
1776184740,4838.5,4840.1,4838.4,4839.4
1776184800,4839.5,4841.2,4838.9,4840.3
1776184860,4840,4840.1,4837.9,4838
1776184920,4837.9,4838.9,4837.5,4838.2
1776184980,4838.5,4838.7,4838.1,4838.7
1776185040,4838.6,4838.8,4838.1,4838.6
1776185100,4838.6,4838.6,4836.5,4837
1776185160,4837.1,4837.8,4834.7,4835
1776185220,4835.3,4835.6,4834.1,4835
1776185280,4835.1,4836.4,4834.8,4836.3
1776185340,4836.4,4838.5,4836.1,4838
1776185400,4838.2,4843.7,4838,4840.3
1776185460,4839.9,4839.9,4837.6,4838.2
1776185520,4837.9,4839.4,4837.9,4838.6
1776185580,4838.4,4838.5,4835.9,4836.3
1776185640,4836.8,4837.4,4836.5,4837.1
1776185700,4837,4837,4835.9,4836.8
1776185760,4836.7,4836.8,4834.4,4834.4
1776185820,4834.7,4835.4,4833.6,4834.6
1776185880,4834.4,4834.9,4833.6,4834
1776185940,4834,4834,4832.5,4833.5
1776186000,4833.4,4838.9,4832.9,4835.7
1776186060,4835.6,4837.3,4835.6,4836.6
1776186120,4836.6,4836.9,4835.8,4836
1776186180,4835.7,4841.4,4834.4,4839.4
1776186240,4839.7,4840,4838.8,4839.2
1776186300,4838.9,4850.1,4838.9,4843.5
1776186360,4843.8,4852.4,4843.4,4851.4
1776186420,4851.5,4857.3,4851.4,4854
1776186480,4853.6,4853.8,4851,4851.3
1776186540,4851.6,4855,4851.1,4853.7
1776186600,4853.7,4860,4853.4,4857.1
1776186660,4856.9,4857.8,4854.5,4855.5
1776186720,4855.2,4855.9,4852.8,4853
1776186780,4852.7,4854.2,4851.3,4852.7
1776186840,4853.2,4853.6,4851.1,4851.1
1776186900,4851.2,4851.6,4850,4850.9
1776186960,4851.1,4852.3,4851,4851.4
1776187020,4851.1,4851.1,4850,4850.3
1776187080,4850.1,4851.1,4849.3,4849.3
1776187140,4849.3,4851.8,4849.1,4851.6
1776187200,4851.6,4851.9,4850.4,4850.9
1776187260,4850.5,4854.5,4850.5,4853.5
1776187320,4853.5,4854.8,4852.9,4853.2
1776187380,4854.1,4854.3,4851.6,4853.5
1776187440,4853.4,4855.4,4852.9,4854.6
1776187500,4855.2,4856,4853.7,4856
1776187560,4856,4856.1,4852.1,4853.1
1776187620,4853.4,4853.6,4852,4852.2
1776187680,4852.5,4852.5,4850.2,4850.7
1776187740,4850.9,4851.6,4848.8,4849.8
1776187800,4849.7,4851.8,4849.2,4850.8
1776187860,4851,4853.8,4851,4853.8
1776187920,4854,4856.5,4853.3,4856.3
1776187980,4856.5,4857,4855.1,4856.4
1776188040,4856.2,4858.4,4854.8,4856
1776188100,4855.8,4858.1,4855,4856.6
1776188160,4856.5,4857.6,4855.1,4856.4
1776188220,4855.9,4856.3,4855.6,4856
1776188280,4856.4,4863.5,4855.5,4862.6
1776188340,4862.3,4864.6,4861.7,4862.2
1776188400,4862,4867.7,4861.8,4862.8
1776188460,4863.1,4865.5,4862.7,4863.3
1776188520,4863.4,4863.8,4861.9,4862.9
1776188580,4862.9,4862.9,4861.3,4861.8
1776188640,4862.1,4862.3,4861.3,4861.4
1776188700,4861.9,4861.9,4861.2,4861.8
1776188760,4862.1,4862.6,4860.8,4861.7
1776188820,4862.1,4862.4,4861.1,4861.7
1776188880,4861.4,4863.9,4860.9,4863.6
1776188940,4863.8,4863.8,4861.9,4862.4
1776189000,4862.4,4863.3,4861.8,4862.6
1776189060,4862.9,4864.5,4862.9,4863.3
1776189120,4863.2,4863.5,4862.2,4862.4
1776189180,4862.3,4862.6,4861.2,4862.4
1776189240,4862.5,4862.9,4860.6,4861
1776189300,4861.6,4862.1,4860.6,4860.6
1776189360,4860.4,4860.4,4858.7,4859.2
1776189420,4859.2,4860.7,4859,4859.8
1776189480,4860,4862,4859.9,4860.3
1776189540,4860.1,4860.5,4859.5,4859.5
1776189600,4859.6,4860.6,4858.9,4859
1776189660,4859,4861,4858.8,4860.3
1776189720,4860.2,4861.2,4860.2,4860.9
1776189780,4860.9,4861.6,4860.7,4861.1
1776189840,4861,4861.6,4860.1,4861.5
1776189900,4861.4,4861.6,4860.7,4861
1776189960,4861.4,4862,4860.7,4861.6
1776190020,4862.1,4864.3,4861.5,4863.9
1776190080,4863.9,4866.9,4863.9,4866.3
1776190140,4866.1,4867.8,4865.8,4867.1
1776190200,4867.2,4867.8,4861.2,4861.2
1776190260,4861.1,4862.3,4860.3,4862.1
1776190320,4862.2,4863.5,4862.1,4862.3
1776190380,4862.1,4864,4861.9,4863.9
1776190440,4863.7,4864.9,4862.4,4863.4
1776190500,4863,4864.2,4863,4863.1
1776190560,4862.8,4863.6,4862.2,4862.2
1776190620,4862.6,4863.8,4862.3,4862.8
1776190680,4862.3,4864.2,4862.3,4863.1
1776190740,4862.9,4862.9,4859.2,4860.1
1776190800,4860.4,4861.5,4858.8,4859.2
1776190860,4858.7,4860,4857.6,4860
1776190920,4860.7,4862,4860.3,4860.8
1776190980,4860.9,4861.4,4859.8,4860.1
1776191040,4860.4,4861.2,4858.9,4859.9
1776191100,4859.9,4861.4,4858.9,4860.3
1776191160,4861.2,4863.7,4861.2,4862.6
1776191220,4863,4864.4,4862.7,4863.8
1776191280,4863.9,4863.9,4862.3,4862.8
1776191340,4863,4863.2,4861.2,4862.1
1776191400,4862.1,4863,4861,4861.7
1776191460,4861.6,4862.6,4861.6,4862.4
1776191520,4862.7,4863,4861.7,4862.8
1776191580,4863,4863.2,4860.7,4861
1776191640,4861.1,4861.8,4861.1,4861.4
1776191700,4861.9,4863.2,4861.4,4861.7
1776191760,4862.2,4863.8,4861.9,4863.2
1776191820,4863.1,4863.3,4862.1,4862.9
1776191880,4862.8,4863.6,4862.5,4862.6
1776191940,4862.5,4863.1,4861.9,4861.9
1776192000,4862,4862.7,4861.9,4862.2
1776192060,4861.7,4861.9,4860.7,4860.8
1776192120,4860.5,4860.8,4858.6,4858.9
1776192180,4858.9,4859.9,4858.8,4859.7
1776192240,4859.3,4859.5,4858.5,4859.2
1776192300,4859.3,4860,4858.7,4859.9
1776192360,4859.4,4859.7,4859.4,4859.5
1776192420,4859.5,4860,4859.5,4860
1776192480,4859.7,4859.8,4857.5,4857.5
1776192540,4857.9,4859.1,4857.5,4858.2
1776192600,4857.9,4858.1,4855.7,4856.3
1776192660,4856.1,4856.5,4855.2,4856.4
1776192720,4856.7,4857.1,4855.6,4857.1
1776192780,4857.3,4858.2,4857.1,4857.6
1776192840,4857.7,4859,4857.3,4858.7
1776192900,4858.7,4859.9,4858.7,4859.6
1776192960,4860.1,4860.1,4859,4859.5
1776193020,4859.8,4860.7,4859.8,4860.1
1776193080,4860.4,4860.5,4859.8,4859.8
1776193140,4859.8,4861,4859.8,4860.1
1776193200,4860.3,4863.2,4860.3,4863.2
1776193260,4863,4864.4,4862.3,4863.5
1776193320,4863.5,4864.5,4863.3,4863.6
1776193380,4863.4,4865.8,4863,4865.7
1776193440,4865.7,4866.1,4865.4,4865.5
1776193500,4865.5,4865.8,4865.3,4865.5
1776193560,4865.2,4865.6,4864.3,4865.2
1776193620,4864.9,4866,4864,4865.5
1776193680,4865.8,4865.8,4864.7,4865.2
1776193740,4865,4866,4864.7,4866
1776193800,4865.8,4867,4865.8,4866.6
1776193860,4866.5,4866.5,4865.2,4866
1776193920,4865.6,4866.9,4865.5,4866.8
1776193980,4866.7,4866.7,4865.2,4865.4
1776194040,4865.4,4866.7,4865.4,4865.8
1776194100,4865.7,4867.1,4865.7,4866
1776194160,4866.4,4866.7,4864.7,4864.9
1776194220,4865,4865.3,4864.1,4865
1776194280,4865.1,4865.1,4864.3,4864.4
1776194340,4864.5,4864.5,4863.3,4863.9
1776194400,4864.3,4866.6,4864.3,4865.8
1776194460,4865.7,4865.8,4864.9,4865
1776194520,4864.8,4865.1,4863.8,4864.2
1776194580,4864.2,4865.6,4864.1,4865.2
1776194640,4865.1,4865.4,4864.2,4864.5
1776194700,4864.2,4864.4,4863.7,4863.7
1776194760,4863.8,4864.1,4862.6,4863.2
1776194820,4863.2,4864.7,4863.1,4864.7
1776194880,4864.8,4865.3,4864.5,4864.8
1776194940,4864.5,4865.7,4864.5,4865
1776195000,4864.9,4865.4,4864.1,4865.4
1776195060,4865.5,4868.3,4865.5,4866.9
1776195120,4866.9,4866.9,4865.1,4865.1
1776195180,4864.5,4865.5,4863.7,4865
1776195240,4865.5,4865.5,4863.7,4863.8
1776195300,4864.1,4864.4,4862.9,4863.1
1776195360,4863.2,4863.7,4863,4863.6
1776195420,4864.8,4865.6,4864.3,4865.1
1776195480,4865.1,4865.7,4864.7,4865.6
1776195540,4865.3,4866.6,4865.3,4866.2
1776195600,4866.4,4867.1,4864.8,4865.9
1776195660,4865.9,4866,4864.7,4865.6
1776195720,4865.5,4865.5,4864.2,4864.5
1776195780,4864.5,4865.3,4864.2,4865
1776195840,4865.3,4865.4,4864.5,4865
1776195900,4865.2,4866.7,4865.1,4866.5
1776195960,4866.5,4866.5,4864.7,4865.4
1776196020,4865.7,4865.7,4863.6,4864.7
1776196080,4865,4866.1,4864.1,4866
1776196140,4865.9,4866.9,4865.6,4866.9
1776196200,4866.9,4868.4,4866,4866.3
1776196260,4866,4866.4,4865,4866
1776196320,4866.4,4866.8,4865.9,4865.9
1776196380,4865.9,4866,4864.9,4865.2
1776196440,4865.1,4865.3,4864.7,4864.8
1776196500,4864.9,4866.8,4864.7,4866.4
1776196560,4866.3,4869.5,4866.2,4869
1776196620,4869.2,4869.4,4868,4868.4
1776196680,4868.5,4869.6,4867.2,4869.1
1776196740,4869.3,4870,4868.4,4868.7
1776196800,4869.2,4869.9,4868.4,4868.8
1776196860,4869.2,4870.3,4868.8,4868.8
1776196920,4868.8,4868.8,4868.2,4868.2
1776196980,4868.3,4869.6,4868.3,4869.1
1776197040,4869,4869.1,4866.3,4866.9
1776197100,4867.1,4867.3,4866.3,4866.5
1776197160,4867,4868,4866.6,4867.6
1776197220,4867.5,4867.5,4865.5,4866.1
1776197280,4866.5,4867.7,4866.4,4867.5
1776197340,4867.6,4868.3,4867.4,4867.4
1776197400,4867.2,4867.2,4866.8,4866.8
1776197460,4866.7,4867.3,4866.2,4866.3
1776197520,4866.5,4867.4,4865.9,4867.4
1776197580,4867,4867,4866.2,4866.3
1776197640,4866.2,4866.3,4865.5,4866.3
1776197700,4866.6,4866.9,4866.1,4866.6
1776197760,4866.3,4866.3,4865.5,4865.9
1776197820,4865.7,4865.9,4863,4863.6
1776197880,4863.6,4864.1,4863.4,4864.1
1776197940,4864.1,4864.6,4864.1,4864.6
1776198000,4864.8,4864.9,4864.6,4864.7
1776198060,4864.6,4864.6,4863.7,4863.7
1776198120,4863.9,4864.1,4863.3,4863.5
1776198180,4863.6,4864.4,4863.6,4864.4
1776198240,4864.6,4865.3,4864.6,4865.3
1776198300,4865.1,4865.1,4864.2,4865
1776198360,4864.9,4865,4863.7,4863.8
1776198420,4863.4,4863.8,4863.3,4863.8
1776198480,4863.6,4863.6,4863.2,4863.2
1776198540,4863.7,4864,4863.7,4863.8
1776198600,4864.3,4864.7,4864.2,4864.7
1776198660,4864.6,4864.6,4864.5,4864.6
1776198720,4864.1,4864.2,4863.8,4864
1776198780,4864.3,4864.3,4863.7,4863.9
1776198840,4863.8,4864.1,4863.8,4864.1
1776198900,4864.1,4864.7,4863.9,4864.7
1776198960,4864.3,4864.5,4864.3,4864.5
1776199020,4864.5,4864.5,4864,4864.5
1776199080,4864.7,4864.8,4864.5,4864.5
1776199140,4864.5,4864.5,4863.6,4863.6
1776199200,4863.4,4864.1,4863.4,4863.9
1776199260,4863.9,4864.3,4863.8,4864
1776199320,4864.2,4867,4864.2,4866.7
1776199380,4866,4866,4864.6,4865.1
1776199440,4865.2,4866,4865,4866
1776199500,4865.5,4866.9,4865.5,4866.7
1776199560,4866.3,4866.9,4866,4866.4
1776199620,4866.4,4866.5,4865,4865
1776199680,4865.8,4866,4865.2,4865.2
1776199740,4865.3,4865.4,4864.9,4865.4
1776199800,4864.9,4864.9,4863.7,4864.6
1776199860,4864.1,4865.5,4864.1,4864.8
1776199920,4864.6,4865,4864.1,4865
1776199980,4865.7,4865.7,4865.2,4865.2
1776200040,4865.6,4865.6,4865.2,4865.4
1776200100,4865.2,4865.7,4864.5,4864.8
1776200160,4864.6,4865.3,4864.6,4865.3
1776200220,4865.4,4865.4,4863.7,4864.4
1776200280,4864.1,4865.1,4863.9,4865.1
1776200340,4865.1,4865.6,4864.2,4864.5
1776204000,4862.7,4870,4862.1,4863.8
1776204060,4863.9,4865.7,4860.8,4862.1
1776204120,4862.6,4874.6,4862.6,4872.9
1776204180,4873,4873.9,4867.7,4868.7
1776204240,4868.8,4874,4868.3,4872.8
1776204300,4873,4874.4,4871.9,4873.2
1776204360,4873,4873,4870.3,4870.4
1776204420,4870.3,4871.8,4869.3,4871.8
1776204480,4871.1,4872.9,4870.7,4871.3
1776204540,4872,4872.7,4870,4870.7
1776204600,4870.7,4872.6,4869.6,4870.5
1776204660,4870,4870,4868.7,4869.2
1776204720,4869.8,4869.8,4869.8,4869.8
1776204780,4870.4,4871,4868.9,4869.5
1776204840,4869.3,4869.4,4866.3,4868.1
1776204900,4868.8,4870.8,4868.3,4870.8
1776204960,4870.7,4870.7,4867.1,4867.2
1776205020,4868,4868,4865.6,4865.6
1776205080,4865.7,4865.9,4864.2,4864.2
1776205140,4865.2,4865.7,4860.8,4860.9
1776205200,4860.6,4864.4,4859.7,4864
1776205260,4863.7,4864.6,4862.5,4864.4
1776205320,4864.9,4866.1,4864.9,4866
1776205380,4866,4866.2,4865.1,4865.1
1776205440,4865.9,4866.4,4865.9,4866.3
1776205500,4866,4866,4865.6,4865.6
1776205560,4865.9,4866.5,4865.5,4866
1776205620,4865.6,4865.6,4863.6,4863.6
1776205680,4863.9,4864.1,4863.5,4863.5
1776205740,4863.7,4863.7,4863.2,4863.2
1776205800,4863.1,4865.5,4862,4864
1776205860,4864.2,4867.4,4863.9,4865.3
1776205920,4864.6,4864.6,4864.6,4864.6
1776205980,4864.8,4864.8,4864.8,4864.8
1776206040,4863.9,4864.3,4861.5,4862.6
1776206100,4862.5,4865,4862.2,4863.6
1776206160,4864.1,4864.4,4862,4863.7
1776206220,4863.8,4863.8,4863.2,4863.7
1776206280,4863.7,4863.7,4863.1,4863.3
1776206340,4863.2,4864.4,4862.9,4864.1
1776206400,4863.4,4864,4862.9,4864
1776206460,4864.6,4865.3,4864,4865.3
1776206520,4865.3,4865.3,4862.9,4864
1776206580,4864.2,4865.9,4864.2,4864.3
1776206640,4864.2,4864.5,4863.9,4864.5
1776206700,4864,4864,4863.9,4863.9
1776206820,4863.7,4863.9,4863,4863
1776206880,4863.8,4863.8,4861.7,4862.2
1776206940,4862.1,4862.6,4861.5,4861.6
1776207000,4861.6,4862.6,4861.1,4862.6
1776207060,4862.3,4862.3,4862,4862
1776207120,4862.4,4862.4,4858.9,4859.4
1776207180,4859.5,4861,4858.8,4858.8
1776207240,4859.8,4860.3,4859.4,4860
1776207300,4860.2,4860.2,4859,4860
1776207360,4860.1,4860.7,4857.2,4857.6
1776207420,4858.3,4859.9,4857.8,4859.9
1776207480,4859.9,4861.1,4859.6,4860.7
1776207540,4860.9,4860.9,4858.5,4859.5
1776207600,4859.1,4859.3,4857.5,4858.9
1776207660,4858.7,4861.5,4858.7,4861
1776207720,4861.3,4862.4,4860.8,4862.2
1776207780,4861.7,4861.7,4860.2,4861.3
1776207840,4861.1,4861.8,4861,4861.2
1776207900,4861.7,4863.5,4861.2,4863.4
1776207960,4863.3,4868.2,4863.3,4866.5
1776208020,4866.5,4867,4864.2,4864.5
1776208080,4864.8,4865.1,4863.9,4863.9
1776208140,4864,4864,4863.6,4863.6
1776208200,4863.6,4864.4,4863.5,4864
1776208260,4863.6,4864.3,4862.9,4862.9
1776208320,4863.4,4863.4,4861.3,4861.3
1776208380,4861.3,4862.7,4860,4862.6
1776208440,4862.5,4862.5,4861.2,4861.2
1776208500,4861.1,4861.5,4859.8,4860.3
1776208560,4860.3,4860.4,4859.6,4859.7
1776208620,4860.4,4862.1,4860.1,4861.9
1776208680,4861.8,4864,4861.5,4862.7
1776208740,4862.5,4863.7,4861.7,4862.6
1776208800,4862,4863.2,4861.6,4863.1
1776208860,4862.6,4862.9,4861.8,4862.4
1776208920,4861.9,4862.5,4861.7,4862.4
1776208980,4862.8,4863.1,4860.9,4863.1
1776209040,4863,4863.4,4861.4,4862.5
1776209100,4863,4863,4861.2,4861.4
1776209160,4861.6,4861.9,4859.2,4860.3
1776209220,4860.1,4861.9,4859.8,4861.9
1776209280,4861.4,4862.5,4861.4,4861.8
1776209340,4861.2,4861.2,4859.5,4860
1776209400,4860.2,4861.2,4859.9,4861.2
1776209460,4860.6,4860.7,4859.5,4859.7
1776209520,4859.7,4859.9,4859.5,4859.9
1776209580,4860,4860.6,4859.8,4859.9
1776209640,4860.8,4866.5,4860.8,4865.5
1776209700,4866.1,4866.6,4864.8,4866.1
1776209760,4866.2,4867.7,4863.9,4864.5
1776209820,4864.3,4864.7,4863.3,4864.3
1776209880,4865,4865.8,4863.4,4865.8
1776209940,4865.4,4867.4,4864.7,4867.1
1776210000,4866.8,4866.8,4863.9,4864.4
1776210060,4864,4864,4862.5,4863
1776210120,4863.2,4866.2,4862.2,4866.2
1776210180,4865.5,4866.2,4864.5,4864.9
1776210240,4865,4867,4865,4866.8
1776210300,4867,4868.8,4866.2,4868.8
1776210360,4868,4868.6,4867.3,4868.6
1776210420,4868.5,4869,4867.2,4867.5
1776210480,4867.3,4867.7,4866,4867.7
1776210540,4867.4,4867.4,4865.4,4866
1776210600,4865.6,4866.5,4865.4,4866
1776210660,4865.3,4865.6,4862.5,4862.6
1776210720,4863.1,4864.1,4862.5,4863.3
1776210780,4863.4,4863.6,4863,4863.5
1776210840,4862.8,4863.7,4862.6,4863.1
1776210900,4862.7,4863.6,4862.7,4862.7
1776210960,4863.3,4863.3,4860.8,4861.1
1776211020,4862,4862.9,4862,4862.9
1776211080,4863.1,4864.3,4862.3,4862.3
1776211140,4862.8,4863,4860.9,4861.7
1776211200,4861.5,4861.9,4858.5,4859.4
1776211260,4859.3,4859.3,4857,4858.4
1776211320,4857.9,4860.9,4857.6,4859.3
1776211380,4860.5,4862.9,4860.5,4861.5
1776211440,4861.3,4863.4,4859.7,4863
1776211500,4862.4,4862.4,4861.7,4861.9
1776211560,4862,4864.1,4862,4863.5
1776211620,4863.7,4863.7,4860.6,4860.7
1776211680,4861.1,4861.7,4859,4859.4
1776211740,4859.3,4860,4858.4,4858.4
1776211800,4859.4,4859.7,4857.2,4857.8
1776211860,4858.2,4858.3,4857.1,4858
1776211920,4857.7,4858,4856.5,4857.1
1776211980,4857.5,4857.5,4855.8,4857.1
1776212040,4857.6,4858.7,4856.1,4858.2
1776212100,4858,4858,4855,4856.2
1776212160,4856.9,4857.9,4855.6,4855.6
1776212220,4856.4,4856.4,4853.3,4854.2
1776212280,4854.4,4855.5,4853.4,4855.5
1776212340,4855.8,4857.5,4855.8,4857.5
1776212400,4857.2,4858.6,4857.2,4858.3
1776212460,4858.8,4859.9,4858.2,4858.4
1776212520,4858.2,4858.2,4857.2,4857.5
1776212580,4858.2,4859.2,4858.2,4858.9
1776212640,4859,4860.4,4858.5,4860
1776212700,4860.1,4860.8,4855.6,4856
1776212760,4855.7,4855.9,4852.8,4854
1776212820,4854.1,4855.2,4853.4,4854.6
1776212880,4854.2,4856.3,4853.9,4856.2
1776212940,4856.8,4858.4,4856.8,4858.2
1776213000,4858,4858,4855.7,4855.8
1776213060,4855.7,4855.7,4853.9,4854.9
1776213120,4854.4,4854.6,4852.9,4853.5
1776213180,4853.1,4853.7,4852.8,4853.7
1776213240,4853.4,4855.5,4853.4,4855.5
1776213300,4855.1,4855.5,4854.6,4855.5
1776213360,4854.8,4855.6,4854.5,4854.5
1776213420,4854.7,4854.7,4853.8,4854
1776213480,4853.9,4853.9,4851.8,4852.2
1776213540,4852.1,4853.5,4851.6,4853.4
1776213600,4854,4854.8,4853.5,4853.5
1776213660,4853.7,4854.7,4853.7,4853.8
1776213720,4853.5,4853.9,4853.3,4853.9
1776213780,4854.1,4854.9,4853.3,4853.3
1776213840,4853,4854.9,4852.8,4854.5
1776213900,4854.9,4856,4854.5,4855.7
1776213960,4855.7,4855.8,4854.7,4855.8
1776214020,4856,4856.7,4855.8,4855.9
1776214080,4855.6,4855.8,4854.5,4854.9
1776214140,4854.8,4855.2,4853.6,4855.2
1776214200,4854.5,4855.4,4853.8,4855
1776214260,4855,4856.6,4853.7,4856
1776214320,4855.6,4856,4855,4855
1776214380,4855.5,4856.4,4854.6,4854.7
1776214440,4855.4,4855.4,4855.1,4855.1
1776214500,4855.9,4857.1,4855.8,4856.7
1776214560,4857.4,4858.5,4857.2,4858.5
1776214620,4858.8,4860,4858,4859.9
1776214680,4860,4860.5,4858.5,4858.6
1776214740,4859.2,4861.8,4859.2,4859.7
1776214800,4860.1,4862.5,4859.7,4861.4
1776214860,4861,4861.6,4857.9,4857.9
1776214920,4857.5,4857.5,4852.5,4854.8
1776214980,4855,4857.9,4855,4857.9
1776215040,4858.2,4861.5,4858.2,4858.9
1776215100,4859.6,4860.6,4856.4,4856.4
1776215160,4856.4,4860.6,4855.7,4859.3
1776215220,4860.2,4863.1,4860.2,4862.3
1776215280,4862.5,4864.1,4860.9,4861
1776215340,4861.6,4865,4861.6,4864.8
1776215400,4865,4867.9,4863.7,4867.9
1776215460,4867.8,4877.3,4867.4,4875.1
1776215520,4875.6,4876.8,4873.5,4873.6
1776215580,4873.2,4874.8,4871.4,4873.1
1776215640,4872.5,4875.2,4872.1,4874.5
1776215700,4874.4,4876,4872,4875.6
1776215760,4875.9,4894,4875.9,4892.3
1776215820,4892.1,4895,4892.1,4894.2
1776215880,4894.2,4895.4,4889.4,4889.4
1776215940,4890.3,4891.1,4887.4,4887.8
1776216000,4888.1,4889.1,4868.7,4875.1
1776216060,4875.3,4877.9,4871.4,4871.6
1776216120,4871.9,4874,4869.3,4869.4
1776216180,4869.3,4869.7,4865.9,4868.4
1776216240,4867.5,4870,4866.8,4867
1776216300,4867.7,4872.4,4867.7,4872.4
1776216360,4871.7,4875,4871,4874
1776216420,4874.2,4877.9,4874.2,4876.9
1776216480,4877.2,4878.3,4872.6,4874
1776216540,4873.7,4875.4,4873.4,4874.3
1776216600,4873.9,4873.9,4869.1,4870.6
1776216660,4869.3,4870.7,4868.5,4869.8
1776216720,4869.9,4873.6,4869.9,4870.8
1776216780,4870.8,4871.8,4870,4870
1776216840,4870.7,4872.1,4869.4,4871.8
1776216900,4871.9,4873,4871.3,4873
1776216960,4872.9,4872.9,4869.6,4869.6
1776217020,4869.2,4869.2,4867.4,4868.9
1776217080,4869,4869.8,4868,4869.2
1776217140,4868.2,4869.8,4868.2,4869.8
1776217200,4869.1,4875.3,4869,4875
1776217260,4874.2,4874.2,4870.3,4870.8
1776217320,4870,4871.7,4869.5,4871.1
1776217380,4871.4,4871.4,4867.3,4867.7
1776217440,4868,4869.5,4866,4867.1
1776217500,4867.7,4867.9,4866.6,4867.2
1776217560,4867.4,4870.1,4867.4,4867.8
1776217620,4867.6,4868.6,4865.6,4866
1776217680,4865.6,4867.9,4863.5,4867.2
1776217740,4867.2,4869.2,4867.2,4868.5
1776217800,4868.1,4869.5,4867.6,4869.5
1776217860,4870,4871.4,4869.3,4869.7
1776217920,4869.7,4871.6,4869.5,4871.6
1776217980,4871.4,4871.7,4869,4869
1776218040,4869,4869.8,4868.3,4868.4
1776218100,4868.8,4870,4866.3,4867.5
1776218160,4868.3,4870.3,4867.7,4870.2
1776218220,4870.4,4872.6,4870,4871.8
1776218280,4872,4872.3,4869.9,4870.2
1776218340,4870.8,4871,4870.8,4871
1776218400,4870.3,4871.4,4868.9,4871.4
1776218460,4870.8,4871,4869.2,4870.1
1776218520,4869.7,4873.1,4869.7,4870.2
1776218580,4870,4871.6,4868.9,4871.3
1776218640,4872,4872.5,4871.6,4872
1776218700,4871.8,4873.2,4871.2,4873.2
1776218760,4872.6,4873,4872.4,4873
1776218820,4873,4877,4872.9,4875.9
1776218880,4875.7,4875.8,4873.4,4874.8
1776218940,4874.7,4877.2,4874.5,4874.8
1776219000,4874.7,4875,4870.2,4871.5
1776219060,4870.5,4871,4869.1,4869.8
1776219120,4870,4873.3,4870,4871.2
1776219180,4871.3,4872.9,4869.5,4872
1776219240,4871.9,4872,4868.4,4868.4
1776219300,4868.8,4869.4,4867.9,4868.3
1776219360,4867.8,4869.1,4867.5,4867.5
1776219420,4867.9,4868.3,4867,4867.7
1776219480,4867.7,4868.3,4866.6,4867.1
1776219540,4866.6,4866.7,4864.9,4866.3
1776219600,4867.4,4867.5,4865.6,4866
1776219660,4865,4865,4861,4861.7
1776219720,4861.4,4862,4860,4860.7
1776219780,4860.8,4861.5,4859.6,4860
1776219840,4860.1,4861.3,4860.1,4860.7
1776219900,4860.8,4861.2,4856.4,4858.7
1776219960,4858.9,4859.6,4858.2,4859.6
1776220020,4859.5,4859.9,4858.9,4858.9
1776220080,4859.2,4859.2,4858.5,4858.5
1776220140,4858.5,4859.6,4858,4858.9
1776220200,4858.9,4859.2,4853.8,4853.8
1776220260,4853.7,4855.7,4852.3,4852.4
1776220320,4852.3,4855.4,4850.8,4854.1
1776220380,4853.9,4854.6,4851,4852.1
1776220440,4852.8,4853.6,4848,4851.7
1776220500,4851,4851.2,4846,4847.2
1776220560,4847.1,4848.2,4845.1,4845.7
1776220620,4845.4,4850.2,4845.4,4848.1
1776220680,4848.3,4852,4848.1,4851.4
1776220740,4851.7,4853.9,4851.2,4853.3
1776220800,4853.3,4853.7,4848.6,4853
1776220860,4853.4,4855,4852.5,4852.8
1776220920,4853,4853,4850.7,4851.4
1776220980,4851.1,4853.5,4850.9,4851.1
1776221040,4850.9,4852.8,4850.1,4852.8
1776221100,4852,4853.1,4852,4852.2
1776221160,4853.4,4854.6,4852.8,4852.9
1776221220,4852.5,4852.5,4848.7,4850.8
1776221280,4850.9,4851.7,4849.8,4851.7
1776221340,4851.9,4852.8,4850.7,4851.9
1776221400,4853.2,4854,4851.1,4851.2
1776221460,4851.6,4852.6,4850,4850.5
1776221520,4850.6,4850.9,4848.1,4849.9
1776221580,4849.5,4849.5,4846.3,4847.1
1776221640,4847.3,4848.6,4846.2,4848.6
1776221700,4847.8,4848.4,4844.5,4845.9
1776221760,4845.8,4848.5,4844.5,4848.4
1776221820,4847.8,4850,4847.7,4849.7
1776221880,4849,4849,4846.6,4847.4
1776221940,4847.2,4848.5,4846.7,4847.7
1776222000,4848.2,4848.9,4846.6,4847.5
1776222060,4847.3,4847.8,4845,4845
1776222120,4845.1,4846.5,4842.8,4844.5
1776222180,4844.1,4845.1,4843.5,4844.3
1776222240,4844,4844.4,4841,4841.8
1776222300,4841.3,4845.3,4841,4841.5
1776222360,4841.6,4844.7,4841.2,4844.2
1776222420,4844.5,4844.7,4841.1,4843
1776222480,4843.1,4844.8,4842.5,4843.7
1776222540,4843.2,4844.8,4842,4843.3
1776222600,4843.8,4845,4842.6,4845
1776222660,4845,4845.4,4842.9,4845
1776222720,4844.8,4847.7,4844.7,4847.6
1776222780,4847.3,4847.6,4845.3,4845.6
1776222840,4845,4845.8,4844.7,4845.5
1776222900,4845.1,4846.5,4845.1,4846.5
1776222960,4847.2,4850.1,4847.2,4849.7
1776223020,4850,4852.1,4849.3,4849.5
1776223080,4849.3,4850.5,4849.2,4850.5
1776223140,4850.5,4850.9,4850,4850.4
1776223200,4850.4,4850.4,4847.6,4848.1
1776223260,4848.6,4849.1,4846.6,4846.6
1776223320,4846.9,4848.4,4846.8,4848.4
1776223380,4847.6,4847.6,4847,4847.1
1776223440,4847,4847.5,4846.7,4846.7
1776223500,4847.1,4847.9,4847.1,4847.3
1776223560,4847.7,4849.3,4847.7,4849.3
1776223620,4849.1,4850.4,4849.1,4850.4
1776223680,4850.2,4852.2,4850.2,4851.5
1776223740,4851.4,4852.1,4850.8,4850.8
1776223800,4850.7,4852,4850.2,4851.6
1776223860,4851.8,4852.7,4851.8,4852.3
1776223920,4852.7,4852.9,4851.1,4851.7
1776223980,4852,4852.3,4850.6,4850.6
1776224040,4851.2,4851.5,4850.4,4850.4
1776224100,4850.6,4851.1,4850.6,4850.7
1776224160,4850.6,4851.7,4850.6,4851.7
1776224220,4851.4,4851.5,4850.8,4851.1
1776224280,4851.4,4852.7,4851.4,4852.5
1776224340,4852.8,4853,4852.1,4852.1
1776224400,4852.2,4852.6,4851.5,4851.5
1776224460,4851.3,4851.7,4849.7,4851.3
1776224520,4851.6,4851.9,4851.4,4851.4
1776224580,4851.4,4851.4,4851,4851
1776224640,4851.6,4853,4851.6,4852.6
1776224700,4852.6,4853.2,4852.2,4853.1
1776224760,4852.8,4853.6,4852.8,4853.5
1776224820,4853.2,4853.6,4853,4853.6
1776224880,4853.3,4853.3,4850.9,4851.5
1776224940,4851.5,4851.5,4850.3,4851
1776225000,4850.8,4850.9,4850.3,4850.7
1776225060,4850.5,4850.9,4850.4,4850.9
1776225120,4850.8,4852.7,4850.8,4852
1776225180,4852.3,4852.9,4850,4850.3
1776225240,4850.3,4851.3,4850.3,4850.8
1776225300,4850.6,4850.7,4850.6,4850.7
1776225360,4850.7,4851.9,4850.7,4851.5
1776225420,4851.4,4851.6,4851,4851
1776225480,4850.9,4850.9,4849.5,4849.6
1776225540,4849.2,4849.2,4847.7,4848.1
1776225600,4848,4848,4846,4846
1776225660,4845.6,4846.6,4844.5,4845.6
1776225720,4845.9,4847.9,4845.5,4847.1
1776225780,4847.1,4847.6,4846.8,4847.1
1776225840,4846.9,4847.2,4845.9,4845.9
1776225900,4845.7,4846.8,4845.3,4845.3
1776225960,4846,4846.7,4845.8,4846.2
1776226020,4846.6,4846.6,4845.7,4846
1776226080,4845.2,4846.2,4844.9,4846.2
1776226140,4846.6,4848,4846.6,4847.6
1776226200,4848.1,4850,4848.1,4849.3
1776226260,4849.9,4850.5,4849.9,4850.2
1776226320,4849.9,4850.1,4849.5,4849.5
1776226380,4849.5,4849.5,4849.4,4849.4
1776226440,4849.7,4849.7,4849.5,4849.7
1776226500,4849.6,4851,4849.6,4850.7
1776226560,4850.4,4850.4,4848.3,4848.7
1776226620,4848.2,4848.5,4846.6,4847.6
1776226680,4848.1,4848.2,4847.6,4848.2
1776226740,4847.7,4848.1,4847.5,4847.5
1776226800,4847,4847.5,4847,4847
1776226860,4846.8,4846.8,4846.1,4846.1
1776226920,4846.2,4846.5,4845.7,4846
1776226980,4845.8,4848.4,4845.8,4848.4
1776227040,4848.1,4848.6,4847.8,4847.8
1776227100,4847.5,4848,4846.9,4848
1776227160,4848,4848.8,4848,4848.5
1776227220,4848.8,4849.3,4848.4,4848.6
1776227280,4848.3,4849.5,4848.3,4848.6
1776227340,4848.4,4848.4,4848.4,4848.4
1776227400,4848.7,4849.7,4848.5,4849.3
1776227460,4848.9,4849.9,4848.7,4849.9
1776227520,4849.9,4850.4,4849.9,4850.4
1776227580,4850,4850.4,4850,4850.4
1776227640,4850.4,4851,4850.4,4850.6
1776227700,4850.4,4851.5,4850.4,4850.9
1776227760,4851.6,4851.6,4851,4851
1776227820,4850.7,4850.7,4849.9,4849.9
1776227880,4849.6,4849.6,4848.7,4849.4
1776227940,4849.5,4849.6,4849.5,4849.6
1776228000,4849.5,4849.5,4848.4,4848.4
1776228060,4849.2,4849.5,4849.2,4849.5
1776228120,4849.3,4849.3,4847.9,4847.9
1776228180,4847.7,4847.9,4847.5,4847.7
1776228240,4847.3,4847.6,4847.1,4847.2
1776228300,4847.2,4847.2,4846.1,4846.9
1776228360,4847.1,4847.1,4846,4846
1776228420,4845.7,4847.1,4845.1,4847.1
1776228480,4847,4847.4,4846.4,4846.6
1776228540,4847.1,4849.5,4847.1,4849.3
1776228600,4849.4,4849.6,4848.9,4848.9
1776228660,4848.9,4848.9,4848.1,4848.3
1776228720,4848.3,4848.3,4848.3,4848.3
1776228780,4849.2,4849.4,4849.2,4849.4
1776228840,4849.2,4849.7,4849.2,4849.3
1776228900,4848.9,4849.1,4847.7,4848.5
1776228960,4848.4,4849.7,4847.4,4849.7
1776229020,4849.7,4850.5,4849.7,4850.2
1776229080,4850.2,4850.2,4849.2,4849.8
1776229140,4849.6,4849.6,4848.9,4848.9
1776229200,4849.1,4852.8,4849.1,4851
1776229260,4850.8,4851.8,4850.8,4851.8
1776229320,4851.6,4852.8,4851.3,4852.5
1776229380,4852,4852.7,4851.2,4851.2
1776229440,4851.6,4852.5,4848.3,4849.4
1776229500,4849.3,4849.3,4848,4848.5
1776229560,4848.6,4849,4846.3,4848.6
1776229620,4848.7,4851,4848.7,4850.8
1776229680,4850.8,4851.6,4850.4,4850.5
1776229740,4850,4850,4848,4849
1776229800,4849.6,4851.9,4849.6,4851
1776229860,4850.8,4851.4,4848.5,4849.7
1776229920,4849.6,4850.2,4848.8,4848.8
1776229980,4848.6,4851.2,4848.6,4851
1776230040,4850.7,4850.8,4850.3,4850.3
1776230100,4850.2,4851.8,4850.2,4851.3
1776230160,4851.6,4852.6,4851.6,4852.5
1776230220,4852.6,4853.1,4852.4,4852.9
1776230280,4853.3,4853.5,4852.4,4852.4
1776230340,4852.3,4854.3,4852.3,4854.3
1776230400,4853.9,4853.9,4853,4853.6
1776230460,4853.1,4853.4,4852.8,4853.4
1776230520,4853.3,4853.3,4852.2,4852.2
1776230580,4852.1,4852.1,4849.5,4851.1
1776230640,4851,4851.1,4847.9,4849
1776230700,4848.7,4851.3,4848.3,4850.8
1776230760,4851,4852.8,4850.5,4850.8
1776230820,4851.2,4851.2,4849.4,4849.4
1776230880,4850,4850,4848.3,4848.9
1776230940,4849.4,4849.9,4849.3,4849.7
1776231000,4850,4850.1,4845.9,4848.2
1776231060,4847.9,4850.2,4847.9,4849.3
1776231120,4850.2,4851.5,4848.7,4848.7
1776231180,4848.3,4851.2,4848.3,4850.2
1776231240,4850.1,4850.8,4849.8,4850.5
1776231300,4850.2,4850.2,4846.7,4847.2
1776231360,4847,4847,4841.4,4842.4
1776231420,4842.2,4843,4837,4839
1776231480,4838.9,4843.1,4838.7,4841.8
1776231540,4842.6,4844.1,4841.5,4843.9
1776231600,4843.4,4843.6,4841.4,4842.7
1776231660,4842.9,4843.9,4842.2,4843
1776231720,4843.6,4844.7,4841.8,4841.9
1776231780,4842.2,4842.2,4836.1,4837.3
1776231840,4837.2,4840.7,4835.9,4840.5
1776231900,4840.4,4842.1,4837.7,4837.8
1776231960,4838.4,4841,4837.9,4841
1776232020,4841.2,4843,4841,4841.7
1776232080,4841.3,4843.1,4840.5,4841.7
1776232140,4842.7,4843.1,4840.8,4840.9
1776232200,4841.2,4842.7,4838.7,4841.6
1776232260,4842,4843.7,4842,4843.7
1776232320,4843.4,4844.2,4843.3,4844.2
1776232380,4844.5,4845.5,4844.2,4844.7
1776232440,4844.6,4845.2,4843.8,4844.9
1776232500,4845.3,4846.6,4843.2,4846.1
1776232560,4846.2,4847.1,4845.5,4846.2
1776232620,4846.1,4846.6,4844.9,4845.2
1776232680,4844.9,4844.9,4843.8,4844.1
1776232740,4844.1,4844.8,4843,4843.3
1776232800,4843.4,4848.5,4843,4846.4
1776232860,4846.4,4846.6,4844.3,4844.8
1776232920,4844.5,4845.9,4843.8,4844.9
1776232980,4845.1,4845.6,4844,4844.4
1776233040,4845,4845.1,4844.5,4844.9
1776233100,4844.8,4844.8,4843.8,4844.1
1776233160,4844.2,4844.2,4841.1,4842
1776233220,4841.4,4841.5,4840.6,4841.2
1776233280,4841.7,4841.7,4840.4,4841.5
1776233340,4841,4842.2,4840.9,4841.1
1776233400,4841.2,4842.2,4840.7,4841.4
1776233460,4841.7,4842,4840.8,4841
1776233520,4841.1,4841.1,4840.1,4840.9
1776233580,4840.9,4844.4,4840.9,4843
1776233640,4843.1,4843.1,4841.8,4842.8
1776233700,4843,4843.1,4840.1,4841.4
1776233760,4841.6,4843,4841.6,4842.2
1776233820,4842.1,4842.1,4841.3,4841.4
1776233880,4841.1,4842.1,4840.5,4841.2
1776233940,4840.9,4841.2,4839.7,4840.4
1776234000,4840,4840.6,4838.1,4840.5
1776234060,4840.9,4841,4839.5,4839.5
1776234120,4839,4839.2,4837.5,4838.5
1776234180,4838.5,4839.5,4838,4839
1776234240,4839.1,4839.4,4837.2,4838.4
1776234300,4838.9,4840.3,4838.1,4839.6
1776234360,4840,4840,4838.5,4838.5
1776234420,4837.8,4838.8,4837.3,4838.8
1776234480,4838.5,4838.5,4837.6,4838.3
1776234540,4838.7,4838.7,4837.2,4838.5
1776234600,4838.2,4839.7,4837.9,4839.2
1776234660,4838.9,4838.9,4836.9,4838.1
1776234720,4837.4,4837.4,4834.6,4836.1
1776234780,4836.9,4841.2,4836.5,4840.2
1776234840,4839.9,4839.9,4835.1,4837.4
1776234900,4837.3,4839.4,4835.5,4839.4
1776234960,4839.8,4841.4,4839.8,4840.7
1776235020,4840.7,4841.1,4839.6,4841.1
1776235080,4841,4841.3,4838,4839.3
1776235140,4839.4,4840,4838.8,4839.4
1776235200,4839,4839.4,4838.3,4839.4
1776235260,4838.9,4839.1,4837,4837.3
1776235320,4837.2,4838,4837.2,4837.9
1776235380,4837.9,4838.3,4837.4,4838.3
1776235440,4838.9,4839.7,4838.1,4839.7
1776235500,4839.8,4840.5,4838.9,4839.4
1776235560,4839.4,4841,4839.2,4840.9
1776235620,4840.9,4845.7,4840.8,4844.9
1776235680,4845.4,4845.4,4841.7,4843.9
1776235740,4843.8,4844.1,4842.9,4844.1
1776235800,4843.5,4843.6,4840.6,4841.5
1776235860,4841,4841.3,4838.4,4839
1776235920,4838.8,4840.7,4838.6,4840.2
1776235980,4839.4,4839.6,4837.7,4838.1
1776236040,4838.6,4838.7,4837,4837.7
1776236100,4838,4838,4834.2,4834.6
1776236160,4834.8,4836.1,4834.6,4835.6
1776236220,4835.7,4837.9,4835.7,4837.3
1776236280,4836.8,4836.8,4835.3,4835.5
1776236340,4835.9,4836.7,4834.9,4834.9
1776236400,4835.2,4837.1,4834.9,4835.9
1776236460,4835.9,4836.4,4827.4,4831.7
1776236520,4832.6,4835.1,4831.8,4834.7
1776236580,4834.1,4834.2,4832.3,4833.3
1776236640,4833.4,4834.1,4830.9,4832.1
1776236700,4832.4,4832.9,4831.1,4832.2
1776236760,4832.1,4832.4,4830.4,4832
1776236820,4831.8,4832.3,4829.4,4832.3
1776236880,4832,4835.4,4831.7,4834.8
1776236940,4834.7,4834.9,4832,4832.2
1776237000,4832.7,4833.4,4831.2,4833.4
1776237060,4833.7,4836.6,4832.5,4835.9
1776237120,4835.8,4836.8,4833.5,4835.6
1776237180,4835.5,4838,4835.5,4837.7
1776237240,4837.7,4840,4837.7,4838.6
1776237300,4838.7,4839,4836.3,4836.6
1776237360,4836.9,4836.9,4833,4834.9
1776237420,4834.3,4837.1,4833.5,4834.4
1776237480,4834.3,4835.2,4833,4833.1
1776237540,4833.6,4835.3,4833.5,4834.7
1776237600,4835.6,4837,4833.7,4834
1776237660,4834.3,4835.1,4833.3,4833.7
1776237720,4834.1,4836.2,4833.8,4835.8
1776237780,4835.8,4836,4833.5,4834.1
1776237840,4834.1,4836,4833.1,4833.2
1776237900,4833.5,4834.2,4832,4832.5
1776237960,4832.5,4832.6,4829,4832.6
1776238020,4832.3,4833.6,4830,4831.3
1776238080,4830.6,4834.1,4829.8,4833.5
1776238140,4833.4,4835.9,4833.3,4835.8
1776238200,4835.7,4835.7,4831.6,4831.7
1776238260,4831.9,4835.7,4831.9,4835.7
1776238320,4836,4837.6,4834.2,4834.9
1776238380,4835.3,4835.9,4834.4,4834.4
1776238440,4834.1,4835.1,4833.8,4834.7
1776238500,4834.8,4838.8,4834.8,4837.7
1776238560,4837.8,4837.8,4835.9,4837
1776238620,4837,4837,4836.3,4836.3
1776238680,4836,4836.4,4835.4,4835.7
1776238740,4836.1,4836.3,4834.8,4836
1776238800,4836.3,4837.2,4835.9,4836.2
1776238860,4836.6,4836.7,4835.4,4835.4
1776238920,4835.1,4835.1,4832.2,4832.9
1776238980,4833.1,4835.8,4832.9,4834.8
1776239040,4834.7,4835,4833.3,4833.5
1776239100,4833.3,4833.3,4829.9,4831.2
1776239160,4830.5,4831.6,4829,4831.3
1776239220,4831.2,4831.6,4830.3,4831.1
1776239280,4831.6,4832.4,4830.7,4830.8
1776239340,4830.5,4831.6,4829.6,4830.9
1776239400,4830.7,4832.5,4830,4831.7
1776239460,4831.6,4832.2,4830,4831.4
1776239520,4831.7,4832.5,4831,4831.5
1776239580,4831.5,4831.6,4830.7,4831.4
1776239640,4831.5,4833.4,4831.5,4832.9
1776239700,4833,4834.7,4832.3,4832.8
1776239760,4832.7,4833.5,4831.9,4832.5
1776239820,4832.6,4835.7,4832.6,4835.7
1776239880,4835.6,4835.6,4833.1,4833.9
1776239940,4833.8,4834.3,4833,4834.1
1776240000,4833.8,4834.2,4829.4,4830.7
1776240060,4830.4,4831.4,4829.4,4830.5
1776240120,4830.7,4833.1,4830.5,4830.6
1776240180,4830.9,4833.6,4830.5,4833.6
1776240240,4834,4834,4833,4834
1776240300,4834.2,4834.8,4832.6,4833.2
1776240360,4833.6,4834.2,4833.5,4833.8
1776240420,4834,4835.5,4833.9,4834.4
1776240480,4834.4,4834.7,4833.5,4834.4
1776240540,4832.8,4832.8,4830.4,4831.3
1776240600,4830.7,4830.7,4827.9,4828.8
1776240660,4828.5,4829.7,4827.1,4829.5
1776240720,4829.9,4832.2,4829.9,4832.1
1776240780,4831.9,4833.8,4831.7,4831.8
1776240840,4831.7,4834.6,4831,4834.1
1776240900,4834.5,4835.2,4833.5,4833.8
1776240960,4834.1,4835.4,4834.1,4834.3
1776241020,4834.4,4834.9,4833.6,4833.6
1776241080,4833.9,4836,4833.6,4836
1776241140,4835.5,4835.7,4834,4834.2
1776241200,4834.2,4834.7,4833.6,4833.9
1776241260,4833.3,4833.6,4833.2,4833.6
1776241320,4833.9,4834.1,4830.6,4831.1
1776241380,4831.6,4834.7,4831.6,4833
1776241440,4833,4833.4,4832.6,4833.2
1776241500,4833.1,4837.4,4833.1,4836.8
1776241560,4836.2,4836.9,4834.7,4834.7
1776241620,4834.7,4834.7,4828.8,4831.2
1776241680,4831.2,4832.6,4830.5,4832.2
1776241740,4832.3,4833.3,4832.2,4833.3
1776241800,4832,4834.4,4832,4834.4
1776241860,4834.4,4835,4830.3,4830.3
1776241920,4830.1,4830.7,4828.8,4830.4
1776241980,4830.7,4832.4,4830.1,4832.4
1776242040,4831.5,4833.3,4830.9,4833.3
1776242100,4832.5,4833.1,4831.6,4831.6
1776242160,4831.5,4833.9,4830.6,4833.9
1776242220,4833.8,4834.8,4832,4832
1776242280,4832.2,4832.2,4831.2,4831.7
1776242340,4831.4,4832.6,4831.3,4832.6
1776242400,4833.7,4833.7,4832,4832.4
1776242460,4832.4,4835.2,4832.4,4835.2
1776242520,4835.1,4835.7,4834.9,4835.6
1776242580,4835.3,4836,4834.9,4835.5
1776242640,4835.7,4835.7,4833.7,4833.8
1776242700,4833.1,4835,4833.1,4833.9
1776242760,4834.1,4834.6,4833.2,4834.6
1776242820,4834.2,4834.5,4833.6,4833.9
1776242880,4833.8,4835,4832.9,4834.2
1776242940,4834.8,4835.1,4833.9,4834.8
1776243000,4834.8,4834.9,4834.1,4834.3
1776243060,4833.8,4835.2,4833.7,4835.2
1776243120,4834.7,4836,4834.1,4836
1776243180,4836.5,4837.4,4836,4837.4
1776243240,4837.4,4838.4,4836.7,4837.8
1776243300,4837.7,4838.4,4837.2,4838.2
1776243360,4838,4839.1,4837.7,4838.8
1776243420,4838.7,4841,4838.7,4840.6
1776243480,4840.5,4841.7,4840,4840.1
1776243540,4840.5,4845.4,4839,4841.6
1776243600,4841.4,4842.4,4840.1,4840.5
1776243660,4840.3,4842.4,4840.2,4841.9
1776243720,4841.4,4841.4,4835.4,4838.6
1776243780,4838.7,4838.7,4835.1,4835.9
1776243840,4836.3,4838.4,4836.1,4838.3
1776243900,4838.3,4838.4,4836.4,4837.3
1776243960,4837,4837.3,4835.5,4836.3
1776244020,4836,4836.5,4833,4833.2
1776244080,4833.4,4834.2,4828,4829.8
1776244140,4830.1,4830.1,4828.5,4828.8
1776244200,4828.9,4830,4827.5,4827.5
1776244260,4827,4827,4815.2,4818.8
1776244320,4819.3,4822.5,4817.9,4822.1
1776244380,4822.1,4831.9,4821.8,4828.5
1776244440,4828.6,4828.6,4826.7,4827.8
1776244500,4828.1,4829.1,4825.6,4826.1
1776244560,4826.4,4827.4,4825,4825.8
1776244620,4826.3,4827.7,4824.9,4825.6
1776244680,4825.4,4826.9,4824.8,4826.9
1776244740,4827.2,4829.5,4827.2,4829.2
1776244800,4828.4,4828.4,4826,4827
1776244860,4827.5,4830.6,4827.5,4828.9
1776244920,4828.9,4828.9,4827.7,4828.2
1776244980,4828.2,4828.7,4828.1,4828.3
1776245040,4827.7,4828.3,4826.9,4827.5
1776245100,4827.2,4827.4,4825.9,4826.2
1776245160,4826.2,4826.3,4823.4,4824.5
1776245220,4824,4824.2,4821.4,4821.6
1776245280,4821.9,4822,4819.2,4820.7
1776245340,4820.9,4822.7,4820,4820
1776245400,4820,4826.6,4819.8,4825.7
1776245460,4826,4826.9,4824,4825.1
1776245520,4824.9,4825.5,4822,4823.1
1776245580,4822.6,4823.7,4821.4,4822.5
1776245640,4822.3,4823.1,4819.8,4821
1776245700,4820.9,4824,4820.7,4823
1776245760,4822.5,4822.5,4820.8,4821.5
1776245820,4821.4,4822.3,4820.8,4822.2
1776245880,4822.4,4823,4820.9,4821.2
1776245940,4821.1,4821.2,4818,4819.4
1776246000,4819.6,4823,4819.6,4821.6
1776246060,4821.8,4822.4,4820.5,4820.9
1776246120,4821.6,4822,4820.6,4820.7
1776246180,4820.8,4821,4820,4820.4
1776246240,4820.6,4820.6,4818.8,4818.8
1776246300,4818.8,4819.1,4817,4818.9
1776246360,4818.7,4819.1,4816,4816.4
1776246420,4816.3,4816.5,4808.4,4814.7
1776246480,4814.8,4815.8,4814,4815.1
1776246540,4814.8,4819.4,4814.8,4818
1776246600,4818.3,4818.7,4815.9,4817.6
1776246660,4817.2,4817.6,4815.3,4817.6
1776246720,4818,4818.7,4816.6,4818.3
1776246780,4817,4819.4,4816.9,4818.7
1776246840,4819,4823,4819,4821.6
1776246900,4821.5,4821.8,4819.1,4819.1
1776246960,4819,4819.3,4817.5,4819.3
1776247020,4818.6,4820.9,4818.5,4820.8
1776247080,4821.4,4822.8,4820.9,4822.3
1776247140,4822.2,4823,4821.2,4821.2
1776247200,4820.6,4821.8,4820.4,4820.9
1776247260,4820.6,4821,4819.3,4820.3
1776247320,4820.6,4821.4,4820.2,4821.1
1776247380,4820.4,4820.9,4818.4,4818.9
1776247440,4818.2,4818.8,4818.1,4818.3
1776247500,4818.6,4821.7,4818.6,4821.4
1776247560,4821.1,4824.1,4820.5,4823.4
1776247620,4823.7,4825.2,4823.4,4824.1
1776247680,4824.3,4824.7,4822.3,4822.9
1776247740,4823,4824.9,4823,4824.4
1776247800,4824.8,4825.9,4823.6,4825.5
1776247860,4825.1,4825.2,4824.4,4824.8
1776247920,4825.4,4826.1,4825.4,4825.9
1776247980,4825.9,4825.9,4824,4824.9
1776248040,4824.7,4825.1,4822.9,4823.9
1776248100,4823.9,4824.2,4818.8,4820.8
1776248160,4821.6,4821.6,4817.5,4819.9
1776248220,4820,4821.4,4816.7,4819.3
1776248280,4819.2,4819.3,4817.1,4818.6
1776248340,4817.5,4818.6,4816.1,4817.8
1776248400,4817.8,4821.2,4817.8,4820.9
1776248460,4820.6,4821,4816.7,4818
1776248520,4817.3,4817.3,4814.8,4816.9
1776248580,4816.5,4816.8,4815.4,4816.7
1776248640,4816.8,4818,4816.4,4816.9
1776248700,4817.2,4818.1,4816.5,4816.7
1776248760,4816.6,4816.6,4812.7,4815.1
1776248820,4814.6,4816.5,4814,4815
1776248880,4815.8,4817.3,4814.4,4815.5
1776248940,4815.2,4818.4,4815.2,4817.5
1776249000,4818.1,4821.8,4817.2,4820.5
1776249060,4820.5,4820.5,4817.8,4818.1
1776249120,4817.5,4818.5,4817.2,4817.2
1776249180,4818.1,4818.1,4815.9,4816.2
1776249240,4816.1,4817.5,4816.1,4817.3
1776249300,4817,4818.6,4817,4818.4
1776249360,4817.9,4818.1,4816.2,4816.4
1776249420,4817.1,4817.1,4816.3,4816.3
1776249480,4816.8,4817.8,4816.8,4817.8
1776249540,4818.6,4819.5,4818.5,4818.5
1776249600,4818.8,4820.6,4818.8,4820
1776249660,4820.4,4821.7,4818,4818.1
1776249720,4818,4823.3,4818,4822.2
1776249780,4822.6,4823.8,4821.9,4822.8
1776249840,4822.8,4824.2,4822,4823.2
1776249900,4823.3,4825.6,4822.6,4825.1
1776249960,4825.6,4829.2,4825.5,4827.1
1776250020,4826.1,4827,4824.3,4824.5
1776250080,4824.4,4826.3,4824,4825
1776250140,4824.8,4824.9,4821.6,4824.1
1776250200,4824,4824.5,4822.9,4824
1776250260,4823.8,4824.1,4823.2,4823.2
1776250320,4823.9,4825.1,4823.4,4825.1
1776250380,4825.2,4827.6,4825.2,4827.2
1776250440,4827,4827.3,4826,4826.4
1776250500,4826,4827,4825,4826.3
1776250560,4825.8,4825.8,4824.3,4824.9
1776250620,4824.7,4824.9,4824.3,4824.7
1776250680,4825.4,4825.7,4824.7,4824.9
1776250740,4824,4824.2,4822.5,4822.8
1776250800,4822.8,4822.8,4821.2,4821.4
1776250860,4821.8,4822.2,4819,4819.1
1776250920,4818.9,4820.5,4818.4,4820.1
1776250980,4820,4821.2,4819.6,4821
1776251040,4820.9,4821.7,4820.1,4821.3
1776251100,4821.1,4823.7,4821.1,4822.6
1776251160,4822.4,4822.4,4820.8,4821.3
1776251220,4821.4,4822.1,4821.4,4821.6
1776251280,4821.9,4822.3,4821.3,4822
1776251340,4822.5,4822.5,4821.7,4822
1776251400,4821.6,4824.5,4821.6,4823.6
1776251460,4823.7,4826.8,4823.7,4826.7
1776251520,4826.5,4827.2,4824.8,4824.9
1776251580,4825,4826.4,4825,4825.1
1776251640,4825.1,4826,4824,4825.4
1776251700,4825.8,4826.3,4825.5,4825.7
1776251760,4825.7,4825.8,4823.9,4824.2
1776251820,4823.6,4823.6,4822.7,4823.4
1776251880,4823.4,4824.3,4822.6,4823.9
1776251940,4823.9,4827.1,4823.9,4826.7
1776252000,4826.7,4828.3,4826.7,4827.1
1776252060,4826.9,4827.3,4826.7,4827.3
1776252120,4826.5,4828.2,4826.2,4828
1776252180,4827.6,4829,4827.4,4828.7
1776252240,4828.6,4829.8,4828.6,4828.9
1776252300,4829,4829.8,4828.7,4829.2
1776252360,4829.4,4829.4,4828.3,4828.4
1776252420,4828.1,4828.9,4828,4828.3
1776252480,4828.5,4829,4827.9,4827.9
1776252540,4828.1,4828.3,4827.4,4827.7
1776252600,4827.8,4830.6,4827.4,4830.3
1776252660,4830.3,4831.5,4829.7,4830.1
1776252720,4829.6,4830.1,4826.8,4827
1776252780,4827,4827,4825.4,4825.4
1776252840,4825.8,4825.9,4825,4825.2
1776252900,4825.6,4827.2,4825.5,4826.9
1776252960,4826.7,4829.5,4826.7,4828.9
1776253020,4828.6,4828.6,4826,4826.4
1776253080,4826.5,4827.8,4826.5,4826.9
1776253140,4826.6,4826.9,4826,4826.9
1776253200,4826.6,4826.7,4825.3,4825.7
1776253260,4825.9,4826.4,4825.2,4826
1776253320,4826.2,4826.5,4825.1,4825.3
1776253380,4825.6,4826.4,4825.5,4826.1
1776253440,4826.4,4829,4826.2,4828.7
1776253500,4828.4,4830.3,4828.4,4830.2
1776253560,4830.2,4836,4828.4,4829.1
1776253620,4829.3,4829.9,4826.3,4829.4
1776253680,4829.3,4829.4,4827,4828.2
1776253740,4828.1,4832.4,4828.1,4832.4
1776253800,4831.8,4833.8,4831.4,4833.5
1776253860,4833.3,4835.2,4832.4,4834.4
1776253920,4834.3,4835.8,4834,4834.4
1776253980,4835.1,4835.7,4833,4834.8
1776254040,4834.9,4837,4834.1,4836.9
1776254100,4837,4837.8,4833.7,4834.2
1776254160,4834,4836.3,4834,4834.5
1776254220,4834.6,4834.6,4833.3,4834
1776254280,4834.3,4835,4834,4834.8
1776254340,4834.9,4836.6,4834.9,4835.7
1776254400,4835,4836.7,4834.5,4836.1
1776254460,4836.4,4837,4833.5,4836.6
1776254520,4835.9,4835.9,4833.8,4834.6
1776254580,4834.6,4834.6,4830.5,4831.1
1776254640,4831.4,4832.7,4831.4,4832
1776254700,4832.1,4832.5,4829.6,4830.2
1776254760,4830.4,4832,4830,4831.5
1776254820,4830.8,4831.8,4829.3,4831
1776254880,4831.5,4833.6,4831.5,4833.3
1776254940,4833.1,4835.7,4833.1,4835
1776255000,4835.6,4835.8,4833.9,4834.6
1776255060,4835,4836.6,4834.2,4835.2
1776255120,4835,4835.3,4833,4834.8
1776255180,4834.2,4835.4,4834.2,4834.8
1776255240,4835.3,4836.4,4834.6,4836.4
1776255300,4836.8,4836.9,4835,4835.7
1776255360,4835.1,4837.7,4835,4836.6
1776255420,4836.3,4837,4836.1,4836.9
1776255480,4836.8,4838.7,4836.7,4838.3
1776255540,4837.9,4838.3,4835.8,4836.6
1776255600,4836.3,4836.4,4832.2,4833.1
1776255660,4833,4834.4,4832.4,4833.6
1776255720,4833,4834.8,4832.4,4834.8
1776255780,4834.8,4835,4832.3,4832.6
1776255840,4832.6,4836.5,4832.4,4835.4
1776255900,4835.3,4838.4,4835,4836.1
1776255960,4835.6,4835.9,4833.4,4833.5
1776256020,4833.3,4834.2,4832.7,4833.6
1776256080,4834,4834,4832.9,4833.9
1776256140,4833.8,4835.2,4833.6,4835.2
1776256200,4834.9,4837.6,4833.5,4836.1
1776256260,4835.9,4837,4835.3,4835.3
1776256320,4834.7,4836.9,4834.4,4835.9
1776256380,4836.1,4836.5,4835.8,4836.5
1776256440,4836.7,4838.5,4835.6,4835.8
1776256500,4835.7,4835.7,4834,4834.2
1776256560,4834.2,4834.8,4833.9,4834.5
1776256620,4834.3,4834.3,4833,4833.3
1776256680,4833.7,4835.1,4833.5,4834.5
1776256740,4834.9,4836.6,4834.9,4835.5
1776256800,4835.1,4836.6,4835,4836
1776256860,4836.1,4836.2,4834.2,4835.3
1776256920,4835,4835.4,4832.8,4832.8
1776256980,4833.2,4833.5,4832.6,4833.2
1776257040,4832.9,4834.5,4832.8,4834.1
1776257100,4834.1,4834.6,4833.3,4834.4
1776257160,4834.3,4834.3,4830.4,4831.4
1776257220,4831.5,4832.2,4830.9,4832.2
1776257280,4832.1,4833,4832,4833
1776257340,4832.8,4833.3,4832.8,4833.3
1776257400,4833.4,4834.3,4832,4832.2
1776257460,4833,4833.8,4832.5,4832.6
1776257520,4833.3,4834.9,4832.5,4834.2
1776257580,4833.9,4834.4,4833.5,4833.8
1776257640,4833.9,4836,4833.9,4835
1776257700,4835.6,4837.5,4835.6,4837.1
1776257760,4837,4837.9,4836,4836.4
1776257820,4836,4836.6,4835,4836.3
1776257880,4835.9,4835.9,4834.1,4834.1
1776257940,4833.9,4834.6,4833.5,4833.9
1776258000,4834.4,4838.9,4833.3,4834.5
1776258060,4834.6,4836.9,4833.2,4833.9
1776258120,4833.8,4834.1,4831.1,4832
1776258180,4832.9,4834.8,4832.1,4834
1776258240,4834.5,4835.4,4833.9,4835.1
1776258300,4834.5,4834.9,4832.7,4834.1
1776258360,4833.8,4838.9,4833.8,4837
1776258420,4837.4,4837.5,4835.4,4835.7
1776258480,4835.9,4836.5,4834.4,4836
1776258540,4836.3,4837.7,4835.8,4836.9
1776258600,4836.3,4837.6,4835.7,4837.5
1776258660,4836.7,4838,4836.5,4837.1
1776258720,4837.3,4837.5,4834.2,4834.2
1776258780,4834.2,4837,4833.8,4836.8
1776258840,4837.3,4838.1,4836.7,4836.8
1776258900,4836.8,4837.4,4835,4835.3
1776258960,4835.4,4837,4835.4,4837
1776259020,4837.4,4837.5,4836.2,4837.2
1776259080,4835.8,4836.1,4832.8,4833.3
1776259140,4833.2,4836.1,4833,4836.1
1776259200,4835.5,4839.7,4835.5,4839.2
1776259260,4839.3,4842.7,4839,4841.2
1776259320,4840.8,4841.9,4838.4,4839.7
1776259380,4839.5,4840.3,4838.4,4840.3
1776259440,4840.6,4840.7,4838.5,4839.8
1776259500,4840.1,4843.2,4840,4842.1
1776259560,4842,4843.1,4841.4,4842.1
1776259620,4842,4843.1,4841,4842.8
1776259680,4842.4,4844.7,4842.4,4843.7
1776259740,4843,4844.7,4842,4844.4
1776259800,4844.4,4845,4840.4,4843.5
1776259860,4843.1,4844.3,4839.3,4839.7
1776259920,4840,4843.3,4840,4842.2
1776259980,4842.6,4844.9,4842.3,4843.1
1776260040,4842.8,4843.8,4840.8,4841.7
1776260100,4842,4842.3,4838.3,4839.5
1776260160,4839.7,4841.8,4838.9,4841.8
1776260220,4841.2,4843.5,4840,4843.1
1776260280,4842.9,4848.1,4842.4,4847.5
1776260340,4847.1,4848.4,4844.2,4846.5
1776260400,4846.7,4848.1,4845,4846.8
1776260460,4846.2,4846.8,4845.3,4846.3
1776260520,4845.6,4846.4,4845,4846
1776260580,4845.5,4845.8,4841.3,4841.9
1776260640,4841.2,4844.4,4840.3,4842.6
1776260700,4843.5,4845.5,4842.5,4845.5
1776260760,4845.6,4847.5,4844.1,4845.9
1776260820,4845.6,4846.7,4843.3,4846.3
1776260880,4846.9,4848.8,4845.9,4846.9
1776260940,4847.2,4848.5,4845.9,4848.1
1776261000,4848,4850,4846.2,4849.6
1776261060,4849.6,4850.4,4848.5,4848.7
1776261120,4848.6,4848.6,4844.6,4847.9
1776261180,4847.8,4848.1,4846.4,4846.7
1776261240,4847.1,4848.9,4847,4848.5
1776261300,4848.5,4851,4848.1,4848.1
1776261360,4848.4,4849,4847.4,4848.7
1776261420,4847.8,4853.5,4847.8,4852.7
1776261480,4853,4853.1,4851.3,4852.6
1776261540,4852.2,4852.7,4851.1,4851.9
1776261600,4851.7,4853,4849.5,4850
1776261660,4850,4851,4849.2,4850.8
1776261720,4851.2,4851.4,4843.5,4847
1776261780,4847,4847.6,4845.6,4846.7
1776261840,4846.7,4849.5,4846,4849.1
1776261900,4849.2,4850.9,4848.5,4850.2
1776261960,4850,4850.2,4848,4850
1776262020,4849.1,4849.4,4847.5,4847.5
1776262080,4848,4849.2,4847,4847.8
1776262140,4847.7,4848.9,4847.7,4848
1776262200,4847.7,4851.8,4847.6,4851.6
1776262260,4851.2,4851.5,4848.3,4848.3
1776262320,4848.7,4849.6,4847,4847.9
1776262380,4848.1,4849.6,4848.1,4848.8
1776262440,4849.5,4852,4849,4851.8
1776262500,4852,4852,4847.7,4849
1776262560,4848.6,4852.5,4848.4,4852
1776262620,4852.3,4854.6,4850.4,4851.3
1776262680,4851.4,4851.9,4848,4848.9
1776262740,4848.9,4849.6,4847.6,4847.6
1776262800,4847.5,4849.2,4847.4,4847.9
1776262860,4848.3,4849.4,4845.8,4849.1
1776262920,4848.7,4849.2,4847.5,4848.2
1776262980,4848.5,4848.8,4846.5,4847.2
1776263040,4847.2,4850.5,4847.2,4849.3
1776263100,4848.8,4849.7,4848,4848.7
1776263160,4849.5,4850.5,4849,4849.4
1776263220,4849.2,4849.4,4847.7,4849.2
1776263280,4848.9,4848.9,4845.5,4846.5
1776263340,4847.2,4849,4847.2,4848.2
1776263400,4848.5,4848.8,4843.6,4843.7
1776263460,4844,4844.6,4843,4843
1776263520,4842.9,4844.5,4842.4,4842.5
1776263580,4842.7,4843.6,4841.5,4842.5
1776263640,4842.3,4842.8,4840.3,4842.2
1776263700,4841.8,4843.4,4840.8,4842.6
1776263760,4842.6,4842.7,4841,4842.2
1776263820,4842.1,4844.7,4842.1,4844.4
1776263880,4844.4,4845.2,4841.1,4841.5
1776263940,4841.4,4841.4,4838.1,4839.2
1776264000,4839.4,4843,4839.4,4842.6
1776264060,4842.6,4844.5,4842.6,4843.4
1776264120,4843.8,4844.1,4840.6,4842
1776264180,4842.2,4844.1,4841.8,4842.4
1776264240,4842.9,4843,4841.2,4842.3
1776264300,4842.2,4842.2,4839.4,4841.1
1776264360,4840.8,4842.1,4840.6,4841.4
1776264420,4841.5,4841.5,4839.4,4839.4
1776264480,4839.5,4840.4,4838.3,4839.8
1776264540,4839.6,4839.6,4838.5,4839.1
1776264600,4839.6,4840.6,4839,4840.5
1776264660,4840.5,4842,4837.9,4838
1776264720,4838.3,4839.9,4836.5,4839.9
1776264780,4839.4,4840.2,4836.2,4837.1
1776264840,4836.8,4838.1,4836.7,4837.6
1776264900,4838,4839.7,4837.7,4839
1776264960,4839.4,4840.3,4839,4839.8
1776265020,4839.4,4841.3,4839.4,4840.7
1776265080,4840.3,4840.4,4838.7,4839.4
1776265140,4839.7,4840.1,4837.3,4838.4
1776265200,4839,4839,4836.3,4836.9
1776265260,4836.8,4838.7,4836.2,4837.8
1776265320,4837.6,4838.8,4836.5,4838.5
1776265380,4837.5,4837.7,4834.2,4834.5
1776265440,4834.6,4835,4832.1,4832.6
1776265500,4833,4833.4,4829.2,4832.4
1776265560,4832.2,4832.2,4827.2,4827.6
1776265620,4827.5,4828.7,4822.5,4823.6
1776265680,4823.8,4827.5,4822.8,4827.4
1776265740,4827.1,4832.4,4827,4829.8
1776265800,4829.3,4830.3,4829.2,4830.2
1776265860,4830.3,4831.4,4827,4828.1
1776265920,4827.9,4835,4827.9,4833.6
1776265980,4833.1,4833.1,4829.4,4830.5
1776266040,4831.3,4833,4830.8,4832.6
1776266100,4832.3,4832.3,4829.1,4831.7
1776266160,4831.4,4831.4,4826.7,4827.3
1776266220,4827.8,4827.8,4825.9,4827.6
1776266280,4827.5,4831.2,4827.5,4831.1
1776266340,4831.4,4833.6,4830.4,4831.3
1776266400,4831.8,4832,4828.5,4829
1776266460,4828.6,4831.7,4827.8,4830.5
1776266520,4830.2,4830.9,4829.2,4830.3
1776266580,4830.2,4830.2,4824.9,4826.1
1776266640,4826.3,4827.8,4825.5,4827.2
1776266700,4827.1,4828.7,4825.8,4825.8
1776266760,4826,4826.8,4823.6,4825.1
1776266820,4824.6,4825.9,4824,4825.8
1776266880,4825.7,4826.3,4824.4,4825.2
1776266940,4825.2,4825.3,4819.2,4820.3
1776267000,4820.4,4822.3,4816.5,4818.1
1776267060,4817.9,4818.1,4807.9,4814.8
1776267120,4815.4,4817.8,4815.4,4817.6
1776267180,4817.7,4819.4,4816.3,4816.7
1776267240,4816.5,4819.4,4816.2,4817.5
1776267300,4817.4,4820.3,4817.4,4820.3
1776267360,4820.1,4822.6,4820,4821.5
1776267420,4821.6,4828,4821.2,4824.2
1776267480,4824.5,4826,4823.5,4824.3
1776267540,4824.3,4824.3,4822.4,4822.9
1776267600,4823.4,4827.8,4823.3,4827.2
1776267660,4827,4828.7,4826.2,4827.8
1776267720,4828,4828.7,4826.9,4828.5
1776267780,4828.7,4828.7,4826,4826
1776267840,4825.9,4827.2,4825.5,4826
1776267900,4825.6,4827.6,4824.8,4827.2
1776267960,4827.2,4829.8,4826.5,4829.2
1776268020,4829.6,4829.6,4823.9,4827.3
1776268080,4827.7,4828.8,4827,4828.3
1776268140,4827.6,4827.6,4825,4825.3
1776268200,4825.7,4827.2,4825.7,4826.7
1776268260,4826,4827.1,4825.3,4826.1
1776268320,4826.3,4827.6,4825.9,4827.4
1776268380,4827.4,4828.8,4826.9,4828.3
1776268440,4828.1,4828.6,4827.5,4827.5
1776268500,4827.5,4828,4824.9,4825.2
1776268560,4825.4,4825.7,4821.8,4822.4
1776268620,4822.5,4824.6,4822,4823.7
1776268680,4823.4,4825,4823.4,4824.6
1776268740,4824.7,4825.8,4823.5,4824
1776268800,4823.6,4825.4,4822.5,4824.8
1776268860,4824.4,4825.6,4823.5,4824.4
1776268920,4824.6,4827.4,4824.6,4826.9
1776268980,4826.7,4829.8,4826.7,4828.8
1776269040,4828.6,4829.2,4826.8,4826.8
1776269100,4827.2,4829.5,4825.8,4828.9
1776269160,4829.2,4830.5,4829.2,4829.6
1776269220,4828.8,4829.1,4827.2,4827.9
1776269280,4827.9,4830.3,4827.5,4827.6
1776269340,4827.3,4829.9,4827.3,4829.6
1776269400,4829.5,4830.1,4828.5,4829.1
1776269460,4829.1,4830.2,4828.9,4829.9
1776269520,4829.7,4830.1,4829.3,4829.8
1776269580,4829.7,4832.8,4829.6,4832.3
1776269640,4832.3,4832.6,4830.6,4830.7
1776269700,4830.6,4833.2,4828.4,4828.4
1776269760,4828.7,4829.1,4827.4,4829.1
1776269820,4828.9,4829.6,4828.7,4828.8
1776269880,4829.2,4830.8,4829,4829.7
1776269940,4829.7,4829.9,4829.1,4829.9
1776270000,4829.3,4830.5,4829.3,4830.4
1776270060,4830.6,4832.3,4830.5,4831.5
1776270120,4831.6,4832.6,4830.4,4832.2
1776270180,4831.8,4831.8,4831,4831.6
1776270240,4831.7,4832.9,4830.7,4830.7
1776270300,4830,4831.2,4829.5,4830.5
1776270360,4830.5,4831.8,4830.5,4831.2
1776270420,4831.3,4833.4,4830.6,4833.4
1776270480,4833.4,4835,4833.1,4833.8
1776270540,4834,4834.5,4832.7,4833.7
1776270600,4833.8,4834.2,4832.8,4832.8
1776270660,4832.6,4832.6,4831.2,4831.8
1776270720,4831.6,4831.6,4830,4830.5
1776270780,4830.6,4832.5,4830.3,4832.3
1776270840,4832.3,4832.6,4831,4831.7
1776270900,4832,4832,4831.4,4831.6
1776270960,4831.5,4833,4831.5,4832.6
1776271020,4832.6,4834,4832.2,4833.2
1776271080,4833.1,4833.2,4832.2,4832.9
1776271140,4832.7,4832.7,4828.9,4829.5
1776271200,4829.3,4831.6,4828.4,4831.2
1776271260,4830.9,4831.1,4829.3,4829.6
1776271320,4829.5,4829.9,4825.1,4826.4
1776271380,4826.6,4827.3,4825.6,4825.6
1776271440,4825.7,4827.7,4825.7,4826.6
1776271500,4826.5,4827.4,4825.1,4827.4
1776271560,4826.9,4829.2,4826.9,4827.4
1776271620,4827.4,4827.4,4825.7,4826.7
1776271680,4826.7,4826.7,4825.2,4825.6
1776271740,4825.6,4827.9,4825.6,4827.9
1776271800,4827.8,4829.4,4827.2,4828.1
1776271860,4827.4,4827.4,4825.1,4825.5
1776271920,4825.4,4825.5,4823.2,4824.6
1776271980,4824.5,4824.9,4822,4823.9
1776272040,4823.9,4824.5,4822.4,4823.9
1776272100,4824.3,4825.5,4824,4824.6
1776272160,4824.3,4825.6,4823.5,4825.1
1776272220,4825.2,4827.2,4824.3,4826.9
1776272280,4826.8,4828,4826,4826.4
1776272340,4826.2,4826.8,4825.9,4825.9
1776272400,4826.2,4826.6,4824.5,4826.4
1776272460,4826.3,4827,4825.1,4825.1
1776272520,4825.4,4826.3,4825.2,4825.3
1776272580,4825.2,4825.8,4823.7,4825
1776272640,4824.3,4824.6,4823,4823
1776272700,4822.7,4823.4,4821.9,4822.1
1776272760,4822.5,4823.6,4822.5,4822.8
1776272820,4822.1,4823.5,4821,4823.5
1776272880,4823.7,4824,4822.3,4823
1776272940,4822.8,4824.9,4822.8,4824.6
1776273000,4825,4825,4823.1,4823.6
1776273060,4823,4823.2,4820.3,4821.5
1776273120,4821.5,4821.8,4820.8,4821.4
1776273180,4821.5,4822.4,4821.4,4822.1
1776273240,4822.2,4822.4,4820.1,4820.1
1776273300,4820.4,4823.8,4820.3,4823.2
1776273360,4823.6,4824.4,4822.6,4823.3
1776273420,4823.3,4823.3,4822.8,4823.3
1776273480,4823.8,4824.2,4821.7,4822.7
1776273540,4822.6,4823.5,4822.6,4823
1776273600,4823.2,4824.6,4823.2,4824.3
1776273660,4824,4825.4,4823.6,4825.1
1776273720,4825.4,4825.4,4824.2,4824.7
1776273780,4824.6,4827.1,4824.5,4827
1776273840,4827.1,4829,4827.1,4828.4
1776273900,4828.3,4829.9,4828.3,4829.6
1776273960,4829.5,4830.8,4828.5,4830.2
1776274020,4830.1,4830.8,4828.8,4828.9
1776274080,4829,4829.2,4822.2,4823.4
1776274140,4823.7,4825.1,4822.8,4823.6
1776274200,4823.9,4824.7,4818.9,4821.1
1776274260,4821,4822.4,4819.2,4821.5
1776274320,4821.5,4822.4,4821,4821.4
1776274380,4821.2,4822.1,4820.7,4820.9
1776274440,4820.5,4822.5,4820.5,4822.5
1776274500,4822.6,4824.2,4822.3,4823.5
1776274560,4823.3,4823.5,4821.1,4822.8
1776274620,4822.3,4822.6,4821.1,4821.1
1776274680,4821.5,4821.9,4820.1,4821.9
1776274740,4821.6,4821.6,4819.1,4819.1
1776274800,4818.7,4819.7,4816.9,4818.9
1776274860,4818.5,4818.6,4814.7,4816.4
1776274920,4816.8,4817.1,4814,4815.3
1776274980,4815.5,4817.5,4815.5,4816.2
1776275040,4816.7,4816.7,4815,4815.6
1776275100,4815.9,4817.7,4815.9,4817.4
1776275160,4817.4,4817.4,4815.7,4815.7
1776275220,4816.5,4818.1,4816.5,4816.6
1776275280,4816.7,4817.7,4816.6,4816.9
1776275340,4817.2,4818.1,4816.9,4817.2
1776275400,4816.9,4817.7,4816.8,4817.3
1776275460,4817.2,4817.2,4814.7,4815.2
1776275520,4814.9,4815.9,4812.9,4814.2
1776275580,4813.9,4816.5,4813.5,4815.3
1776275640,4815,4816.1,4814.9,4815.9
1776275700,4815.9,4817,4815.6,4817
1776275760,4816.9,4817.9,4816.9,4817.6
1776275820,4817.5,4817.5,4814,4814.8
1776275880,4814.7,4815.9,4814.4,4815.9
1776275940,4815.9,4816,4813.7,4814.8
1776276000,4814.8,4815.2,4812.9,4813.9
1776276060,4813.8,4816,4812.2,4814.3
1776276120,4814.4,4823.2,4813.9,4817.5
1776276180,4816.8,4820.3,4816.3,4819.7
1776276240,4819.5,4820.6,4818,4818.6
1776276300,4818.1,4820.1,4817.5,4819.7
1776276360,4820.4,4820.5,4819.4,4820.1
1776276420,4820,4820,4817.5,4818
1776276480,4818.3,4818.4,4816,4816.3
1776276540,4816,4816.2,4814.5,4816
1776276600,4816.1,4817,4814.6,4815.4
1776276660,4815.4,4817.5,4814.9,4817.2
1776276720,4817.5,4818.4,4817,4817.2
1776276780,4818.4,4819.3,4818.2,4819.1
1776276840,4819.4,4819.5,4818.4,4819.5
1776276900,4819,4821,4818.9,4820.7
1776276960,4820.5,4820.7,4819.1,4819.4
1776277020,4819.8,4820.1,4817.7,4818.1
1776277080,4817.9,4818.5,4817.3,4818.1
1776277140,4818.4,4818.8,4816.9,4817.7
1776277200,4817.4,4817.4,4816.2,4816.9
1776277260,4816.2,4817.3,4816.2,4817
1776277320,4817.5,4817.9,4816.9,4816.9
1776277380,4817.2,4818.8,4816.9,4818.4
1776277440,4818.5,4818.6,4816.6,4816.8
1776277500,4816.9,4817.1,4815.1,4815.2
1776277560,4815.2,4816.5,4815,4815.9
1776277620,4816.2,4817.3,4816.2,4816.3
1776277680,4816.3,4817.3,4816.1,4816.8
1776277740,4816.5,4817,4816.4,4817
1776277800,4817.2,4818.1,4817.2,4818
1776277860,4817.9,4820,4817.9,4819.1
1776277920,4819.2,4819.8,4818.2,4818.9
1776277980,4819,4819.5,4818.5,4819.2
1776278040,4819.9,4820.5,4819.8,4820.5
1776278100,4820.1,4820.1,4819.3,4819.3
1776278160,4819.5,4819.9,4819,4819
1776278220,4818.9,4818.9,4817.6,4817.7
1776278280,4817.8,4819.2,4817.8,4819.2
1776278340,4818.9,4819.4,4818.6,4819.4
1776278400,4819.1,4819.1,4817,4817
1776278460,4817.4,4818.5,4816.7,4817.8
1776278520,4817.5,4818,4817.2,4817.9
1776278580,4818.4,4819.1,4818.4,4819
1776278640,4818.7,4819.2,4818.6,4819.2
1776278700,4819.5,4820.5,4819.4,4820.2
1776278760,4820.2,4820.3,4820,4820.1
1776278820,4820.1,4820.5,4819.9,4820.4
1776278880,4820.5,4820.7,4820.2,4820.2
1776278940,4820,4821.6,4819.9,4821.1
1776279000,4821,4823.2,4821,4823.2
1776279060,4823.2,4824.7,4821.9,4822
1776279120,4822.2,4822.2,4820.2,4821.1
1776279180,4820.8,4820.8,4820.3,4820.5
1776279240,4820.6,4820.6,4819.4,4819.7
1776279300,4819.7,4825.3,4819.4,4823.4
1776279360,4823.4,4824.1,4823,4823
1776279420,4823,4823.1,4822.5,4822.5
1776279480,4822.4,4822.4,4821.5,4821.8
1776279540,4821.6,4822.8,4821.6,4822.2
1776279600,4822.2,4822.4,4820.9,4822.3
1776279660,4822.6,4823.5,4822.6,4822.9
1776279720,4823,4823.8,4822.2,4823
1776279780,4823.8,4823.9,4822.6,4823.4
1776279840,4823.4,4823.9,4823.4,4823.7
1776279900,4824.2,4826.1,4824,4825.4
1776279960,4825.6,4826.1,4825.3,4825.4
1776280020,4825.3,4825.4,4823.4,4823.4
1776280080,4823.3,4823.7,4822.3,4823.6
1776280140,4823.9,4825.1,4823.9,4824.9
1776280200,4824.4,4824.6,4824.3,4824.3
1776280260,4825,4825.9,4824.6,4824.6
1776280320,4824.5,4824.7,4823.5,4824.5
1776280380,4823.8,4823.8,4822,4822
1776280440,4822.4,4822.4,4821.2,4821.3
1776280500,4821.4,4822,4821.4,4821.7
1776280560,4821.1,4821.2,4820.3,4820.9
1776280620,4821.2,4823,4821.2,4822.2
1776280680,4822.5,4822.9,4822.4,4822.8
1776280740,4822.7,4824.3,4822.3,4824.3
1776280800,4823.8,4824.2,4823.2,4823.5
1776280860,4823.8,4823.9,4822.4,4822.4
1776280920,4822.5,4823.9,4822.5,4823.4
1776280980,4824.2,4825,4823.8,4823.9
1776281040,4824.2,4824.2,4824,4824.1
1776281100,4823.8,4824.9,4823.5,4824
1776281160,4824.2,4825.5,4824.1,4825.1
1776281220,4824.9,4824.9,4824.2,4824.8
1776281280,4825,4825.7,4824.6,4825.4
1776281340,4825.5,4825.6,4825.1,4825.2
1776281400,4825,4825.6,4824.1,4825.6
1776281460,4825,4825,4824.2,4824.4
1776281520,4824.4,4824.5,4823.5,4824
1776281580,4824,4824.1,4823.4,4824
1776281640,4824.2,4825.4,4824,4824
1776281700,4823.9,4824.3,4823.2,4823.4
1776281760,4823,4823.2,4822,4822.2
1776281820,4822.4,4822.6,4822,4822.6
1776281880,4822.7,4823.5,4821.5,4821.7
1776281940,4821.8,4822,4820.8,4820.8
1776282000,4820.7,4821.2,4819.7,4820.6
1776282060,4820.5,4821,4819.9,4820.8
1776282120,4819.9,4819.9,4817.5,4818.1
1776282180,4818.3,4820.6,4818.3,4820.3
1776282240,4820.5,4821.1,4819.3,4819.4
1776282300,4819.2,4819.8,4818.7,4819.2
1776282360,4819.5,4820.1,4819.2,4819.9
1776282420,4820,4821.8,4820,4821.7
1776282480,4821.7,4822,4821.5,4821.6
1776282540,4821.3,4821.5,4820.5,4821.4
1776282600,4821.8,4823.7,4821.7,4823.2
1776282660,4822.8,4823.3,4822.5,4823
1776282720,4823.2,4823.3,4821.8,4821.8
1776282780,4821.7,4821.7,4820.3,4821.4
1776282840,4821.8,4822,4821.2,4821.2
1776282900,4821.4,4822.4,4819.5,4819.7
1776282960,4819.5,4820,4818.2,4818.5
1776283020,4818.2,4818.7,4817.5,4817.8
1776283080,4817.6,4818.4,4817.1,4818
1776283140,4817.9,4819,4817.5,4818.3
1776283200,4818.7,4819.4,4817,4817.3
1776283260,4817.8,4817.8,4817.4,4817.8
1776283320,4818,4818,4816.4,4816.9
1776283380,4817.2,4817.4,4816.6,4816.8
1776283440,4816.5,4817.2,4816.5,4817
1776283500,4816.7,4817,4816.2,4816.2
1776283560,4816,4816.3,4815.8,4816.3
1776283620,4815.7,4816,4815.3,4816
1776283680,4816.1,4816.2,4815.7,4815.7
1776283740,4817,4817.4,4817,4817.2
1776283800,4817.1,4817.8,4817,4817
1776283860,4816.8,4816.8,4815.7,4815.9
1776283920,4815.5,4816.1,4815.1,4815.8
1776284040,4815.9,4816,4815.9,4816
1776284100,4816.1,4816.5,4816.1,4816.5
1776284160,4816.7,4817.1,4816.3,4817.1
1776284220,4816.8,4817.2,4816.5,4817
1776284340,4817.2,4817.2,4816.5,4816.5
1776284400,4817.2,4817.2,4817,4817
1776284460,4817.4,4817.4,4816.8,4817.1
1776284520,4817.2,4818.2,4817.2,4818.2
1776284580,4818.3,4818.4,4817.8,4817.8
1776284640,4818,4818,4817.2,4817.2
1776284700,4817.2,4817.2,4817.1,4817.1
1776284760,4817,4817.4,4816.6,4816.6
1776284820,4816.4,4816.7,4816.4,4816.7
1776284880,4816.8,4817.3,4816.8,4817.3
1776284940,4816.8,4816.9,4816.5,4816.5
1776285000,4816.1,4816.1,4815.2,4815.2
1776285060,4815,4815,4814.5,4815
1776285120,4815,4815.5,4815,4815.1
1776285180,4815.1,4815.1,4813.6,4814.1
1776285240,4814.3,4815.1,4814.3,4815.1
1776285300,4814.6,4815,4814.3,4814.3
1776285360,4813.8,4813.8,4812.8,4813.5
1776285420,4813.4,4813.7,4813,4813.6
1776285480,4813.6,4813.8,4813.6,4813.6
1776285540,4813.2,4814.5,4813.1,4814.1
1776285600,4814,4814.2,4813.5,4814.2
1776285660,4814.2,4814.3,4814.2,4814.2
1776285720,4813.8,4814.4,4813.8,4813.8
1776285780,4813.5,4813.7,4813.2,4813.3
1776285840,4813.8,4814,4813,4813
1776285900,4814,4816,4813.4,4815.5
1776285960,4815.4,4816,4815.1,4816
1776286020,4815.3,4815.7,4813,4813
1776286080,4812.9,4812.9,4810.5,4812
1776286140,4812,4812.8,4811.7,4812.7
1776286200,4812.4,4813.1,4811.9,4813.1
1776286260,4812.9,4813.3,4812.8,4812.8
1776286320,4812.6,4812.6,4812,4812.2
1776286380,4812.2,4812.2,4811.1,4811.3
1776286440,4811.5,4811.7,4810.7,4811.1
1776286500,4810.9,4813,4810.6,4812.7
1776286560,4812.9,4813.2,4812.3,4813.1
1776286620,4813.5,4814.1,4813.4,4814
1776286680,4814.2,4814.4,4812.8,4813.7
1776286740,4813.3,4814.2,4813.3,4813.9
1776290400,4813.6,4819.9,4813.6,4819.9
1776290460,4818.5,4819.2,4815.2,4818.7
1776290520,4819.1,4820,4815.6,4817
1776290580,4816.7,4818.5,4815.8,4818.5
1776290640,4818.7,4821.1,4818.4,4820.3
1776290700,4819.4,4820,4818.7,4819.5
1776290760,4820.5,4820.5,4819.9,4819.9
1776290820,4819,4819.8,4818.6,4819.8
1776290880,4819.8,4819.8,4816.5,4816.9
1776290940,4817.5,4817.9,4816.3,4816.6
1776291000,4817.1,4817.1,4816.4,4816.5
1776291060,4816.5,4817.1,4813,4814.7
1776291120,4814.2,4814.3,4812.4,4813.8
1776291180,4814,4815,4814,4814.4
1776291240,4814.1,4814.1,4813.6,4813.6
1776291300,4814.7,4817.8,4814.7,4816.4
1776291360,4816.7,4819,4816.7,4818.1
1776291420,4818.4,4819.2,4818.4,4819
1776291480,4818.5,4819.6,4818.4,4818.7
1776291540,4818.7,4819.8,4818.4,4818.7
1776291600,4818.5,4820.7,4818.5,4820.6
1776291660,4821,4822.6,4821,4822.6
1776291720,4822.3,4823.7,4822.3,4822.8
1776291780,4822.6,4822.9,4822.3,4822.3
1776291840,4822.5,4823,4822,4822
1776291900,4822,4822.1,4821.8,4822
1776291960,4821.7,4822.5,4821,4821
1776292020,4820.9,4821.5,4819.8,4821.5
1776292080,4821.5,4822,4820.8,4821.8
1776292140,4822,4822,4822,4822
1776292200,4823.2,4823.8,4822.4,4823.5
1776292260,4823.5,4823.5,4822.1,4822.8
1776292320,4823,4825,4823,4823.6
1776292380,4823.4,4824.2,4822.5,4822.5
1776292440,4823,4823,4822.5,4822.5
1776292500,4822.5,4822.8,4820.4,4822.4
1776292560,4822.4,4823.5,4822.3,4822.3
1776292620,4823,4823.1,4822.1,4822.1
1776292680,4821.8,4822.6,4821.6,4822.6
1776292740,4822.9,4823.8,4822.5,4823.7
1776292800,4823.8,4823.8,4822.3,4822.7
1776292860,4823.2,4823.3,4822.6,4822.6
1776292920,4822.7,4822.8,4822.6,4822.8
1776292980,4822.9,4822.9,4822.9,4822.9
1776293040,4822.8,4823,4821.4,4822.7
1776293100,4823,4824.9,4823,4824.9
1776293160,4824.3,4826.7,4824.2,4825.1
1776293220,4825.3,4827.1,4825.3,4826.5
1776293280,4826.7,4826.8,4825.4,4825.4
1776293340,4825.4,4825.4,4824.6,4825.3
1776293400,4825,4825,4825,4825
1776293460,4825.1,4831.3,4825.1,4830.5
1776293520,4829.6,4831.1,4829.6,4830.6
1776293580,4830.6,4830.6,4828.1,4828.7
1776293640,4828.6,4832.3,4828.6,4831.8
1776293700,4831.7,4831.7,4830.5,4830.7
1776293760,4830.4,4832.7,4830.4,4832.5
1776293820,4832.9,4833.8,4829.3,4830.1
1776293880,4830.6,4830.7,4829.9,4830
1776293940,4830,4830,4829.2,4829.2
1776294000,4829.2,4830,4829.2,4830
1776294060,4830.7,4831.9,4830.7,4831.4
1776294120,4831.3,4831.5,4830,4830
1776294180,4830,4831.1,4829.6,4831
1776294240,4830.6,4831.3,4830.6,4831.3
1776294300,4831.1,4831.8,4831.1,4831.3
1776294360,4831.5,4831.7,4830.1,4830.1
1776294420,4830.5,4831.2,4829.8,4830.9
1776294480,4830.7,4831.7,4830.7,4831.7
1776294540,4831.7,4832.8,4831.7,4831.7
1776294600,4831.8,4831.8,4830.5,4831.4
1776294660,4831.8,4833.2,4831.7,4833.2
1776294720,4832.9,4833.6,4832.5,4833.6
1776294780,4833.1,4833.7,4833,4833
1776294840,4832.8,4834.6,4832.8,4834.1
1776294900,4834.1,4834.6,4833.8,4833.8
1776294960,4833.6,4835.5,4833.6,4835.4
1776295020,4835.3,4835.6,4835.1,4835.6
1776295080,4835.6,4835.6,4834,4834.1
1776295140,4834,4834.6,4834,4834
1776295200,4834.3,4834.8,4834.1,4834.7
1776295260,4835,4835.5,4835,4835.3
1776295320,4835.2,4835.2,4834.5,4835.1
1776295380,4835.6,4837.2,4835.6,4836.8
1776295440,4836.8,4837.3,4836.7,4836.9
1776295500,4837,4837.3,4836.3,4837.3
1776295560,4836.8,4837,4836,4836
1776295620,4836.4,4837,4835.9,4835.9
1776295680,4836.2,4836.5,4835.5,4836
1776295740,4835.6,4836.9,4835.5,4836.5
1776295800,4836.3,4844,4835.9,4838.6
1776295860,4838.6,4839.4,4837.3,4839.1
1776295920,4838.8,4840.3,4837.6,4840.3
1776295980,4839.7,4842.2,4839.6,4842
1776296040,4841.6,4842.9,4841.4,4841.7
1776296100,4841.7,4842.5,4841.5,4842.5
1776296160,4842.3,4843.2,4841.8,4842.3
1776296220,4842.5,4843,4841.2,4843
1776296280,4842.2,4842.9,4841.4,4842.5
1776296340,4842.4,4844.8,4842.3,4842.8
1776296400,4842.9,4843.8,4842.6,4843.2
1776296460,4843,4844.8,4843,4844.4
1776296520,4844.3,4844.4,4843.4,4843.9
1776296580,4843.2,4846,4843.2,4845
1776296640,4845,4846.1,4844.7,4844.7
1776296700,4845.1,4846,4845.1,4846
1776296760,4846,4846.5,4845.6,4846.5
1776296820,4846.2,4848,4845.8,4848
1776296880,4847.9,4848.4,4847.1,4848.1
1776296940,4847.8,4847.8,4846.5,4846.5
1776297000,4846.9,4848.6,4846.9,4848.5
1776297060,4848.4,4848.4,4846.5,4846.7
1776297120,4846.6,4847.6,4845.4,4846.2
1776297180,4845.9,4846.4,4845.2,4845.8
1776297240,4846,4846.3,4845.6,4845.8
1776297300,4845.3,4845.9,4845.2,4845.5
1776297360,4845.7,4846.2,4845.6,4846.1
1776297420,4846,4846.2,4844.4,4844.4
1776297480,4844.7,4845,4843.4,4845
1776297540,4844.8,4845.9,4844,4845.4
1776297600,4845.4,4852.8,4845.4,4851.4
1776297660,4851.5,4852.9,4851.5,4852.8
1776297720,4853,4853.4,4851.4,4851.5
1776297780,4851.3,4851.7,4850.1,4850.5
1776297840,4850.2,4851.6,4850.1,4850.8
1776297900,4851,4853.8,4851,4853.3
1776297960,4853.4,4853.8,4852.4,4853.5
1776298020,4852.6,4853.7,4852.6,4853.2
1776298080,4853.3,4853.4,4852.4,4852.4
1776298140,4852.4,4853.5,4852.4,4853.1
1776298200,4853.4,4853.6,4851.6,4852.3
1776298260,4852.7,4852.9,4851.6,4852.8
1776298320,4852.3,4853.6,4852.3,4853.6
1776298380,4853.6,4854.3,4852.5,4852.5
1776298440,4852.5,4852.6,4851.7,4852.2
1776298500,4852.5,4853.5,4852,4852.5
1776298560,4852.6,4853.5,4851.5,4851.7
1776298620,4851.6,4852.5,4851.1,4851.6
1776298680,4852.3,4852.6,4851.9,4851.9
1776298740,4852.3,4852.7,4851.6,4852.2
1776298800,4851.4,4852.4,4849.2,4850
1776298860,4850.2,4851,4849.7,4850.2
1776298920,4849.9,4849.9,4847,4848.4
1776298980,4848.8,4848.9,4847.3,4847.5
1776299040,4847.2,4849.7,4847.1,4849.7
1776299100,4849.7,4851.4,4843.8,4846.6
1776299160,4847,4848.4,4846.9,4847
1776299220,4846.7,4847.1,4846,4846.2
1776299280,4846.8,4847.5,4846.7,4847.2
1776299340,4846.6,4846.8,4845.8,4846.8
1776299400,4846.9,4847.5,4846.5,4846.8
1776299460,4847,4847.3,4847,4847.2
1776299520,4847.2,4849.2,4846.7,4849.1
1776299580,4848.9,4848.9,4841.1,4844.5
1776299640,4844.2,4844.2,4842.9,4843.8
1776299700,4844.2,4844.4,4843.4,4844.1
1776299760,4843.6,4844.3,4842.6,4843.3
1776299820,4843.1,4844.2,4842.7,4843.9
1776299880,4843.9,4844.8,4843.5,4844.7
1776299940,4844.9,4850.6,4844.9,4849.1
1776300000,4849.2,4859.7,4849.2,4857.2
1776300060,4857.6,4858,4853.9,4855.3
1776300120,4855.6,4856.8,4854.4,4855.8
1776300180,4855.5,4856,4854.3,4855
1776300240,4854.7,4855.2,4854.1,4854.6
1776300300,4854.3,4854.3,4853.3,4853.4
1776300360,4853.4,4854.4,4853.4,4853.8
1776300420,4853.6,4854,4852.8,4853
1776300480,4853.5,4855.6,4853.5,4855.1
1776300540,4856,4858.3,4855.9,4857.9
1776300600,4857.8,4859.5,4857.8,4858.6
1776300660,4858.4,4858.4,4856.5,4857.7
1776300720,4857.6,4859.5,4857.6,4858.9
1776300780,4858.8,4858.9,4857.3,4858.1
1776300840,4858,4858,4854.7,4855.3
1776300900,4855.6,4855.6,4854.5,4855
1776300960,4854.9,4856.2,4854.6,4855.5
1776301020,4855.3,4856,4854.9,4855.6
1776301080,4855.7,4856.3,4855.7,4856.1
1776301140,4855.4,4856.8,4852.8,4854.7
1776301200,4854.7,4855.5,4850.8,4852.8
1776301260,4854.2,4858.6,4853.3,4855
1776301320,4853.7,4854.3,4851.2,4853.3
1776301380,4853.6,4854,4851.8,4852.8
1776301440,4853,4853.7,4851.4,4851.4
1776301500,4851.4,4851.4,4850.2,4851.1
1776301560,4850.7,4853.5,4850.3,4852.4
1776301620,4852.6,4852.7,4851.4,4851.5
1776301680,4851.3,4852.9,4850.8,4850.8
1776301740,4851.9,4853.8,4851.3,4852.5
1776301800,4852.3,4852.8,4851.8,4851.8
1776301860,4852.4,4853.9,4852.1,4853.6
1776301920,4854,4854.4,4853.1,4854.4
1776301980,4854,4854.2,4853.1,4853.5
1776302040,4853,4854.3,4851.6,4851.6
1776302100,4852.3,4852.4,4850,4850.7
1776302160,4850.5,4850.5,4848.2,4848.6
1776302220,4848.3,4848.9,4848,4848.8
1776302280,4848,4848.4,4847.1,4847.1
1776302340,4847.1,4848.4,4846.4,4848.1
1776302400,4848.7,4850,4848.1,4850
1776302460,4850.2,4850.8,4850,4850.5
1776302520,4849.9,4850.2,4848.6,4848.6
1776302580,4848.5,4850,4848.4,4849.1
1776302640,4849.1,4849.2,4847,4847.1
1776302700,4847,4848.1,4845.4,4846
1776302760,4846.1,4847.6,4846.1,4846.3
1776302820,4845.3,4846.1,4844.9,4845
1776302880,4844.6,4845.6,4843.7,4844.6
1776302940,4845,4846,4844.7,4845.4
1776303000,4845.5,4847.3,4845.4,4845.5
1776303060,4845.8,4847,4845.5,4846.2
1776303120,4846.7,4847.5,4846.5,4846.5
1776303180,4846,4846,4842.5,4843.9
1776303240,4844.1,4844.1,4842.8,4843.7
1776303300,4843.2,4843.3,4839.2,4839.7
1776303360,4840.4,4842,4839.7,4840.5
1776303420,4839.9,4840.6,4836.4,4837.2
1776303480,4837.7,4838.1,4836.6,4837
1776303540,4837.2,4837.9,4834.7,4834.7
1776303600,4834.8,4837.8,4832.9,4836.9
1776303660,4836.8,4838.3,4836.2,4837.3
1776303720,4837.7,4840.4,4837.3,4839.9
1776303780,4839.4,4840,4838.9,4839.7
1776303840,4839.4,4840.1,4838.2,4838.2
1776303900,4837.6,4840.5,4837.3,4840.2
1776303960,4840.6,4844.7,4839,4841.1
1776304020,4841.2,4842.1,4840.8,4842
1776304080,4841.6,4842.3,4841,4842.3
1776304140,4842,4842.2,4841.1,4842.2
1776304200,4842.4,4843.8,4841.7,4842.9
1776304260,4842.3,4842.3,4840.8,4840.8
1776304320,4841.2,4841.8,4841.1,4841.8
1776304380,4842.3,4844.3,4842.3,4844
1776304440,4844.3,4844.4,4842.8,4842.8
1776304500,4842.2,4842.7,4839.7,4841.2
1776304560,4840.4,4842.3,4840.4,4840.9
1776304620,4840.1,4840.7,4840.1,4840.7
1776304680,4841.6,4841.7,4841.3,4841.5
1776304740,4840,4840.7,4839.9,4839.9
1776304800,4840.7,4842.9,4840.7,4842
1776304860,4842.7,4844.1,4842.7,4843.2
1776304920,4843.6,4843.6,4839.6,4842
1776304980,4841.1,4841.5,4840.6,4841.5
1776305040,4842.7,4843.8,4842.6,4843
1776305100,4842.5,4843.4,4842,4842.6
1776305160,4843.9,4845.6,4843.9,4844.8
1776305220,4845.5,4845.5,4844.1,4844.6
1776305280,4844.3,4844.7,4844.2,4844.2
1776305340,4844.4,4844.7,4844.3,4844.6
1776305400,4844.9,4845.7,4844.9,4845.5
1776305460,4845.4,4846.5,4845.4,4845.5
1776305520,4845.4,4847.2,4844.7,4844.8
1776305580,4845,4845,4843.8,4844.4
1776305640,4844.5,4845.5,4843.9,4844
1776305700,4843.4,4844.1,4842.1,4843.1
1776305760,4842.9,4844.9,4842.8,4844
1776305820,4844.6,4844.6,4843.3,4844.6
1776305880,4844.3,4844.3,4843.6,4844
1776305940,4843.8,4845.2,4843.5,4844.7
1776306000,4845.1,4845.9,4844.6,4844.8
1776306060,4845.1,4845.2,4844.3,4844.3
1776306120,4845.3,4845.3,4845,4845.3
1776306180,4845.4,4845.4,4843.2,4845
1776306240,4844.9,4844.9,4844,4844
1776306300,4844.6,4844.6,4844.6,4844.6
1776306360,4844.3,4844.4,4843.8,4843.8
1776306420,4843.4,4843.4,4843,4843
1776306480,4843,4843,4842.5,4842.5
1776306540,4842.2,4842.2,4841.1,4841.4
1776306600,4841.4,4843.5,4840.3,4843.2
1776306660,4843.1,4843.5,4843.1,4843.3
1776306720,4843.5,4843.5,4840.6,4841.6
1776306780,4840.9,4840.9,4838.5,4838.7
1776306840,4838.5,4839,4836.4,4836.4
1776306900,4836.8,4837.6,4836.7,4836.7
1776306960,4837,4837.8,4835.3,4836
1776307020,4836,4836.7,4834.6,4836
1776307080,4836.2,4837.1,4835.4,4837.1
1776307140,4837.5,4839.7,4837,4839.5
1776307200,4839.6,4840,4839,4839
1776307260,4839.8,4840.4,4839.7,4840.1
1776307320,4840.4,4841.1,4840,4840.6
1776307380,4840.2,4841.8,4840.2,4841.8
1776307440,4840.7,4840.8,4839.1,4839.1
1776307500,4840,4842.8,4840,4842.8
1776307560,4842.8,4843.1,4841,4841.4
1776307620,4840.4,4840.4,4837.7,4838.2
1776307680,4838.1,4839.2,4838.1,4838.3
1776307740,4839.9,4839.9,4837.7,4839.1
1776307800,4839.8,4842,4839.1,4841.5
1776307860,4842.1,4843.6,4842.1,4843.6
1776307920,4843,4843.5,4841.7,4842.5
1776307980,4842.6,4842.8,4840.9,4841.2
1776308040,4840.6,4840.9,4840.4,4840.9
1776308100,4841.1,4841.8,4841.1,4841.8
1776308160,4841.4,4842.7,4841.4,4842.5
1776308220,4842.1,4842.1,4841,4841.5
1776308280,4841.8,4842.8,4841.8,4842.8
1776308340,4843,4843,4842.1,4842.1
1776308400,4841.8,4844.3,4841.5,4844.3
1776308460,4843.6,4845.9,4843.6,4845.8
1776308520,4845.6,4845.6,4844.7,4844.7
1776308580,4844.6,4845.5,4844.5,4845
1776308640,4845.9,4845.9,4845,4845
1776308700,4845.4,4846.7,4844.7,4845
1776308760,4844.6,4846.7,4844.6,4846.5
1776308820,4846.8,4849,4846.3,4848.2
1776308880,4848,4848.2,4847.1,4847.6
1776308940,4848,4848.3,4848,4848.3
1776309000,4847.7,4849.2,4847.7,4848.8
1776309060,4848.2,4849.3,4847.9,4849.3
1776309120,4849.4,4849.6,4849,4849.1
1776309180,4849,4849,4848,4848
1776309240,4848.2,4849,4848.2,4849
1776309300,4848.7,4849,4848.4,4848.4
1776309360,4848.1,4848.1,4847,4847.1
1776309420,4847.5,4847.8,4846.7,4847.2
1776309480,4846.9,4847.9,4846.3,4846.3
1776309540,4846.3,4846.7,4845.8,4846.6
1776309600,4846.7,4846.9,4846,4846.6
1776309660,4846.6,4847,4846.4,4846.4
1776309720,4846.4,4846.4,4845,4845.8
1776309780,4846.2,4846.8,4846.2,4846.8
1776309840,4846.8,4847,4845.8,4846.8
1776309900,4847.1,4847.3,4846.5,4847.1
1776309960,4847.3,4847.3,4845.4,4845.4
1776310020,4845.4,4846.2,4845,4845.9
1776310080,4846.2,4846.4,4845.9,4846
1776310140,4845.9,4846.5,4845.9,4846.5
1776310200,4846.6,4848.4,4846.6,4848.2
1776310260,4848.1,4848.1,4847.3,4847.3
1776310320,4847.6,4847.6,4846.1,4846.1
1776310380,4846.2,4848.6,4846.2,4848.5
1776310440,4847.9,4848.3,4845,4845.4
1776310500,4845.2,4845.8,4843.9,4843.9
1776310560,4844.2,4844.3,4843.4,4844.3
1776310620,4844.2,4844.2,4842.2,4842.7
1776310680,4842.7,4842.7,4842.3,4842.3
1776310740,4842,4842.3,4841.5,4841.5
1776310800,4841.6,4843.1,4841.5,4843.1
1776310860,4843.1,4843.2,4842.5,4842.8
1776310920,4843.3,4843.3,4842,4842.7
1776310980,4842.1,4843,4841.8,4842.4
1776311040,4842.3,4843,4842.2,4842.9
1776311100,4843.1,4844.5,4843.1,4844.5
1776311160,4844.5,4844.9,4844.5,4844.5
1776311220,4844.5,4845.6,4844.5,4845.6
1776311280,4845.6,4846.4,4845.1,4845.9
1776311340,4845.9,4847.7,4845.8,4847.1
1776311400,4847.4,4847.5,4846.7,4846.7
1776311460,4846.5,4846.8,4846.2,4846.2
1776311520,4846.1,4847.1,4846.1,4846.6
1776311580,4847.3,4847.3,4846.7,4846.7
1776311640,4847.1,4848.6,4847,4848.6
1776311700,4848.8,4849.1,4848.6,4848.6
1776311760,4848.6,4849.1,4848.1,4848.1
1776311820,4848.5,4849,4847.4,4847.5
1776311880,4847.8,4848,4847.6,4847.7
1776311940,4846.9,4846.9,4846.6,4846.6
1776312000,4846.3,4847.4,4846,4847
1776312060,4846.6,4846.8,4845.9,4846.6
1776312120,4846.5,4847.6,4845.8,4846.5
1776312180,4846.9,4846.9,4846.4,4846.4
1776312240,4847.1,4847.5,4847.1,4847.2
1776312300,4847.1,4848.2,4847,4847.7
1776312360,4847.3,4848.7,4847.3,4848.7
1776312420,4848,4848,4847.6,4847.6
1776312480,4847.2,4847.2,4846.1,4846.1
1776312540,4845.7,4846.5,4845.7,4846.4
1776312600,4846.8,4847.1,4846.8,4847.1
1776312660,4846.8,4847.2,4846.8,4847.2
1776312720,4847.6,4847.8,4845.2,4845.3
1776312780,4845.2,4847,4845.2,4847
1776312840,4847.8,4849.9,4847.8,4849.4
1776312900,4849.5,4850.7,4849.3,4850.7
1776312960,4850.7,4850.7,4850.1,4850.1
1776313020,4850.6,4851.7,4850.6,4851.4
1776313080,4851.6,4852.6,4850.3,4851.6
1776313140,4851.3,4851.3,4849.7,4849.7
1776313200,4849.7,4850.1,4849.2,4849.7
1776313260,4849.8,4849.8,4849.5,4849.5
1776313320,4849.7,4850,4849.5,4850
1776313380,4850.1,4850.2,4848.8,4848.8
1776313440,4849.1,4849.1,4848.5,4849.1
1776313500,4848.8,4850.1,4848.1,4849.3
1776313560,4849.4,4849.4,4848,4848.2
1776313620,4848.9,4849.1,4848.9,4849.1
1776313680,4848.7,4848.7,4848.6,4848.6
1776313740,4848.2,4848.9,4848.2,4848.9
1776313800,4849,4849,4847.5,4847.9
1776313860,4848,4848.4,4847.7,4848.2
1776313980,4848.6,4849.2,4848.2,4849
1776314040,4849.3,4850.2,4849.3,4850
1776314100,4850,4851,4850,4850.7
1776314160,4850.9,4852.5,4850.4,4852.5
1776314220,4852.4,4853.1,4852,4852.8
1776314280,4853,4853.9,4852.2,4852.6
1776314340,4852.8,4852.8,4852,4852
1776314400,4852,4852.4,4851.8,4851.9
1776314460,4852.1,4852.4,4852,4852
1776314520,4852.1,4853.3,4852.1,4853.3
1776314580,4853.2,4853.2,4852.9,4853.2
1776314640,4852.8,4852.9,4852.6,4852.9
1776314700,4853.4,4853.7,4852.5,4852.6
1776314760,4853,4853.4,4852.8,4853.4
1776314820,4853.2,4853.4,4852.8,4852.8
1776314880,4852.8,4853.3,4852.1,4853
1776314940,4853.1,4853.1,4852.8,4853.1
1776315000,4853.2,4853.3,4852.1,4852.1
1776315060,4852.3,4852.4,4852.3,4852.3
1776315120,4852.5,4852.9,4851.9,4852.4
1776315180,4852.9,4853.4,4852.9,4853.1
1776315240,4853.2,4853.2,4852.8,4852.8
1776315300,4853.4,4854,4853.4,4853.4
1776315360,4853.5,4853.7,4853.2,4853.4
1776315420,4853.7,4855.2,4853.6,4855.1
1776315480,4855.1,4856,4855,4856
1776315540,4855.9,4856.1,4855.4,4855.7
1776315600,4855.5,4857.9,4855.4,4856.4
1776315660,4856,4857,4855.6,4857
1776315720,4857.1,4857.7,4856.7,4857.6
1776315780,4857.8,4858.5,4857.5,4858
1776315840,4858,4859.2,4858,4859
1776315900,4859.1,4859.2,4857.2,4858.9
1776315960,4858.7,4861.3,4858.7,4859.7
1776316020,4859.3,4859.3,4857.3,4857.8
1776316080,4857.9,4858.6,4856.6,4856.8
1776316140,4856.7,4858.5,4856.7,4858.3
1776316200,4858.2,4859.2,4857.7,4858.2
1776316260,4858.2,4858.4,4857.7,4857.7
1776316320,4857.7,4858.9,4857.6,4858.5
1776316380,4858.5,4858.5,4856.8,4856.8
1776316440,4856.5,4857.6,4856.5,4857
1776316500,4858,4858,4857.4,4857.4
1776316560,4857.8,4859.2,4857.3,4858.3
1776316620,4858.3,4858.3,4857.4,4857.6
1776316680,4858.2,4858.2,4857,4857.4
1776316740,4857.5,4859.1,4857.5,4858.4
1776316800,4858.2,4858.4,4856.6,4856.7
1776316860,4856.9,4857,4856.6,4856.9
1776316920,4856.7,4857.3,4856.5,4857.3
1776316980,4857,4857.5,4856.5,4856.5
1776317040,4856.2,4856.4,4855.5,4855.5
1776317100,4855.6,4855.6,4854.4,4855
1776317160,4855.1,4855.1,4854.4,4854.8
1776317220,4854.6,4857,4854.4,4857
1776317280,4857,4857.1,4855.7,4856.2
1776317340,4856.4,4856.8,4855.2,4855.5
1776317400,4856,4856.9,4854.1,4854.5
1776317460,4854.4,4855,4852.2,4852.2
1776317520,4852.3,4852.6,4850.6,4851.5
1776317580,4852.4,4852.9,4851.5,4852.1
1776317640,4852.7,4853.6,4849.1,4849.5
1776317700,4849.9,4850.2,4848.7,4850
1776317760,4849.7,4850.7,4849.4,4850.7
1776317820,4850.7,4850.8,4848.9,4849.3
1776317880,4849.3,4849.7,4848.2,4848.9
1776317940,4848.8,4851.5,4848.2,4851.2
1776318000,4851.6,4852.6,4850.9,4851.6
1776318060,4851.4,4851.4,4849.5,4850
1776318120,4849.9,4850.8,4849.7,4850.3
1776318180,4850.2,4850.2,4847.6,4848
1776318240,4847.5,4849,4847.5,4848.3
1776318300,4848.4,4852.3,4847.9,4849.1
1776318360,4849.1,4850.3,4848.8,4850
1776318420,4849.6,4850.6,4849.5,4850.4
1776318480,4850.5,4851,4850.5,4850.7
1776318540,4850.6,4850.9,4849.3,4850.5
1776318600,4850.3,4852.6,4850.3,4852
1776318660,4851.9,4852,4847,4851
1776318720,4851.3,4852.1,4849.3,4849.3
1776318780,4849.3,4849.3,4848.1,4849.2
1776318840,4848.7,4849.3,4847.6,4848.9
1776318900,4848.4,4848.4,4846.4,4847.3
1776318960,4847.5,4848.7,4847.5,4848.1
1776319020,4848,4848.3,4846.2,4847
1776319080,4846.6,4847.5,4845.2,4845.5
1776319140,4845.8,4845.9,4843.7,4844.1
1776319200,4843.6,4846.6,4843.6,4845.4
1776319260,4845.3,4847.2,4845,4846.9
1776319320,4847,4850.8,4845.6,4846.7
1776319380,4846.4,4847.2,4845.7,4845.7
1776319440,4845.7,4846.9,4845.5,4846.4
1776319500,4846.1,4846.7,4844.8,4846.4
1776319560,4846.9,4847.9,4846.9,4847.6
1776319620,4847.7,4848,4845.8,4846
1776319680,4846.1,4846.8,4845.9,4846.6
1776319740,4846.6,4847.6,4846.3,4846.4
1776319800,4846.3,4847.4,4845.5,4846.8
1776319860,4847.1,4847.1,4846.3,4846.8
1776319920,4846.2,4849.3,4845.1,4845.9
1776319980,4845.9,4846.5,4845.3,4845.3
1776320040,4845.3,4845.6,4844.7,4845.2
1776320100,4845.1,4845.3,4844.2,4844.5
1776320160,4844.3,4844.6,4843.9,4844.6
1776320220,4844.7,4844.9,4843,4843.5
1776320280,4843.5,4844.2,4843.2,4843.9
1776320340,4844.1,4848,4843.3,4846.9
1776320400,4846.9,4847.2,4842.3,4843
1776320460,4842.2,4843.1,4840.6,4841.1
1776320520,4840.7,4842.6,4839.4,4840.9
1776320580,4841.1,4841.8,4840.9,4841.5
1776320640,4841.5,4842.2,4841.3,4842
1776320700,4842.2,4845.5,4840.1,4840.1
1776320760,4840,4840.9,4838.2,4840.5
1776320820,4840.7,4840.7,4838.6,4839.1
1776320880,4838.6,4838.6,4836.9,4837.8
1776320940,4837.5,4839.1,4836,4838
1776321000,4838.3,4839.2,4837.5,4838.7
1776321060,4838.8,4839.4,4837.9,4838.1
1776321120,4838.8,4842.4,4838.4,4840.6
1776321180,4841,4841,4837.3,4838.5
1776321240,4838.5,4840.4,4836.6,4839
1776321300,4838.6,4840,4838.5,4839.2
1776321360,4839.8,4840.8,4839.4,4840.6
1776321420,4839.8,4841,4839.3,4840.7
1776321480,4840.7,4841.5,4839.9,4841.5
1776321540,4841.1,4842.1,4840.8,4842
1776321600,4841.5,4842.8,4840,4842.6
1776321660,4842.8,4845.8,4842.6,4844.1
1776321720,4844.2,4846.5,4840.9,4845
1776321780,4844.9,4845,4840,4844.1
1776321840,4844.2,4846.2,4844,4846.2
1776321900,4845.7,4846.3,4844.9,4845.7
1776321960,4846,4846,4844,4846
1776322020,4845.7,4847.2,4845.6,4846.4
1776322080,4846.3,4849.5,4845.7,4848.9
1776322140,4848.9,4851.2,4848.9,4850.1
1776322200,4850.4,4852.1,4849.8,4850.8
1776322260,4850.3,4851.8,4846.6,4850.1
1776322320,4850.4,4851.4,4849.2,4849.8
1776322380,4849.2,4850,4846.1,4846.7
1776322440,4846.7,4851,4846.4,4849.7
1776322500,4850.4,4850.9,4848.5,4849.5
1776322560,4849.5,4851.4,4848.6,4849.6
1776322620,4849.3,4850,4848,4848.4
1776322680,4848.8,4851.7,4847.8,4848.5
1776322740,4848.7,4849,4847.8,4848.3
1776322800,4848,4848.9,4847.2,4847.8
1776322860,4847.9,4849.5,4847.6,4847.6
1776322920,4847.5,4847.8,4844.3,4845.7
1776322980,4845.6,4848.2,4845.6,4848
1776323040,4847.4,4851.3,4846.5,4850.8
1776323100,4850.1,4850.4,4846.1,4848.7
1776323160,4848.3,4849.8,4848.2,4848.8
1776323220,4849.2,4851.8,4849,4851.4
1776323280,4851.5,4851.7,4847.6,4850.5
1776323340,4850.7,4851.8,4850.4,4851.6
1776323400,4851.8,4852.8,4849.8,4850.6
1776323460,4850.4,4850.4,4846.7,4846.7
1776323520,4846.7,4847.9,4844.8,4847.9
1776323580,4847.2,4847.9,4844.7,4847.3
1776323640,4847.1,4848,4846,4846.3
1776323700,4846.4,4846.4,4844.9,4845.2
1776323760,4844.6,4851.4,4844.5,4847.9
1776323820,4847.7,4849.8,4847,4847.3
1776323880,4847.5,4847.6,4842.1,4843.9
1776323940,4843.7,4847.6,4842.4,4843
1776324000,4842.7,4843.7,4838.3,4841.2
1776324060,4841.2,4841.8,4840,4841.2
1776324120,4840.7,4843.6,4840.4,4843.2
1776324180,4843.8,4844.1,4842.9,4843.9
1776324240,4843.8,4846.1,4843.8,4845.8
1776324300,4845.7,4849.3,4845.7,4849
1776324360,4849.3,4850,4846.1,4847.1
1776324420,4847.2,4849.7,4846.7,4848.2
1776324480,4848.3,4848.8,4848.1,4848.4
1776324540,4848.3,4850.3,4848.3,4849.7
1776324600,4849.7,4850.1,4849.1,4849.6
1776324660,4849.3,4849.6,4849,4849.2
1776324720,4849,4849.1,4845.6,4846.5
1776324780,4847,4847.6,4846.1,4847.1
1776324840,4846.7,4849,4845.9,4849
1776324900,4849,4850.2,4848.7,4849.3
1776324960,4849.4,4850.1,4848.6,4849.2
1776325020,4849,4850.2,4848,4849.7
1776325080,4849.6,4850,4849.6,4850
1776325140,4850,4851.9,4850,4850.8
1776325200,4850.2,4851.5,4849.5,4851.3
1776325260,4851.4,4851.7,4850.6,4851.3
1776325320,4851.4,4851.4,4850.1,4850.3
1776325380,4850.1,4850.2,4849.5,4849.5
1776325440,4849.4,4849.4,4847.9,4849.3
1776325500,4848.9,4849.8,4848.9,4848.9
1776325560,4848.5,4848.5,4847.1,4847.1
1776325620,4847.2,4847.2,4845.5,4845.5
1776325680,4845.8,4845.9,4844.5,4844.9
1776325740,4844.7,4845.7,4844.5,4845.5
1776325800,4845.6,4845.7,4844.7,4845.1
1776325860,4845.1,4846.4,4844.7,4846.2
1776325920,4846.2,4847.6,4846.2,4846.5
1776325980,4846.4,4846.6,4844.7,4845.1
1776326040,4845.3,4845.7,4844.9,4845.7
1776326100,4844.6,4844.6,4843.3,4843.9
1776326160,4844,4844.9,4842,4842.6
1776326220,4842.4,4842.7,4840.6,4841
1776326280,4841.1,4842.7,4840.9,4842.7
1776326340,4842.6,4843,4842.2,4843
1776326400,4842.8,4843.2,4840.1,4840.4
1776326460,4840.4,4841.4,4839.3,4839.3
1776326520,4839.3,4839.3,4836.9,4837.2
1776326580,4837.5,4837.5,4835.8,4837.1
1776326640,4837,4837.1,4834,4835.6
1776326700,4835.1,4835.1,4828,4832.9
1776326760,4833,4833.8,4829.9,4832.9
1776326820,4832.3,4833.2,4830.7,4831
1776326880,4831,4831.6,4828.4,4831.1
1776326940,4831.2,4833.8,4830.8,4832.4
1776327000,4832.1,4834.7,4831.6,4834.4
1776327060,4834.7,4835.8,4834.2,4834.8
1776327120,4834.8,4834.8,4833.3,4833.3
1776327180,4833.1,4833.1,4832.3,4832.9
1776327240,4832.9,4833.5,4830.6,4833.1
1776327300,4833,4835.2,4832.8,4834.9
1776327360,4834.8,4836,4834.2,4835.8
1776327420,4835.2,4835.2,4832.5,4833.5
1776327480,4833.3,4835.6,4833.3,4835.6
1776327540,4836,4836,4832.7,4832.7
1776327600,4832.6,4834.7,4832.5,4834.4
1776327660,4833.9,4835.2,4833.9,4834.2
1776327720,4834.2,4834.2,4833,4833
1776327780,4833,4834,4832.7,4833.5
1776327840,4833.3,4833.5,4832.1,4832.1
1776327900,4832.3,4832.6,4830.8,4830.8
1776327960,4830.8,4833.4,4830.8,4832.7
1776328020,4833.4,4833.4,4831.8,4832.4
1776328080,4832.7,4833.9,4831.9,4832.3
1776328140,4832.3,4833.3,4831.2,4832.9
1776328200,4833,4833,4831.8,4831.8
1776328260,4831.3,4832.4,4828.8,4828.8
1776328320,4828.9,4830.5,4828.5,4829.2
1776328380,4828.8,4830.4,4827.8,4830.3
1776328440,4830.6,4830.9,4828.9,4829.3
1776328500,4828.9,4831.2,4828.6,4830
1776328560,4829.7,4830.9,4828.5,4830.6
1776328620,4830,4832.2,4830,4832.2
1776328680,4831.9,4832.5,4831.7,4831.7
1776328740,4831.2,4831.2,4830.6,4831.2
1776328800,4831.6,4831.6,4829,4830.6
1776328860,4830.9,4833.6,4830.9,4833
1776328920,4833.3,4834.8,4832.9,4834.8
1776328980,4834.8,4834.8,4832.7,4832.7
1776329040,4832.1,4833.3,4832.1,4833.2
1776329100,4833.4,4833.6,4832.6,4833.5
1776329160,4832.4,4834.1,4832.4,4834.1
1776329220,4833.6,4834.5,4833.3,4834.4
1776329280,4834,4834.8,4833.5,4833.5
1776329340,4833.8,4833.8,4831.3,4832.1
1776329400,4832.2,4832.6,4832,4832.3
1776329460,4832,4832.3,4830.5,4830.8
1776329520,4831,4831.1,4830,4830.3
1776329580,4830,4831.5,4829.4,4831.5
1776329640,4831.2,4832.7,4831.1,4832.3
1776329700,4832.4,4833,4832.1,4833
1776329760,4832.9,4833.1,4830.4,4832
1776329820,4832.6,4833.4,4832.3,4832.7
1776329880,4833.5,4836,4832.5,4834.4
1776329940,4834.4,4834.7,4834.4,4834.7
1776330000,4834.9,4835.1,4833.3,4834.2
1776330060,4834.6,4834.7,4833,4833.1
1776330120,4833.3,4835.5,4833.1,4835.3
1776330180,4835.3,4836.6,4834.9,4836.6
1776330240,4836,4836.9,4835.9,4836.5
1776330300,4836.6,4837.7,4836.4,4837.7
1776330360,4837.8,4837.8,4837,4837.5
1776330420,4837.5,4837.9,4836.8,4837
1776330480,4836.7,4837.3,4836.5,4836.9
1776330540,4836.8,4839.4,4836.8,4839.2
1776330600,4839.5,4839.5,4837.7,4837.9
1776330660,4837.6,4838.1,4837.2,4837.8
1776330720,4837.3,4837.6,4836.8,4837.5
1776330780,4837.5,4838.4,4837.4,4838
1776330840,4838,4838.2,4837.7,4837.7
1776330900,4837.3,4837.4,4835.6,4836.6
1776330960,4836.5,4837.5,4835.5,4835.7
1776331020,4835.8,4836.4,4835.5,4835.5
1776331080,4835.2,4837.1,4834.7,4836.2
1776331140,4835.9,4837.5,4835.5,4837.3
1776331200,4837.5,4838.5,4837.4,4838.3
1776331260,4838.5,4838.5,4838,4838.4
1776331320,4838.2,4838.4,4837.7,4838.1
1776331380,4837.9,4838.5,4836.6,4837
1776331440,4837.1,4837.1,4836.7,4837.1
1776331500,4836.2,4837,4835.5,4836.8
1776331560,4836.6,4836.9,4835.8,4836.7
1776331620,4837.3,4837.7,4836,4836.8
1776331680,4836.9,4837.3,4835.1,4835.2
1776331740,4835,4835.2,4832.5,4834.3
1776331800,4834.2,4834.5,4830.4,4831.2
1776331860,4831,4831.5,4827.7,4828.3
1776331920,4828.2,4831.2,4827.8,4831
1776331980,4831,4832.9,4830.7,4831.9
1776332040,4831.9,4833.3,4831.2,4832.3
1776332100,4832.3,4833.9,4832.1,4832.3
1776332160,4832.2,4832.9,4831.9,4831.9
1776332220,4831.8,4832,4830.5,4831.1
1776332280,4831.3,4833.3,4831.3,4832.6
1776332340,4832.9,4834.4,4832.5,4833.3
1776332400,4833.1,4834.3,4833.1,4834
1776332460,4834.2,4834.6,4833.3,4833.6
1776332520,4833.6,4833.6,4832.1,4832.6
1776332580,4832.1,4834.4,4831.7,4834.3
1776332640,4834.4,4836.1,4834.4,4835.7
1776332700,4835.7,4835.9,4833.4,4834.1
1776332760,4834.5,4836.8,4834.5,4835.9
1776332820,4835.9,4836.4,4834.4,4835.2
1776332880,4835.1,4836.7,4835,4836.3
1776332940,4836.2,4836.4,4834.6,4835
1776333000,4835.3,4835.3,4831,4831.4
1776333060,4831.3,4833.1,4831.1,4832
1776333120,4832.4,4832.8,4832.4,4832.8
1776333180,4832.8,4834.3,4832.8,4833.5
1776333240,4832.9,4833.4,4832.8,4832.8
1776333300,4833.3,4834,4833.3,4833.4
1776333360,4833.5,4834,4832.9,4833.3
1776333420,4832.9,4833.3,4831.4,4831.5
1776333480,4831.8,4832.5,4831.2,4831.9
1776333540,4832,4834.2,4832,4834.2
1776333600,4834.1,4836.7,4833.5,4836.7
1776333660,4836.8,4836.8,4832.2,4832.3
1776333720,4832.3,4834.8,4831.6,4834.8
1776333780,4834.6,4835.6,4833.8,4833.8
1776333840,4833.5,4833.5,4832.9,4833.2
1776333900,4833.7,4835.2,4833.3,4835
1776333960,4834.9,4834.9,4834.2,4834.5
1776334020,4834.4,4834.4,4833.7,4833.7
1776334080,4833.4,4833.4,4832.6,4832.6
1776334140,4833,4833.4,4832.8,4832.9
1776334200,4833,4833,4832,4832.2
1776334260,4832.6,4832.6,4831,4831.1
1776334320,4831.5,4831.9,4830.2,4830.7
1776334380,4830.6,4830.9,4830.1,4830.6
1776334440,4830.1,4830.5,4828.1,4828.3
1776334500,4828.1,4828.8,4825.6,4828.6
1776334560,4828.3,4829.8,4828.2,4829.3
1776334620,4828.9,4828.9,4828.3,4828.3
1776334680,4828.8,4829.9,4828.8,4829.5
1776334740,4828.8,4829.5,4828.8,4829.2
1776334800,4829.2,4830.3,4829.2,4830.1
1776334860,4829.8,4830.4,4829.4,4830.4
1776334920,4830.2,4830.9,4830,4830.4
1776334980,4830.3,4830.6,4830.2,4830.2
1776335040,4830.3,4830.6,4829.6,4829.6
1776335100,4830.1,4830.9,4830,4830.9
1776335160,4830.5,4831.5,4829.9,4830.8
1776335220,4830.4,4830.4,4828.5,4828.9
1776335280,4829.1,4829.1,4828.3,4828.5
1776335340,4828.7,4829,4828,4828.4
1776335400,4828.2,4828.3,4827.1,4827.5
1776335460,4827.3,4828.2,4826.6,4826.8
1776335520,4826.5,4828.7,4826.4,4828.4
1776335580,4828.1,4828.5,4827.2,4827.3
1776335640,4827.7,4829.6,4826.9,4828.9
1776335700,4828.8,4830.2,4828.8,4829.3
1776335760,4829,4830.6,4828.8,4830.2
1776335820,4830.5,4831.3,4830.2,4830.6
1776335880,4830.5,4830.7,4830.2,4830.6
1776335940,4830.2,4831.2,4829.7,4831.2
1776336000,4831.2,4831.8,4831.2,4831.8
1776336060,4831.9,4833.2,4831.9,4833
1776336120,4832.5,4833.5,4832,4832.5
1776336180,4832.2,4832.2,4831,4831.5
1776336240,4831,4831,4829.4,4829.4
1776336300,4828.8,4829.1,4827.8,4828
1776336360,4828.4,4828.6,4827.9,4827.9
1776336420,4827.8,4828.8,4827.8,4827.8
1776336480,4827.8,4829.8,4827.8,4829.8
1776336540,4829.9,4831.1,4829.8,4830.6
1776336600,4830.5,4831,4830.3,4830.7
1776336660,4830.5,4830.6,4829.7,4830.3
1776336720,4831.1,4831.3,4830.5,4831
1776336780,4831.1,4831.6,4830.9,4831.5
1776336840,4831.1,4832.5,4831.1,4832.5
1776336900,4833.1,4835,4832.8,4834.5
1776336960,4834.5,4837.3,4834.2,4837.3
1776337020,4837.1,4837.3,4835.7,4836.9
1776337080,4836.7,4837.8,4835.9,4837.8
1776337140,4837.7,4838.7,4837.4,4838.7
1776337200,4838.7,4839.8,4838.2,4839.1
1776337260,4838.7,4839.5,4838.5,4838.5
1776337320,4838.4,4838.4,4837.5,4838
1776337380,4838,4839.8,4837.9,4839.6
1776337440,4840,4841.5,4839.9,4841.3
1776337500,4841.3,4841.8,4840.7,4841.8
1776337560,4842,4842.1,4840.9,4841.6
1776337620,4841.3,4841.3,4839.4,4840.2
1776337680,4840,4840.1,4837.9,4838.2
1776337740,4838.3,4839.5,4838.3,4839.5
1776337800,4840,4840.7,4840,4840.7
1776337860,4840.9,4840.9,4839.8,4840.4
1776337920,4840.7,4841,4839.3,4839.5
1776337980,4839.2,4839.2,4838.4,4838.4
1776338040,4838.6,4839,4838.5,4838.8
1776338100,4839,4839.6,4838.5,4839.4
1776338160,4839.5,4840.2,4839,4840.1
1776338220,4840.2,4841,4840.1,4841
1776338280,4841,4841.5,4839.3,4839.3
1776338340,4839.1,4840,4838.6,4839.4
1776338400,4839.1,4839.6,4838,4838.5
1776338460,4838.7,4839.1,4838.1,4838.9
1776338520,4839.1,4839.1,4838.3,4838.7
1776338580,4838.7,4840.4,4838.7,4840
1776338640,4840.3,4840.7,4838.8,4838.9
1776338700,4839.1,4839.2,4838.7,4838.7
1776338760,4839.2,4839.2,4838.2,4838.4
1776338820,4838.2,4838.2,4836.8,4837.3
1776338880,4837.5,4837.5,4837,4837.1
1776338940,4837.3,4837.7,4837.3,4837.6
1776339000,4838,4841.6,4838,4840.2
1776339060,4840.2,4840.9,4839.8,4840.5
1776339120,4841,4841.2,4840.6,4840.7
1776339180,4840.8,4840.8,4838.9,4839.5
1776339240,4839.7,4840.4,4839.7,4840.4
1776339300,4840.2,4840.3,4839.1,4839.9
1776339360,4840.1,4841.6,4839.8,4840.9
1776339420,4841.2,4841.6,4841,4841
1776339480,4841,4841.3,4840.8,4840.8
1776339540,4840.5,4840.9,4840.2,4840.3
1776339600,4839.6,4839.6,4838.2,4838.5
1776339660,4838.5,4839.9,4838.5,4839.8
1776339720,4839.2,4839.5,4837.4,4837.7
1776339780,4838.2,4838.5,4837.9,4838.5
1776339840,4838.5,4839.4,4838.4,4839.3
1776339900,4839.2,4840.6,4839.2,4840
1776339960,4839.5,4839.5,4838,4838.2
1776340020,4838,4838.9,4837.9,4838.9
1776340080,4839,4840.9,4839,4840.4
1776340140,4840.4,4840.4,4837.6,4838
1776340200,4838.2,4841.7,4838.2,4841.3
1776340260,4840.9,4841.8,4840.2,4840.2
1776340320,4840.1,4840.7,4839.7,4840.5
1776340380,4840.3,4841.4,4839.9,4839.9
1776340440,4840.2,4840.2,4838.6,4839.9
1776340500,4840,4841.1,4838.7,4841
1776340560,4840.9,4844.2,4840.4,4843.5
1776340620,4844,4844.3,4842.4,4842.4
1776340680,4842.2,4843.6,4842.1,4843.1
1776340740,4844.1,4844.2,4843,4843.9
1776340800,4844.1,4844.9,4842.4,4843.3
1776340860,4842.8,4844.1,4842.7,4843.8
1776340920,4843.9,4845,4843.9,4844.6
1776340980,4844,4844.4,4841.5,4841.8
1776341040,4842.1,4842.1,4841,4841.3
1776341100,4841,4842.1,4840.9,4841.5
1776341160,4841.5,4842.3,4841.4,4842
1776341220,4841.7,4842.7,4838,4840.6
1776341280,4840.6,4840.7,4838.4,4840.5
1776341340,4839.9,4840,4837.1,4838
1776341400,4837.9,4838.4,4835,4836
1776341460,4836.3,4837.4,4833.8,4835.4
1776341520,4835.7,4837.5,4833,4837.5
1776341580,4837.4,4838.3,4837.1,4837.9
1776341640,4837.9,4839.1,4837.9,4838.4
1776341700,4838.4,4840.1,4838.3,4838.6
1776341760,4838.6,4840.2,4838.6,4839.5
1776341820,4839.3,4839.5,4837.5,4838.3
1776341880,4839.2,4839.5,4838.7,4838.7
1776341940,4838.9,4839.8,4838.9,4839.5
1776342000,4839.8,4840.7,4836,4836
1776342060,4836.3,4838.2,4835.6,4838.2
1776342120,4837.9,4838.4,4837.6,4838.3
1776342180,4838.1,4838.2,4836.5,4837.1
1776342240,4837,4838.2,4837,4838.2
1776342300,4838.2,4838.7,4837.1,4838.4
1776342360,4838.5,4839.8,4838.5,4839
1776342420,4838.9,4839,4836,4836.3
1776342480,4836.2,4837.3,4835.5,4837.3
1776342540,4836.9,4837.5,4836.2,4837
1776342600,4836.9,4837.8,4834.4,4835.8
1776342660,4835.5,4835.9,4833.1,4835.4
1776342720,4835.5,4838,4835,4837.7
1776342780,4837.5,4841.8,4837.3,4840.9
1776342840,4841.3,4841.8,4840.3,4840.6
1776342900,4841.2,4842.2,4840.7,4842.2
1776342960,4842,4842,4838.1,4838.8
1776343020,4838.8,4840,4837.4,4838
1776343080,4838.4,4838.4,4834.6,4835
1776343140,4835.4,4837.5,4834.6,4836.7
1776343200,4836.6,4836.7,4835.5,4836.2
1776343260,4836.3,4836.5,4835.1,4835.2
1776343320,4835.3,4837.1,4835.3,4836.8
1776343380,4836.9,4837.9,4836.4,4837.8
1776343440,4837.8,4838.7,4837.4,4838.4
1776343500,4838.5,4839.1,4838.1,4838.8
1776343560,4839.1,4839.2,4838.5,4838.5
1776343620,4838.9,4838.9,4837.9,4838.1
1776343680,4838,4838,4837.5,4837.5
1776343740,4837.4,4837.7,4835.3,4836.4
1776343800,4836.5,4838.7,4836.2,4838.3
1776343860,4838.6,4839.3,4837.7,4837.9
1776343920,4837.9,4838.1,4836.9,4836.9
1776343980,4836.5,4837.3,4836.3,4837.3
1776344040,4837,4838.2,4836.1,4837.9
1776344100,4838.4,4840.7,4838.3,4839.2
1776344160,4839.3,4839.9,4839.1,4839.3
1776344220,4839.5,4840.3,4839.4,4840.3
1776344280,4840.1,4840.3,4839.8,4840.2
1776344340,4839.9,4839.9,4837.8,4837.8
1776344400,4838.3,4841.2,4838.2,4840.9
1776344460,4840.8,4843.4,4840.4,4842.7
1776344520,4843.1,4844.8,4842.3,4843.8
1776344580,4844.5,4844.5,4840.9,4841.5
1776344640,4842,4842.5,4841,4841.5
1776344700,4841.5,4843.7,4841.5,4842.1
1776344760,4842.5,4843.9,4842.2,4842.6
1776344820,4842.7,4842.7,4839.5,4839.9
1776344880,4839.9,4839.9,4836.9,4837.3
1776344940,4837.6,4839.1,4836.7,4837.9
1776345000,4838,4838.6,4836.1,4837.8
1776345060,4837.9,4839,4837.2,4838.8
1776345120,4838.7,4839.7,4838.1,4838.4
1776345180,4839,4841,4838.8,4839.2
1776345240,4839.4,4840,4839.1,4839.1
1776345300,4839.5,4841,4839.3,4840
1776345360,4840.2,4841.8,4839.6,4841.7
1776345420,4841.8,4842,4838.6,4839
1776345480,4839.4,4839.9,4839,4839.6
1776345540,4840,4840.4,4838.9,4840.4
1776345600,4840.6,4843.4,4840.6,4841.5
1776345660,4841.1,4841.4,4838,4839.2
1776345720,4839.1,4839.8,4838,4838.2
1776345780,4838.5,4839.6,4838.3,4838.7
1776345840,4839,4839.3,4837.5,4838.6
1776345900,4838.5,4840,4838.5,4839.3
1776345960,4839.3,4840.9,4839.2,4840.9
1776346020,4840.7,4841,4839.6,4840.5
1776346080,4840.6,4840.6,4838.8,4838.8
1776346140,4838.4,4839,4837.2,4837.6
1776346200,4837.8,4838.1,4834.4,4837.4
1776346260,4836.8,4839.3,4836.5,4837.3
1776346320,4838.3,4839.4,4834.8,4836.6
1776346380,4836.6,4838.4,4836.5,4838.2
1776346440,4838.4,4844.3,4838.4,4843.8
1776346500,4843.9,4846.2,4842.7,4843.2
1776346560,4843,4843.7,4839.3,4840
1776346620,4840.9,4841.8,4839.5,4841.5
1776346680,4841.3,4843.3,4841.1,4842.9
1776346740,4843.2,4843.8,4841.3,4843.4
1776346800,4843.3,4846,4842.7,4844.3
1776346860,4845,4845.7,4836.7,4838.3
1776346920,4838.8,4840,4835.3,4838.7
1776346980,4839,4839.6,4837.9,4838.8
1776347040,4839.2,4839.5,4836.6,4837.8
1776347100,4838,4840.2,4837.3,4839.2
1776347160,4839.3,4841.7,4838.6,4841.4
1776347220,4841.3,4841.3,4833.3,4834.1
1776347280,4833.7,4835.2,4831,4835.1
1776347340,4835.5,4836.5,4833.3,4836.1
1776347400,4835.7,4837.7,4833.1,4833.4
1776347460,4833.2,4833.9,4827,4828.3
1776347520,4828.4,4830.1,4816.2,4817
1776347580,4816.9,4820.2,4816.5,4818.9
1776347640,4818.8,4819.9,4811,4815.8
1776347700,4815.9,4816.7,4805.3,4814.3
1776347760,4814.4,4820,4810.9,4814.5
1776347820,4814.4,4816,4810.8,4812.2
1776347880,4812.9,4815.5,4811.5,4815.5
1776347940,4815.7,4816.7,4812.2,4815.9
1776348000,4815.8,4819.4,4813.7,4816.4
1776348060,4816.4,4818.6,4814.1,4818.6
1776348120,4818.6,4819.3,4814.1,4815
1776348180,4815.6,4817.2,4812.7,4816.2
1776348240,4815.7,4816.2,4809.1,4813.1
1776348300,4813.4,4814.5,4806.4,4810.2
1776348360,4810,4813.7,4808.6,4810
1776348420,4809.9,4818.7,4807.7,4818.3
1776348480,4818.5,4822.7,4815.9,4822.5
1776348540,4822.3,4822.9,4820.1,4822.2
1776348600,4822.3,4828,4821.9,4824.7
1776348660,4824.6,4825.3,4821.3,4824.6
1776348720,4824.5,4826.8,4821.9,4825.9
1776348780,4825.6,4828.4,4822.8,4822.8
1776348840,4823.3,4823.5,4821.3,4823.4
1776348900,4823.6,4825.5,4822.6,4822.8
1776348960,4823.1,4824,4819.4,4820.2
1776349020,4819.9,4820,4816.1,4817.4
1776349080,4817.1,4819.9,4816.4,4817.9
1776349140,4817.8,4818.1,4816.4,4816.8
1776349200,4816.9,4818.1,4815.6,4816.2
1776349260,4816.8,4819.6,4816.6,4818.6
1776349320,4818.8,4818.9,4814.5,4815.9
1776349380,4816.1,4816.1,4813.2,4815.8
1776349440,4815,4818.7,4813.8,4818
1776349500,4817.7,4818.2,4816,4816.7
1776349560,4817.3,4819.2,4816.7,4818.1
1776349620,4818.6,4820.9,4818.3,4819
1776349680,4819.1,4820.8,4818.7,4820.8
1776349740,4820.6,4821.7,4819.9,4821
1776349800,4821.5,4822.1,4819.1,4822
1776349860,4822.1,4823,4820.7,4820.7
1776349920,4820.7,4820.7,4815.8,4816.6
1776349980,4816.8,4820.1,4816.8,4819.6
1776350040,4819.7,4821,4817.9,4818.6
1776350100,4818.7,4819.3,4816,4816.7
1776350160,4817.5,4817.7,4815.7,4817.3
1776350220,4817.3,4819.8,4816.7,4818.6
1776350280,4818.6,4818.6,4815.2,4816.5
1776350340,4816.3,4816.9,4812,4812.1
1776350400,4812.3,4812.7,4792.1,4799.7
1776350460,4800,4807.4,4800,4804.8
1776350520,4805,4809.6,4803.8,4803.9
1776350580,4804.1,4808.1,4802.5,4807.2
1776350640,4807.4,4809.6,4806.9,4809.2
1776350700,4808.8,4813.8,4808.3,4812.9
1776350760,4812.7,4813.6,4810.3,4810.3
1776350820,4810.7,4812,4806.7,4812
1776350880,4812,4813.2,4810.5,4812.1
1776350940,4812.3,4813.8,4811.6,4811.8
1776351000,4812.4,4813.2,4808.8,4809.2
1776351060,4809.2,4814.4,4808.9,4813.2
1776351120,4813.1,4815.2,4812.2,4812.7
1776351180,4812.3,4813.8,4811.8,4812.9
1776351240,4812.4,4813.5,4812,4812.6
1776351300,4812,4812.1,4810.3,4810.3
1776351360,4810.1,4811,4808.7,4810.9
1776351420,4811,4811.5,4808,4808.5
1776351480,4809.2,4811.8,4807,4811.8
1776351540,4812,4813.3,4810.3,4810.3
1776351600,4810.4,4814.4,4809.9,4812.8
1776351660,4813.1,4816.5,4813.1,4815.1
1776351720,4815.6,4818.7,4815,4818.4
1776351780,4818.8,4820.8,4818.2,4819.4
1776351840,4820.3,4824.8,4819.9,4822.5
1776351900,4822.4,4825.9,4820.7,4825.6
1776351960,4825.6,4828.4,4824.4,4824.7
1776352020,4824.7,4828.6,4824.7,4827.3
1776352080,4827.6,4831.4,4827.1,4831
1776352140,4831.5,4833.7,4829.9,4830
1776352200,4830.7,4834.7,4830.3,4833.1
1776352260,4832.7,4832.8,4828.9,4830.3
1776352320,4830.4,4830.8,4828.5,4829.3
1776352380,4829.3,4829.3,4827.6,4828.1
1776352440,4828,4829.6,4827.6,4828
1776352500,4828.6,4831.3,4828.6,4829.3
1776352560,4829,4830.8,4828.6,4829.1
1776352620,4829,4830.6,4828.6,4830.2
1776352680,4830.3,4830.5,4825.9,4825.9
1776352740,4825.9,4826.5,4824.4,4825.3
1776352800,4825.2,4827.6,4824.6,4827
1776352860,4826.4,4828,4825.8,4826.7
1776352920,4826.5,4828.3,4826,4828.3
1776352980,4828.3,4828.4,4825.4,4826.1
1776353040,4826,4827,4825.5,4826.1
1776353100,4826.3,4827.2,4825.8,4826.4
1776353160,4825.6,4828.5,4825.3,4828.5
1776353220,4828.4,4829.2,4826.7,4827.5
1776353280,4827.3,4827.4,4825.7,4826
1776353340,4825.8,4826.7,4823.2,4823.2
1776353400,4823.2,4827.5,4822.9,4825.5
1776353460,4825,4825.8,4824.2,4824.9
1776353520,4824,4825.6,4823.5,4824.8
1776353580,4824.9,4825.3,4823.5,4823.5
1776353640,4823.6,4823.7,4821.5,4822.9
1776353700,4822.8,4823.7,4820.5,4820.6
1776353760,4820.5,4827.8,4819.3,4824.5
1776353820,4824.6,4833.1,4824.6,4830.4
1776353880,4830,4831,4826.7,4829.7
1776353940,4829.5,4830.5,4827.9,4828.4
1776354000,4828.5,4829.3,4826,4828.2
1776354060,4827.4,4828.9,4825.6,4826.1
1776354120,4825.5,4826.1,4821.5,4823.5
1776354180,4823.8,4826.3,4823.3,4826
1776354240,4825.9,4826,4824.2,4824.5
1776354300,4824.2,4827,4823.7,4827
1776354360,4827,4828.5,4825.6,4826.6
1776354420,4826.5,4827.7,4826.5,4827
1776354480,4827.6,4827.6,4823.8,4824.5
1776354540,4824.7,4824.7,4822.2,4824.1
1776354600,4824.8,4827.2,4824.8,4826.6
1776354660,4826.8,4828.2,4826.1,4827.5
1776354720,4827.7,4827.8,4826.8,4827.7
1776354780,4827.5,4828.6,4826.8,4828.5
1776354840,4828.7,4828.7,4826.2,4826.7
1776354900,4826.8,4826.9,4825.3,4826.9
1776354960,4827.3,4829.2,4826.2,4829.2
1776355020,4828.9,4829.3,4827.2,4829.2
1776355080,4829.1,4830.1,4828.7,4828.8
1776355140,4828.5,4829,4828,4828.6
1776355200,4828.8,4830.5,4828.8,4830.3
1776355260,4830.4,4830.4,4828,4828
1776355320,4828.2,4830,4827.2,4829.9
1776355380,4830,4831.4,4829.8,4830.3
1776355440,4829.8,4830.5,4829.5,4829.8
1776355500,4830,4830,4829.3,4829.7
1776355560,4829.4,4829.8,4827.5,4829.3
1776355620,4829,4829.2,4827.8,4828.4
1776355680,4828.2,4829.5,4828.2,4828.8
1776355740,4828.6,4828.9,4826.9,4827.4
1776355800,4827.4,4827.9,4826.6,4827.6
1776355860,4827.3,4828.6,4826.3,4828
1776355920,4828.3,4828.6,4824.6,4825
1776355980,4825,4825.8,4824.8,4825.7
1776356040,4825.5,4826.3,4825.2,4826.2
1776356100,4826.4,4827,4825.7,4827
1776356160,4826.9,4826.9,4824.9,4825.3
1776356220,4825.2,4825.2,4823.6,4824.4
1776356280,4824.6,4825.8,4824.2,4825.8
1776356340,4826,4826.9,4825.6,4825.6
1776356400,4825.3,4825.4,4823.9,4824
1776356460,4823.8,4823.8,4822.1,4823.1
1776356520,4823.6,4823.8,4821.2,4821.7
1776356580,4821.5,4821.5,4819.9,4820.9
1776356640,4821.2,4821.2,4818.9,4819.4
1776356700,4819.8,4820.6,4818.9,4819.1
1776356760,4818.8,4821.2,4818.8,4820.2
1776356820,4820.3,4820.7,4817.7,4819.2
1776356880,4819.2,4822,4819.2,4820.9
1776356940,4820.7,4821.5,4819.3,4820.3
1776357000,4821,4821,4818.3,4818.3
1776357060,4818.5,4818.6,4816.5,4817
1776357120,4817.1,4818.3,4816.4,4818
1776357180,4817.9,4818.1,4807.2,4809.8
1776357240,4810.4,4815.7,4810.3,4813
1776357300,4813.1,4816.8,4812.6,4816.1
1776357360,4816.8,4818.3,4814.7,4815.1
1776357420,4815.7,4816.4,4813.1,4814.4
1776357480,4814.5,4817,4813.6,4816.5
1776357540,4816.6,4817.4,4815.6,4817.3
1776357600,4817.5,4817.5,4814.5,4815.1
1776357660,4815.2,4815.5,4811.5,4812.5
1776357720,4812.7,4812.7,4809.9,4811.8
1776357780,4811.9,4812.2,4809.1,4810.2
1776357840,4810.6,4812.2,4810.2,4811
1776357900,4810.9,4811.6,4809.6,4810
1776357960,4809.5,4810.7,4808,4809.5
1776358020,4810.1,4810.9,4807.2,4808
1776358080,4808.3,4809.1,4806.8,4807.1
1776358140,4806.9,4809,4806,4808.3
1776358200,4808.4,4811.7,4808.1,4811.4
1776358260,4811.5,4814,4811.4,4812.7
1776358320,4812.6,4814.3,4811.6,4812.3
1776358380,4812,4812.9,4810,4810.4
1776358440,4811.1,4811.6,4809.7,4810.5
1776358500,4810.8,4812.6,4810.8,4812.4
1776358560,4812.3,4813.8,4812,4813.7
1776358620,4813.4,4814.4,4813.3,4813.7
1776358680,4813.6,4814.5,4813.2,4814.1
1776358740,4814,4814.2,4812.6,4812.7
1776358800,4812.6,4815.7,4812.6,4814.7
1776358860,4814.5,4814.7,4811.1,4811.7
1776358920,4811.6,4812.1,4810.6,4812
1776358980,4812.2,4814.1,4812.1,4813.7
1776359040,4813.9,4815,4812.6,4813.1
1776359100,4812.9,4814.2,4812,4812.3
1776359160,4812.3,4813,4811.3,4812.8
1776359220,4813.8,4814.6,4813.4,4814
1776359280,4814.6,4815.4,4813.7,4814.2
1776359340,4814.2,4816,4813.8,4815.6
1776359400,4815.9,4816.6,4815.3,4815.8
1776359460,4816.4,4816.4,4813.3,4814.8
1776359520,4814.8,4815.1,4813.9,4814.2
1776359580,4814.6,4815.1,4812.8,4812.9
1776359640,4812.6,4813.1,4810.8,4812.4
1776359700,4812.3,4813,4809.7,4810.7
1776359760,4810.9,4812.9,4810.6,4812.3
1776359820,4812.9,4813,4809.9,4811.1
1776359880,4810.9,4812.2,4809.6,4809.8
1776359940,4810.2,4811.8,4809.8,4811.8
1776360000,4811.9,4812.7,4811.1,4812.5
1776360060,4812.6,4812.9,4810.8,4811.8
1776360120,4811.6,4812.8,4811.3,4811.6
1776360180,4811.9,4813.6,4811.9,4812.6
1776360240,4812.8,4814.5,4812.8,4813.9
1776360300,4814,4815,4813.8,4815
1776360360,4814.3,4815.1,4812.6,4812.6
1776360420,4812.9,4814.1,4812.5,4813.4
1776360480,4813.3,4813.8,4809.7,4810
1776360540,4810.1,4811.6,4805.5,4805.8
1776360600,4806,4809.6,4805.8,4808.5
1776360660,4808.8,4810,4807.7,4807.8
1776360720,4807.8,4809.8,4807.8,4809.1
1776360780,4808.9,4810.2,4807.1,4807.8
1776360840,4807.4,4808.2,4803.1,4805
1776360900,4804.8,4806.3,4803.7,4805.9
1776360960,4806.3,4807,4805.7,4806.2
1776361020,4806.2,4806.2,4803,4803.1
1776361080,4803.2,4804.5,4802,4803.9
1776361140,4803.6,4805,4802.5,4802.9
1776361200,4803.2,4805.7,4802.5,4805.7
1776361260,4805,4805.6,4804.3,4805.4
1776361320,4805.4,4807,4804.6,4806.6
1776361380,4806.6,4808,4805.9,4807.6
1776361440,4807.3,4808.3,4807.3,4807.8
1776361500,4808.1,4808.1,4805.4,4806.1
1776361560,4806.4,4808,4805.9,4807.8
1776361620,4807.7,4808.4,4807.7,4807.8
1776361680,4808.4,4808.8,4808,4808.5
1776361740,4808.7,4810,4808.7,4810
1776361800,4809.2,4809.5,4808,4809.1
1776361860,4808.9,4809,4808.1,4808.6
1776361920,4807.9,4809.6,4807.4,4809.4
1776361980,4809.3,4809.9,4808.7,4809.2
1776362040,4808.9,4808.9,4807.3,4807.8
1776362100,4807.5,4807.5,4806,4806.8
1776362160,4806.6,4807.4,4805.7,4806.9
1776362220,4807,4808.4,4804.5,4805.9
1776362280,4805.2,4805.9,4803.1,4804.6
1776362340,4805,4812,4805,4810.1
1776362400,4810,4813.1,4806.5,4813.1
1776362460,4812.7,4815.5,4811,4811.8
1776362520,4811.7,4813.1,4811.6,4812.6
1776362580,4811.8,4812.1,4810.2,4811.1
1776362640,4811.3,4812.5,4811.2,4811.5
1776362700,4811.4,4812.8,4810.6,4811.6
1776362760,4812,4814.8,4811.9,4813.6
1776362820,4814.2,4814.4,4811.7,4811.8
1776362880,4811.6,4812.7,4810.8,4812.7
1776362940,4812.4,4812.4,4810.2,4810.8
1776363000,4810.9,4811.2,4808.5,4809
1776363060,4809.7,4809.9,4808.5,4809.3
1776363120,4810.4,4810.6,4810,4810.6
1776363180,4810.1,4810.1,4808.8,4809.4
1776363240,4809.2,4810.9,4809.2,4810.6
1776363300,4810.5,4811.8,4810.1,4810.5
1776363360,4810.7,4811,4809.3,4810.5
1776363420,4810.8,4811.4,4810.5,4810.6
1776363480,4810.5,4811.5,4810.2,4811.2
1776363540,4811.8,4812.3,4810.5,4810.9
1776363600,4811.6,4813.5,4811.6,4813.3
1776363660,4813.6,4814,4812.3,4812.8
1776363720,4812.7,4813,4811.1,4811.8
1776363780,4811.6,4811.9,4810.7,4810.7
1776363840,4810.4,4811.1,4810.4,4810.8
1776363900,4811.3,4812.1,4810.1,4810.1
1776363960,4810,4810.1,4808.9,4809.2
1776364020,4809.3,4809.3,4808,4809.1
1776364080,4808.3,4808.9,4808,4808.8
1776364140,4808.6,4808.9,4807.6,4807.7
1776364200,4807.7,4809.5,4807.7,4807.9
1776364260,4807.5,4809.5,4807.5,4808.3
1776364320,4808.2,4811.2,4808.2,4810.3
1776364380,4810,4810.5,4809.1,4809.9
1776364440,4809.7,4809.7,4809.2,4809.7
1776364500,4809.7,4810.2,4808.7,4808.7
1776364560,4808.8,4809.8,4808.8,4809.6
1776364620,4809.8,4810.9,4809.6,4809.7
1776364680,4809.7,4809.7,4808.8,4809.1
1776364740,4809.7,4810.8,4809.7,4810.2
1776364800,4810.8,4812.3,4810.5,4812.1
1776364860,4811.5,4811.9,4811.3,4811.3
1776364920,4811.5,4811.5,4809.4,4809.6
1776364980,4809.6,4809.9,4809.2,4809.7
1776365040,4809.6,4810.8,4809.5,4810.6
1776365100,4810.9,4811.8,4810.5,4811.2
1776365160,4810.8,4811.4,4810.5,4811.4
1776365220,4811.3,4812.5,4811.1,4812.4
1776365280,4811.9,4812.1,4810.7,4810.7
1776365340,4811.1,4811.1,4809.6,4811.1
1776365400,4810.6,4811,4809.1,4811
1776365460,4811,4811.3,4810.3,4810.3
1776365520,4810.3,4813,4810.1,4812.4
1776365580,4812.8,4813.6,4812.7,4813.3
1776365640,4813,4813,4810.9,4811.1
1776365700,4810.9,4811.7,4810,4810
1776365760,4809.3,4810,4809,4809.6
1776365820,4810.1,4810.2,4809.5,4810
1776365880,4810.2,4810.2,4808.9,4809.1
1776365940,4809.1,4810,4809.1,4809.7
1776366000,4810.9,4813.7,4810.5,4813.7
1776366060,4813.9,4815,4813.9,4814.6
1776366120,4814.6,4815.9,4814.4,4815.4
1776366180,4815.3,4815.3,4814.6,4815
1776366240,4815.1,4815.1,4813.4,4813.7
1776366300,4813.8,4814.4,4813.2,4814.2
1776366360,4813.6,4814.5,4812.9,4812.9
1776366420,4813.4,4813.4,4812.2,4812.7
1776366480,4813.3,4814.2,4812.4,4813.8
1776366540,4813.9,4814.9,4813.8,4813.8
1776366600,4814.1,4814.5,4813,4813.4
1776366660,4813.6,4814,4812.6,4812.6
1776366720,4812.4,4812.4,4810.6,4810.7
1776366780,4810.9,4811.6,4810.7,4810.8
1776366840,4810.6,4810.9,4810.3,4810.6
1776366900,4811.4,4813.2,4811.3,4812.8
1776366960,4812.7,4813.4,4812.3,4813.2
1776367020,4813.2,4813.3,4812.5,4813
1776367080,4813.2,4813.4,4812.7,4812.7
1776367140,4813.2,4814.8,4812.9,4814.3
1776367200,4814.1,4814.5,4814.1,4814.3
1776367260,4814,4814.9,4813.7,4814
1776367320,4813.7,4814.4,4813.6,4813.7
1776367380,4813.5,4813.5,4812.4,4812.4
1776367440,4812.3,4813.8,4812.3,4813.5
1776367500,4813.3,4813.6,4812.8,4813.2
1776367560,4812.7,4813.4,4812.4,4812.5
1776367620,4812.3,4813.2,4811.7,4812.2
1776367680,4812.1,4813.4,4812.1,4813.4
1776367740,4813.4,4813.4,4811.6,4811.6
1776367800,4811.5,4813.9,4811.5,4813.3
1776367860,4812.9,4813.6,4812.9,4813.5
1776367920,4813.9,4814.5,4812.8,4812.8
1776367980,4812.7,4813.3,4812.5,4813.3
1776368040,4812.7,4813.3,4812.7,4812.7
1776368100,4812.3,4813,4811.8,4813
1776368160,4812.6,4813.4,4812.4,4812.6
1776368220,4812.5,4812.7,4812.2,4812.7
1776368280,4812.7,4814,4812.7,4814
1776368340,4813.9,4814.4,4813.9,4814
1776368400,4814.5,4816.6,4814,4815.8
1776368460,4816.2,4817.3,4816.1,4816.8
1776368520,4816.8,4818.8,4816.8,4817.8
1776368580,4818,4818.5,4817.5,4817.5
1776368640,4817.3,4818.8,4817.3,4818.5
1776368700,4819.1,4819.7,4818,4819.2
1776368760,4819.2,4819.6,4817.7,4817.9
1776368820,4818.4,4818.4,4818.4,4818.4
1776368880,4818.5,4818.5,4816.4,4816.6
1776368940,4816.3,4816.3,4814.7,4815
1776369000,4814.9,4816.2,4813.6,4814.6
1776369060,4814.6,4815.2,4814.6,4814.7
1776369120,4814.2,4814.8,4814,4814
1776369180,4814.4,4814.4,4814,4814.1
1776369240,4813.9,4815.7,4813.9,4815.7
1776369300,4815.9,4817,4815.3,4816.2
1776369360,4816.4,4817.1,4814.6,4815.9
1776369420,4815.5,4816.5,4814.8,4816.3
1776369480,4816.5,4816.5,4813.8,4814.9
1776369540,4814.7,4815.8,4814.1,4814.5
1776369600,4814.8,4815,4813.2,4813.7
1776369660,4813.8,4814.1,4813,4814
1776369720,4814,4815.1,4813.6,4814.7
1776369780,4814.6,4814.6,4813.4,4813.7
1776369840,4813.6,4813.7,4813.2,4813.5
1776369900,4813.4,4813.4,4812.4,4812.5
1776369960,4812.3,4812.3,4811,4811.6
1776370020,4811.4,4812.2,4811.4,4812.2
1776370080,4812.7,4812.7,4811.9,4812.3
1776370140,4812.6,4812.7,4811.7,4811.7
1776370200,4812,4812.4,4811.7,4811.9
1776370260,4811.9,4811.9,4811.9,4811.9
1776370380,4811.8,4812,4811.7,4811.7
1776370440,4811.4,4811.5,4811.4,4811.5
1776370500,4811.2,4811.7,4811.2,4811.6
1776370560,4811.6,4812,4811.6,4812
1776370620,4811.5,4812.3,4811.5,4812
1776370740,4812.7,4812.9,4812.7,4812.9
1776370800,4812.4,4812.6,4811.6,4811.6
1776370860,4811.7,4811.8,4809.7,4810.7
1776370920,4810.8,4810.8,4810.4,4810.4
1776370980,4810.6,4810.6,4809.8,4809.9
1776371040,4810,4810.1,4809.5,4809.5
1776371100,4809.8,4810,4809.3,4810
1776371160,4810.7,4810.7,4810.3,4810.5
1776371220,4809.7,4809.7,4809.7,4809.7
1776371280,4809.7,4809.9,4809.7,4809.9
1776371340,4809.7,4810.4,4809.4,4810.4
1776371400,4810.2,4810.2,4809.8,4810.2
1776371460,4810.8,4810.8,4810.1,4810.1
1776371520,4810.3,4810.3,4809.9,4810
1776371580,4809.6,4809.6,4809.3,4809.3
1776371640,4809.5,4809.6,4807.3,4807.5
1776371700,4807.9,4809.7,4807.9,4809.4
1776371760,4809.2,4810,4808.8,4810
1776371820,4809.7,4809.7,4809.7,4809.7
1776371880,4809.6,4810.1,4809.6,4810.1
1776371940,4810.4,4811.5,4810.4,4810.6
1776372000,4810.5,4810.5,4809.2,4809.2
1776372060,4809.5,4810.1,4809.5,4809.9
1776372120,4810.1,4810.1,4809.7,4810
1776372180,4810.1,4810.1,4809.7,4810
1776372240,4810,4810,4809.2,4809.6
1776372300,4810,4811.2,4809.7,4811
1776372360,4810.8,4811.1,4810.5,4810.6
1776372420,4811.2,4811.5,4810.6,4810.6
1776372480,4810.6,4811.7,4810.6,4811.7
1776372540,4811.6,4811.7,4811.5,4811.5
1776372600,4811,4811.2,4809.7,4810
1776372660,4810.7,4810.8,4808.9,4809.3
1776372720,4809.2,4809.7,4809,4809.1
1776372780,4809.4,4809.5,4809.4,4809.5
1776372840,4809.8,4810.5,4809.8,4810.5
1776372900,4810.6,4810.8,4810.1,4810.1
1776372960,4810.7,4810.7,4810.5,4810.5
1776373020,4810.6,4811.3,4810.5,4811.2
1776373080,4811.2,4811.8,4811.2,4811.8
1776373140,4812.1,4812.1,4806,4810.9
1776376800,4811.8,4817.4,4811.8,4815.3
1776376860,4816.1,4818,4812.5,4813.4
1776376920,4812.4,4817.3,4811.9,4815
1776376980,4814.7,4816,4814.5,4816
1776377040,4815.4,4817.4,4814.1,4815.5
1776377100,4815.4,4818,4815.4,4818
1776377160,4817.4,4818.1,4816.5,4818
1776377220,4818.1,4818.8,4816,4817.1
1776377280,4817.3,4817.3,4815.9,4816.3
1776377340,4816.6,4817.6,4815.2,4817.6
1776377400,4817.3,4817.6,4816.7,4816.7
1776377460,4817.4,4817.8,4816.5,4817.5
1776377520,4817.1,4818.6,4816.6,4817
1776377580,4816.3,4816.7,4816.1,4816.6
1776377640,4816.5,4816.6,4815.6,4816
1776377700,4815.9,4816,4815.7,4816
1776377760,4815.8,4817.3,4815.5,4817
1776377820,4816.6,4816.6,4815.4,4816.4
1776377880,4815.7,4815.7,4813.6,4814.2
1776377940,4814.9,4815.1,4813,4813.7
1776378000,4813.8,4813.9,4813.3,4813.3
1776378060,4814.2,4814.4,4813.6,4813.6
1776378120,4813.8,4814.2,4813.8,4814.2
1776378300,4814.4,4816.5,4814.4,4816.5
1776378360,4815.9,4815.9,4815.3,4815.3
1776378420,4815.2,4815.8,4815.1,4815.3
1776378600,4814.5,4814.5,4812,4813.5
1776378660,4813.2,4814.2,4813.1,4813.3
1776378720,4813.4,4813.6,4813.3,4813.3
1776378780,4812.8,4815.4,4811.4,4814.5
1776378840,4814,4816.1,4813.1,4815.2
1776378900,4815.1,4816.8,4815,4816.6
1776378960,4816.3,4816.6,4815.8,4816.4
1776379020,4816.5,4816.5,4815.7,4816.1
1776379080,4816.2,4816.2,4814.8,4814.8
1776379140,4814.7,4814.9,4814.4,4814.4
1776379200,4814.1,4814.7,4814,4814.7
1776379260,4815,4816.8,4815,4816.1
1776379320,4815.8,4815.8,4815.1,4815.3
1776379380,4815.2,4816.2,4815.2,4816.2
1776379440,4816,4816,4816,4816
1776379500,4815.2,4815.2,4815.2,4815.2
1776379560,4815.8,4815.8,4815.8,4815.8
1776379620,4815.7,4815.7,4815.4,4815.4
1776379680,4815.9,4817.9,4815.8,4816
1776379740,4816.5,4818,4815.9,4815.9
1776379800,4815.9,4816.2,4815.8,4816.1
1776379860,4816.4,4817.3,4816.4,4817.3
1776379920,4816.7,4817.3,4815.8,4815.8
1776379980,4815.9,4817.3,4815.9,4817.3
1776380040,4816.7,4817.3,4816.4,4816.6
1776380100,4816.5,4816.8,4816,4816.3
1776380160,4816.5,4816.5,4816.5,4816.5
1776380220,4817.2,4817.2,4817.2,4817.2
1776380340,4816.5,4817.2,4815.8,4816
1776380400,4815.6,4815.6,4814.5,4814.5
1776380460,4815,4815.1,4814.7,4814.7
1776380520,4814.1,4814.6,4813.5,4814.6
1776380580,4813.9,4814.4,4813.9,4814.4
1776380640,4813.8,4815,4813.7,4815
1776380700,4814,4815.4,4813.9,4815.1
1776380760,4815.4,4815.4,4815.4,4815.4
1776380820,4815.3,4816,4815.3,4815.3
1776380880,4814.7,4814.7,4814.4,4814.4
1776380940,4814.4,4814.4,4814.4,4814.4
1776381000,4814.7,4814.7,4814.7,4814.7
1776381060,4814.6,4814.6,4814.6,4814.6
1776381120,4814,4814.9,4813.9,4813.9
1776381180,4814.2,4814.7,4813.4,4813.4
1776381240,4813.4,4813.5,4812.6,4813.3
1776381300,4813.7,4814.1,4813.3,4813.3
1776381360,4813.7,4813.8,4813.1,4813.8
1776381420,4814.5,4815.5,4814.5,4815.5
1776381480,4815.3,4816.7,4815.3,4816.7
1776381540,4817.1,4817.1,4816.6,4816.9
1776381600,4816.8,4816.8,4815.9,4815.9
1776381660,4816.4,4817.3,4816.4,4817.3
1776381720,4816.6,4817.3,4816.3,4817.3
1776381780,4817.7,4818.7,4817.4,4817.4
1776381840,4817.3,4817.7,4816.7,4817.1
1776381900,4816.5,4817.4,4816.5,4817.1
1776381960,4817.8,4817.9,4817.5,4817.5
1776382020,4816.8,4817.2,4816.5,4816.9
1776382080,4816.8,4817.1,4815.9,4816.4
1776382140,4816,4816,4814.3,4814.3
1776382200,4814.4,4814.4,4813.2,4813.2
1776382260,4813.1,4815.6,4812.8,4815.5
1776382320,4815.3,4815.3,4815.3,4815.3
1776382380,4815.6,4816.6,4814.7,4814.7
1776382440,4814.9,4815.7,4814.9,4815.7
1776382500,4815.8,4815.9,4815.8,4815.9
1776382560,4815.8,4815.8,4815.1,4815.6
1776382620,4816.3,4816.6,4816.3,4816.6
1776382680,4816.4,4816.5,4815.8,4816.5
1776382740,4816.3,4816.3,4815.4,4815.4
1776382920,4816.3,4816.3,4816,4816
1776382980,4816.3,4817.2,4815.8,4817.2
1776383040,4817,4817,4816.3,4816.7
1776383100,4816,4817.7,4816,4817.3
1776383160,4816.5,4816.5,4816.2,4816.2
1776383220,4816.2,4816.2,4813.6,4814.3
1776383280,4814.3,4814.7,4813.9,4814.7
1776383340,4815.2,4815.2,4814.4,4814.4
1776383400,4814.1,4815.5,4813.9,4815.5
1776383460,4815.6,4816,4815,4816
1776383520,4815.7,4816.7,4815.6,4816.4
1776383580,4815,4815,4814.4,4814.8
1776383640,4814.5,4814.7,4814.4,4814.6
1776383700,4814.2,4814.9,4814,4814
1776383760,4814.5,4815.4,4813,4813.4
1776383820,4813.3,4814.2,4813.3,4814.2
1776383880,4814.9,4815.5,4813,4813
1776383940,4813.8,4813.9,4812.4,4812.5
1776384000,4812,4812,4809.5,4809.5
1776384060,4810,4810.5,4808.6,4809.3
1776384120,4809.6,4811,4809.6,4809.9
1776384180,4810.1,4810.5,4808.8,4809.2
1776384240,4810,4810,4808.9,4808.9
1776384300,4808.3,4808.3,4806.7,4807.9
1776384360,4808.1,4809.7,4807.8,4809.5
1776384420,4808.8,4809.7,4808.8,4809.5
1776384480,4809.5,4811.1,4809,4811.1
1776384540,4810.6,4811.9,4810.3,4811.3
1776384600,4811.4,4812.8,4811.2,4812.5
1776384660,4812.6,4812.6,4810,4810.5
1776384720,4810.9,4810.9,4808.4,4809.8
1776384780,4809.1,4810.8,4809.1,4810
1776384840,4810,4811.3,4809.6,4811.3
1776384900,4811.1,4811.1,4808.8,4808.9
1776384960,4808.6,4810.1,4808.3,4810.1
1776385020,4809.3,4809.4,4809.3,4809.4
1776385080,4809.8,4812.6,4809.6,4812.6
1776385140,4812.6,4813.1,4812.1,4812.1
1776385200,4811.9,4812.9,4811.4,4812.9
1776385260,4812,4813,4812,4812.3
1776385320,4812.4,4812.5,4811.3,4812
1776385380,4812.3,4812.5,4812.3,4812.4
1776385440,4811.6,4812.3,4810.2,4810.2
1776385500,4810.2,4811.6,4810.2,4811.5
1776385560,4811.9,4812.9,4811.1,4812.7
1776385620,4812.9,4813.7,4812.5,4813.3
1776385680,4813.5,4813.9,4813.2,4813.6
1776385740,4813.2,4814,4813.2,4814
1776385800,4814,4816.4,4813.6,4816.4
1776385860,4815.9,4818.4,4815.9,4818
1776385920,4818.5,4819.3,4817.2,4818.5
1776385980,4818,4818.9,4817.5,4817.5
1776386040,4817.8,4817.8,4816.9,4817.6
1776386100,4817.1,4818,4816.4,4817.8
1776386160,4817.4,4817.8,4815.7,4816.6
1776386220,4816.7,4817.6,4816.7,4816.9
1776386280,4817.2,4818,4816.8,4818
1776386340,4817.7,4818.1,4816.5,4817.1
1776386400,4817.5,4817.5,4816.7,4816.7
1776386460,4816.1,4816.7,4815.5,4816.7
1776386520,4816.8,4816.8,4815.9,4816.1
1776386580,4816,4819.3,4816,4818.7
1776386640,4819.3,4819.5,4818.7,4819.4
1776386700,4819.2,4821.2,4819.2,4820.9
1776386760,4820.6,4822.1,4820.4,4821.6
1776386820,4822,4822.2,4820.2,4820.7
1776386880,4821.2,4821.4,4820.8,4820.8
1776386940,4820.4,4820.7,4820.3,4820.4
1776387000,4820.1,4820.3,4819.3,4819.4
1776387060,4818.8,4819,4816,4816.3
1776387120,4816.5,4817,4816,4816.5
1776387180,4816.8,4817.2,4816.8,4817.2
1776387240,4817.1,4817.1,4815.3,4815.7
1776387300,4815.8,4816,4815.6,4816
1776387360,4816,4816,4814.6,4815.5
1776387420,4815.3,4816.6,4815.3,4816
1776387480,4816.4,4816.4,4814.9,4814.9
1776387540,4815.2,4816.4,4815.2,4816.3
1776387600,4815.6,4816.5,4814.4,4814.6
1776387660,4814.5,4815.7,4812,4812.5
1776387720,4812,4813.4,4810.6,4812.7
1776387780,4812.3,4812.4,4809.3,4810.1
1776387840,4809.7,4810.4,4807.5,4809.9
1776387900,4809.3,4810.1,4807.1,4808
1776387960,4808.4,4810.7,4808.4,4810.7
1776388020,4810.7,4811.3,4807.4,4809.7
1776388080,4810,4811.1,4809.4,4810.3
1776388140,4810.8,4810.8,4803.5,4803.7
1776388200,4803.5,4804.5,4800.5,4803.1
1776388260,4803.3,4805.5,4798.1,4799.4
1776388320,4799.7,4799.7,4785.9,4799.1
1776388380,4798.8,4801.9,4798.4,4801.9
1776388440,4802,4802.2,4799.2,4799.2
1776388500,4799,4803.6,4798.7,4803
1776388560,4803.6,4805.4,4803.3,4804.9
1776388620,4805.1,4805.9,4802.8,4803.5
1776388680,4803.5,4804,4802.3,4804
1776388740,4804,4804,4801,4802.4
1776388800,4803,4804,4801.4,4801.7
1776388860,4802.1,4802.1,4797.5,4798.2
1776388920,4798,4798.5,4794.5,4796.2
1776388980,4796.2,4796.7,4792.2,4794.3
1776389040,4793.8,4794.6,4791.5,4794.6
1776389100,4794.3,4796.5,4793.8,4796.2
1776389160,4796,4797.1,4794.6,4795.1
1776389220,4795.5,4796.3,4791.8,4791.8
1776389280,4791.5,4791.9,4787.8,4788.5
1776389340,4788.3,4790.3,4787.7,4789.3
1776389400,4788.9,4791.9,4787.9,4790.9
1776389460,4791.1,4796.8,4791,4796
1776389520,4796.2,4796.2,4790.3,4794.4
1776389580,4793.3,4793.3,4791,4791.3
1776389640,4791.5,4794.8,4790.8,4794.6
1776389700,4794.5,4797.1,4794.4,4796
1776389760,4795.9,4797.6,4795.9,4797.3
1776389820,4797.5,4797.8,4794.9,4795
1776389880,4794.9,4796.4,4794.4,4796
1776389940,4796,4796,4793.4,4793.5
1776390000,4793.9,4796.5,4793.5,4795.3
1776390060,4794.6,4795.5,4792,4792.8
1776390120,4792.7,4794.8,4791.9,4794
1776390180,4794.8,4796.4,4794.2,4796.1
1776390240,4796.1,4797.6,4796.1,4796.9
1776390300,4797.8,4799.3,4797,4797.9
1776390360,4798.1,4798.7,4797,4797
1776390420,4796.8,4797.5,4795.3,4797
1776390480,4797.3,4799.1,4797.2,4798.5
1776390540,4798.7,4799.6,4798,4798.5
1776390600,4798.3,4801.4,4798.2,4801
1776390660,4801.3,4803.6,4800.8,4803.6
1776390720,4803.4,4807.5,4803.4,4805.3
1776390780,4805.8,4807.1,4805.7,4806.5
1776390840,4806.5,4806.8,4805.3,4806.6
1776390900,4806.6,4811.5,4806.4,4810
1776390960,4809.7,4810.4,4808.5,4809.5
1776391020,4809.2,4810.8,4809,4809
1776391080,4808.7,4808.7,4807.2,4808
1776391140,4807.8,4810.5,4807.5,4810.2
1776391200,4809.8,4811.4,4808.7,4811.4
1776391260,4810.7,4811.9,4810.3,4811
1776391320,4811.4,4812.5,4810.6,4810.7
1776391380,4810.9,4812.7,4810.6,4812.2
1776391440,4812.1,4812.6,4811.1,4812.4
1776391500,4812.2,4813.1,4811.7,4812.9
1776391560,4812.8,4812.9,4811.8,4812.4
1776391620,4813,4814.4,4813,4813.5
1776391680,4813.4,4813.4,4811.1,4811.5
1776391740,4811.3,4811.3,4809.3,4809.5
1776391800,4809.6,4810.9,4809.5,4809.8
1776391860,4810.5,4810.5,4809,4809.3
1776391920,4808.9,4809.7,4808.9,4809.3
1776391980,4809.1,4809.4,4808.3,4808.8
1776392040,4809,4811.4,4809,4811.4
1776392100,4811.8,4811.9,4810.7,4810.7
1776392160,4811.2,4811.8,4810.9,4811.2
1776392220,4811,4811,4809.8,4810.6
1776392280,4809.7,4809.7,4808.7,4809
1776392340,4808.5,4809.6,4808.5,4809.3
1776392400,4809.6,4809.6,4809.3,4809.6
1776392460,4809.7,4809.7,4808.8,4809.2
1776392520,4809.6,4810.1,4809.6,4810
1776392580,4810,4811,4808.3,4810.7
1776392640,4811,4812,4810.1,4810.1
1776392700,4809.6,4810.5,4808.9,4810.4
1776392760,4810.9,4811.2,4809.8,4810.4
1776392820,4810.6,4811.4,4810.3,4810.3
1776392880,4809.7,4810.8,4809.3,4810.8
1776392940,4810.7,4810.7,4808.7,4808.7
1776393000,4808.6,4809.6,4808.6,4808.8
1776393060,4808.8,4811.1,4808.4,4811.1
1776393120,4811.8,4813.2,4811.8,4812.8
1776393180,4812.7,4812.7,4810.8,4810.8
1776393240,4811.2,4811.9,4811,4811.9
1776393300,4811.9,4811.9,4810.4,4810.7
1776393360,4811.3,4812.9,4811.3,4812.9
1776393420,4812.5,4813.9,4812.3,4813.6
1776393480,4813.9,4815,4813.5,4814.1
1776393540,4813.7,4813.7,4812.8,4813.2
1776393600,4813,4813.8,4812.9,4813.6
1776393660,4814.4,4815,4813.7,4813.8
1776393720,4813.6,4813.6,4811.9,4812.4
1776393780,4811.9,4812.3,4811.9,4811.9
1776393840,4811.8,4811.8,4811.8,4811.8
1776393900,4811.3,4811.4,4809.8,4811.4
1776393960,4812.6,4813.8,4812.3,4812.6
1776394020,4812.3,4812.3,4811.2,4811.8
1776394080,4811.7,4811.8,4811,4811.1
1776394140,4811.4,4811.4,4809.9,4809.9
1776394200,4809.6,4809.8,4809,4809.2
1776394260,4809,4809.9,4809,4809.5
1776394320,4809.4,4809.8,4809,4809.6
1776394380,4809.7,4810,4809.7,4809.9
1776394440,4809.6,4809.9,4808.3,4808.6
1776394500,4808.4,4809.1,4807.8,4808
1776394560,4808.1,4808.1,4806.8,4807
1776394620,4806.7,4807,4805.8,4806.9
1776394680,4806.5,4806.8,4805.5,4806.7
1776394740,4806.3,4806.6,4804.3,4804.6
1776394800,4804.8,4806.4,4804.8,4805.6
1776394860,4805.1,4807.3,4805,4807.2
1776394920,4807.4,4807.6,4806.7,4807.4
1776394980,4807.4,4810.9,4807.3,4810.9
1776395040,4811.3,4812.2,4811.3,4811.6
1776395100,4812.3,4815.7,4812.3,4814.9
1776395160,4815.5,4818,4815.5,4817.4
1776395220,4817.1,4817.4,4814.4,4814.7
1776395280,4814.5,4817.3,4814.5,4816.1
1776395340,4815.9,4816.4,4815.6,4816.2
1776395400,4816.3,4816.5,4814.4,4814.6
1776395460,4815.3,4815.5,4814.3,4815.1
1776395520,4814.9,4814.9,4813.1,4814.1
1776395580,4813.8,4814.1,4813.3,4813.9
1776395640,4814,4817.1,4813.8,4816.5
1776395700,4816.5,4817.5,4814.9,4814.9
1776395760,4815.4,4816.8,4815.4,4816.7
1776395820,4816.6,4817.6,4816.6,4817.1
1776395880,4817.4,4819.1,4816.8,4817
1776395940,4816.8,4817.5,4815.9,4817.5
1776396000,4818,4818.1,4815.7,4816.6
1776396060,4816.2,4816.2,4815.3,4816
1776396120,4816.1,4816.4,4815.4,4815.6
1776396180,4816,4816.7,4815.9,4816.2
1776396240,4815.9,4816.7,4815.7,4816.4
1776396300,4816.1,4816.6,4815,4815
1776396360,4815.1,4816.1,4814.5,4815.4
1776396420,4815.4,4815.4,4813.9,4814.8
1776396480,4814.4,4814.4,4813.6,4813.9
1776396540,4814,4815.2,4814,4815
1776396600,4814.5,4815,4813.9,4814.4
1776396660,4814.8,4815,4814.5,4814.8
1776396720,4815.1,4815.2,4814.4,4814.6
1776396780,4815.2,4815.8,4813.9,4813.9
1776396840,4813.7,4814.7,4813.4,4814.5
1776396900,4815,4815.2,4814.1,4814.4
1776396960,4814,4814,4813.3,4813.4
1776397020,4813.6,4813.6,4812.3,4812.8
1776397080,4813,4813.3,4813,4813.2
1776397140,4813.1,4813.6,4813.1,4813.1
1776397200,4813,4813.5,4813,4813.5
1776397260,4813.5,4813.7,4812.7,4813.7
1776397320,4813.5,4814.5,4812.7,4814.5
1776397380,4815.1,4815.5,4814.4,4814.4
1776397440,4814.2,4815.4,4814.2,4814.8
1776397500,4815,4815,4815,4815
1776397560,4815.4,4816.3,4815.4,4815.5
1776397620,4815.6,4815.6,4815.5,4815.5
1776397680,4814.9,4815.3,4814.9,4815.3
1776397740,4815.7,4817,4815.7,4816.9
1776397800,4816.9,4817.2,4816.1,4816.5
1776397860,4816.6,4816.6,4816,4816.5
1776397920,4816.5,4817.5,4816.5,4817.2
1776397980,4817.1,4817.1,4817,4817
1776398040,4817.1,4817.1,4814.7,4815
1776398100,4814.7,4814.7,4814.3,4814.5
1776398160,4814.5,4814.7,4814,4814.4
1776398220,4814.9,4814.9,4814.2,4814.6
1776398280,4814.7,4814.7,4813.7,4814.1
1776398340,4813.7,4813.9,4813.7,4813.9
1776398400,4813.9,4814.2,4813.6,4813.8
1776398460,4813.8,4814.7,4813.8,4814.7
1776398520,4814.2,4814.8,4813.1,4814.5
1776398580,4814.6,4814.7,4814.6,4814.7
1776398640,4814.9,4815.3,4814.9,4815.3
1776398700,4815.6,4816.4,4814.5,4814.5
1776398760,4814.4,4815.7,4814,4814.4
1776398820,4814.7,4815.8,4814,4815.6
1776398880,4815.7,4815.7,4814.2,4815.2
1776398940,4814.9,4815.1,4814.4,4814.6
1776399000,4814.6,4814.7,4814.5,4814.5
1776399060,4814.7,4815.7,4814.7,4815.6
1776399120,4815.9,4815.9,4815.5,4815.5
1776399180,4816,4816.9,4816,4816.8
1776399240,4816.3,4816.3,4815.6,4815.7
1776399300,4816.4,4817.1,4815,4815.1
1776399360,4815.2,4815.3,4814.5,4815.2
1776399420,4815,4815.3,4814.8,4815.1
1776399480,4815.8,4816,4815.8,4816
1776399540,4816.6,4817,4816.5,4816.5
1776399600,4816.3,4816.6,4816,4816.2
1776399660,4815.9,4815.9,4814.8,4815.1
1776399720,4815.2,4815.2,4815.2,4815.2
1776399780,4815.4,4816,4815,4815.8
1776399840,4815.2,4815.8,4815.2,4815.8
1776399900,4816.1,4816.1,4815.4,4816
1776399960,4815.6,4815.6,4815.4,4815.4
1776400020,4815.5,4816,4815.5,4815.9
1776400080,4816,4816,4815.9,4815.9
1776400140,4816.2,4817,4816.2,4816.8
1776400200,4817,4817,4816.6,4816.6
1776400260,4816.9,4817.2,4816.6,4816.9
1776400320,4816.4,4817.5,4816.2,4816.6
1776400380,4817.2,4817.8,4817.1,4817.8
1776400440,4817.9,4818.5,4817.6,4818.1
1776400500,4818.2,4819.9,4818.2,4819.3
1776400560,4819.3,4819.4,4818,4818.9
1776400620,4819.4,4820,4819.1,4819.8
1776400680,4819.9,4820,4819.5,4819.8
1776400740,4819.8,4820.7,4819.8,4820.5
1776400800,4820.5,4821,4819.6,4820.5
1776400860,4821,4821,4820.4,4820.4
1776400920,4820.6,4822.8,4820.6,4822
1776400980,4821.8,4821.8,4821.1,4821.3
1776401040,4821.2,4822.5,4820.9,4822.2
1776401100,4822.2,4822.2,4819.5,4819.7
1776401160,4819.8,4820.2,4819.5,4820
1776401220,4820,4820.3,4820,4820.3
1776401280,4820.2,4820.5,4819.7,4820.4
1776401340,4820.6,4820.6,4819.7,4819.7
1776401400,4819.6,4820.2,4819.2,4820.2
1776401460,4820.6,4821.7,4819.8,4821.6
1776401520,4822,4822.7,4820.7,4820.9
1776401580,4820.8,4821.4,4820,4820
1776401640,4820.4,4820.4,4819.8,4820.1
1776401700,4820.6,4820.7,4820,4820.2
1776401760,4820.5,4821.2,4820.5,4821.2
1776401820,4821.2,4821.7,4820.8,4821.5
1776401880,4821.4,4824.8,4821.2,4824.5
1776401940,4824.5,4825.6,4823.3,4824.2
1776402000,4823.7,4826.4,4823.7,4825.4
1776402060,4825,4825.4,4824.2,4824.2
1776402120,4824.5,4825,4823.2,4823.2
1776402180,4823.4,4824.1,4822.6,4822.6
1776402240,4822.5,4823.1,4821.5,4821.7
1776402300,4822,4822.2,4820.7,4820.9
1776402360,4821.3,4821.6,4820.6,4821.6
1776402420,4822.5,4823.8,4822.5,4823.6
1776402480,4823.6,4825.1,4823.5,4825.1
1776402540,4825.5,4826.5,4825,4825.7
1776402600,4825.7,4825.9,4825.1,4825.7
1776402660,4825.7,4825.9,4825.3,4825.9
1776402720,4825.7,4826.4,4825,4825.7
1776402780,4826.3,4826.7,4826.1,4826.6
1776402840,4826.9,4827.2,4826.1,4826.1
1776402900,4826,4826.1,4825.2,4825.2
1776402960,4825.3,4825.3,4823.3,4823.7
1776403020,4823.6,4823.8,4823,4823
1776403080,4822.8,4823.9,4822.6,4823.9
1776403140,4824,4824.8,4823.6,4824.6
1776403200,4824.5,4826.3,4823.6,4824.4
1776403260,4823.9,4824.3,4823.8,4824.3
1776403320,4824.4,4825.8,4824.4,4825.7
1776403380,4826.1,4826.1,4824.7,4824.7
1776403440,4825.1,4826.2,4825.1,4826.2
1776403500,4826.2,4826.4,4825.7,4826.4
1776403560,4826.1,4826.1,4824.5,4825.1
1776403620,4825.2,4825.7,4825,4825.3
1776403680,4825.4,4825.5,4825.3,4825.3
1776403740,4825.3,4825.3,4824,4824.8
1776403800,4824.5,4826.6,4822.2,4822.2
1776403860,4822.7,4823,4821,4821
1776403920,4821.1,4822.2,4820.3,4821.2
1776403980,4821.4,4821.4,4820.1,4820.5
1776404040,4820.5,4820.6,4819,4819.6
1776404100,4819.5,4820.5,4819.2,4820.1
1776404160,4820.4,4821.4,4820,4820.6
1776404220,4820.9,4824.1,4820.9,4823.1
1776404280,4823.2,4823.3,4822.6,4823
1776404340,4823,4823,4820.4,4821
1776404400,4820.9,4821.5,4820.7,4821.4
1776404460,4822,4822.6,4817.9,4818.8
1776404520,4819.2,4820.4,4818.7,4820.3
1776404580,4820,4820.4,4818.4,4818.8
1776404640,4818.4,4818.4,4817,4818
1776404700,4818.1,4818.7,4816.2,4818.7
1776404760,4817.9,4820.1,4817.7,4818.8
1776404820,4819,4819.1,4816.7,4818.2
1776404880,4817.8,4819.6,4817.6,4818.6
1776404940,4818.5,4818.9,4816.9,4818.8
1776405000,4819.2,4821.4,4818.3,4821
1776405060,4821.6,4822.1,4819.6,4819.8
1776405120,4820.3,4821.9,4820.3,4820.9
1776405180,4820.8,4820.8,4819.1,4819.4
1776405240,4819.8,4820.5,4818.1,4818.4
1776405300,4818.6,4819.4,4818,4819.2
1776405360,4819.4,4819.5,4817.1,4817.1
1776405420,4817.1,4817.1,4815.1,4816
1776405480,4816,4816.9,4815.5,4816.8
1776405540,4816.5,4816.9,4815.3,4815.9
1776405600,4815.9,4816,4812,4813.8
1776405660,4813.7,4815,4813.6,4814.2
1776405720,4814.4,4814.7,4811.8,4812.2
1776405780,4812.3,4813.4,4811.5,4813
1776405840,4813,4815.6,4812.2,4815.1
1776405900,4814.9,4816.5,4813.8,4815.8
1776405960,4816,4816.5,4815,4815
1776406020,4815.1,4815.2,4814.6,4814.6
1776406080,4814.6,4815.1,4812.6,4813.8
1776406140,4814.1,4814.1,4811.2,4811.6
1776406200,4811.5,4812.7,4810.1,4810.9
1776406260,4810.7,4810.7,4808.8,4809.7
1776406320,4809.2,4810.7,4808.1,4808.7
1776406380,4808.8,4810.1,4808.2,4809.4
1776406440,4809.9,4810,4809,4809
1776406500,4808.9,4810.8,4808.4,4810.5
1776406560,4810.6,4810.8,4808.8,4810.3
1776406620,4810.9,4811.2,4808.8,4809.1
1776406680,4809.2,4809.6,4807,4807.4
1776406740,4807.4,4808.5,4806.2,4807.1
1776406800,4806.9,4809.6,4806.9,4808.2
1776406860,4808.2,4808.3,4805.5,4807.3
1776406920,4807.6,4809.2,4807,4807.1
1776406980,4807,4808.5,4807,4807.5
1776407040,4807.5,4809.4,4807.5,4808.7
1776407100,4808.8,4809.9,4808.6,4809.4
1776407160,4809.2,4809.2,4807,4807.4
1776407220,4807.1,4808.5,4807.1,4807.7
1776407280,4807.1,4807.1,4806,4806
1776407340,4805.8,4805.8,4804.5,4805.2
1776407400,4804.8,4806.8,4804,4806.1
1776407460,4806,4806.9,4804.6,4804.8
1776407520,4805,4805,4802.9,4804.3
1776407580,4804.5,4805.2,4802.2,4803.4
1776407640,4803,4804,4802.6,4803.6
1776407700,4804,4804,4801.7,4803.4
1776407760,4803.6,4803.9,4800,4800.4
1776407820,4800.1,4802.1,4800.1,4801.1
1776407880,4801.2,4805.2,4801.2,4804.7
1776407940,4804.7,4807.4,4804.7,4806.1
1776408000,4806.5,4808,4806.4,4807.1
1776408060,4807.4,4807.4,4806.2,4806.5
1776408120,4806.1,4807,4805.2,4806.8
1776408180,4807,4807,4805.5,4806.5
1776408240,4806.4,4807.1,4806.1,4806.1
1776408300,4806.3,4807.2,4805,4806.3
1776408360,4806.4,4807.1,4805.5,4805.5
1776408420,4805.6,4805.8,4805.6,4805.7
1776408480,4806.3,4806.3,4804.6,4805.2
1776408540,4804.7,4806.2,4804.7,4805.9
1776408600,4806.1,4807.9,4806,4807.7
1776408660,4807.1,4807.1,4805.2,4805.8
1776408720,4805.3,4806.8,4804.9,4805.9
1776408780,4805.9,4806,4805.1,4805.3
1776408840,4805.2,4805.8,4805.2,4805.4
1776408900,4805.3,4806.7,4805,4806.7
1776408960,4806.9,4807,4806.4,4806.9
1776409020,4807.4,4807.4,4806.7,4807.2
1776409080,4807.3,4807.9,4806.7,4807
1776409140,4806.9,4807.7,4805.5,4805.5
1776409200,4806,4806.6,4805.7,4806.2
1776409260,4806,4806.5,4804.8,4805.6
1776409320,4805.9,4807.7,4805.2,4807.1
1776409380,4807.1,4807.3,4806,4806.6
1776409440,4806.7,4809.3,4806.4,4809.3
1776409500,4809.5,4810.3,4808.6,4809.1
1776409560,4809.1,4809.3,4808.1,4809
1776409620,4809.1,4810.4,4808.7,4810.4
1776409680,4809.9,4811.6,4809.6,4811.6
1776409740,4811.9,4812,4808.3,4810.4
1776409800,4810.1,4810.4,4809.1,4809.1
1776409860,4809.5,4810.3,4809.2,4809.5
1776409920,4809.4,4809.6,4808.3,4808.6
1776409980,4808.6,4809.3,4808.6,4809.2
1776410040,4809,4809,4807.3,4807.7
1776410100,4808.2,4808.2,4807.4,4807.7
1776410160,4807.4,4807.4,4805.9,4806.1
1776410220,4806.1,4806.4,4805.7,4805.9
1776410280,4805.7,4807,4805.4,4807
1776410340,4807.5,4810.2,4807.1,4809.6
1776410400,4809.6,4810.2,4807.8,4808
1776410460,4806.8,4807.8,4806.1,4807.8
1776410520,4807.8,4808.3,4806.3,4808.2
1776410580,4808.9,4809.9,4808.5,4809.4
1776410640,4809.7,4811,4809.7,4810
1776410700,4809.7,4812.8,4809.7,4812.3
1776410760,4812.3,4813.5,4811.7,4811.8
1776410820,4812.1,4812.7,4812,4812.4
1776410880,4812,4812.6,4811.4,4811.8
1776410940,4811.7,4812.4,4811,4812
1776411000,4812,4812.9,4810.9,4812.9
1776411060,4812.6,4813.9,4812.3,4813.7
1776411120,4814,4814.4,4813.6,4814
1776411180,4813.7,4814.2,4813.2,4814
1776411240,4814.1,4815.3,4814.1,4814.9
1776411300,4814.8,4814.8,4812.3,4812.7
1776411360,4812.6,4812.6,4809.2,4809.6
1776411420,4809.1,4809.8,4807.5,4808.9
1776411480,4809,4809.8,4808.7,4808.8
1776411540,4808.9,4809.1,4807.1,4807.9
1776411600,4807.6,4808.8,4807.2,4807.6
1776411660,4807.6,4807.7,4805.7,4806.5
1776411720,4806,4806,4803.6,4805.7
1776411780,4805.9,4806.8,4805.1,4806.7
1776411840,4806.6,4807.5,4806.1,4807.4
1776411900,4807.4,4807.4,4804.4,4805.5
1776411960,4805.2,4805.2,4803.1,4803.8
1776412020,4803.9,4804.7,4802.4,4804.7
1776412080,4804.7,4805.4,4803,4803.5
1776412140,4803.4,4803.8,4801.7,4801.7
1776412200,4801.6,4803,4800.2,4802.4
1776412260,4802.3,4804.2,4801.7,4803.8
1776412320,4803.5,4804.8,4802.8,4803.9
1776412380,4804,4805.9,4803.7,4805.9
1776412440,4805.6,4807.5,4805.6,4806.9
1776412500,4806.8,4806.8,4806.2,4806.6
1776412560,4806.6,4806.6,4805.2,4805.3
1776412620,4805,4805.9,4804.7,4805.9
1776412680,4805.9,4806.1,4805.3,4805.5
1776412740,4805,4806.3,4805,4805.5
1776412800,4806.1,4809.2,4806.1,4808.7
1776412860,4809.1,4811,4808,4810.5
1776412920,4810.4,4810.4,4807.7,4808.6
1776412980,4808.5,4810.3,4808.1,4809.5
1776413040,4809.6,4812,4808.8,4812
1776413100,4812.2,4812.5,4811,4811
1776413160,4811.1,4811.9,4808,4808.4
1776413220,4808.9,4810,4808,4809.6
1776413280,4809.5,4809.6,4808.3,4809.1
1776413340,4808.9,4808.9,4805,4806.1
1776413400,4805.3,4806.4,4805,4805
1776413460,4805.2,4806.3,4804.2,4806
1776413520,4806.3,4807.4,4804.6,4805.1
1776413580,4805,4805,4802.6,4803.9
1776413640,4803.9,4806,4803.4,4805.1
1776413700,4805,4805.8,4804.2,4805.5
1776413760,4805.5,4805.9,4804.4,4804.7
1776413820,4805.5,4805.7,4804.9,4805.5
1776413880,4805.7,4806.8,4805.7,4806.8
1776413940,4806.6,4807,4806.1,4807
1776414000,4807.1,4808.6,4807.1,4808
1776414060,4808,4808,4806.9,4806.9
1776414120,4806.6,4806.7,4805.5,4805.9
1776414180,4806.8,4806.8,4805.5,4805.6
1776414240,4805.4,4806.5,4805,4805.6
1776414300,4805.6,4807.6,4805.4,4806.4
1776414360,4806,4806.3,4804.7,4804.9
1776414420,4804.9,4806.5,4804.9,4805.7
1776414480,4805.5,4806.8,4805.5,4806.8
1776414540,4806.8,4807.4,4805.9,4806.1
1776414600,4806,4807.3,4806,4806.9
1776414660,4807.3,4808.2,4806.7,4807.9
1776414720,4808.9,4809.6,4808,4809
1776414780,4808.8,4810.1,4808.6,4810.1
1776414840,4809.6,4809.8,4808,4808
1776414900,4808.1,4809.1,4808.1,4809.1
1776414960,4808.6,4808.6,4807.9,4808.1
1776415020,4807.7,4808.5,4807.7,4808.3
1776415080,4808.6,4809,4808.4,4809
1776415140,4809.2,4811.5,4809.2,4811.4
1776415200,4811.4,4812,4809.9,4811.6
1776415260,4812.2,4814.4,4811.8,4814.1
1776415320,4813.8,4815.4,4813.7,4814.6
1776415380,4815.1,4817.6,4815.1,4817.2
1776415440,4817.3,4818.7,4816.7,4818.7
1776415500,4818.8,4818.8,4816.3,4816.5
1776415560,4816.2,4816.6,4815.1,4816.6
1776415620,4816.5,4817.2,4815.6,4815.6
1776415680,4815.3,4815.6,4813.7,4813.7
1776415740,4813.7,4815.4,4813.1,4815.3
1776415800,4815.3,4816.6,4815.3,4816.2
1776415860,4815.9,4816.6,4815.5,4816.1
1776415920,4815.5,4815.5,4814.8,4815
1776415980,4814.8,4814.8,4813.2,4813.2
1776416040,4813.6,4815.2,4812.6,4815.2
1776416100,4814.8,4815.5,4813.8,4814.1
1776416160,4814.4,4815.7,4814.2,4815.7
1776416220,4816.4,4817,4815.9,4816.4
1776416280,4816.2,4817.9,4816.1,4817.8
1776416340,4817.9,4818.1,4817.4,4817.8
1776416400,4817.8,4819.2,4817.6,4818.4
1776416460,4818.4,4822.4,4818,4821.1
1776416520,4821.4,4822.5,4821.2,4822
1776416580,4821.8,4822.7,4820.7,4821.4
1776416640,4821.7,4822,4821,4821
1776416700,4820.8,4821,4818.1,4818.1
1776416760,4818.1,4819.4,4816.3,4819.4
1776416820,4819,4819.2,4818.3,4818.3
1776416880,4818.2,4819.5,4818,4818.5
1776416940,4818,4818.2,4817.5,4817.7
1776417000,4817.5,4817.8,4816.6,4816.9
1776417060,4817.1,4817.8,4816.6,4816.9
1776417120,4816.8,4816.9,4816.5,4816.9
1776417180,4816.7,4817.1,4814.5,4815
1776417240,4815,4815.3,4814.4,4814.8
1776417300,4814.9,4814.9,4813.6,4814.5
1776417360,4814.2,4815.8,4813.9,4815.4
1776417420,4815.5,4815.5,4813.9,4814.1
1776417480,4814,4815.2,4814,4815.2
1776417540,4815,4817.3,4815,4817.3
1776417600,4817.5,4819.4,4817.5,4819.2
1776417660,4817.9,4819.7,4816.9,4819.3
1776417720,4820,4820.2,4818.8,4818.8
1776417780,4818.3,4818.3,4816.7,4817
1776417840,4817,4818,4816.5,4816.5
1776417900,4816.4,4818.3,4816.4,4818.1
1776417960,4818.2,4819,4818.1,4818.9
1776418020,4819,4819,4816.2,4818.3
1776418080,4818.6,4820.2,4818.4,4818.9
1776418140,4819.1,4819.1,4816.6,4817.6
1776418200,4817.9,4818.9,4816.6,4818.3
1776418260,4818.6,4818.6,4816.4,4817.2
1776418320,4817.3,4817.6,4816.5,4816.9
1776418380,4817.1,4817.6,4816.6,4817
1776418440,4816.9,4818.7,4816,4818.7
1776418500,4818.9,4820.7,4818.9,4819.7
1776418560,4819.9,4820.1,4817.8,4817.8
1776418620,4817.6,4818,4816.7,4816.7
1776418680,4817.2,4817.9,4816.5,4817.9
1776418740,4818,4818,4817.1,4817.1
1776418800,4817.5,4817.7,4816.3,4816.3
1776418860,4816.2,4816.8,4815.9,4816.1
1776418920,4816.6,4818.3,4816.5,4817.5
1776418980,4817.6,4817.6,4816.1,4816.1
1776419040,4816.5,4816.5,4815.7,4816.3
1776419100,4816.4,4816.7,4814.4,4814.4
1776419160,4814,4814,4812.4,4812.8
1776419220,4812.5,4813.7,4812,4813.3
1776419280,4813.7,4814.7,4813.1,4814.3
1776419340,4814.2,4814.5,4813.6,4814.3
1776419400,4814.2,4814.7,4812.8,4813.7
1776419460,4813.7,4815,4813.5,4813.5
1776419520,4813.6,4814.1,4813.3,4813.3
1776419580,4813.3,4814.5,4813.2,4813.4
1776419640,4813.9,4815.2,4813.3,4814.1
1776419700,4814,4814.5,4813.2,4813.8
1776419760,4813.5,4814.1,4813.1,4814.1
1776419820,4813.8,4814.4,4813.2,4814.2
1776419880,4813.8,4814.2,4813,4813.2
1776419940,4813.3,4813.3,4812,4812.2
1776420000,4812.6,4812.6,4810.8,4811.6
1776420060,4811.7,4812.7,4811,4811.3
1776420120,4811.4,4812.1,4811.3,4812.1
1776420180,4811.8,4813,4811.8,4813
1776420240,4813,4814.5,4812.5,4813
1776420300,4813.2,4813.8,4811.5,4811.5
1776420360,4812,4812.5,4811.3,4811.3
1776420420,4811.9,4811.9,4810.7,4811
1776420480,4811.1,4811.7,4810.9,4811.3
1776420540,4811.1,4812.2,4810.9,4811
1776420600,4811.4,4811.9,4811,4811.4
1776420660,4810.8,4811,4809.6,4809.6
1776420720,4809.7,4812.1,4809.1,4812.1
1776420780,4811.5,4812.9,4810.5,4812.5
1776420840,4812.7,4814,4812.2,4813.7
1776420900,4813.6,4814.3,4812.8,4814.1
1776420960,4814.2,4815.8,4813.4,4815
1776421020,4815.3,4816,4815.3,4815.7
1776421080,4815.9,4816,4814.9,4814.9
1776421140,4814.7,4814.7,4813.3,4813.3
1776421200,4813.3,4814.5,4813,4814.3
1776421260,4814.8,4815.7,4814.8,4815.5
1776421320,4815.5,4815.8,4814.6,4814.6
1776421380,4814,4814,4813,4813.1
1776421440,4812.9,4815,4812.8,4814.7
1776421500,4814.9,4814.9,4812.5,4812.9
1776421560,4811.8,4811.8,4810.9,4810.9
1776421620,4811.1,4812.1,4810.7,4811.9
1776421680,4811.5,4811.7,4810.5,4811.3
1776421740,4811.5,4812.2,4811.1,4811.7
1776421800,4811.2,4811.7,4810.7,4811.2
1776421860,4810.9,4811.1,4810.6,4811.1
1776421920,4810.5,4810.5,4808.2,4809.3
1776421980,4809.4,4810.4,4808.8,4809.6
1776422040,4809.3,4810,4809.3,4810
1776422100,4810.2,4811.1,4809.2,4810.2
1776422160,4810.7,4811.1,4810.2,4811.1
1776422220,4810.6,4810.6,4809,4809.5
1776422280,4809.3,4809.3,4808.7,4809.2
1776422340,4808.7,4809,4807.3,4807.3
1776422400,4807.5,4807.6,4803.1,4804.5
1776422460,4804.9,4807,4804.8,4807
1776422520,4806.7,4808,4805.8,4806.9
1776422580,4806.7,4806.7,4805.9,4806.1
1776422640,4806.4,4807.3,4806.4,4806.6
1776422700,4806.6,4808.8,4805.6,4807.5
1776422760,4807.6,4808.8,4807.2,4807.2
1776422820,4807.5,4808.9,4807.4,4807.9
1776422880,4808.3,4808.3,4807.6,4807.9
1776422940,4808.2,4809.9,4808.2,4809.6
1776423000,4809.8,4810.3,4807.9,4808.3
1776423060,4808.3,4809,4804,4804.6
1776423120,4804.6,4807,4804.3,4806.7
1776423180,4807.5,4808.6,4807.3,4807.7
1776423240,4807.5,4808.1,4807.1,4807.9
1776423300,4807.1,4807.1,4806.6,4807
1776423360,4806.6,4806.9,4806.1,4806.1
1776423420,4806.1,4806.1,4806,4806
1776423480,4805.8,4809.1,4805.8,4808.2
1776423540,4808.4,4809.2,4808,4809
1776423600,4809.2,4811.2,4806.7,4807
1776423660,4807.5,4809.3,4807.5,4807.5
1776423720,4807.6,4808.2,4807.3,4808.2
1776423780,4808.5,4809,4806,4806.5
1776423840,4806.2,4807,4805.5,4806.7
1776423900,4806.4,4806.4,4805.7,4805.9
1776423960,4805.9,4807.6,4805.7,4807.4
1776424020,4807,4808.9,4806.4,4807.9
1776424080,4808,4809,4808,4808.4
1776424140,4808.9,4809,4808.6,4809
1776424200,4809,4810.5,4808.4,4809
1776424260,4809.3,4809.7,4809,4809.6
1776424320,4809.3,4809.3,4808,4808
1776424380,4807.6,4808.9,4807.4,4808.9
1776424440,4809.1,4809.7,4807.9,4807.9
1776424500,4807.8,4808.1,4807.6,4808
1776424560,4808.1,4808.4,4807.3,4807.5
1776424620,4807.7,4808.8,4807.7,4808.2
1776424680,4808.2,4808.5,4807.4,4807.4
1776424740,4807.3,4808,4806.2,4807.4
1776424800,4807.3,4808.4,4807,4807
1776424860,4806.9,4808.1,4806.7,4807.5
1776424920,4807.5,4810.1,4807.5,4809.8
1776424980,4809.9,4811.7,4809.9,4810.9
1776425040,4810.6,4812.9,4810.2,4812.6
1776425100,4812.8,4813.8,4812.5,4812.8
1776425160,4812.9,4812.9,4812.5,4812.8
1776425220,4812.8,4813.4,4812.1,4813.1
1776425280,4813.5,4815.4,4813.5,4815
1776425340,4815.1,4815.2,4814,4814.9
1776425400,4814.9,4815.5,4814.1,4815
1776425460,4814.7,4815.2,4812.6,4812.6
1776425520,4812.6,4813.2,4811.7,4812.9
1776425580,4813,4814.1,4812.5,4813.7
1776425640,4813.6,4815.9,4813.6,4815.2
1776425700,4815,4816.4,4814.6,4815.5
1776425760,4815.3,4815.6,4814.9,4815.3
1776425820,4815.2,4815.2,4814.1,4814.2
1776425880,4814.6,4814.6,4813,4813.4
1776425940,4813.6,4815.1,4812.3,4814.4
1776426000,4814.3,4815.4,4814.3,4814.8
1776426060,4815,4816.5,4815,4816
1776426120,4816.2,4817.3,4815.9,4817.3
1776426180,4817,4819.3,4816.9,4818.3
1776426240,4818.6,4820.8,4818.6,4820.7
1776426300,4820.8,4829,4820.8,4826.7
1776426360,4826.7,4828.2,4825.1,4825.2
1776426420,4825.6,4829.5,4825.6,4829
1776426480,4829,4834,4828.3,4829.7
1776426540,4830,4830,4828,4828
1776426600,4828,4829.2,4827.2,4827.5
1776426660,4827.4,4828.2,4826.6,4827.1
1776426720,4826.7,4827.6,4825.7,4826.5
1776426780,4826.4,4827,4825,4825.3
1776426840,4825.4,4825.5,4823.6,4823.8
1776426900,4823.6,4824.3,4822.8,4823
1776426960,4823.1,4823.8,4821.9,4821.9
1776427020,4821.8,4822.6,4821.2,4822.2
1776427080,4822.1,4822.4,4821.4,4821.8
1776427140,4822.1,4822.4,4821.3,4821.7
1776427200,4821.6,4823.4,4821,4823.1
1776427260,4823,4823.1,4819.8,4822.1
1776427320,4822.1,4825.4,4821.7,4825.4
1776427380,4825.3,4828.1,4825.1,4826.4
1776427440,4826,4826.7,4825.2,4826.3
1776427500,4826,4827.1,4825.7,4827.1
1776427560,4827,4827.5,4825.8,4826.8
1776427620,4826.5,4826.6,4825.4,4825.9
1776427680,4825.7,4825.7,4824.5,4824.9
1776427740,4825.2,4826.3,4825.2,4826.3
1776427800,4826.2,4826.2,4824,4824.3
1776427860,4823.9,4824.3,4823.1,4823.8
1776427920,4823.9,4826.9,4823.2,4826.5
1776427980,4826.9,4826.9,4824.4,4824.4
1776428040,4824,4826.1,4823.3,4826.1
1776428100,4826.3,4827.9,4825.7,4826.4
1776428160,4827,4827,4825.7,4826.2
1776428220,4826.7,4827.5,4826.6,4826.6
1776428280,4826.9,4827.5,4825.7,4825.9
1776428340,4825.8,4828.2,4825.8,4828.1
1776428400,4828.6,4829.9,4826.9,4828.6
1776428460,4828.6,4831,4828.6,4830.3
1776428520,4830,4830,4828.6,4828.9
1776428580,4829,4830,4828.6,4830
1776428640,4830.5,4835,4830.5,4834.6
1776428700,4835,4841.9,4833.9,4839.8
1776428760,4840,4840.5,4835.3,4835.5
1776428820,4835.8,4839.2,4835.1,4838.9
1776428880,4838.5,4842.2,4838.1,4839.1
1776428940,4838.8,4840,4838.3,4839.4
1776429000,4839.7,4844.4,4838.6,4843.3
1776429060,4843.4,4844.9,4841.8,4842.5
1776429120,4842.2,4842.7,4838,4838.3
1776429180,4838.6,4839.9,4837.8,4839.8
1776429240,4839.3,4842.2,4839.3,4840.2
1776429300,4840.2,4843.5,4840,4843.3
1776429360,4843.3,4846,4842.6,4843.2
1776429420,4842.7,4845.5,4841.7,4842.7
1776429480,4843.1,4844.3,4841.7,4841.7
1776429540,4841.9,4844.9,4841.9,4844.9
1776429600,4845.4,4847.2,4844.2,4845.3
1776429660,4844.8,4847.4,4844,4846.7
1776429720,4846.5,4847.3,4845,4845.4
1776429780,4845.3,4847.4,4845,4847.2
1776429840,4846.7,4847.5,4844.8,4845.6
1776429900,4846,4850.8,4844.3,4849.6
1776429960,4848.5,4853.5,4847.6,4849.2
1776430020,4849.6,4855,4848.8,4854.3
1776430080,4853.7,4865,4853.4,4853.7
1776430140,4853.8,4859.1,4848.6,4859.1
1776430200,4858.8,4862,4855.8,4860.6
1776430260,4861.1,4862.5,4856.6,4861.5
1776430320,4860.5,4865.7,4858.3,4865.1
1776430380,4865.2,4868,4862,4862.4
1776430440,4862.3,4866.9,4862.1,4865.4
1776430500,4865.6,4869,4862.5,4867.2
1776430560,4867.6,4869.5,4866.2,4868.1
1776430620,4867.6,4868.8,4863.5,4864.3
1776430680,4864,4865.4,4862.2,4864.9
1776430740,4864.6,4870.8,4863.1,4869
1776430800,4869,4870.4,4861.8,4862
1776430860,4862.1,4864.7,4859.3,4861.3
1776430920,4860.5,4861.9,4856.9,4861.8
1776430980,4862.1,4866.9,4861.5,4862.8
1776431040,4862.7,4867,4862.6,4866.7
1776431100,4866.5,4867.5,4862.3,4863.7
1776431160,4863.6,4875,4863.6,4872.4
1776431220,4872.5,4880.6,4868.2,4879.4
1776431280,4879.1,4880.5,4875.7,4880.4
1776431340,4880.5,4886.6,4878.4,4885.3
1776431400,4885.3,4900.2,4885,4899.8
1776431460,4899.8,4905.5,4896.7,4904.4
1776431520,4904.8,4907.6,4898.8,4906.1
1776431580,4906,4917.7,4904.2,4906.2
1776431640,4906.1,4909.5,4903.6,4906.3
1776431700,4906.3,4906.7,4899.9,4900
1776431760,4899.8,4900.4,4891.4,4894.4
1776431820,4894.6,4895,4887.8,4888.8
1776431880,4888.4,4895.7,4884.8,4894.6
1776431940,4894.4,4894.9,4886.1,4886.6
1776432000,4886.4,4886.9,4878.1,4878.5
1776432060,4879,4879,4873.4,4877.1
1776432120,4877.1,4881,4875.8,4879.7
1776432180,4880.6,4882.2,4877.2,4879.6
1776432240,4879.6,4883.7,4877.5,4883.6
1776432300,4883.3,4886.2,4880.6,4881.6
1776432360,4881.6,4885.7,4876.8,4880.2
1776432420,4880.7,4882.2,4874,4874.8
1776432480,4874.6,4876.9,4872.4,4874.8
1776432540,4874.1,4878.1,4873.3,4874.6
1776432600,4873.9,4875.9,4870.7,4874.2
1776432660,4873.5,4879.2,4873.5,4877
1776432720,4877.2,4878.9,4873,4874.1
1776432780,4873.9,4876.5,4872.1,4873.3
1776432840,4873.3,4879.5,4872.8,4878.5
1776432900,4878.7,4884.7,4877.9,4884
1776432960,4883.5,4890.6,4882.7,4887
1776433020,4887.2,4889.5,4884.9,4886
1776433080,4886,4889.7,4882.7,4889.1
1776433140,4889.1,4892.3,4887.2,4890.7
1776433200,4890.1,4891.3,4887.7,4888.3
1776433260,4888.6,4891.6,4887.2,4890.7
1776433320,4891.5,4895.5,4891.2,4893.5
1776433380,4893.9,4897,4888,4890.2
1776433440,4890.7,4891.9,4885.6,4887
1776433500,4887.6,4890.3,4882.8,4890.3
1776433560,4890.1,4891.4,4878.4,4883.9
1776433620,4883.8,4884.3,4874.4,4877.6
1776433680,4877.6,4886.3,4876.8,4883.7
1776433740,4884.5,4888.9,4883.3,4887.9
1776433800,4888.4,4889.5,4886,4888.2
1776433860,4887.9,4891.3,4887.8,4891.2
1776433920,4891,4895.9,4890.4,4892.5
1776433980,4892.4,4895,4892.4,4894.4
1776434040,4894.8,4903.6,4893.9,4900.6
1776434100,4900.6,4903.2,4898.6,4901.4
1776434160,4901.4,4902.9,4898.8,4901.9
1776434220,4901.9,4905.2,4900.4,4902.4
1776434280,4902.8,4903.2,4898.2,4900.6
1776434340,4900.7,4905.5,4900.6,4903.1
1776434400,4903.3,4907.4,4900.6,4906
1776434460,4905.5,4908.9,4904.4,4908.4
1776434520,4908.5,4908.5,4901.3,4902.4
1776434580,4902.7,4903.6,4898.5,4901.4
1776434640,4901.2,4902.8,4898,4898.7
1776434700,4899.1,4900.7,4896.9,4897.8
1776434760,4897,4898.8,4892.3,4893.4
1776434820,4892.7,4894.1,4891.9,4892.2
1776434880,4892.6,4896.5,4892.1,4894.8
1776434940,4894.5,4897.2,4893.6,4895.5
1776435000,4895.5,4895.7,4893.1,4893.5
1776435060,4892.9,4893.9,4889.5,4890.9
1776435120,4890.4,4890.6,4883.4,4886.4
1776435180,4886.3,4887.5,4884.3,4885.6
1776435240,4885.8,4891.5,4884,4890.1
1776435300,4890.5,4895.9,4890.4,4894.9
1776435360,4895.1,4896.8,4894,4896.5
1776435420,4896.8,4897.5,4892.8,4892.8
1776435480,4892.6,4894.3,4891.5,4892.9
1776435540,4893.3,4895.6,4893.3,4893.9
1776435600,4893.3,4895.2,4888.6,4894.3
1776435660,4894.3,4897.8,4893,4897.7
1776435720,4897.5,4900,4897.3,4898
1776435780,4898.1,4899.5,4895.4,4899
1776435840,4899.7,4902.5,4899.3,4901.7
1776435900,4902,4903.6,4899.8,4902.9
1776435960,4903.2,4903.6,4901.3,4901.7
1776436020,4901.3,4901.6,4899.4,4900.5
1776436080,4900.8,4900.8,4896.5,4896.8
1776436140,4896.9,4897.5,4894.4,4894.4
1776436200,4895,4895,4892.4,4893.4
1776436260,4893.8,4897.2,4893.3,4896.9
1776436320,4896.3,4898.2,4895.7,4896.1
1776436380,4896.2,4899.4,4896.2,4899.4
1776436440,4899.1,4901.1,4898.4,4900.5
1776436500,4900.9,4900.9,4894.4,4897.3
1776436560,4897.6,4902.3,4896.6,4901.3
1776436620,4901.4,4901.7,4898.3,4899.3
1776436680,4898.8,4903.4,4896.8,4897.1
1776436740,4897.3,4899,4897.3,4898.6
1776436800,4898.8,4903.6,4897.6,4903
1776436860,4903.6,4904.9,4899.2,4903.2
1776436920,4902.6,4906.2,4902.3,4904.2
1776436980,4904.2,4905,4900,4900.1
1776437040,4899.7,4902.1,4899,4900.4
1776437100,4900.5,4901,4897.8,4899.7
1776437160,4899.3,4899.7,4896.9,4898.9
1776437220,4899.3,4901.7,4899.3,4899.9
1776437280,4899.9,4903.3,4898.9,4902.6
1776437340,4902.7,4904.6,4902.5,4903.5
1776437400,4903.2,4903.2,4895.9,4896.1
1776437460,4896.9,4898.5,4894.9,4898.2
1776437520,4897.8,4898.5,4894,4895
1776437580,4895,4895.7,4892.8,4894.8
1776437640,4895.1,4900,4894.6,4899.5
1776437700,4899.6,4899.9,4896.6,4897
1776437760,4896.7,4898.4,4895.4,4898.3
1776437820,4898,4899.5,4896.9,4899.4
1776437880,4899.6,4900.7,4897.7,4900.1
1776437940,4899.9,4900.2,4895.6,4895.7
1776438000,4896.2,4896.2,4889.9,4892.4
1776438060,4892,4893.9,4891,4892.7
1776438120,4892.2,4896.6,4892.1,4893.8
1776438180,4894.2,4896.6,4888,4889.7
1776438240,4890.1,4892.8,4885,4890.9
1776438300,4891.3,4893.6,4891.3,4892.4
1776438360,4892.2,4899.1,4890.8,4898.4
1776438420,4898.1,4903.5,4896.8,4897.5
1776438480,4897.6,4898.2,4893.9,4895
1776438540,4895.4,4896.6,4894.4,4895.7
1776438600,4895.5,4896.2,4892.4,4892.9
1776438660,4893.2,4893.2,4890.5,4892
1776438720,4892.3,4893.8,4890.1,4891.7
1776438780,4891.4,4893.6,4891,4891.7
1776438840,4891.5,4892.7,4888.8,4890.6
1776438900,4890.7,4891.6,4887.7,4888.4
1776438960,4888.7,4893.7,4887.4,4893.2
1776439020,4893,4894.6,4892.9,4894.6
1776439080,4894.7,4897.2,4891.9,4891.9
1776439140,4892.1,4892.1,4886,4887.3
1776439200,4887.7,4889.3,4885.3,4887.7
1776439260,4887.5,4889.5,4886.8,4888.8
1776439320,4888.8,4889.6,4887.5,4889
1776439380,4889.1,4897.4,4888.3,4894.4
1776439440,4894.6,4894.6,4891.8,4892.1
1776439500,4892.6,4893.5,4888.4,4889
1776439560,4888.6,4892.4,4888.2,4892.4
1776439620,4892.7,4893.2,4890.5,4890.8
1776439680,4890.9,4891.6,4890.1,4890.7
1776439740,4890.3,4890.7,4887.5,4888.6
1776439800,4888.6,4890.2,4887.5,4888.3
1776439860,4887.9,4894.9,4887.1,4892.8
1776439920,4893.2,4895,4891.5,4892.8
1776439980,4892.5,4894.9,4891.8,4894.2
1776440040,4893.9,4896.6,4893.9,4896.6
1776440100,4896.1,4896.1,4893.7,4893.7
1776440160,4894.3,4895,4891.5,4893.3
1776440220,4893.2,4893.7,4890.8,4891.5
1776440280,4891,4893.4,4890.7,4891.6
1776440340,4891.7,4892.7,4891,4892.2
1776440400,4892.1,4892.7,4890.3,4891.6
1776440460,4891.2,4892.8,4888.8,4889.7
1776440520,4889.7,4889.7,4886.2,4886.3
1776440580,4886.3,4886.9,4880.6,4880.8
1776440640,4880.8,4881.8,4877.3,4880.9
1776440700,4881,4884.4,4880.6,4882.6
1776440760,4883.1,4883.1,4880.4,4881.2
1776440820,4881.6,4882.7,4881.5,4881.9
1776440880,4881.5,4883.8,4881.1,4883.4
1776440940,4883.4,4886.7,4882.7,4885.7
1776441000,4885.9,4888.2,4885.9,4888.1
1776441060,4887.9,4890.7,4887.7,4890.7
1776441120,4890.6,4892,4889.7,4889.7
1776441180,4889.4,4890.9,4888.9,4890.8
1776441240,4890.8,4892.4,4890.8,4891.3
1776441300,4891.5,4893.6,4891.5,4892.1
1776441360,4892,4893,4891.1,4892.6
1776441420,4892.5,4894.1,4892,4892.1
1776441480,4892,4892,4889.1,4889.1
1776441540,4889.8,4890.9,4889,4889.5
1776441600,4889.9,4890.2,4886,4887
1776441660,4886.9,4891.2,4886.9,4891.2
1776441720,4891,4891.8,4889.9,4891.3
1776441780,4890.9,4893,4890.9,4891.1
1776441840,4890.6,4891.4,4889.2,4889.2
1776441900,4889.4,4889.9,4888,4888.6
1776441960,4888.6,4890.2,4888.6,4890.1
1776442020,4890.3,4893,4889.7,4892.2
1776442080,4892.3,4896,4891.8,4895.4
1776442140,4895.1,4895.3,4893.3,4893.9
1776442200,4894,4894.2,4892.8,4894
1776442260,4894.4,4895.1,4893.2,4895.1
1776442320,4895.1,4896,4894.2,4895.2
1776442380,4895,4895.8,4893.8,4894
1776442440,4894,4894.9,4893.8,4894.2
1776442500,4894.3,4895.9,4894.3,4895
1776442560,4894.9,4894.9,4893.2,4893.9
1776442620,4893.5,4893.5,4892.3,4892.4
1776442680,4892.6,4895.8,4892.6,4894
1776442740,4894.6,4894.9,4893.5,4893.5
1776442800,4892.9,4895.3,4892.9,4894.8
1776442860,4894.2,4894.2,4892.8,4893.5
1776442920,4893.2,4893.5,4892.2,4892.3
1776442980,4892.8,4893.7,4892.8,4893.5
1776443040,4893.5,4894,4892.7,4892.7
1776443100,4892.6,4892.8,4891.4,4892.3
1776443160,4891.9,4893.7,4891.3,4893.7
1776443220,4893.3,4893.5,4892.3,4892.4
1776443280,4892.6,4893.5,4891.4,4891.4
1776443340,4891.9,4892,4889.9,4889.9
1776443400,4890.7,4892.2,4890.6,4891.7
1776443460,4891.7,4894,4890.1,4893.8
1776443520,4893.8,4894,4892.5,4893.1
1776443580,4893.4,4894,4891.9,4892.2
1776443640,4892.3,4893.8,4892.3,4893.7
1776443700,4893.8,4894.4,4893.5,4893.9
1776443760,4893.5,4895,4892.6,4894.3
1776443820,4893.9,4894.5,4892.6,4893.8
1776443880,4893.7,4895.5,4893.6,4894.7
1776443940,4894.8,4895,4893.6,4893.7
1776444000,4894.1,4894.7,4894,4894.4
1776444060,4894.3,4894.3,4891.6,4891.6
1776444120,4891.6,4892,4891.2,4891.6
1776444180,4891.5,4891.9,4889.9,4890.7
1776444240,4890.5,4891.3,4889.8,4890.6
1776444300,4890.9,4891.3,4889.8,4890.8
1776444360,4890.6,4890.9,4890,4890.4
1776444420,4890.5,4890.5,4888,4888.3
1776444480,4888.3,4890.6,4888.3,4890.2
1776444540,4890.5,4890.9,4887.5,4888.6
1776444600,4887.4,4888.9,4887.3,4887.3
1776444660,4887.4,4889.9,4887.2,4889.9
1776444720,4889.4,4889.7,4888,4888.6
1776444780,4888.5,4889.4,4888.4,4889.4
1776444840,4889.5,4889.7,4888.2,4888.5
1776444900,4888.4,4888.7,4887.9,4888.1
1776444960,4887.7,4888.2,4887.4,4887.6
1776445020,4887.7,4888.8,4887.2,4888.5
1776445080,4888.8,4889.5,4888.8,4889.1
1776445140,4888.9,4889.3,4888.6,4889
1776445200,4889,4891.6,4888.5,4888.9
1776445260,4888.7,4890,4887.7,4889.9
1776445320,4889.4,4889.4,4887,4888.5
1776445380,4889.2,4890,4887.9,4888.1
1776445440,4888.1,4889.5,4887.7,4888.6
1776445500,4888.7,4890.2,4888.4,4888.9
1776445560,4889.1,4890.6,4888.2,4888.2
1776445620,4888.1,4889.2,4887.5,4888.4
1776445680,4888.3,4888.4,4880,4881.7
1776445740,4881.8,4885,4880.1,4883.8
1776445800,4883.5,4883.7,4881.4,4881.9
1776445860,4881.3,4881.8,4879,4881.2
1776445920,4881.7,4882.3,4880.4,4882.3
1776445980,4882.1,4883.3,4881.3,4881.8
1776446040,4882.4,4886.2,4882.1,4884.8
1776446100,4885.2,4886,4884.3,4884.8
1776446160,4884.8,4887.3,4884.8,4886
1776446220,4886.4,4886.7,4885.2,4885.5
1776446280,4885.8,4886.2,4885.2,4885.7
1776446340,4885.5,4885.5,4884.7,4885.4
1776446400,4885.3,4885.7,4883.5,4884
1776446460,4884.1,4884.1,4881.6,4882.3
1776446520,4882.9,4883.8,4882.6,4883.4
1776446580,4883.4,4886.3,4883.4,4884.5
1776446640,4884.7,4884.7,4875.4,4876.1
1776446700,4876.5,4879.3,4875.8,4878.8
1776446760,4878.9,4879.5,4875.7,4879
1776446820,4879,4879.8,4877.4,4879.5
1776446880,4879.8,4879.9,4876.6,4877.2
1776446940,4877.1,4881,4877.1,4880.5
1776447000,4880.2,4881.5,4878.9,4880.7
1776447060,4880.8,4882.1,4880.2,4880.5
1776447120,4880.4,4882.3,4879.9,4882.2
1776447180,4881.7,4883.1,4881.2,4883
1776447240,4883.5,4884.8,4883,4883.7
1776447300,4883,4884.2,4882,4882.7
1776447360,4883.2,4883.3,4880.6,4881.2
1776447420,4881.6,4883.8,4881.3,4882.6
1776447480,4882.6,4882.7,4880,4880.6
1776447540,4880.5,4880.5,4877.5,4879.3
1776447600,4879.2,4880.4,4878.5,4878.5
1776447660,4878.6,4879.4,4877.4,4878.6
1776447720,4878.6,4879.8,4878.5,4878.5
1776447780,4877.9,4878.8,4877.2,4877.4
1776447840,4877.6,4877.6,4875,4876.4
1776447900,4876.8,4879.3,4876.8,4879
1776447960,4879.7,4881.4,4878.9,4880
1776448020,4880.1,4882.2,4880,4881.6
1776448080,4881.5,4882.3,4880.9,4882.3
1776448140,4882.2,4883,4882.1,4882.1
1776448200,4882,4882.9,4881.5,4882.7
1776448260,4882.5,4884.3,4882,4883.1
1776448320,4883.6,4883.6,4882.7,4883.5
1776448380,4882.9,4884.9,4882.4,4884.9
1776448440,4884.4,4884.5,4883.4,4884.5
1776448500,4883.6,4884,4882.8,4884
1776448560,4883.9,4885,4883.7,4884.9
1776448620,4885,4885.5,4884.3,4885.5
1776448680,4885,4885.1,4883.5,4883.7
1776448740,4883.5,4884.6,4883.4,4884.6
1776448800,4884.7,4885.8,4884.5,4884.8
1776448860,4884.4,4886.5,4884.3,4886.5
1776448920,4886.3,4886.3,4885.1,4885.5
1776448980,4885.4,4886.6,4885,4885
1776449040,4885,4885.1,4883.7,4884.7
1776449100,4884.5,4884.8,4884,4884.8
1776449160,4885.3,4888.4,4884.6,4887.4
1776449220,4887.8,4887.9,4886.9,4887.1
1776449280,4887.2,4888.1,4886.5,4886.7
1776449340,4886.4,4886.7,4884.6,4885.2
1776449400,4885.6,4885.7,4883.5,4883.7
1776449460,4884,4884.4,4883,4883.1
1776449520,4883,4884,4882.2,4883.6
1776449580,4883.6,4884.2,4882.2,4882.2
1776449640,4882.6,4883.2,4882.1,4882.8
1776449700,4883,4884.2,4882.9,4883.9
1776449760,4883.8,4884.3,4883.6,4884.3
1776449820,4884.2,4885.7,4883.9,4885.7
1776449880,4886,4886.2,4884.7,4885.1
1776449940,4884.4,4885.1,4883.5,4883.8
1776450000,4883.5,4883.6,4882.7,4883.1
1776450060,4882.7,4882.9,4880.9,4881.1
1776450120,4880.6,4883,4880.6,4882.6
1776450180,4882.9,4887.4,4882.5,4887.1
1776450240,4887.4,4888,4886.7,4887.4
1776450300,4886.9,4890.1,4886.9,4888.7
1776450360,4888.6,4889.6,4888.1,4888.1
1776450420,4887.6,4888,4886.5,4886.5
1776450480,4886.7,4886.7,4884.7,4885.1
1776450540,4884.8,4884.8,4882.6,4882.9
1776450600,4882.8,4886.2,4882.2,4885.8
1776450660,4885.6,4885.8,4884.3,4885.5
1776450720,4885.8,4887.1,4885.8,4886.4
1776450780,4886.2,4888.4,4886.2,4888.4
1776450840,4888.2,4888.3,4887.7,4888
1776450900,4887.7,4887.7,4886,4886
1776450960,4886.4,4886.7,4885.8,4886.7
1776451020,4886,4886.8,4885.6,4886.1
1776451080,4886.1,4886.6,4883.7,4884.9
1776451140,4884.8,4885.2,4884.7,4885.2
1776451200,4884.3,4884.3,4883.4,4883.5
1776451260,4883.4,4885.2,4883.4,4884.8
1776451320,4885,4885.3,4883.2,4883.5
1776451380,4883,4883.6,4882.2,4883.6
1776451440,4882.9,4884.2,4882.9,4883.8
1776451500,4884.4,4884.6,4883,4883
1776451560,4882.9,4882.9,4882,4882.5
1776451620,4883,4884.5,4882.8,4884
1776451680,4884.4,4884.5,4882.9,4883
1776451740,4883.2,4883.5,4882,4882.7
1776451800,4882.8,4882.9,4879.5,4880.1
1776451860,4879.5,4880.5,4878.9,4879.3
1776451920,4879,4879.7,4877,4879
1776451980,4879.2,4879.4,4877.6,4879.3
1776452040,4879.1,4879.2,4877.8,4878.2
1776452100,4878.2,4879.4,4877.9,4878.9
1776452160,4879.2,4880.5,4879.2,4880.1
1776452220,4880,4881,4880,4880.3
1776452280,4880,4880.9,4879.9,4880.3
1776452340,4880.5,4881.5,4879.6,4879.6
1776452400,4879.9,4880.1,4877.3,4878.8
1776452460,4878.5,4879.7,4878.4,4879.7
1776452520,4879.8,4880.1,4878.9,4879.3
1776452580,4879.1,4879.7,4878.3,4878.9
1776452640,4879.2,4880.1,4878.8,4880.1
1776452700,4880,4880,4877.3,4878
1776452760,4877.6,4878.6,4876.5,4878.4
1776452820,4878.8,4880,4877,4877.9
1776452880,4878.1,4878.5,4878,4878.5
1776452940,4878.5,4878.8,4876.1,4876.2
1776453000,4876.7,4877.5,4875.9,4876.4
1776453060,4876.1,4876.8,4876.1,4876.3
1776453120,4876.4,4877.1,4875.2,4876.6
1776453180,4876.8,4877.2,4876.5,4876.8
1776453240,4877,4878.7,4877,4878.1
1776453300,4878,4879.2,4878,4878.9
1776453360,4879.2,4879.7,4878.2,4878.6
1776453420,4878.6,4878.6,4877.9,4877.9
1776453480,4877.8,4878.1,4877.6,4878.1
1776453540,4878,4878.3,4877,4877.3
1776453600,4877.5,4879,4877.2,4877.6
1776453660,4877.5,4877.8,4877.1,4877.7
1776453720,4876.9,4877.3,4875.8,4876.4
1776453780,4876.1,4876.5,4875.6,4876.3
1776453840,4876.6,4876.6,4875.7,4876.6
1776453900,4876.4,4877.8,4876,4877.1
1776453960,4876.9,4877.4,4876.7,4877.4
1776454020,4876.7,4877.2,4876.1,4876.4
1776454080,4876.7,4877.4,4876.2,4876.7
1776454140,4876.8,4878.3,4876.7,4878.3
1776454200,4878,4878.7,4877,4878.5
1776454260,4878.2,4879,4877.5,4877.8
1776454320,4877.5,4878.7,4877.5,4878.5
1776454380,4878.3,4879.9,4877.7,4879.9
1776454440,4879.6,4880.2,4879.1,4879.3
1776454500,4879.3,4879.9,4878.1,4879.1
1776454560,4878.6,4878.7,4877.4,4878.3
1776454620,4877.5,4880.6,4877.5,4880.5
1776454680,4880.4,4882.1,4880.2,4881.2
1776454740,4881,4882,4880.5,4881.4
1776454800,4881,4881.7,4880.3,4881.4
1776454860,4881.1,4881.5,4880.9,4881.5
1776454920,4881,4882.6,4881,4881.9
1776454980,4881.5,4882.3,4881.2,4881.4
1776455040,4881.2,4881.7,4879.4,4881.4
1776455100,4881.2,4881.4,4880.2,4880.7
1776455160,4880.4,4881.1,4879.7,4880
1776455220,4879.6,4880,4878.8,4879.8
1776455280,4879.7,4880.8,4878.9,4880.5
1776455340,4880.1,4880.5,4879.5,4879.6
1776455400,4879.8,4880.5,4878.1,4878.6
1776455460,4878.9,4879.2,4877.8,4878.6
1776455520,4878.6,4878.8,4877.2,4877.2
1776455580,4877.4,4877.4,4876,4876
1776455640,4876.3,4877.3,4875.7,4876.1
1776455700,4876,4876.5,4874.1,4875.2
1776455760,4875.1,4876.2,4875.1,4875.6
1776455820,4875.4,4875.8,4874.3,4874.9
1776455880,4874.5,4875.9,4873.6,4875.9
1776455940,4875.7,4876.1,4874.5,4875.5
1776456000,4875.6,4875.9,4873.5,4874.7
1776456060,4874.9,4876.3,4874.5,4875
1776456120,4874.6,4874.8,4873,4874.8
1776456180,4874.3,4874.5,4870.8,4870.9
1776456240,4871,4872.2,4871,4871
1776456300,4871.2,4872.2,4867,4867
1776456360,4867.2,4869.7,4867.1,4867.5
1776456420,4867.7,4868.7,4866.7,4867.8
1776456480,4868,4869.1,4867.5,4868.9
1776456540,4869.1,4869.1,4867.9,4868.2
1776456600,4868.1,4868.9,4866.2,4866.5
1776456660,4866.4,4868.2,4865.2,4866
1776456720,4866.4,4866.8,4865.6,4865.9
1776456780,4866.1,4868,4865.6,4867.9
1776456840,4868.2,4868.4,4866.2,4866.5
1776456900,4866.6,4868.9,4866.4,4868.7
1776456960,4868.9,4868.9,4866.1,4866.7
1776457020,4867,4867.4,4866.1,4866.6
1776457080,4866.4,4872.7,4865.8,4871.6
1776457140,4870.9,4872.6,4870.9,4872.5
1776457200,4872.1,4872.5,4870.1,4870.8
1776457260,4870.6,4871.7,4870,4870.9
1776457320,4872,4872,4870.5,4870.5
1776457380,4870.9,4871.5,4869.6,4871.1
1776457440,4871.4,4871.4,4869,4869
1776457500,4869,4869.5,4867.6,4868.1
1776457560,4867.7,4868.1,4866.3,4866.7
1776457620,4866.6,4867,4865.2,4865.3
1776457680,4865.9,4866.9,4865.4,4866.2
1776457740,4866.1,4867.1,4865.5,4867
1776457800,4866.4,4867.1,4866,4866.7
1776457860,4867,4867.4,4865,4867.1
1776457920,4867.1,4867.1,4865.2,4865.7
1776457980,4866,4867.8,4865.7,4867.5
1776458040,4868,4868,4866,4867.2
1776458100,4867,4867.5,4865.8,4866.5
1776458160,4866,4866.6,4862.4,4863.3
1776458220,4863.5,4864.1,4861,4861.6
1776458280,4861.7,4862.5,4861,4862
1776458340,4862,4864.1,4860.9,4862.8
1776458400,4862.9,4863.1,4860.6,4861.8
1776458460,4861.2,4862,4857.9,4858.1
1776458520,4857.8,4860.1,4857.6,4859.7
1776458580,4859.3,4859.4,4855.4,4857.7
1776458640,4857.8,4857.8,4854.6,4856.6
1776458700,4856.6,4857.7,4855.4,4857
1776458760,4857.6,4857.6,4855.5,4855.5
1776458820,4856.1,4858.1,4855.4,4856
1776458880,4855.6,4856.4,4855.1,4855.6
1776458940,4856,4856.2,4853.3,4853.6
1776459000,4854.2,4854.4,4852.2,4852.3
1776459060,4852.8,4854,4851.7,4854
1776459120,4854.5,4856.2,4853.8,4854.1
1776459180,4854.7,4855.7,4853.1,4853.8
1776459240,4853.2,4855.2,4852.3,4855
1776459300,4855.1,4855.1,4852.3,4852.3
1776459360,4852.2,4853.5,4851,4853.2
1776459420,4852.4,4854.2,4852.1,4853.2
1776459480,4852.8,4853.2,4850.8,4851.7
1776459540,4851.5,4851.9,4848,4849.4
1776636000,4811.8,4812.9,4782.8,4786.3
1776636060,4785.3,4800.9,4778,4798.2
1776636120,4798.2,4805.4,4795.1,4797.4
1776636180,4798,4811.3,4797.3,4800.5
1776636240,4800.1,4800.1,4791.4,4793.2
1776636300,4795.2,4797.1,4789.7,4792.9
1776636360,4793.9,4804,4793.4,4802
1776636420,4802.5,4805.5,4796.7,4801.6
1776636480,4802.5,4805.6,4798,4803.6
1776636540,4803.8,4813.3,4803.6,4813.3
1776636600,4813.4,4813.4,4801.9,4807
1776636660,4806.3,4814.7,4806.2,4813
1776636720,4813.4,4815,4809.1,4809.7
1776636780,4809,4811.6,4807.8,4808.7
1776636840,4808.5,4811.1,4807.4,4809.9
1776636900,4809.9,4812.3,4808.6,4812
1776636960,4812.3,4815,4809.7,4809.9
1776637020,4809.6,4812.4,4809.6,4810.8
1776637080,4810.8,4812.5,4809.7,4810.7
1776637140,4810.3,4813.4,4810.1,4812
1776637200,4811.5,4814.6,4810.1,4810.4
1776637260,4810,4810.6,4807.5,4808.4
1776637320,4808.3,4809,4806.2,4806.9
1776637380,4806.4,4807,4804.2,4805
1776637440,4804.7,4807.3,4803.5,4804
1776637500,4804,4805.1,4803.6,4804.8
1776637560,4804.7,4806.9,4804.1,4806.6
1776637620,4806.3,4806.3,4805.1,4806
1776637680,4806.6,4809,4806.6,4808.2
1776637740,4808,4808.1,4804.3,4805.2
1776637800,4805.3,4806.8,4804,4804.3
1776637860,4805,4807.4,4805,4807.4
1776637920,4807.4,4809.7,4807.4,4809
1776637980,4809.9,4810.6,4807.2,4807.6
1776638040,4807.3,4807.6,4805.6,4805.6
1776638100,4805.1,4805.5,4802.6,4804.6
1776638160,4805.1,4805.4,4803.9,4805
1776638220,4804.6,4806.5,4804.3,4805.8
1776638280,4806.1,4806.9,4805.7,4806
1776638340,4806.1,4806.3,4803.9,4804.1
1776638400,4804.4,4804.5,4802,4802.9
1776638460,4803.1,4803.7,4802.9,4802.9
1776638520,4803.4,4803.4,4800,4801.6
1776638580,4801.8,4802.3,4798.4,4802.3
1776638640,4802.1,4802.1,4799.5,4799.5
1776638700,4800,4802.9,4800,4801.6
1776638760,4801.3,4803.6,4801.2,4802.5
1776638820,4802.1,4804.4,4801.9,4802.4
1776638880,4801.7,4804,4801.7,4803
1776638940,4804,4805.5,4803.4,4805.2
1776639000,4805.9,4806.8,4805,4805.1
1776639060,4805,4805.5,4804.4,4805.5
1776639120,4805.9,4806.9,4805.3,4806.9
1776639180,4806.5,4806.5,4805.3,4805.3
1776639240,4805.6,4805.6,4802.1,4802.6
1776639300,4802.5,4803.5,4802.4,4802.4
1776639360,4802,4802,4800.2,4800.9
1776639420,4800.9,4801.5,4800,4801.1
1776639480,4801.7,4801.7,4800.6,4800.9
1776639540,4800.6,4800.6,4797.6,4799.4
1776639600,4798.9,4799,4794.3,4796.7
1776639660,4796.1,4796.7,4792.8,4796.1
1776639720,4796.2,4799.4,4796,4798.8
1776639780,4798.9,4798.9,4797,4798.5
1776639840,4798.9,4798.9,4795.1,4795.6
1776639900,4796.5,4796.7,4793.1,4794.3
1776639960,4794,4794.4,4792,4793.7
1776640020,4794.3,4796.3,4794.2,4796.1
1776640080,4796.1,4797.3,4795.2,4796.2
1776640140,4795.8,4796.3,4795,4795.8
1776640200,4796,4798.8,4796,4798.4
1776640260,4798.6,4798.7,4797.6,4798
1776640320,4798.9,4799.2,4796.1,4796.1
1776640380,4795.9,4796,4793,4795.6
1776640440,4795.1,4795.1,4792.4,4792.9
1776640500,4792.8,4794.1,4791.8,4793.3
1776640560,4793.5,4793.9,4790.7,4791.8
1776640620,4792,4795.2,4792,4795.2
1776640680,4795.4,4796.2,4794.3,4794.4
1776640740,4794.4,4794.4,4793,4793
1776640800,4792.8,4792.8,4791,4792.7
1776640860,4793,4793,4790.4,4790.4
1776640920,4790.5,4791.4,4790.2,4790.7
1776640980,4791.3,4791.3,4788.7,4790
1776641040,4789.9,4791.3,4789.9,4790.5
1776641100,4790.7,4791.1,4789.8,4790.5
1776641160,4791.5,4792.2,4791,4791.8
1776641220,4791.7,4791.7,4789.3,4789.6
1776641280,4789.8,4790,4788.5,4789.8
1776641340,4790,4790.6,4788.2,4789.3
1776641400,4789.8,4791.4,4788.2,4791
1776641460,4791.3,4792.7,4789.5,4791.9
1776641520,4792.8,4793.5,4792.3,4793.1
1776641580,4792.8,4792.8,4790.2,4790.2
1776641640,4790,4791.4,4789.6,4791.3
1776641700,4791.4,4791.7,4787.1,4788.3
1776641760,4787.8,4788.1,4782.2,4783.8
1776641820,4783.9,4787.1,4782.8,4786.2
1776641880,4786,4786.9,4783.6,4784.1
1776641940,4783.7,4784.6,4779,4784.5
1776642000,4784.2,4784.5,4779.6,4780.2
1776642060,4780,4782.6,4779.8,4782.3
1776642120,4782.5,4783.2,4780.8,4781.1
1776642180,4780.3,4781.1,4752,4770.7
1776642240,4771.1,4774.8,4766.9,4771.2
1776642300,4771,4771.1,4760.5,4760.9
1776642360,4761.2,4762.8,4756,4760.6
1776642420,4760.8,4763.7,4759,4760
1776642480,4760.4,4767.8,4760.4,4765.2
1776642540,4765.2,4766.3,4762.9,4763.8
1776642600,4763.7,4768.6,4763.7,4767.8
1776642660,4768,4770.1,4765,4766.2
1776642720,4766.3,4768.9,4765.2,4767.4
1776642780,4768.2,4770.5,4767.7,4768.6
1776642840,4768,4772.4,4768,4772.1
1776642900,4771.8,4772,4770.8,4771.5
1776642960,4771.7,4771.9,4769.8,4771.5
1776643020,4771.5,4772.8,4770.5,4771.7
1776643080,4772.4,4773.9,4772.1,4773.5
1776643140,4773.4,4775,4773.1,4775
1776643200,4774.4,4774.4,4764.2,4768.1
1776643260,4767.8,4770.1,4765,4767.2
1776643320,4767.1,4772.7,4766.7,4770.8
1776643380,4770,4772,4766.1,4766.8
1776643440,4767.6,4770.2,4766.8,4769.3
1776643500,4768.7,4770.4,4768.1,4770.4
1776643560,4770.5,4773.3,4769.4,4773.3
1776643620,4773.7,4773.9,4766.3,4768.6
1776643680,4768.5,4770.6,4768.5,4769.6
1776643740,4769.9,4772.6,4769.8,4772
1776643800,4771.4,4774.8,4771.4,4773.1
1776643860,4773.5,4774.5,4771.2,4773.5
1776643920,4773.8,4774.3,4770.7,4772.8
1776643980,4772.6,4772.6,4768.7,4769
1776644040,4770.9,4772.1,4770.9,4771.7
1776644100,4772,4775.5,4771.5,4775.3
1776644160,4775.6,4778.3,4772.9,4774
1776644220,4774.8,4775.5,4772.3,4774.2
1776644280,4773.5,4776.6,4772.5,4776.1
1776644340,4776.5,4779,4775.7,4778.2
1776644400,4777.8,4780.6,4777.2,4779.7
1776644460,4780.3,4781.6,4777.5,4778.6
1776644520,4779.3,4779.3,4776.2,4778.6
1776644580,4777.8,4781.2,4777.8,4781.2
1776644640,4781,4782.8,4779.3,4782.4
1776644700,4782.1,4783.8,4781.7,4783.6
1776644760,4783.1,4784.4,4782.4,4783.4
1776644820,4783.7,4784.5,4782.3,4783
1776644880,4783.1,4784.4,4783.1,4783.9
1776644940,4783.4,4785.9,4783.2,4785.5
1776645000,4785.1,4786.9,4784.7,4785.8
1776645060,4785.9,4786.2,4781.4,4783.9
1776645120,4784.3,4786.6,4784.3,4786.3
1776645180,4786.3,4788.2,4785.7,4787.2
1776645240,4786.8,4787.1,4784.7,4785.9
1776645300,4785.5,4785.5,4782.8,4782.8
1776645360,4782.4,4784.5,4780.5,4784.5
1776645420,4784.2,4786.2,4783.3,4783.3
1776645480,4784.2,4785,4783.1,4783.6
1776645540,4783.7,4785.1,4783.5,4784.5
1776645600,4784.1,4785.3,4783.1,4785.3
1776645660,4785.4,4785.4,4783.3,4784.3
1776645720,4784.3,4784.8,4783.9,4784.4
1776645780,4785.5,4785.7,4783.9,4785
1776645840,4785,4785.4,4784,4784
1776645900,4784.8,4785.4,4783.6,4785
1776645960,4785.6,4787.9,4785.1,4786.2
1776646020,4786.2,4786.8,4783.4,4783.7
1776646080,4783.4,4783.9,4782.5,4783.9
1776646140,4783.4,4784.6,4783.4,4784.2
1776646200,4784.6,4784.6,4783,4783
1776646260,4783.1,4783.1,4779.7,4780.3
1776646320,4781,4781.7,4779,4781.3
1776646380,4780.8,4784.1,4780.6,4783.7
1776646440,4783.9,4784.4,4783,4783
1776646500,4782.8,4782.8,4781.1,4782.3
1776646560,4782.5,4783,4781.9,4782.9
1776646620,4784.1,4788.5,4784.1,4787.9
1776646680,4787.9,4789.1,4787.8,4788.2
1776646740,4788.2,4793.8,4788.2,4792
1776646800,4792,4799.1,4790.3,4797
1776646860,4796.8,4799.9,4795.7,4799.8
1776646920,4799.7,4800.9,4795.4,4799.9
1776646980,4799.9,4805.2,4799.9,4805
1776647040,4804.6,4807.9,4804.5,4806.9
1776647100,4806.7,4808.7,4804.9,4804.9
1776647160,4804.9,4805.1,4800.9,4800.9
1776647220,4801.4,4804,4801.4,4802.9
1776647280,4803.5,4806.5,4803.5,4806.5
1776647340,4806.2,4807.8,4805,4807.7
1776647400,4807.9,4809.5,4805.9,4808.9
1776647460,4809.4,4811.5,4808.9,4810
1776647520,4810.1,4812.4,4810.1,4811.7
1776647580,4812.5,4813.4,4810.1,4813.1
1776647640,4813.4,4813.7,4811.6,4812.9
1776647700,4813.3,4814.2,4808,4810
1776647760,4810.3,4811,4808.2,4808.7
1776647820,4808.9,4812.4,4808.8,4810.3
1776647880,4810.9,4812.2,4810,4810.2
1776647940,4810.8,4812.1,4809.9,4811.7
1776648000,4812,4813.5,4811.1,4813.5
1776648060,4813.4,4813.9,4812.2,4812.9
1776648120,4813.1,4814.1,4811.2,4814.1
1776648180,4814,4817.8,4814,4816.7
1776648240,4816.1,4817,4815.3,4816.5
1776648300,4816.7,4818.9,4815.2,4815.6
1776648360,4815.9,4817.5,4815.9,4816.8
1776648420,4817,4820.9,4816.4,4820.5
1776648480,4820.5,4822,4820.3,4820.9
1776648540,4821.4,4823.1,4821.2,4822.1
1776648600,4821.7,4824.1,4820.6,4823.6
1776648660,4823.4,4828.9,4823.4,4827.6
1776648720,4828,4830.8,4827.1,4829.5
1776648780,4829.3,4831.3,4827.2,4828.1
1776648840,4827.8,4828,4824.6,4827.1
1776648900,4827.2,4828.6,4825,4825.6
1776648960,4826.1,4827.4,4824.5,4824.7
1776649020,4824.5,4824.8,4822.3,4823.9
1776649080,4824,4826.5,4824,4825.1
1776649140,4825.1,4829.4,4825.1,4827.4
1776649200,4827.1,4827.3,4824.9,4826.2
1776649260,4826.3,4829.6,4824.8,4828.1
1776649320,4828.5,4829.2,4827.2,4828.1
1776649380,4827.9,4828.5,4826,4826.5
1776649440,4827,4827.6,4825.4,4826.1
1776649500,4825.8,4829.9,4825.6,4829.1
1776649560,4829,4831.5,4828.6,4831.1
1776649620,4830.6,4834.2,4830.6,4832
1776649680,4831.8,4831.8,4828,4828
1776649740,4828.3,4831,4827.7,4830.2
1776649800,4830,4830.6,4828.6,4829.2
1776649860,4829.3,4830.6,4828,4828.5
1776649920,4828.5,4833.7,4828.4,4833.4
1776649980,4833.7,4834.5,4832.3,4832.8
1776650040,4831.9,4832.9,4831.4,4832.6
1776650100,4832.7,4832.7,4830.9,4832.6
1776650160,4832.6,4833.2,4829.3,4829.5
1776650220,4829.4,4830.7,4828,4830.7
1776650280,4830.7,4830.8,4828.8,4828.8
1776650340,4828.7,4829.3,4827.2,4827.8
1776650400,4827.4,4828.8,4826.7,4828.4
1776650460,4828.1,4828.3,4826.7,4827.9
1776650520,4827.7,4828.2,4826.3,4827.2
1776650580,4827.4,4828.5,4827,4827.1
1776650640,4826.6,4826.6,4823.5,4824.2
1776650700,4823.9,4825.1,4822.6,4825.1
1776650760,4825.4,4825.4,4822.5,4823.8
1776650820,4823.8,4824.2,4822.6,4822.6
1776650880,4822.8,4824.5,4822.5,4823.7
1776650940,4823.8,4824.1,4822.6,4822.6
1776651000,4822.5,4823.3,4821.3,4822.8
1776651060,4823.2,4824.3,4821.6,4821.6
1776651120,4821.4,4822.8,4821,4821.9
1776651180,4821.9,4822.4,4820.7,4820.9
1776651240,4820.8,4821.3,4820.1,4820.3
1776651300,4820.7,4820.7,4819.2,4819.7
1776651360,4819.4,4821.3,4819,4820
1776651420,4819.6,4821.8,4819.6,4821.6
1776651480,4821.8,4821.9,4820,4821.1
1776651540,4821,4821,4819.5,4820.6
1776651600,4820,4820,4816.6,4819
1776651660,4818.4,4819.5,4818.2,4819.5
1776651720,4819.5,4820.1,4818.9,4819.6
1776651780,4819.7,4823.4,4819.7,4823.3
1776651840,4823.3,4823.3,4821.9,4822.4
1776651900,4822.9,4822.9,4821.2,4821.9
1776651960,4822.1,4822.7,4820.3,4820.9
1776652020,4820.6,4820.8,4818.4,4819.7
1776652080,4819.4,4819.4,4817.9,4819
1776652140,4819.5,4821,4819.1,4819.6
1776652200,4821,4821.1,4818.8,4818.9
1776652260,4819.1,4819.5,4817.6,4817.8
1776652320,4818.3,4819.5,4818.3,4818.9
1776652380,4819.2,4819.8,4818.3,4819.3
1776652440,4818.8,4821.4,4818.7,4820.9
1776652500,4820.9,4821.2,4819.1,4819.1
1776652560,4819.5,4819.9,4817.5,4819.5
1776652620,4819.7,4819.7,4817.7,4818.5
1776652680,4818.1,4819.1,4818.1,4818.3
1776652740,4818.1,4818.1,4814.6,4816.5
1776652800,4815.8,4817,4815.1,4815.8
1776652860,4816.2,4817.4,4815.5,4815.5
1776652920,4816,4817,4814.5,4815.4
1776652980,4815.1,4815.4,4813.2,4815
1776653040,4815.6,4815.8,4814.4,4815.4
1776653100,4815.5,4817,4815.1,4816.2
1776653160,4816.2,4816.3,4814.8,4815.6
1776653220,4815.6,4815.6,4813,4813
1776653280,4812.8,4813.2,4812.2,4813.1
1776653340,4813.3,4815.6,4813.3,4814.8
1776653400,4814,4815,4813.7,4814
1776653460,4813.2,4815.3,4812.5,4814.9
1776653520,4815.4,4816,4814,4816
1776653580,4815.8,4816.8,4815.7,4816
1776653640,4816,4816,4814.7,4815.2
1776653700,4814.8,4814.8,4812.8,4813
1776653760,4812.8,4813.5,4812.5,4813.1
1776653820,4814,4814.9,4812.9,4814.9
1776653880,4814.3,4816,4814.2,4815.5
1776653940,4815.6,4816.9,4814.6,4816.7
1776654000,4816.8,4817.8,4816.4,4816.7
1776654060,4816.3,4816.3,4813.6,4814.8
1776654120,4814.4,4815.9,4814.3,4815.9
1776654180,4815.9,4816.4,4815,4815.9
1776654240,4816.1,4817.1,4814.2,4814.5
1776654300,4814.7,4816.1,4814.4,4815.4
1776654360,4815.5,4817,4815.5,4816
1776654420,4816.4,4816.4,4816,4816
1776654480,4816.3,4817.3,4814.8,4814.9
1776654540,4815.3,4815.3,4813.3,4813.3
1776654600,4813,4813,4810.1,4811.9
1776654660,4812,4812,4810.9,4810.9
1776654720,4811.1,4811.2,4810,4811
1776654780,4811.3,4812.1,4810,4810.3
1776654840,4810.5,4811.7,4810.1,4811.7
1776654900,4810.9,4812.5,4810.8,4812.2
1776654960,4811.9,4812.5,4811,4811.7
1776655020,4811.7,4811.9,4810.1,4810.5
1776655080,4810.9,4811,4809.6,4809.6
1776655140,4810,4812,4808.4,4812
1776655200,4811.8,4814,4811.8,4814
1776655260,4813.9,4814,4812.9,4813.3
1776655320,4813.3,4813.5,4812.5,4812.8
1776655380,4813.1,4814.8,4813.1,4814.7
1776655440,4814.6,4814.9,4813.9,4814.6
1776655500,4814.5,4815.8,4814.4,4815.1
1776655560,4815.2,4815.4,4814.4,4814.4
1776655620,4814,4814,4812.8,4813.9
1776655680,4814.1,4815.4,4814.1,4815.3
1776655740,4815.5,4815.5,4814.5,4815.2
1776655800,4815.1,4815.5,4814.3,4815
1776655860,4814.5,4815.8,4813.6,4815.8
1776655920,4815.8,4816.4,4812.9,4813.1
1776655980,4812.8,4812.8,4809.4,4810.7
1776656040,4811.3,4812.7,4811.3,4812.3
1776656100,4812.2,4812.3,4811.5,4812.3
1776656160,4812.3,4812.3,4810.3,4811.1
1776656220,4811.1,4811.7,4811.1,4811.7
1776656280,4811.3,4812.5,4811.3,4812.5
1776656340,4813.1,4814.1,4812.9,4813.9
1776656400,4813.6,4815.2,4813.4,4813.9
1776656460,4814.5,4814.7,4814,4814.3
1776656520,4813.9,4813.9,4812.6,4812.6
1776656580,4812.1,4812.3,4811.7,4811.8
1776656640,4812.2,4813.7,4812.2,4813.5
1776656700,4812.9,4813.5,4812,4812.1
1776656760,4812,4812.4,4811.1,4811.8
1776656820,4811.9,4811.9,4811.2,4811.5
1776656880,4811.2,4812.6,4811.2,4812
1776656940,4811.8,4811.8,4811.4,4811.6
1776657000,4811.7,4813.5,4811.6,4813.5
1776657060,4813.7,4814,4813.4,4813.6
1776657120,4813.9,4814.1,4813.4,4813.4
1776657180,4813.8,4814,4811.7,4811.7
1776657240,4811.5,4811.7,4810.2,4811.7
1776657300,4811.4,4811.4,4811,4811.3
1776657360,4810.7,4810.8,4808.8,4810.3
1776657420,4810.2,4810.8,4810.2,4810.8
1776657480,4810.7,4811,4810.2,4810.4
1776657540,4810.8,4811.4,4810.5,4810.5
1776657600,4810.9,4812,4810.5,4811.3
1776657660,4811.8,4812,4811.1,4811.2
1776657720,4811.4,4811.8,4810.8,4811.1
1776657780,4811.2,4811.7,4811.2,4811.7
1776657840,4811.5,4813.4,4811.3,4812.9
1776657900,4813.3,4814.1,4813.3,4813.7
1776657960,4813.8,4814,4812.2,4813.5
1776658020,4813.2,4814.1,4812.2,4813.7
1776658080,4814.1,4814.4,4813.6,4814.1
1776658140,4814.4,4815.1,4814.1,4814.1
1776658200,4814,4814.3,4813.1,4813.3
1776658260,4813.4,4813.9,4812.8,4813.6
1776658320,4813.9,4814.5,4813.9,4814.1
1776658380,4814.3,4814.4,4813.5,4814
1776658440,4813.3,4813.3,4811.9,4812.4
1776658500,4812.1,4812.3,4811.5,4812.2
1776658560,4812.5,4813.3,4811.7,4813.2
1776658620,4813,4814.2,4812.9,4813
1776658680,4813.2,4813.2,4812.1,4812.1
1776658740,4812.3,4812.9,4811.1,4812.3
1776658800,4812.7,4813.3,4812.7,4812.8
1776658860,4812.2,4812.4,4811.7,4811.7
1776658920,4811.2,4812.1,4811.2,4811.5
1776658980,4811,4812.9,4810.9,4812.6
1776659040,4812.3,4813.2,4812.3,4813.2
1776659100,4813.2,4813.8,4813,4813.4
1776659160,4813.3,4813.3,4812.6,4813
1776659220,4812.8,4812.8,4812.2,4812.3
1776659280,4812.5,4815,4812.5,4815
1776659340,4815.2,4815.2,4813.6,4813.6
1776659400,4813.8,4813.8,4812.5,4812.8
1776659460,4812.6,4812.6,4811.3,4811.3
1776659520,4810.7,4810.8,4807.5,4809.3
1776659580,4809,4810.2,4808.9,4809
1776659640,4808.9,4808.9,4807.6,4808.3
1776659700,4808.5,4809,4807.6,4808.8
1776659760,4808.9,4809.7,4807.9,4807.9
1776659820,4808.4,4809,4808.3,4808.3
1776659880,4808.1,4810.2,4807.8,4808.1
1776659940,4808,4810.3,4808,4809.9
1776660000,4809.9,4810.5,4809.2,4810.3
1776660060,4810.2,4810.9,4810,4810.1
1776660120,4809.6,4809.7,4808.8,4809.3
1776660180,4809.3,4810.4,4809.3,4809.8
1776660240,4809.2,4809.2,4806.6,4806.6
1776660300,4807.1,4809.3,4806.9,4808.8
1776660360,4809,4810.4,4809,4810
1776660420,4810,4812.1,4810,4811.7
1776660480,4811.6,4811.6,4811,4811.2
1776660540,4811.4,4812.7,4811.2,4812.3
1776660600,4812.3,4812.4,4811.2,4811.2
1776660660,4811.1,4811.1,4808,4808
1776660720,4808.8,4809,4808.5,4808.6
1776660780,4808.6,4809.5,4808.6,4809.1
1776660840,4809.5,4809.5,4808.1,4808.3
1776660900,4808.5,4809.3,4808.4,4809.2
1776660960,4808.9,4809.5,4807.6,4807.8
1776661020,4807.8,4808.4,4807.6,4808
1776661080,4808,4808.3,4807.5,4807.7
1776661140,4807.9,4808.2,4807.3,4808.2
1776661200,4808.4,4810.8,4808.3,4810.3
1776661260,4810.5,4812.5,4808.6,4808.8
1776661320,4808.5,4809.3,4808.4,4809.2
1776661380,4809.1,4809.1,4806.8,4808.9
1776661440,4808.6,4810.1,4808.6,4809.3
1776661500,4809.7,4810.8,4807.2,4807.3
1776661560,4807.8,4808.1,4805.7,4806.5
1776661620,4806,4807.9,4805.8,4807.4
1776661680,4807.7,4808.3,4807.7,4808
1776661740,4807.6,4809.6,4806.3,4806.3
1776661800,4806.3,4808.2,4806.3,4807.4
1776661860,4807.8,4807.8,4804.6,4804.8
1776661920,4804.7,4805.8,4804.5,4804.8
1776661980,4804.8,4804.9,4803.7,4804.4
1776662040,4804.3,4805.9,4804.3,4805.8
1776662100,4806,4806.4,4805.9,4806
1776662160,4806.4,4807.7,4806.4,4807.2
1776662220,4807.4,4808.7,4807.4,4807.7
1776662280,4808,4808.6,4807.9,4808.2
1776662340,4807.7,4807.7,4806.9,4807.2
1776662400,4806.7,4807.6,4806.4,4806.5
1776662460,4806.5,4806.5,4805.5,4806.1
1776662520,4805.6,4807.9,4805.6,4807.4
1776662580,4807.4,4807.4,4806.3,4806.8
1776662640,4806.6,4807.2,4806.4,4806.4
1776662700,4806.4,4807.6,4806.1,4806.5
1776662760,4806.2,4806.8,4804.3,4805.2
1776662820,4805.5,4806.2,4804.7,4806.2
1776662880,4806.1,4808.2,4806.1,4807.8
1776662940,4807.1,4807.7,4806.7,4806.8
1776663000,4807,4812.4,4806.4,4811.3
1776663060,4810.9,4814.2,4810.9,4814.2
1776663120,4814.2,4815.1,4812.8,4814.2
1776663180,4814,4815.3,4813,4814.3
1776663240,4814,4814.3,4811.9,4813.3
1776663300,4813.4,4814.9,4811.3,4811.8
1776663360,4812.2,4814,4812.2,4813.6
1776663420,4813.1,4814.6,4813,4814.2
1776663480,4814.7,4814.8,4812.5,4812.7
1776663540,4812.7,4813.3,4811.6,4812.1
1776663600,4812,4813.3,4810.7,4810.7
1776663660,4810.6,4811.3,4807.6,4808.2
1776663720,4808.3,4808.6,4803.1,4803.3
1776663780,4803.7,4804.7,4801.6,4802.4
1776663840,4802.4,4803.9,4797,4800
1776663900,4800.1,4803.4,4800.1,4803.2
1776663960,4803.7,4804.5,4801.3,4801.3
1776664020,4801.5,4803,4801.4,4802.2
1776664080,4803,4803.5,4801.9,4803.5
1776664140,4803.3,4805,4803,4804.5
1776664200,4804.3,4804.6,4802.4,4804.4
1776664260,4803.7,4804.1,4802.6,4803.8
1776664320,4802.8,4803.6,4802.1,4802.1
1776664380,4801.8,4807,4801.8,4806.1
1776664440,4805.8,4810.3,4804.8,4809.8
1776664500,4810.1,4811.1,4808.4,4810.4
1776664560,4810.3,4812.3,4810.2,4810.6
1776664620,4810.4,4811,4809.6,4810.3
1776664680,4810.4,4810.8,4809.7,4809.7
1776664740,4810.3,4811.3,4809.6,4809.9
1776664800,4810,4810.2,4804.5,4806.6
1776664860,4806.3,4807.9,4805.5,4807.4
1776664920,4807.9,4813.1,4807.9,4811.3
1776664980,4811.5,4812.1,4810.2,4810.2
1776665040,4810.7,4811.4,4809.1,4809.6
1776665100,4809.7,4809.7,4807.3,4809.2
1776665160,4809.4,4809.4,4807.7,4808.3
1776665220,4809.3,4809.6,4808.8,4808.9
1776665280,4809.7,4809.8,4808.1,4808.8
1776665340,4808.8,4811,4808.8,4810.3
1776665400,4810.8,4810.8,4809.2,4809.8
1776665460,4809.7,4810.1,4808.6,4810.1
1776665520,4809.9,4812.7,4809.8,4812.5
1776665580,4812.4,4812.7,4810.8,4811.8
1776665640,4812.1,4812.6,4809.7,4809.8
1776665700,4810,4810,4807.2,4808.5
1776665760,4808.9,4809.5,4807.4,4807.5
1776665820,4807.7,4809.3,4807.4,4808.8
1776665880,4809.1,4809.1,4806.4,4807.2
1776665940,4806.6,4807.8,4806.4,4806.5
1776666000,4806.9,4807.4,4804.2,4805.6
1776666060,4805.5,4806.8,4805,4806.3
1776666120,4806.5,4806.9,4804.1,4804.7
1776666180,4805,4806,4802.9,4806
1776666240,4806.1,4807.4,4805.5,4806.6
1776666300,4806.3,4806.7,4804.6,4806.2
1776666360,4806.8,4807.2,4803.5,4803.5
1776666420,4803.7,4805.3,4803.7,4804.7
1776666480,4804.1,4804.3,4803.5,4803.9
1776666540,4803.9,4805.2,4803.3,4805.1
1776666600,4805.9,4810.6,4804.9,4810.6
1776666660,4810.4,4811.2,4807.3,4807.3
1776666720,4807.7,4809.6,4807,4809.6
1776666780,4809.3,4809.4,4808.1,4808.1
1776666840,4807.6,4807.6,4806.4,4806.4
1776666900,4806.9,4806.9,4805.6,4806.4
1776666960,4807.1,4809,4806.4,4808.6
1776667020,4808.7,4808.8,4807.3,4807.3
1776667080,4806.9,4807.3,4806.5,4806.9
1776667140,4807.3,4809.9,4807.3,4809.9
1776667200,4809.9,4810.3,4807.2,4808.1
1776667260,4807.9,4808.3,4806.7,4808.2
1776667320,4808.3,4809.4,4807.9,4809.4
1776667380,4809.4,4810.2,4808.6,4809.1
1776667440,4809.2,4809.9,4809.1,4809.6
1776667500,4809.5,4809.5,4807.5,4807.9
1776667560,4806.5,4807.1,4806,4807.1
1776667620,4806.7,4807.3,4805.4,4805.5
1776667680,4805.6,4807.9,4805.5,4807.6
1776667740,4808,4808,4806.7,4807.1
1776667800,4806.9,4807,4804.8,4805.4
1776667860,4805.5,4806.2,4805.4,4805.8
1776667920,4806.4,4807.3,4806.4,4807.1
1776667980,4806.8,4808.1,4806.8,4807.4
1776668040,4807.6,4807.6,4806.4,4806.4
1776668100,4806.6,4808.4,4806.6,4808.4
1776668160,4808.1,4812.5,4806.2,4811.2
1776668220,4810.7,4811.6,4808.8,4811.6
1776668280,4811.1,4814.4,4810.8,4813.7
1776668340,4813.3,4814.9,4812.9,4814.9
1776668400,4815,4818,4814.6,4816.5
1776668460,4816.7,4817.1,4814.3,4816.7
1776668520,4816,4817.1,4815,4817
1776668580,4817.3,4821.6,4817,4819.4
1776668640,4818.9,4818.9,4817.4,4817.5
1776668700,4817.5,4818.4,4816,4816.2
1776668760,4816,4816.6,4814.3,4815.8
1776668820,4815.5,4817,4815,4815.1
1776668880,4814.4,4817.3,4813.8,4816.1
1776668940,4816.1,4817,4815,4815.5
1776669000,4815.8,4816.2,4814,4815.4
1776669060,4815.4,4816.5,4813.7,4814.3
1776669120,4813.6,4814.7,4813.6,4814.7
1776669180,4814.9,4816.6,4814.6,4816.6
1776669240,4816.6,4817.2,4815.7,4817.2
1776669300,4816.9,4816.9,4815.3,4816.2
1776669360,4815.5,4815.8,4814,4815.8
1776669420,4815.3,4819.8,4815.3,4819.8
1776669480,4819.9,4823.5,4819.4,4823.5
1776669540,4823,4823.8,4822.1,4822.3
1776669600,4822.5,4824.1,4822.3,4824
1776669660,4824.2,4825,4822.9,4824.2
1776669720,4824,4825.4,4823.6,4824
1776669780,4823.7,4823.7,4821.1,4822.6
1776669840,4822.6,4823,4821.6,4821.8
1776669900,4821.7,4821.8,4820.5,4821
1776669960,4820.5,4821.1,4817.2,4817.9
1776670020,4817.9,4818.6,4817.6,4818.6
1776670080,4818.2,4818.2,4816.9,4816.9
1776670140,4816.7,4817.5,4816.5,4817.3
1776670200,4817.3,4818,4810.9,4813.1
1776670260,4813.4,4814.3,4812,4813.1
1776670320,4813.2,4814.3,4812.5,4814.3
1776670380,4814.1,4814.1,4810,4811.6
1776670440,4812,4813.8,4811.3,4813.8
1776670500,4813.8,4814.5,4813,4813
1776670560,4812.1,4812.2,4809,4811.5
1776670620,4811.1,4812.5,4811.1,4812.3
1776670680,4812.6,4815.4,4812.2,4815.4
1776670740,4815.5,4816,4814.6,4815.8
1776670800,4815.8,4816.7,4815.2,4815.6
1776670860,4815.1,4815.5,4814,4815.5
1776670920,4815.8,4815.9,4815.2,4815.5
1776670980,4815.7,4816.6,4815.1,4816
1776671040,4815.9,4818,4815.9,4816.8
1776671100,4817.1,4817.1,4813.4,4814.2
1776671160,4814.4,4815.9,4814.3,4814.9
1776671220,4814.7,4815.5,4812.8,4813
1776671280,4813.4,4813.5,4812.8,4813.5
1776671340,4813.8,4813.9,4812,4812.2
1776671400,4812,4812,4809.4,4810.5
1776671460,4810,4812.8,4808.9,4812.3
1776671520,4812.7,4813.3,4810.4,4810.8
1776671580,4810.4,4810.8,4808.8,4810.8
1776671640,4810.8,4810.9,4807.3,4807.3
1776671700,4807.7,4810.5,4807.2,4808.8
1776671760,4808.8,4809.2,4807.4,4808
1776671820,4808.2,4809,4806.9,4808.2
1776671880,4808.1,4808.2,4806.1,4806.9
1776671940,4807.6,4809.4,4807.6,4809.1
1776672000,4808.5,4809.1,4807.6,4808.6
1776672060,4808.6,4810.2,4808.6,4809.6
1776672120,4809.3,4809.3,4805.1,4807.2
1776672180,4807.3,4809.3,4807.3,4808.1
1776672240,4808.6,4808.8,4807.4,4808.1
1776672300,4807.9,4810.5,4807.7,4808.6
1776672360,4808.6,4809.2,4806.9,4807.6
1776672420,4808,4809.3,4806.5,4806.6
1776672480,4806.3,4808.4,4806.3,4807.8
1776672540,4807.6,4808.6,4807.5,4807.5
1776672600,4807.7,4810.1,4807,4809.7
1776672660,4810.1,4810.2,4809.1,4809.7
1776672720,4809.5,4811.1,4809.5,4810.4
1776672780,4810.6,4810.8,4809.7,4810.8
1776672840,4810.3,4810.6,4807.9,4808.3
1776672900,4808.2,4808.7,4806.7,4807.1
1776672960,4806.9,4807.8,4806,4806.1
1776673020,4806.7,4807,4805.7,4805.7
1776673080,4805.9,4806.9,4805.8,4806.9
1776673140,4806.7,4808.4,4806.2,4807.7
1776673200,4807.9,4807.9,4807,4807.5
1776673260,4807.6,4810.6,4806.4,4807.7
1776673320,4808.6,4809.1,4808,4808.6
1776673380,4808.8,4809.6,4807.4,4807.6
1776673440,4807.6,4808.2,4806.9,4808
1776673500,4807.8,4808.8,4807.7,4808.8
1776673560,4808.4,4809.1,4807.7,4808.8
1776673620,4808.8,4810.5,4808.8,4810
1776673680,4809.6,4811.6,4809.6,4810.1
1776673740,4810.7,4811.6,4810.7,4811.4
1776673800,4811.2,4811.6,4809.1,4809.1
1776673860,4808.9,4809.6,4808.6,4809.6
1776673920,4808.6,4810.3,4808.2,4810.2
1776673980,4809.3,4810.9,4809.3,4810.6
1776674040,4810.4,4810.5,4809.4,4809.4
1776674100,4809.7,4809.7,4808.3,4808.6
1776674160,4808.8,4810.2,4808.5,4808.5
1776674220,4808.3,4809,4808,4808.8
1776674280,4808.4,4809.7,4808.3,4809.3
1776674340,4809.4,4809.4,4808.4,4809.1
1776674400,4809,4809.1,4808.2,4809
1776674460,4809.1,4810.8,4809.1,4810.4
1776674520,4810.8,4811.6,4810.8,4810.8
1776674580,4810.9,4810.9,4809.7,4810.2
1776674640,4810.6,4811.8,4810.6,4811.5
1776674700,4811.4,4813,4811.4,4812.4
1776674760,4812.6,4813.3,4812.4,4813.3
1776674820,4813.2,4814.2,4813.2,4813.6
1776674880,4814,4814.7,4812.5,4813
1776674940,4813.1,4814.3,4813,4814.3
1776675000,4814,4815.5,4813.7,4815.5
1776675060,4815.5,4815.5,4814,4814.1
1776675120,4814.1,4814.8,4813.1,4813.4
1776675180,4813.6,4813.6,4812.7,4812.7
1776675240,4813.3,4813.4,4812.8,4813.3
1776675300,4813.1,4813.9,4812.9,4813.3
1776675360,4813.1,4813.4,4812.7,4812.7
1776675420,4812.4,4815.3,4812.1,4814.8
1776675480,4815.1,4815.5,4814.3,4815
1776675540,4815.5,4815.6,4815,4815.6
1776675600,4815.9,4816.2,4815,4815.7
1776675660,4815.9,4817.5,4815.9,4816.8
1776675720,4816.3,4817.1,4814.8,4815.3
1776675780,4815,4816.9,4814.9,4816.2
1776675840,4815.8,4815.8,4813.2,4815.1
1776675900,4815,4817.7,4814.6,4816.8
1776675960,4816.7,4817.5,4815.8,4815.8
1776676020,4816,4816.1,4815.4,4816
1776676080,4815.6,4815.7,4814.9,4815
1776676140,4814.6,4814.7,4812.9,4814.6
1776676200,4814.2,4814.4,4813.6,4814.1
1776676260,4814.1,4814.4,4813.6,4814.1
1776676320,4814.1,4816,4813.9,4816
1776676380,4815.4,4816.9,4815.3,4816.4
1776676440,4816.6,4816.7,4815.2,4815.4
1776676500,4815.5,4815.5,4813,4813
1776676560,4812.8,4813.9,4812.5,4813.5
1776676620,4813.5,4814,4813.5,4813.9
1776676680,4813.1,4813.1,4811.6,4812.8
1776676740,4812.9,4814,4812.8,4813.9
1776676800,4813.7,4814.9,4812.9,4813.6
1776676860,4814.1,4815,4813.4,4814.4
1776676920,4815.1,4815.1,4813.2,4813.3
1776676980,4813.3,4814.7,4812.8,4814.4
1776677040,4814.7,4814.8,4812.7,4813.5
1776677100,4813.3,4813.3,4812.6,4813.3
1776677160,4812.8,4813.3,4812.8,4813.3
1776677220,4813,4813,4811.7,4812.2
1776677280,4812.4,4812.8,4811.4,4812.2
1776677340,4812.3,4812.3,4811,4811.8
1776677400,4811.7,4813.8,4808.1,4809.1
1776677460,4809.3,4809.3,4807.3,4807.3
1776677520,4807.3,4807.3,4804.1,4804.9
1776677580,4804.7,4805.8,4803.1,4805.1
1776677640,4805.2,4806.1,4803.6,4805.5
1776677700,4806.3,4806.7,4805.4,4806.4
1776677760,4806.3,4806.6,4805.1,4806
1776677820,4805.8,4805.9,4804.6,4805.1
1776677880,4805.4,4808.6,4805.4,4808.6
1776677940,4808.7,4809,4807.3,4808.1
1776678000,4808.4,4809,4807.6,4808.8
1776678060,4809,4810,4808.4,4809.6
1776678120,4809.6,4809.6,4808.9,4809.1
1776678180,4809.1,4810,4808.5,4809.8
1776678240,4809.9,4812,4809.9,4811.2
1776678300,4811.5,4811.9,4811.2,4811.9
1776678360,4811.9,4813.9,4811.7,4813.3
1776678420,4813.3,4815.8,4813.2,4815.2
1776678480,4815.1,4815.4,4814.3,4814.3
1776678540,4814.6,4815.1,4814.1,4814.8
1776678600,4814.9,4815.8,4814.8,4815.8
1776678660,4815.8,4817,4815.1,4816.3
1776678720,4816.2,4816.9,4816.2,4816.7
1776678780,4816.7,4817.1,4814.5,4815.1
1776678840,4814.8,4814.8,4811.7,4812.2
1776678900,4811.5,4811.5,4810.1,4810.4
1776678960,4810.2,4810.4,4809.2,4809.6
1776679020,4809.8,4811.2,4809.5,4811
1776679080,4810.9,4813.6,4810.9,4813.2
1776679140,4812.8,4813.7,4811.4,4811.4
1776679200,4811.7,4812.2,4811.1,4811.6
1776679260,4812,4812.8,4811.2,4812.1
1776679320,4812.1,4813.7,4811.9,4813.6
1776679380,4813.6,4813.9,4809.6,4810.7
1776679440,4811,4812.1,4811,4811.3
1776679500,4811.6,4812.5,4811.2,4812.5
1776679560,4812.5,4814.5,4812,4814.5
1776679620,4814.8,4817.4,4814.8,4816.8
1776679680,4817,4818.7,4816.7,4818.4
1776679740,4817.7,4819.5,4817.6,4818.1
1776679800,4818,4818.8,4817.8,4818.8
1776679860,4818.7,4820,4816.9,4816.9
1776679920,4817,4817.5,4816.4,4816.8
1776679980,4816.3,4816.8,4815.2,4815.5
1776680040,4815.4,4816.2,4815.3,4815.9
1776680100,4816.1,4817.3,4815.4,4817.3
1776680160,4816.8,4818,4816.4,4818
1776680220,4818,4819.3,4817.7,4819.3
1776680280,4819.2,4820,4817.7,4819.7
1776680340,4820,4820.7,4819.2,4820.1
1776680400,4820.1,4820.1,4819.1,4819.7
1776680460,4819.6,4820.4,4819.2,4820
1776680520,4820.2,4821.2,4819.7,4821
1776680580,4820.8,4820.9,4818.9,4819.2
1776680640,4819.1,4819.3,4817.7,4818.1
1776680700,4818,4818.7,4817.5,4817.5
1776680760,4817.2,4817.8,4816.9,4817.2
1776680820,4817.1,4818.1,4817.1,4818.1
1776680880,4818.8,4819.2,4818.5,4818.8
1776680940,4819,4819.2,4818.4,4818.4
1776681000,4818.5,4820.1,4818.5,4819.7
1776681060,4819.4,4819.5,4817.9,4818.1
1776681120,4818.2,4819,4817.8,4818.4
1776681180,4817.7,4817.9,4817.2,4817.7
1776681240,4817.1,4817.7,4817,4817.4
1776681300,4817.3,4817.8,4817.2,4817.3
1776681360,4817.3,4817.7,4816.8,4817.3
1776681420,4816.5,4816.7,4816.4,4816.6
1776681480,4816.3,4817.2,4816.3,4817.2
1776681540,4817,4817.1,4816.4,4816.7
1776681600,4816.8,4817.2,4816.8,4816.9
1776681660,4816.8,4817.1,4815.9,4816.4
1776681720,4816.5,4816.5,4815.4,4815.4
1776681780,4815.7,4815.8,4815.2,4815.5
1776681840,4815.2,4815.3,4815.1,4815.3
1776681900,4815.4,4815.8,4815,4815.2
1776681960,4815.4,4815.6,4815.4,4815.5
1776682020,4815,4815.9,4814.8,4815.5
1776682080,4815.4,4816.5,4815.3,4815.9
1776682140,4815.8,4816.4,4815.5,4816.4
1776682200,4816.5,4816.7,4815.6,4816.1
1776682260,4815.9,4816.2,4814.5,4814.5
1776682320,4814.4,4815.9,4814.4,4815.4
1776682380,4815.1,4815.2,4814.4,4815.2
1776682440,4815.2,4816.2,4815.2,4816.2
1776682500,4815.9,4816.1,4815.6,4815.8
1776682560,4816,4816.7,4815.9,4816.3
1776682620,4816.7,4817.3,4816,4816.4
1776682680,4815.8,4815.9,4815.3,4815.5
1776682740,4815.5,4815.9,4815.3,4815.7
1776682800,4815.7,4816.1,4814.1,4814.4
1776682860,4814.4,4814.4,4812.1,4812.1
1776682920,4812.6,4813.6,4812,4812
1776682980,4812.1,4812.9,4810.8,4810.9
1776683040,4812,4812.1,4810.1,4810.7
1776683100,4811,4811.9,4810.4,4811.4
1776683160,4811.2,4812.1,4810.8,4811.4
1776683220,4812.1,4813,4812,4812
1776683280,4812.2,4814,4811.3,4812.4
1776683340,4812.1,4813.2,4812.1,4812.7
1776683400,4812.8,4812.8,4811.4,4811.9
1776683460,4811.5,4811.5,4806.4,4808.4
1776683520,4808.1,4808.7,4806.9,4807.1
1776683580,4807.1,4808.4,4807.1,4807.9
1776683640,4807.8,4809.7,4807.6,4809.4
1776683700,4809.3,4810.2,4809.1,4810.1
1776683760,4809.9,4810.7,4809.5,4809.5
1776683820,4809.5,4810.7,4809.5,4810.1
1776683880,4809.9,4810.2,4806.6,4806.8
1776683940,4806.6,4808.3,4806.5,4808
1776684000,4807.9,4808.1,4806.8,4806.8
1776684060,4806.6,4808.2,4806.3,4807
1776684120,4806.8,4807.6,4806.7,4807.6
1776684180,4807.9,4809,4807.5,4808.5
1776684240,4808.4,4809.2,4807.8,4809
1776684300,4809.2,4809.8,4808.8,4809.7
1776684360,4809.5,4809.9,4808.9,4809.5
1776684420,4809.8,4810.1,4808.2,4808.2
1776684480,4807.8,4808.4,4807.3,4808
1776684540,4808.2,4808.8,4807.9,4807.9
1776684600,4808,4808.6,4807.8,4808.6
1776684660,4808.1,4808.6,4807.4,4808.4
1776684720,4808.4,4810.6,4808,4808.9
1776684780,4809,4811.7,4808.6,4810
1776684840,4810.2,4810.7,4809.8,4809.9
1776684900,4810.1,4811.5,4810.1,4811.4
1776684960,4810.9,4810.9,4809.1,4810.4
1776685020,4810.2,4810.7,4809.2,4810.7
1776685080,4810.4,4810.8,4809.8,4810.4
1776685140,4810.3,4811.6,4810.2,4810.9
1776685200,4810.9,4811.3,4809.6,4810.3
1776685260,4810.5,4813,4810.4,4812.3
1776685320,4811.8,4812.6,4810.6,4812.6
1776685380,4812.3,4813.1,4812.2,4812.6
1776685440,4812.7,4814.3,4812.7,4814.3
1776685500,4814.5,4816.1,4814.3,4816.1
1776685560,4816.5,4818.5,4816.2,4817.6
1776685620,4817.9,4819.4,4817.6,4819
1776685680,4818.9,4820.5,4818.2,4820.2
1776685740,4820,4822,4819.5,4821.5
1776685800,4821.5,4823.6,4821.2,4822.9
1776685860,4823.2,4824.3,4822.4,4823.6
1776685920,4823.6,4824.9,4823.6,4824.5
1776685980,4824.5,4828.8,4824.1,4827.6
1776686040,4827.7,4829.5,4825.4,4826.7
1776686100,4826.8,4830,4826.8,4829.4
1776686160,4829.6,4831.2,4829.5,4830
1776686220,4829.8,4830.1,4828.6,4828.9
1776686280,4828.7,4830.4,4828.7,4829.8
1776686340,4829.8,4831.7,4829.5,4830.9
1776686400,4830.8,4831.1,4829.8,4830.3
1776686460,4830.5,4830.5,4828.4,4828.9
1776686520,4828.8,4830.6,4827.7,4828.3
1776686580,4828,4828,4826.3,4827.2
1776686640,4827.1,4832.3,4827.1,4830.1
1776686700,4830.2,4832.8,4827.2,4828
1776686760,4828.1,4828.1,4823.5,4823.8
1776686820,4823.4,4827.8,4822.7,4826
1776686880,4826.3,4827.7,4826.1,4827.7
1776686940,4827.5,4828.7,4827.2,4827.6
1776687000,4827.9,4830.2,4827.7,4829.2
1776687060,4829.7,4832,4829.5,4831.2
1776687120,4831.2,4832.9,4829.5,4832
1776687180,4831.7,4832.9,4831.1,4832.4
1776687240,4832,4832.4,4830.3,4830.6
1776687300,4831,4831.1,4827.2,4828
1776687360,4828,4831,4828,4830.8
1776687420,4830.7,4833.3,4829.6,4832.9
1776687480,4832.7,4834.9,4831.8,4834.8
1776687540,4835,4835.8,4832.2,4834.5
1776687600,4834.8,4839.9,4834.5,4839.6
1776687660,4839.6,4842.9,4839.3,4841.2
1776687720,4841.5,4842.7,4837.9,4838.8
1776687780,4838.3,4838.4,4834.2,4834.7
1776687840,4835,4836.4,4834.2,4834.2
1776687900,4834,4834.2,4831.1,4832.3
1776687960,4832.2,4833.1,4830.1,4830.2
1776688020,4830.1,4830.5,4824.3,4824.3
1776688080,4824.4,4827.2,4824.2,4825
1776688140,4825.1,4826.2,4824,4825.9
1776688200,4825.7,4829.7,4825.6,4827.9
1776688260,4828.1,4828.1,4824.6,4827.2
1776688320,4826.9,4828.2,4824.6,4826.2
1776688380,4826.2,4827,4824.7,4825
1776688440,4825,4826.8,4824.4,4826.3
1776688500,4826.2,4826.5,4822.4,4824.4
1776688560,4824.3,4824.8,4822.5,4822.8
1776688620,4823.1,4824.1,4821.5,4821.5
1776688680,4821.3,4824.2,4818.8,4823.6
1776688740,4823.8,4824.6,4823.5,4823.7
1776688800,4824,4824.4,4823.8,4824.3
1776688860,4824.7,4825.1,4823.3,4824.9
1776688920,4824.4,4827.6,4824.4,4826.1
1776688980,4825.7,4827.8,4825.1,4827
1776689040,4827,4827.6,4826,4826
1776689100,4826.1,4826.9,4824.3,4824.9
1776689160,4824.8,4827.5,4824.4,4827.5
1776689220,4827.7,4828.8,4826.8,4826.8
1776689280,4827.2,4828.3,4826.7,4827.4
1776689340,4827.4,4827.9,4825,4826.6
1776689400,4826.1,4827.7,4825.7,4825.9
1776689460,4825.7,4826.4,4823.8,4825.9
1776689520,4825.6,4826.4,4821.8,4822
1776689580,4822.1,4823.3,4822.1,4822.9
1776689640,4822.9,4824.2,4821.8,4823.4
1776689700,4823.6,4824.5,4823.1,4823.7
1776689760,4823.7,4824.3,4823,4823.2
1776689820,4823.4,4823.9,4821.8,4821.9
1776689880,4821.8,4822.6,4820.9,4822.6
1776689940,4822.5,4823.9,4821.8,4823.3
1776690000,4823.6,4825.2,4819.7,4820.5
1776690060,4820.2,4823.7,4820.2,4821.6
1776690120,4822.1,4822.9,4820.2,4821.3
1776690180,4821.1,4821.8,4820.5,4821.5
1776690240,4821.4,4824.5,4821.4,4823.5
1776690300,4823.7,4826.4,4822.8,4825.4
1776690360,4825.6,4829,4825.5,4829
1776690420,4829.4,4829.9,4827.4,4827.4
1776690480,4827.6,4835.8,4824.5,4832
1776690540,4831.4,4832.8,4828.9,4831.7
1776690600,4831.1,4832.6,4830,4831.3
1776690660,4831.3,4832.7,4829.9,4832.1
1776690720,4833,4836.4,4833,4835.6
1776690780,4835.5,4837.1,4833.4,4835.9
1776690840,4836.2,4836.5,4834.2,4835.9
1776690900,4836,4837.8,4834.2,4834.3
1776690960,4834.4,4835,4833.1,4834.3
1776691020,4834,4835.1,4832.3,4832.4
1776691080,4832.8,4834.2,4832.4,4833.7
1776691140,4834,4836.8,4834,4836.4
1776691200,4836.4,4839.8,4835.8,4839.1
1776691260,4838.8,4839.4,4836.9,4837.8
1776691320,4838,4840.4,4835.8,4840.1
1776691380,4839.6,4840.7,4838.4,4839.1
1776691440,4839,4839.1,4836.2,4836.9
1776691500,4837.5,4837.5,4835.5,4837
1776691560,4836.6,4837.7,4835.4,4837.4
1776691620,4837.6,4841.4,4837.3,4841.1
1776691680,4841.2,4842.1,4840.1,4840.5
1776691740,4840.8,4846.5,4840.7,4845
1776691800,4845,4847.3,4842.8,4843.6
1776691860,4843.8,4845.1,4838.8,4840
1776691920,4840.2,4841.5,4838.3,4839.4
1776691980,4839.4,4839.4,4837.1,4839
1776692040,4838.7,4842.9,4837.5,4842.5
1776692100,4842.7,4844,4841.5,4843.7
1776692160,4843.6,4846.4,4843.3,4843.8
1776692220,4843.4,4843.8,4841.8,4842.2
1776692280,4841.8,4842.3,4838.4,4838.6
1776692340,4838.8,4839.5,4836.5,4838.5
1776692400,4838.7,4840.2,4837.1,4840.2
1776692460,4839.9,4841.9,4839.1,4839.5
1776692520,4839.2,4840.8,4838.6,4840.8
1776692580,4840.6,4843.4,4839.9,4842.5
1776692640,4842.4,4844.9,4841.9,4843.2
1776692700,4843.1,4844.3,4842.1,4843.8
1776692760,4843.8,4845.2,4840,4840.2
1776692820,4840.4,4843.5,4840.3,4843.2
1776692880,4843.2,4844.5,4839.6,4840.3
1776692940,4840.5,4841.8,4839.5,4840.8
1776693000,4841.1,4842.5,4840.6,4840.7
1776693060,4841.8,4842.2,4838.2,4838.8
1776693120,4838.9,4841.3,4838.1,4840.3
1776693180,4840.3,4841,4839.4,4839.6
1776693240,4840.2,4842.7,4839.4,4841.8
1776693300,4841.7,4843.8,4841.3,4843.1
1776693360,4842.8,4843.7,4841.3,4842.7
1776693420,4842.9,4843.5,4840.7,4841.8
1776693480,4841.7,4842.3,4839.9,4841.3
1776693540,4841,4841.2,4837.8,4838.8
1776693600,4838.8,4839.4,4833.9,4835.2
1776693660,4835.6,4836.2,4833.3,4833.8
1776693720,4834.2,4836.3,4831.5,4836.3
1776693780,4835.8,4835.8,4831.2,4833.7
1776693840,4833.5,4838.3,4833.3,4837.7
1776693900,4838.1,4838.3,4835.9,4837.2
1776693960,4836.9,4838.3,4836.5,4836.6
1776694020,4836.7,4837.3,4835.7,4837.3
1776694080,4837.6,4838.3,4831.8,4833.2
1776694140,4832.8,4834.6,4832.6,4832.8
1776694200,4832.7,4834.7,4827.5,4829
1776694260,4829.1,4830.5,4828,4828.9
1776694320,4828.8,4830.3,4826.5,4828.1
1776694380,4828.6,4832.7,4828.1,4832.5
1776694440,4832.2,4836.8,4831.7,4836
1776694500,4835.7,4836.2,4834.1,4834.9
1776694560,4835,4836.7,4834.9,4836.3
1776694620,4836,4837.8,4835.1,4837.3
1776694680,4837.2,4837.6,4835.6,4835.8
1776694740,4836.2,4838.5,4834.3,4836.9
1776694800,4836.7,4839.3,4836,4838.1
1776694860,4837.7,4841.4,4837.7,4840.6
1776694920,4840.5,4842.1,4840,4841
1776694980,4841,4843.6,4840.4,4843.3
1776695040,4843.6,4846.4,4842.6,4845.7
1776695100,4845.6,4845.7,4843.2,4844
1776695160,4844.4,4847.2,4843.6,4846.5
1776695220,4846.7,4847,4844.8,4845.5
1776695280,4845.6,4845.7,4843.1,4843.8
1776695340,4843.4,4843.6,4842,4843.3
1776695400,4843.5,4847.9,4843.4,4845.4
1776695460,4845.4,4845.7,4842.4,4842.9
1776695520,4843,4845.8,4842.8,4844.1
1776695580,4844.3,4845.6,4841.2,4842
1776695640,4841.8,4841.8,4837,4838.5
1776695700,4838.9,4838.9,4833.2,4835.7
1776695760,4835.9,4836.3,4834.3,4835
1776695820,4834.9,4837.1,4834.6,4836.9
1776695880,4836.6,4837.3,4835.6,4835.9
1776695940,4835.8,4835.8,4833.5,4834.1
1776696000,4834.3,4835.6,4832.2,4834.2
1776696060,4834.4,4834.4,4830.8,4831.4
1776696120,4831.9,4832.4,4830.5,4831.7
1776696180,4832.1,4834.5,4831.6,4833.8
1776696240,4833.4,4835.1,4832.9,4834.7
1776696300,4833.9,4835.1,4833.5,4834
1776696360,4834.3,4834.5,4830.4,4831.6
1776696420,4831.5,4833,4830.5,4831.3
1776696480,4831.6,4832.4,4830.5,4830.5
1776696540,4830.6,4833.5,4830.5,4833.5
1776696600,4833.6,4834.4,4831.8,4832.3
1776696660,4832.2,4832.2,4811.9,4825.5
1776696720,4826.1,4829.3,4822.4,4822.7
1776696780,4823,4826.7,4823,4824.8
1776696840,4824.5,4829.1,4823.8,4828.9
1776696900,4828.8,4829.1,4823,4824.8
1776696960,4825,4826.6,4823.9,4824.2
1776697020,4824.6,4826,4818.7,4822.4
1776697080,4821.6,4822.3,4819.8,4822.3
1776697140,4822.3,4825.6,4821.7,4824.9
1776697200,4825.7,4827.2,4823,4823.9
1776697260,4822.6,4824.9,4821.3,4823.8
1776697320,4823.8,4824.1,4820.5,4822.9
1776697380,4823,4823.5,4817.1,4818.4
1776697440,4818.4,4819.7,4816.2,4818
1776697500,4817.3,4819.8,4816.9,4818.6
1776697560,4819.3,4820.8,4818.2,4819.1
1776697620,4818.3,4818.5,4814.7,4816
1776697680,4816,4820.3,4816,4820.3
1776697740,4820.1,4820.4,4817.2,4817.2
1776697800,4817.4,4821.3,4816.7,4821.1
1776697860,4821.1,4822.9,4820.1,4821.9
1776697920,4822.3,4822.6,4817.1,4817.2
1776697980,4817.7,4818.2,4812.6,4814.6
1776698040,4814.4,4818.9,4813.7,4818.1
1776698100,4818,4818.6,4814.5,4815
1776698160,4815,4815.6,4814.1,4815
1776698220,4815.1,4817.1,4814.4,4816.5
1776698280,4816.4,4820.3,4816.4,4819.9
1776698340,4820,4820.6,4817.1,4818.2
1776698400,4817.7,4818.4,4816.9,4818.1
1776698460,4817.8,4820.7,4816.4,4819.9
1776698520,4820.2,4824,4819.3,4821
1776698580,4821,4823.1,4819.4,4822.7
1776698640,4822.8,4825.6,4822.5,4824
1776698700,4823.6,4827.2,4822.8,4826.9
1776698760,4826.9,4829.4,4826.5,4828.4
1776698820,4828.5,4829.2,4827.5,4827.7
1776698880,4827.3,4827.8,4825.7,4827
1776698940,4826.7,4829.8,4824.4,4828.4
1776699000,4828.4,4829.5,4825,4825
1776699060,4824.8,4827.2,4824.1,4825.6
1776699120,4825.9,4827.6,4825,4825.8
1776699180,4825.6,4827.5,4825.2,4827.1
1776699240,4826.9,4827,4823.7,4824.4
1776699300,4824.2,4824.7,4823.6,4824.5
1776699360,4824.4,4824.4,4820.7,4822
1776699420,4821.5,4822.9,4821,4821.8
1776699480,4821.7,4823.4,4821.7,4823.1
1776699540,4823.4,4823.4,4821.3,4822.3
1776699600,4822.3,4823.9,4821.9,4823.6
1776699660,4823.9,4824.9,4822,4823
1776699720,4823,4823.3,4821.4,4821.6
1776699780,4821.5,4822.2,4820.8,4821.2
1776699840,4820.5,4820.8,4819.6,4820.1
1776699900,4820.2,4820.2,4817.7,4818.7
1776699960,4818.1,4820.3,4818,4819.5
1776700020,4819.4,4821.6,4819.4,4819.7
1776700080,4819.8,4821.6,4819.8,4821.4
1776700140,4821.3,4821.7,4820,4820
1776700200,4819.9,4820.3,4817.4,4817.8
1776700260,4817.8,4818,4816.8,4817.2
1776700320,4818.1,4818.4,4817,4817.3
1776700380,4817,4817.4,4815,4816.5
1776700440,4816.4,4817.1,4815.4,4815.4
1776700500,4815.5,4819.4,4815.5,4819.1
1776700560,4818.9,4819.4,4818.5,4819.3
1776700620,4819.4,4820.8,4819.4,4819.7
1776700680,4820,4821.1,4819.8,4820.2
1776700740,4820.3,4820.7,4819.3,4819.9
1776700800,4819.8,4821.5,4819,4819.6
1776700860,4819.9,4820,4817.2,4817.2
1776700920,4817.4,4817.9,4816.4,4816.5
1776700980,4816.7,4818.4,4816,4816
1776701040,4816.2,4816.2,4814.1,4814.9
1776701100,4814.8,4817.9,4814.3,4817.1
1776701160,4817.2,4818,4816.7,4816.7
1776701220,4816.3,4816.7,4815.2,4815.7
1776701280,4815.8,4816.7,4815.6,4816.4
1776701340,4816,4818.3,4816,4817.7
1776701400,4817.6,4819.6,4817.6,4818.3
1776701460,4818.6,4819.2,4818.3,4818.8
1776701520,4818.8,4819,4818,4819
1776701580,4819.2,4819.4,4817.7,4818
1776701640,4818.3,4819.2,4818.1,4818.3
1776701700,4818.4,4819.9,4818.4,4819.3
1776701760,4818.7,4819.1,4816.4,4816.9
1776701820,4816.6,4817.9,4815.4,4815.4
1776701880,4815.4,4815.4,4812.5,4814.6
1776701940,4814.6,4817,4814,4816.9
1776702000,4817,4819.7,4817,4819
1776702060,4818.8,4819.4,4817.8,4819.1
1776702120,4818.8,4818.9,4816.8,4816.8
1776702180,4816.7,4819.4,4816.7,4818.8
1776702240,4818.8,4818.8,4818,4818.1
1776702300,4817.9,4819.3,4817.6,4818.4
1776702360,4818.6,4819.6,4817.8,4819.6
1776702420,4819.5,4821.7,4819.4,4821.7
1776702480,4821.7,4821.9,4820.5,4820.7
1776702540,4820.8,4821.5,4820.8,4821.5
1776702600,4821.9,4824.5,4821.9,4823.3
1776702660,4823.3,4823.7,4822,4822.3
1776702720,4822,4822.4,4820.9,4822.1
1776702780,4822.1,4822.3,4821.7,4821.9
1776702840,4821.6,4821.7,4820.1,4820.5
1776702900,4820.6,4820.6,4818.7,4819.3
1776702960,4819.4,4820.4,4819.3,4820.4
1776703020,4820.1,4820.1,4819.2,4819.4
1776703080,4819.2,4820.4,4819,4820
1776703140,4820.1,4820.1,4820,4820
1776703200,4819.8,4821.7,4818.9,4821.1
1776703260,4821.3,4822.6,4821.3,4822.4
1776703320,4822,4824.6,4821.4,4823
1776703380,4823.4,4823.5,4822.9,4823.2
1776703440,4822.8,4823.1,4821.8,4822
1776703500,4822.1,4823.4,4821.7,4823.3
1776703560,4822.9,4823.3,4822.3,4822.9
1776703620,4822.5,4824.4,4822.3,4824
1776703680,4824.5,4824.7,4823.2,4823.5
1776703740,4823.6,4823.7,4822.9,4823.6
1776703800,4823.8,4824.3,4823.6,4823.7
1776703860,4824,4825.3,4823.6,4824.5
1776703920,4824.6,4826.1,4824.2,4826
1776703980,4826.2,4826.6,4824.4,4824.8
1776704040,4824.9,4825.6,4824.5,4825.2
1776704100,4825.2,4825.2,4824,4824.7
1776704160,4824.5,4825.9,4824.3,4825.9
1776704220,4825.5,4825.5,4824.5,4825.1
1776704280,4824.6,4825.7,4823.8,4825.2
1776704340,4825.2,4825.9,4825,4825.6
1776704400,4825.9,4827.6,4825.6,4827.2
1776704460,4827.2,4827.4,4824.8,4824.8
1776704520,4824.6,4828.5,4824,4827.2
1776704580,4826.8,4828.8,4826.2,4827.6
1776704640,4827.9,4828.7,4827.4,4827.6
1776704700,4827.5,4828.2,4826.7,4827.3
1776704760,4827.2,4829,4826.8,4828
1776704820,4828,4829.8,4828,4829
1776704880,4829.1,4829.8,4829,4829
1776704940,4829.1,4829.6,4828.4,4829.3
1776705000,4829.4,4830.7,4828.9,4828.9
1776705060,4829.4,4830.5,4829.1,4830.1
1776705120,4829.7,4829.9,4828.5,4829.2
1776705180,4829.3,4829.9,4828.6,4829.4
1776705240,4829.4,4829.8,4828.5,4828.7
1776705300,4828.9,4829,4827.5,4828.9
1776705360,4828.4,4829.1,4828.1,4828.6
1776705420,4828.1,4830.3,4828.1,4829.5
1776705480,4829.2,4829.8,4829.2,4829.4
1776705540,4829.6,4829.6,4828.8,4829.3
1776705600,4829.2,4829.2,4827.7,4827.9
1776705660,4827.4,4828.2,4826.9,4828.1
1776705720,4828,4829.2,4828,4828.6
1776705780,4828.5,4831.5,4828.5,4830.6
1776705840,4830.9,4830.9,4828.1,4828.1
1776705900,4828.1,4828.4,4827.4,4828
1776705960,4827.8,4828.5,4827.1,4827.4
1776706020,4827.2,4828.2,4827.2,4827.6
1776706080,4827.8,4827.8,4826.2,4826.9
1776706140,4827,4830.6,4827,4830.1
1776706200,4830.3,4832.3,4829.3,4830.7
1776706260,4830.5,4831,4830.1,4830.4
1776706320,4830.6,4830.6,4826.8,4827.2
1776706380,4827.3,4828,4825.5,4825.6
1776706440,4825.6,4826.5,4825.5,4825.5
1776706500,4825.5,4829.6,4825.4,4828.1
1776706560,4827.5,4830.3,4826.5,4829.7
1776706620,4830,4831,4828.9,4829
1776706680,4828.7,4830,4828.4,4830
1776706740,4830,4831,4829.5,4830.2
1776706800,4829.9,4832.4,4829,4830.6
1776706860,4831.3,4831.3,4830,4830.4
1776706920,4830.4,4830.4,4828.8,4829.1
1776706980,4829.2,4830.3,4829.2,4829.6
1776707040,4829.9,4830.2,4829.5,4829.9
1776707100,4829.8,4829.8,4828.6,4829
1776707160,4828.5,4829.9,4828.5,4829.2
1776707220,4828.8,4829.4,4828.6,4828.7
1776707280,4828.9,4828.9,4828.1,4828.5
1776707340,4828.5,4829.4,4828.3,4829.4
1776707400,4829.2,4829.9,4829,4829.1
1776707460,4828.9,4829.2,4828.1,4829.1
1776707520,4828.1,4828.9,4827.7,4828.9
1776707580,4828.7,4828.9,4828.2,4828.9
1776707640,4828.9,4830.2,4828.9,4829.7
1776707700,4829.9,4829.9,4829.2,4829.2
1776707760,4829.3,4829.4,4828.2,4828.4
1776707820,4828,4828.2,4826.1,4826.4
1776707880,4826.3,4827.8,4825.8,4827.7
1776707940,4827.5,4827.5,4826.9,4827.1
1776708000,4827.6,4829.9,4827.6,4829.7
1776708060,4829.5,4830.8,4829.2,4830.7
1776708120,4830.3,4831.1,4830.2,4830.9
1776708180,4831.2,4832.4,4831.1,4832.3
1776708240,4832.1,4832.1,4830.7,4831.8
1776708300,4831.9,4834.8,4831.3,4834.6
1776708360,4834.6,4835.5,4834.2,4834.5
1776708420,4834.4,4834.5,4833.3,4833.3
1776708480,4833.5,4835.4,4832.7,4833.3
1776708540,4833.5,4834.8,4833.5,4834.5
1776708600,4834.6,4835,4833.7,4833.8
1776708660,4833.7,4834.9,4831.2,4831.2
1776708720,4832.3,4833.7,4832.3,4833.7
1776708780,4833.9,4834.8,4832.8,4834.5
1776708840,4834.3,4836.5,4834.1,4836.2
1776708900,4835.9,4835.9,4834.5,4834.9
1776708960,4834.5,4835.1,4833.9,4834.8
1776709020,4834.7,4835.1,4834.5,4834.6
1776709080,4834.5,4835.5,4833.9,4833.9
1776709140,4833.9,4834.7,4833.2,4834.3
1776709200,4834.3,4835.8,4834.1,4835.3
1776709260,4835.7,4835.7,4832.8,4833.4
1776709320,4833.7,4834.7,4833.5,4834.3
1776709380,4834.8,4834.8,4833.4,4833.5
1776709440,4833.4,4834.5,4833.4,4834.1
1776709500,4834.2,4834.4,4833,4833.5
1776709560,4833.4,4834.2,4833,4834.2
1776709620,4834.3,4834.4,4833.9,4833.9
1776709680,4834.3,4835.1,4832,4833.5
1776709740,4834,4834.2,4833.5,4833.9
1776709800,4834,4834.9,4833.5,4833.5
1776709860,4833.6,4833.8,4832.9,4833.6
1776709920,4833.6,4833.6,4832.2,4833.6
1776709980,4833.7,4835.7,4833.7,4834.9
1776710040,4834.9,4835.3,4834.9,4835.2
1776710100,4835.3,4835.5,4834.3,4834.3
1776710160,4833.8,4833.8,4831.3,4831.5
1776710220,4831.8,4832.4,4831.2,4832.4
1776710280,4832,4833.2,4831.8,4832.7
1776710340,4832.5,4833.5,4832.1,4832.8
1776710400,4833.2,4834.7,4833.2,4834.4
1776710460,4834.8,4835.6,4834.7,4835.4
1776710520,4835.1,4835.8,4835.1,4835.5
1776710580,4835.4,4835.4,4834.7,4834.7
1776710640,4834.9,4835.2,4834.6,4835.1
1776710700,4835.1,4835.1,4834.5,4834.9
1776710760,4835,4836.9,4835,4836.1
1776710820,4836.1,4836.1,4835.7,4835.9
1776710880,4835.8,4836.5,4835.4,4836
1776710940,4836.1,4836.6,4835.5,4835.5
1776711000,4835.6,4835.8,4835.3,4835.6
1776711060,4835.6,4837,4835.6,4837
1776711120,4836.8,4837,4836,4836.4
1776711180,4836.4,4836.4,4835.6,4836
1776711240,4836,4836,4835.3,4835.7
1776711300,4835.8,4836.7,4835.8,4836.6
1776711360,4836.2,4836.6,4835.9,4835.9
1776711420,4835.8,4836.1,4835.5,4835.8
1776711480,4835.9,4835.9,4834.6,4835.1
1776711540,4835,4835,4833.6,4834.8
1776711600,4834.7,4839.2,4834.7,4838.7
1776711660,4838.4,4839.4,4838.2,4839.4
1776711720,4839.3,4839.4,4837.3,4838
1776711780,4838.2,4839.4,4837.7,4837.9
1776711840,4838.3,4838.5,4837.7,4838.3
1776711900,4838.1,4839.5,4838.1,4839.5
1776711960,4839.4,4839.8,4839.1,4839.6
1776712020,4839.6,4840,4838.7,4838.8
1776712080,4838.9,4840.2,4838.6,4839.8
1776712140,4839.6,4840.8,4839.6,4840.7
1776712200,4840.5,4840.8,4839.4,4839.4
1776712260,4839.5,4841.3,4839.4,4840.3
1776712320,4840.3,4840.8,4839.9,4840.3
1776712380,4840.3,4842.1,4840.3,4841.5
1776712440,4841.2,4841.8,4841,4841
1776712500,4840.9,4840.9,4840,4840.2
1776712560,4840.2,4840.4,4838.8,4838.9
1776712620,4838.8,4839.7,4838.6,4839.4
1776712680,4839.4,4839.8,4839.2,4839.2
1776712740,4839.2,4839.5,4838.9,4839.4
1776712800,4839.3,4839.6,4837.4,4838
1776712860,4838.1,4839.3,4838.1,4839.3
1776712920,4839.1,4839.6,4838.9,4839.4
1776712980,4839.2,4839.2,4838.4,4838.9
1776713040,4839.2,4839.2,4838.9,4839.2
1776713100,4838.9,4839.3,4838.5,4838.5
1776713160,4838.6,4838.7,4837.5,4837.5
1776713220,4837.6,4837.8,4836.6,4836.9
1776713280,4836.8,4838.2,4836.6,4836.9
1776713340,4837.1,4837.7,4837,4837.6
1776713400,4837.6,4837.6,4836.2,4836.2
1776713460,4836.3,4836.9,4836.2,4836.9
1776713520,4836.7,4836.7,4835.4,4835.6
1776713580,4835.5,4836.3,4835,4835.5
1776713640,4835.5,4835.8,4834.3,4835.2
1776713700,4834.9,4835,4829.7,4832.9
1776713760,4833.1,4834.3,4831.2,4831.6
1776713820,4831.9,4833.6,4831.7,4831.9
1776713880,4831.9,4832.1,4831.3,4831.5
1776713940,4832,4832,4831.1,4831.5
1776714000,4831.7,4832.3,4831.3,4831.3
1776714060,4831.2,4832.2,4830.6,4831.9
1776714120,4831.5,4832.2,4831.3,4832
1776714180,4832.5,4833.3,4832,4832.5
1776714240,4832.4,4832.4,4831.5,4831.8
1776714300,4832.1,4833.2,4831.9,4833.2
1776714360,4832.6,4833.4,4832.5,4833.4
1776714420,4833.5,4833.5,4832.7,4832.7
1776714480,4832.9,4832.9,4832.4,4832.4
1776714540,4832.4,4833.2,4832,4833.1
1776714600,4833.4,4833.4,4831.8,4832.2
1776714660,4832.2,4833.7,4832.2,4833.3
1776714720,4833.1,4833.4,4832.7,4833.4
1776714780,4833.3,4833.6,4832.7,4832.8
1776714840,4832.6,4833.3,4832,4832
1776714900,4831.9,4833.2,4831.4,4832.7
1776714960,4832.8,4832.8,4831.9,4832.6
1776715020,4832.8,4833.6,4832.2,4833.3
1776715080,4833.3,4834.2,4832.9,4833
1776715140,4833,4834.9,4832.9,4834.8
1776715200,4835,4836.6,4834.5,4836.2
1776715260,4836.2,4837.4,4835.9,4836
1776715320,4835.8,4836.6,4835.1,4836.6
1776715380,4836.6,4837.1,4836.1,4836.4
1776715440,4836.1,4836.1,4835.3,4835.6
1776715500,4835.6,4836.3,4835.4,4836.3
1776715560,4836.4,4836.6,4836.2,4836.4
1776715620,4836,4836,4835,4835.6
1776715680,4835.4,4835.4,4834.8,4835.1
1776715740,4835.1,4835.1,4834.6,4834.6
1776715800,4834.8,4835.4,4834.4,4835.1
1776715860,4835,4835.4,4834.6,4834.6
1776715920,4834.3,4834.6,4832.8,4833.9
1776715980,4834.1,4834.4,4834,4834
1776716040,4834.1,4834.1,4833.6,4834
1776716100,4834.3,4834.7,4833.6,4833.7
1776716160,4833.7,4833.8,4833.4,4833.8
1776716220,4833.7,4834,4833.7,4834
1776716280,4833.8,4834.2,4833,4833.4
1776716340,4833.3,4833.8,4832.9,4833.8
1776716400,4833.7,4833.7,4833.3,4833.3
1776716460,4834.1,4834.8,4834,4834.6
1776716520,4834.6,4835.2,4834.6,4835.1
1776716580,4834.9,4835.2,4834.9,4835.2
1776716640,4835.4,4836.2,4835.2,4836.1
1776716700,4835.9,4835.9,4835.5,4835.9
1776716760,4836.2,4837.7,4836.2,4837.7
1776716820,4837.5,4837.5,4836.7,4837
1776716880,4837,4837.2,4836.9,4836.9
1776716940,4836.6,4836.9,4836.2,4836.6
1776717000,4836.5,4836.9,4836.1,4836.9
1776717060,4836.4,4837.2,4836.2,4837.2
1776717120,4836.9,4837,4836.5,4836.7
1776717180,4836.9,4837.3,4835.4,4836
1776717240,4835.7,4835.8,4833.4,4834.6
1776717300,4834.5,4834.8,4833.6,4834.8
1776717360,4834.4,4835.4,4834.4,4834.7
1776717420,4835,4835.9,4835,4835.9
1776717480,4835.8,4835.8,4835.3,4835.3
1776717540,4835.5,4836.3,4835.5,4836.3
1776717600,4835.8,4836.3,4835.8,4835.9
1776717660,4835.7,4836.2,4835.7,4836.2
1776717720,4835.6,4836,4835.6,4835.7
1776717780,4835.3,4837.8,4835.3,4837.4
1776717840,4837.3,4838,4836.2,4837.2
1776717900,4837.1,4838.2,4836.9,4838
1776717960,4837.9,4838,4837.2,4838
1776718020,4838,4838.4,4837.6,4837.6
1776718080,4837.8,4837.9,4837.2,4837.6
1776718140,4837.2,4837.8,4837.1,4837.4
1776718200,4838,4839.9,4837.7,4839.3
1776718260,4839.4,4839.5,4839,4839.3
1776718320,4839.8,4840.4,4839.8,4840.3
1776718380,4840.2,4841.4,4840,4841.4
1776718440,4841.6,4841.7,4840.2,4840.4
1776718500,4840.5,4842.6,4840.4,4842.6
1776718560,4842.6,4842.7,4841.6,4842
1776718620,4841.7,4842,4840.9,4841.4
1776718680,4841.3,4841.7,4840.3,4841.2
1776718740,4841.1,4841.6,4840.4,4841
1776722400,4842.4,4849.1,4842,4845.1
1776722460,4843.8,4854.8,4843.8,4849.2
1776722520,4849.1,4849.8,4847.1,4848.1
1776722580,4848,4848,4843.2,4843.3
1776722640,4843.5,4848,4841.1,4845.3
1776722700,4845.1,4847.2,4844,4847
1776722760,4846.7,4851,4846.2,4850.3
1776722820,4850.7,4852.1,4848.9,4849.9
1776722880,4849.7,4849.7,4847.8,4848.1
1776722940,4848.4,4853,4848.4,4850.8
1776723000,4850.2,4851.9,4849,4851.2
1776723060,4851.1,4853.3,4851.1,4852
1776723120,4851.7,4853,4850.7,4850.7
1776723180,4850.4,4851.9,4850.1,4850.4
1776723240,4850.2,4850.2,4848.4,4849.9
1776723300,4850.4,4852.7,4849.7,4852.1
1776723360,4851.6,4853.7,4851.5,4853
1776723420,4852.6,4853.5,4852.4,4853
1776723480,4853.2,4853.9,4851.7,4851.7
1776723540,4851.5,4852.5,4851.1,4852.3
1776723600,4852.2,4853.6,4852.2,4853.1
1776723660,4853,4854.2,4852.6,4852.9
1776723720,4852.2,4852.2,4851.1,4851.4
1776723780,4851.7,4852.1,4851,4851
1776723840,4851.2,4852.8,4850.8,4852.2
1776723900,4851.8,4852.2,4851.3,4851.4
1776723960,4851.7,4853.3,4851,4851.4
1776724020,4851.3,4851.3,4849.5,4849.5
1776724080,4850.1,4850.7,4849.5,4850.2
1776724140,4850.4,4850.6,4849.4,4849.4
1776724200,4849.7,4849.7,4845.8,4846.4
1776724260,4847,4847.6,4846,4846.6
1776724320,4847.1,4847.6,4846.7,4847.1
1776724380,4846.9,4848.1,4846.9,4847.7
1776724440,4848.2,4849.1,4848.1,4849.1
1776724500,4849.1,4850.1,4849.1,4849.8
1776724560,4849.8,4851.8,4849.1,4851.3
1776724620,4851.4,4851.5,4849.1,4849.3
1776724680,4849.5,4851.3,4849.4,4850.9
1776724740,4850.9,4851,4849.6,4850
1776724800,4850.3,4851.5,4849.8,4850.9
1776724860,4850.9,4851.2,4850.4,4850.4
1776724920,4850.6,4851.4,4850.6,4850.7
1776724980,4851.3,4851.5,4850.8,4851.4
1776725040,4850.9,4852,4850.6,4851.9
1776725100,4851.6,4852.4,4851.6,4852
1776725160,4852.6,4852.9,4851.7,4852.2
1776725220,4852,4852.2,4851.6,4852.1
1776725280,4852.1,4852.3,4851.1,4852.3
1776725340,4852.5,4852.5,4850.3,4850.5
1776725400,4850.7,4850.8,4849.5,4850.7
1776725460,4850.2,4851,4850,4850.2
1776725520,4850.6,4851,4849.7,4849.7
1776725580,4849.5,4849.8,4848.3,4848.3
1776725640,4848.5,4849.1,4847.6,4848.4
1776725700,4848.5,4848.7,4847.5,4847.5
1776725760,4847.6,4848.1,4846.6,4847.6
1776725820,4847.8,4848.9,4846.3,4848.3
1776725880,4848.2,4848.2,4847,4847.3
1776725940,4847.1,4848.5,4847.1,4848.5
1776726000,4848.7,4852.5,4848.7,4851.1
1776726060,4851.1,4851.3,4848.8,4849.8
1776726120,4849.1,4849.3,4847.6,4848.1
1776726180,4848,4848.3,4847.5,4848.3
1776726240,4848.4,4848.4,4846.6,4847.4
1776726300,4847.4,4848,4847.4,4848
1776726360,4847.6,4847.9,4846.9,4847.2
1776726420,4847.2,4848.1,4846.8,4846.8
1776726480,4846.9,4846.9,4844.5,4845.5
1776726540,4845.4,4847,4845.2,4845.4
1776726600,4846,4847.1,4845.9,4847.1
1776726660,4847.2,4847.9,4846,4847.3
1776726720,4846.9,4847.1,4846.2,4846.7
1776726780,4846.7,4847.3,4846.7,4847.2
1776726840,4846.9,4847.4,4846.8,4846.8
1776726900,4846.5,4846.5,4846,4846.2
1776726960,4846.5,4846.5,4845.6,4845.6
1776727020,4845.2,4845.7,4845,4845
1776727080,4845.3,4845.4,4844.7,4845.3
1776727140,4845.2,4845.6,4845.2,4845.6
1776727200,4845.5,4846.4,4845.5,4846.4
1776727260,4846.5,4846.5,4846.1,4846.1
1776727320,4846,4846.2,4846,4846.2
1776727380,4846.2,4846.5,4846,4846.3
1776727440,4846.9,4847.4,4846.5,4846.9
1776727500,4847,4847.6,4846.3,4847.1
1776727560,4847.2,4848,4845.9,4845.9
1776727620,4846.3,4847,4846.1,4846.5
1776727680,4846.5,4846.5,4846.5,4846.5
1776727740,4846.5,4846.5,4846.5,4846.5
1776727800,4846.4,4846.4,4845.2,4845.5
1776727860,4845.1,4845.3,4844.1,4844.6
1776727920,4845.3,4845.7,4845.1,4845.1
1776727980,4844.8,4845.5,4844.8,4844.8
1776728040,4844.7,4844.8,4843.7,4844.8
1776728100,4844.8,4844.8,4843.8,4844.8
1776728160,4843.9,4844.3,4843.6,4844.3
1776728220,4844.6,4845.3,4844.6,4845.3
1776728280,4845,4845.5,4844.9,4845.5
1776728340,4845.4,4845.8,4844,4845.7
1776728400,4845.5,4845.6,4844.4,4845.1
1776728460,4845.3,4845.4,4844.6,4845
1776728520,4845,4845.8,4844.8,4844.9
1776728580,4844.4,4844.7,4843.8,4844.3
1776728640,4844.3,4844.5,4844.1,4844.5
1776728700,4845.1,4845.6,4842.8,4843
1776728760,4843.1,4843.3,4841.7,4841.9
1776728820,4842.1,4842.1,4841.2,4842
1776728880,4842.1,4842.1,4840.9,4841.1
1776728940,4840.9,4842,4840.9,4842
1776729000,4841.9,4842.3,4841.9,4842.3
1776729060,4842.2,4842.2,4840.8,4841.5
1776729120,4841.4,4842.2,4841.4,4842.1
1776729180,4842.2,4843,4842.2,4842.4
1776729240,4842.5,4842.5,4841.4,4841.5
1776729300,4841.4,4841.6,4841.3,4841.4
1776729360,4840.9,4841.2,4840.5,4841
1776729420,4841.3,4841.5,4840.9,4841.4
1776729480,4841.8,4842.2,4841.4,4841.4
1776729540,4841.8,4842.8,4841.8,4842.4
1776729600,4843,4845.1,4841,4844.8
1776729660,4845,4846.5,4843.7,4844.1
1776729720,4844,4845.7,4844,4844.1
1776729780,4844.6,4844.6,4843.6,4844.3
1776729840,4844,4845.5,4842.9,4845.3
1776729900,4845.1,4847.3,4845.1,4846.9
1776729960,4847.2,4848.9,4845.8,4846.1
1776730020,4845.9,4845.9,4844.9,4845.8
1776730080,4844.8,4847.4,4844.8,4847.4
1776730140,4846.6,4848.9,4846.3,4848.9
1776730200,4849,4849.8,4848.5,4849.2
1776730260,4849,4849.8,4848.3,4848.6
1776730320,4848.8,4849.2,4848.6,4849.1
1776730380,4848.9,4850.5,4848.6,4850.5
1776730440,4850.7,4851.2,4848.2,4848.7
1776730500,4848.5,4848.6,4846.5,4847.9
1776730560,4848,4849.4,4847.6,4849.1
1776730620,4849.6,4849.6,4846.7,4847.5
1776730680,4847.7,4847.7,4846.3,4847.7
1776730740,4847.6,4849,4847.6,4848.1
1776730800,4848.3,4848.9,4845.5,4846.7
1776730860,4846.4,4847.2,4845.7,4847
1776730920,4847,4848.1,4847,4848
1776730980,4848.3,4848.7,4847.8,4848.5
1776731040,4848.3,4848.3,4845,4845.5
1776731100,4845.3,4845.3,4841.3,4841.6
1776731160,4841.1,4841.2,4839.2,4840.8
1776731220,4840.7,4844.9,4840.6,4842.3
1776731280,4842,4843.1,4841.4,4842.1
1776731340,4842.1,4842.5,4839.3,4839.5
1776731400,4839.8,4840.1,4837.7,4838.9
1776731460,4839.1,4839.6,4837.7,4838.5
1776731520,4838.7,4839.1,4837.3,4837.7
1776731580,4837.3,4838.4,4836.8,4837.5
1776731640,4836.9,4838.1,4836.8,4837.6
1776731700,4837.5,4838.6,4837.5,4837.8
1776731760,4838,4838.4,4837.6,4837.6
1776731820,4838.1,4838.3,4836.4,4837.1
1776731880,4837.5,4840,4837.5,4840
1776731940,4839.7,4839.7,4838.7,4839.5
1776732000,4839.1,4841.4,4839.1,4841.2
1776732060,4841.3,4843.9,4841.3,4843.6
1776732120,4843.4,4844.3,4842.2,4844.3
1776732180,4844,4844.2,4842.6,4842.6
1776732240,4842.6,4842.8,4842,4842.4
1776732300,4842.4,4843.1,4842.2,4842.8
1776732360,4842.6,4843.1,4841.2,4841.6
1776732420,4842.2,4845.2,4841.4,4843.4
1776732480,4843.6,4845.7,4843.6,4845.2
1776732540,4845.3,4845.6,4844.4,4845.1
1776732600,4844.6,4845,4844.6,4844.7
1776732660,4844.3,4845.1,4844,4844.9
1776732720,4844.6,4844.6,4843.1,4843.1
1776732780,4843,4843.2,4842.1,4842.2
1776732840,4842.6,4844.5,4842.6,4844.3
1776732900,4843.9,4844.9,4843.9,4844.9
1776732960,4844.5,4845.7,4844.2,4845
1776733020,4845.2,4845.9,4844.9,4845.5
1776733080,4845,4845,4843.8,4844.6
1776733140,4844.7,4844.7,4843.1,4843.6
1776733200,4843.8,4844.3,4840.7,4841.9
1776733260,4841,4842.7,4840,4841.7
1776733320,4841.5,4841.5,4836.9,4838
1776733380,4838.1,4838.8,4837.4,4838.1
1776733440,4837.6,4838.3,4835.8,4837.8
1776733500,4837.5,4839,4836.8,4836.8
1776733560,4836.7,4837.8,4836.5,4836.8
1776733620,4837.5,4838.8,4837.3,4838
1776733680,4838.3,4840,4838.3,4839
1776733740,4838.3,4838.7,4837.5,4838.1
1776733800,4838.3,4838.3,4835.7,4837.3
1776733860,4836.7,4836.7,4834,4835.5
1776733920,4835,4835.6,4832.6,4832.6
1776733980,4832.9,4834.5,4832.9,4833.9
1776734040,4835.1,4835.6,4834.3,4834.6
1776734100,4834.5,4836.6,4834.4,4835.6
1776734160,4835.8,4836,4833.7,4834.5
1776734220,4834.9,4837.3,4834.8,4836.6
1776734280,4836.9,4837.3,4836.7,4836.7
1776734340,4836.6,4837,4836,4837
1776734400,4837.3,4837.5,4836.8,4836.8
1776734460,4837,4837.6,4836.5,4837.2
1776734520,4837.2,4837.5,4836.7,4837.2
1776734580,4837.4,4837.4,4834.5,4834.9
1776734640,4835,4836.5,4834.8,4836.5
1776734700,4836.5,4836.5,4835.7,4835.7
1776734760,4836,4836.3,4835.7,4836
1776734820,4836,4836,4834.4,4834.4
1776734880,4834.2,4836.9,4834,4836.9
1776734940,4836.9,4838.2,4836.7,4838.2
1776735000,4837.7,4837.7,4836,4836
1776735060,4837,4837.2,4836.3,4836.3
1776735120,4836,4836.3,4835.5,4835.5
1776735180,4836.6,4838.5,4836.5,4837.3
1776735240,4837.7,4837.7,4837,4837
1776735300,4837.5,4837.5,4837.5,4837.5
1776735360,4837.5,4839,4837.5,4837.8
1776735420,4838,4838,4834.6,4835.3
1776735480,4835.3,4835.4,4834.3,4834.4
1776735540,4834,4834,4832.2,4832.5
1776735600,4832.9,4833.2,4829.4,4830.8
1776735660,4830.6,4831.5,4828.3,4831.4
1776735720,4831.4,4832.1,4830,4830
1776735780,4830.6,4832.2,4830.2,4830.6
1776735840,4830.7,4833.2,4830.6,4832.6
1776735900,4833.1,4833.6,4832.9,4833.4
1776735960,4833,4833,4832.1,4832.5
1776736020,4833,4833,4830,4830.2
1776736080,4830.1,4831.4,4829.9,4831.4
1776736140,4831,4832.5,4830.2,4832
1776736200,4832.1,4832.5,4830.6,4832
1776736260,4831.9,4832.1,4830.2,4831.2
1776736320,4831.8,4832.3,4830.8,4831.7
1776736380,4831.7,4831.7,4829.2,4829.6
1776736440,4829.1,4829.7,4828.2,4829.1
1776736500,4829.3,4829.3,4825.3,4827.6
1776736560,4827.5,4828.6,4827.5,4828.5
1776736620,4828.9,4830.2,4828.2,4828.2
1776736680,4828,4829.6,4827.9,4829.6
1776736740,4829.6,4830.5,4828.7,4829.8
1776736800,4830.1,4830.2,4827.9,4829.8
1776736860,4829.6,4829.6,4827.5,4827.5
1776736920,4828.1,4829.1,4827.7,4828.7
1776736980,4829,4829.2,4827.4,4827.4
1776737040,4827.6,4827.9,4826.3,4826.7
1776737100,4826.9,4828.2,4826.9,4827.8
1776737160,4828.2,4828.6,4828.1,4828.4
1776737220,4828.8,4830.1,4827.9,4827.9
1776737280,4827.8,4827.8,4826.6,4827.1
1776737340,4827.6,4828.8,4827.6,4828.1
1776737400,4828.6,4829.4,4828.5,4828.5
1776737460,4828.7,4829,4827.4,4827.4
1776737520,4827,4828.8,4826.5,4827.2
1776737580,4827.1,4827.7,4826.3,4826.7
1776737640,4826.9,4826.9,4825,4826.6
1776737700,4827,4827.2,4826.1,4826.1
1776737760,4826.3,4828.1,4826.3,4827.6
1776737820,4827.8,4827.8,4827.3,4827.3
1776737880,4827,4827.1,4827,4827.1
1776737940,4827,4827.1,4826.9,4826.9
1776738000,4826.7,4826.8,4824.4,4824.4
1776738060,4824.4,4824.8,4822,4824.1
1776738120,4824,4824.7,4823.5,4824.1
1776738180,4825.2,4825.9,4825.2,4825.8
1776738240,4826,4826.1,4826,4826.1
1776738300,4825.3,4826.2,4824.9,4826.2
1776738360,4826.3,4826.8,4825.9,4826.6
1776738420,4826.7,4827.3,4826.7,4827
1776738480,4827.5,4827.9,4827.5,4827.7
1776738540,4827.5,4827.5,4826.4,4827.2
1776738600,4826.8,4826.9,4823.2,4823.2
1776738660,4823.7,4824.1,4821.6,4823.1
1776738720,4822.9,4824.2,4822.7,4824.1
1776738780,4824,4824.3,4822.4,4823.3
1776738840,4822.8,4823.3,4821.8,4822.7
1776738900,4823,4825.2,4822.9,4824.6
1776738960,4823.8,4824,4821.9,4823.3
1776739020,4823.4,4824.1,4823.2,4824
1776739080,4824.1,4824.3,4821.9,4823.4
1776739140,4823.4,4825.5,4823.4,4825.5
1776739200,4825.3,4826.2,4825.3,4826
1776739260,4826.1,4826.1,4824.7,4824.9
1776739320,4824.8,4825.6,4824.4,4825.6
1776739380,4825.8,4825.8,4824.9,4825.4
1776739440,4825.5,4825.8,4825.2,4825.3
1776739500,4825.3,4826.2,4825.3,4826.2
1776739560,4826,4826.3,4825.6,4826
1776739620,4825.8,4826.3,4823.7,4823.7
1776739680,4823.4,4825.6,4823.1,4824.4
1776739740,4824.2,4824.2,4821.5,4823.1
1776739800,4823.6,4824.3,4822.9,4824.3
1776739860,4824.4,4825,4824.1,4824.1
1776739920,4824,4824.9,4824,4824.1
1776739980,4823.9,4825,4823.9,4825
1776740040,4825,4826.3,4824.3,4825.6
1776740100,4825.8,4826.8,4825.8,4826.3
1776740160,4826.7,4826.8,4826,4826
1776740220,4826.1,4826.6,4826.1,4826.3
1776740280,4826.8,4827.5,4826.5,4827.5
1776740340,4827.1,4827.1,4826,4826
1776740400,4826.2,4826.8,4824.5,4824.5
1776740460,4824.3,4825,4824.1,4824.8
1776740520,4825.2,4825.6,4825.2,4825.2
1776740580,4825.2,4825.3,4825,4825.3
1776740640,4825.1,4826.5,4825.1,4826.1
1776740700,4826.6,4826.9,4823.3,4823.9
1776740760,4823.8,4824.8,4823.5,4823.7
1776740820,4823.7,4824.5,4823.3,4824.5
1776740880,4824.1,4824.4,4820.9,4822.4
1776740940,4822.7,4822.9,4822.4,4822.8
1776741000,4822.5,4823.4,4821.7,4821.7
1776741060,4821.1,4821.9,4820.3,4821.3
1776741120,4821.1,4821.4,4819.5,4820.5
1776741180,4819.5,4820.9,4819.5,4820.6
1776741240,4820.3,4820.9,4819.2,4819.7
1776741300,4819.6,4821.2,4819.6,4820.1
1776741360,4819.9,4820.8,4819.3,4820.1
1776741420,4820.6,4821.2,4820,4820
1776741480,4819.5,4819.8,4816.8,4817.5
1776741540,4817.5,4817.5,4815.4,4816.6
1776741600,4816.5,4818.5,4816.2,4818.3
1776741660,4817.9,4818.2,4816,4816.7
1776741720,4816.6,4816.6,4814.6,4814.9
1776741780,4815.4,4816.2,4814.4,4815
1776741840,4814.5,4815.2,4813.1,4813.6
1776741900,4813.3,4813.8,4812.6,4813.5
1776741960,4813.7,4815.6,4813.7,4815.1
1776742020,4815.3,4817,4815.3,4816.4
1776742080,4816.7,4818.3,4816.3,4817.7
1776742140,4817.5,4817.9,4817,4817.7
1776742200,4818,4818.6,4817.6,4818.4
1776742260,4818.2,4818.9,4817.9,4818.3
1776742320,4818.5,4819.4,4817.1,4818
1776742380,4817.9,4818.5,4816.9,4817.1
1776742440,4816.8,4817.8,4816.8,4817.8
1776742500,4817.5,4818.1,4816.9,4817.1
1776742560,4817.1,4817.3,4815.7,4816.8
1776742620,4816.8,4816.8,4815.2,4815.8
1776742680,4815.5,4815.8,4813.7,4814.4
1776742740,4814.8,4814.9,4813,4813.6
1776742800,4813.7,4813.8,4812.9,4813.7
1776742860,4813.7,4813.9,4812.1,4812.2
1776742920,4812,4812.7,4811.3,4812.1
1776742980,4812.4,4812.4,4811.2,4811.8
1776743040,4811.8,4813.8,4811.8,4813.8
1776743100,4813.6,4814.1,4813.1,4813.4
1776743160,4813.5,4813.6,4812.6,4813.5
1776743220,4813.3,4814.2,4813,4813.7
1776743280,4814,4814.3,4813.6,4814.3
1776743340,4814.3,4814.5,4813.5,4814.2
1776743400,4813.9,4814.4,4813.4,4813.6
1776743460,4813.8,4816,4813.5,4816
1776743520,4815.3,4815.6,4815,4815.6
1776743580,4815.4,4815.9,4815.2,4815.7
1776743640,4815.2,4815.6,4813.8,4813.8
1776743700,4813.9,4815.4,4813.6,4815
1776743760,4815.1,4815.9,4814.8,4815.1
1776743820,4814.7,4815.6,4814.4,4815.1
1776743880,4815,4816.4,4814.8,4816.3
1776743940,4816.1,4816.6,4815.7,4816
1776744000,4816.1,4816.4,4815.9,4816.2
1776744060,4816.3,4816.4,4816,4816
1776744120,4816.3,4816.6,4815.3,4815.7
1776744180,4815.8,4816.5,4815.7,4816.3
1776744240,4816.3,4816.5,4815.8,4816.4
1776744300,4816.5,4816.5,4814.9,4815.4
1776744360,4815.4,4815.8,4814.3,4815.3
1776744420,4815.5,4815.5,4813,4813.4
1776744480,4813.4,4814,4813,4813
1776744540,4812.9,4813.4,4812.6,4813
1776744600,4812.8,4814.3,4812.6,4812.6
1776744660,4812.8,4813.3,4812.7,4813.3
1776744720,4813.5,4814.2,4812.8,4813.6
1776744780,4813.4,4813.7,4812.9,4812.9
1776744840,4813,4813.3,4812.1,4812.9
1776744900,4812.7,4813.6,4810.5,4813.3
1776744960,4813.2,4814.3,4812.6,4813.3
1776745020,4813.1,4815.1,4813.1,4814.2
1776745080,4814.2,4814.7,4814,4814.2
1776745140,4814.3,4814.6,4811.6,4811.6
1776745200,4811.8,4813.3,4811.4,4813.3
1776745260,4813.1,4813.6,4812.6,4813.3
1776745320,4813.4,4813.8,4812.5,4812.5
1776745380,4812.1,4812.3,4811.4,4811.7
1776745440,4811.9,4812,4809.3,4810.9
1776745500,4810.9,4812.6,4810.9,4812.4
1776745560,4812.5,4812.5,4810.8,4811
1776745620,4810.8,4813.6,4810.7,4813.4
1776745680,4813.5,4813.9,4811.5,4811.6
1776745740,4811.6,4811.8,4810.1,4810.8
1776745800,4810.7,4810.7,4808,4808.9
1776745860,4808.7,4809.4,4808.2,4809.2
1776745920,4808.9,4810.2,4808.9,4810.2
1776745980,4810.3,4810.8,4810,4810.7
1776746040,4810.4,4811.5,4810.3,4810.4
1776746100,4810.7,4811.4,4810.2,4811.1
1776746160,4810.7,4811.5,4810.6,4811.5
1776746220,4811.4,4811.7,4811,4811.1
1776746280,4811.3,4811.8,4810.8,4811.3
1776746340,4811.2,4812.1,4811.2,4811.6
1776746400,4811.3,4812.1,4811.2,4811.7
1776746460,4812,4812.4,4811.1,4811.6
1776746520,4811.8,4812.7,4811.5,4812.1
1776746580,4812.5,4812.8,4810.7,4810.8
1776746640,4810.8,4810.8,4809.7,4810
1776746700,4810.3,4811.4,4810.3,4811.2
1776746760,4811.1,4811.4,4810.7,4811.3
1776746820,4811,4811.9,4810.8,4810.8
1776746880,4810.6,4810.6,4807.9,4807.9
1776746940,4808.1,4808.6,4808.1,4808.1
1776747000,4808,4809.2,4807.4,4808.6
1776747060,4808.6,4809.2,4808.4,4808.7
1776747120,4808.7,4809,4807.8,4808
1776747180,4807.9,4809.2,4807.7,4807.8
1776747240,4807.9,4808.5,4807.5,4807.7
1776747300,4807.9,4808.5,4807,4807
1776747360,4807.3,4808.6,4807.2,4808.3
1776747420,4808.5,4810.2,4808.2,4809.8
1776747480,4809.8,4810,4808.3,4808.6
1776747540,4808.5,4809.7,4807.4,4807.7
1776747600,4807.8,4807.8,4804.4,4805.4
1776747660,4805.1,4807.2,4804.5,4804.9
1776747720,4805.2,4807.3,4804.9,4806.3
1776747780,4806,4806.2,4804.3,4805
1776747840,4805.2,4809.5,4805.2,4809.5
1776747900,4809.5,4811.1,4809.1,4810.5
1776747960,4810.9,4811.5,4808.4,4809.3
1776748020,4809.1,4809.2,4808,4809
1776748080,4808.9,4809.7,4808,4808.9
1776748140,4809,4809.7,4808.2,4808.5
1776748200,4808.5,4808.9,4807.8,4808.6
1776748260,4808.4,4809,4807.5,4807.5
1776748320,4807.4,4807.4,4806.1,4806.4
1776748380,4806.5,4807.4,4806.2,4807.3
1776748440,4807.4,4808.5,4807,4807.8
1776748500,4808,4808.5,4807.7,4808.4
1776748560,4808.1,4808.6,4807.9,4808
1776748620,4807.8,4809.8,4807.1,4809.8
1776748680,4809.4,4809.4,4808.3,4809.3
1776748740,4809.4,4809.4,4807.5,4807.5
1776748800,4807.7,4808,4807,4807
1776748860,4807,4808.4,4807,4807.8
1776748920,4807.8,4808.5,4807.6,4808.5
1776748980,4808.2,4808.3,4805,4805.5
1776749040,4805.2,4808,4805,4807.8
1776749100,4807.9,4809.4,4806.6,4808.4
1776749160,4808.6,4808.6,4807.3,4807.5
1776749220,4807.3,4807.5,4805.8,4805.8
1776749280,4805.6,4806.3,4804.6,4805.2
1776749340,4805,4806.8,4804.3,4806.1
1776749400,4806.2,4809.9,4804.4,4809.5
1776749460,4809.2,4810.8,4808.3,4808.9
1776749520,4809.3,4810.5,4808,4808.2
1776749580,4808.1,4811,4808,4810.8
1776749640,4810.8,4811.5,4809.5,4810.6
1776749700,4810.7,4812.8,4809.7,4812.2
1776749760,4812.2,4814,4811.9,4813.8
1776749820,4813.6,4814.7,4812.7,4814.3
1776749880,4814.6,4815.4,4814,4814
1776749940,4814.3,4815,4813.4,4814.6
1776750000,4814.6,4815.1,4814.1,4815.1
1776750060,4815,4815.7,4813.6,4813.9
1776750120,4814.2,4814.8,4814,4814
1776750180,4814.5,4815.6,4814.5,4815.2
1776750240,4815.3,4815.3,4814.1,4815.1
1776750300,4815.3,4815.3,4813.7,4814.1
1776750360,4813.6,4814.4,4812.6,4812.9
1776750420,4812.9,4812.9,4811.1,4811.7
1776750480,4811.8,4811.8,4810.8,4811.4
1776750540,4811.2,4811.2,4809.2,4809.5
1776750600,4809.2,4809.5,4805.8,4808.7
1776750660,4809,4809.4,4804.7,4805.3
1776750720,4805.2,4806.4,4801.7,4804.6
1776750780,4804.9,4806.6,4804.9,4805.6
1776750840,4806.1,4807,4805.5,4806.3
1776750900,4807,4807,4803.6,4804.8
1776750960,4804.2,4804.4,4802.5,4804.4
1776751020,4804.2,4806.5,4804.1,4804.9
1776751080,4804.8,4805.5,4803.8,4803.9
1776751140,4804,4804.8,4802.5,4802.9
1776751200,4802.6,4804,4796.4,4802
1776751260,4801.7,4801.7,4798.1,4798.1
1776751320,4797.9,4799.2,4794.1,4794.9
1776751380,4794.6,4798.4,4794.1,4797.7
1776751440,4798.1,4802,4798.1,4801.1
1776751500,4801.3,4801.3,4798.3,4799.1
1776751560,4799.1,4801.7,4798.4,4800.7
1776751620,4800.3,4802,4799.9,4801.6
1776751680,4801.2,4803.5,4801.2,4803.5
1776751740,4803.5,4806.4,4803.5,4806.2
1776751800,4805.7,4808,4805.7,4806.8
1776751860,4807.2,4809.4,4806,4809.4
1776751920,4809.1,4809.4,4805.4,4805.6
1776751980,4805.3,4805.3,4802.8,4803
1776752040,4803,4804.1,4802.8,4803.6
1776752100,4803.4,4804.5,4802.9,4803.3
1776752160,4803.1,4803.3,4800.5,4801.3
1776752220,4801.7,4803.6,4800.9,4803.3
1776752280,4803.1,4803.1,4800.7,4801.2
1776752340,4801,4801.1,4797.8,4799.1
1776752400,4798.9,4799,4795.6,4795.6
1776752460,4795.8,4799.8,4795.6,4799.6
1776752520,4799.8,4800.6,4798,4798.6
1776752580,4798.8,4802,4798.5,4801.8
1776752640,4801.5,4801.8,4800,4800.2
1776752700,4799.7,4799.7,4797.2,4797.2
1776752760,4797.2,4797.8,4796,4796.1
1776752820,4795.8,4797.7,4795.8,4797.5
1776752880,4797.1,4798.6,4795.8,4796.7
1776752940,4796.2,4797.5,4793.8,4797.5
1776753000,4798.1,4798.6,4796.3,4796.7
1776753060,4796.4,4799.9,4796,4799.7
1776753120,4799.3,4800.9,4798.6,4800.7
1776753180,4800.9,4801.1,4798.5,4798.7
1776753240,4798.6,4800.1,4797,4797
1776753300,4797.5,4798.5,4796.1,4797.8
1776753360,4797.6,4798.4,4796,4797
1776753420,4796.9,4797.2,4794.6,4796.2
1776753480,4796.1,4797.4,4796.1,4797
1776753540,4797,4799.2,4797,4797
1776753600,4797.1,4797.2,4795.6,4796.9
1776753660,4796.3,4797.7,4796.2,4797.4
1776753720,4797.3,4799.3,4797.3,4798.5
1776753780,4798.1,4798.3,4797.2,4797.4
1776753840,4797.8,4800.3,4797.8,4799.4
1776753900,4799,4800.6,4798.7,4800.4
1776753960,4800.1,4801.9,4800,4801.9
1776754020,4801.7,4802.6,4798.7,4798.7
1776754080,4799,4799.5,4795.6,4796.3
1776754140,4796.3,4797.3,4795.5,4796.6
1776754200,4796.3,4797.4,4794.9,4796.8
1776754260,4797,4797,4793.5,4793.9
1776754320,4793.7,4794.8,4793,4794
1776754380,4794.4,4796.7,4794.4,4795.6
1776754440,4795.3,4796.2,4795,4795.4
1776754500,4794.9,4797.2,4794.5,4796.9
1776754560,4797.4,4798,4796.7,4797.2
1776754620,4797.5,4798.1,4796.7,4797.5
1776754680,4797.5,4798.3,4796.8,4796.8
1776754740,4796.9,4797.8,4796.8,4796.8
1776754800,4796.3,4797.2,4795.1,4796.9
1776754860,4797.1,4798.1,4796.6,4797
1776754920,4796.5,4796.6,4790.8,4792.8
1776754980,4793,4794.5,4792,4793
1776755040,4792.8,4794.6,4792.6,4793
1776755100,4792.9,4796,4792.9,4796
1776755160,4796.4,4798.2,4796.4,4797.6
1776755220,4797.3,4797.7,4796,4796.8
1776755280,4797,4798.1,4796.6,4797.9
1776755340,4797.9,4799.9,4796.8,4799.6
1776755400,4799.6,4803.7,4799,4802.2
1776755460,4802,4803.7,4801.9,4802.6
1776755520,4802.6,4803.9,4802.6,4803.6
1776755580,4803.7,4804.3,4802.6,4803.1
1776755640,4802.8,4803,4800.8,4801.4
1776755700,4801.7,4806.4,4801.7,4805.8
1776755760,4805.6,4806.7,4803.6,4803.7
1776755820,4803.7,4804,4802.6,4804
1776755880,4804.5,4805.3,4802.7,4803.1
1776755940,4803,4803.4,4802.4,4803
1776756000,4802.9,4802.9,4802.1,4802.7
1776756060,4803,4803.3,4799.7,4800.2
1776756120,4799.9,4801.2,4799.4,4800.9
1776756180,4800.8,4800.8,4799.7,4800.5
1776756240,4800.6,4803,4800.3,4802.7
1776756300,4802.5,4802.6,4801.9,4802.6
1776756360,4803,4804.3,4802.7,4804.1
1776756420,4803.7,4804,4803.1,4803.3
1776756480,4803.1,4803.6,4801.2,4801.7
1776756540,4801.4,4802.2,4801.3,4802.2
1776756600,4802.5,4803.7,4802.2,4802.2
1776756660,4801.8,4801.9,4800.5,4801.8
1776756720,4801.3,4801.6,4800,4800.5
1776756780,4800.7,4801.2,4800.6,4801.1
1776756840,4801.3,4801.6,4800.4,4800.7
1776756900,4800.7,4801.7,4800.7,4801.7
1776756960,4801.2,4803.2,4801.2,4802.6
1776757020,4802.7,4803.1,4802,4802.5
1776757080,4801.9,4802,4800.4,4801.5
1776757140,4801.8,4802.2,4800.7,4800.8
1776757200,4801.4,4801.4,4799.5,4800.4
1776757260,4800.2,4801.3,4799.5,4801.2
1776757320,4801.4,4803.6,4800.9,4803.5
1776757380,4803.3,4804.9,4803.1,4804.5
1776757440,4804.7,4806,4804.7,4805.3
1776757500,4805.1,4806.8,4805,4806.3
1776757560,4806.6,4807.6,4806.4,4807
1776757620,4807.3,4807.9,4806.7,4807.6
1776757680,4807.8,4809,4807.4,4807.5
1776757740,4807.2,4809.6,4807,4809.1
1776757800,4809,4811.5,4809,4810.5
1776757860,4810.1,4810.9,4809.8,4810.2
1776757920,4810.4,4810.4,4808.6,4808.7
1776757980,4808.1,4808.5,4807.4,4808
1776758040,4807.9,4808,4806.9,4807.6
1776758100,4807.8,4808.5,4807.1,4807.9
1776758160,4808,4808.9,4807,4807.8
1776758220,4807.6,4807.9,4804.7,4804.9
1776758280,4804.7,4804.9,4803.9,4804.2
1776758340,4803.8,4804.9,4803,4804.9
1776758400,4804.5,4805.5,4803.6,4803.9
1776758460,4804,4805.2,4803.6,4805.2
1776758520,4805.5,4805.5,4804,4804
1776758580,4803.9,4806.6,4803.9,4805.7
1776758640,4805.3,4805.3,4803.2,4804.2
1776758700,4804.2,4804.7,4802.5,4803.8
1776758760,4803.4,4804.7,4798.4,4799.2
1776758820,4799.6,4801.4,4796.8,4797.4
1776758880,4797.9,4799.4,4797.1,4798.7
1776758940,4798.7,4800.6,4798.7,4799.2
1776759000,4799.5,4800.4,4798.7,4799.2
1776759060,4799.5,4800.2,4794.5,4794.5
1776759120,4794.7,4796.7,4794.4,4795.2
1776759180,4794.7,4795.6,4793.3,4793.8
1776759240,4794.5,4794.9,4793.6,4794.7
1776759300,4794.4,4796.7,4794,4796.2
1776759360,4796.3,4797.5,4796.3,4797.3
1776759420,4797.3,4798.3,4796.8,4798.3
1776759480,4798.8,4799.8,4798.5,4799.8
1776759540,4799.3,4802.3,4799.3,4801.7
1776759600,4801.5,4805,4801.5,4804.5
1776759660,4804.8,4807.6,4804.8,4807.3
1776759720,4807.2,4808,4805.8,4806
1776759780,4805.8,4807.5,4805.8,4807.2
1776759840,4807,4807,4805,4805.2
1776759900,4805.7,4806.1,4803.6,4804.6
1776759960,4804.5,4804.9,4803.2,4803.9
1776760020,4804.1,4804.6,4803.4,4804.5
1776760080,4804.6,4806.2,4804.6,4806
1776760140,4806.1,4807.4,4805.9,4805.9
1776760200,4805.9,4805.9,4804.4,4804.9
1776760260,4804.9,4806.1,4803.7,4805.4
1776760320,4805.2,4806,4803.9,4803.9
1776760380,4803.7,4805.8,4803.7,4805.6
1776760440,4805.4,4808,4805.3,4806.9
1776760500,4807,4807,4805.2,4805.3
1776760560,4805.3,4805.7,4804.9,4805.4
1776760620,4805.4,4807,4805.4,4806.9
1776760680,4806.9,4806.9,4805.8,4806.2
1776760740,4806.3,4807.5,4806.3,4807.2
1776760800,4807.4,4807.5,4805.8,4807
1776760860,4806.6,4808.3,4805.8,4808.3
1776760920,4808.4,4809.4,4807.7,4809.2
1776760980,4808.7,4812.2,4808.7,4809.5
1776761040,4809.7,4810.7,4809.4,4810.3
1776761100,4810.7,4811.8,4809.6,4810.2
1776761160,4810.3,4810.6,4809.4,4809.4
1776761220,4809.6,4810.4,4808.7,4809.8
1776761280,4809.7,4809.8,4809.2,4809.8
1776761340,4809.4,4809.5,4808.4,4808.4
1776761400,4808.7,4808.7,4808,4808.1
1776761460,4808.2,4808.2,4806.9,4807.2
1776761520,4807.1,4807.1,4805,4805.8
1776761580,4805.6,4805.8,4805.3,4805.5
1776761640,4805.3,4807.3,4805.1,4807.2
1776761700,4807.4,4807.4,4806.1,4806.1
1776761760,4806.3,4806.3,4805.6,4806.2
1776761820,4806.4,4806.4,4805.5,4805.8
1776761880,4805.9,4806.2,4805.6,4805.6
1776761940,4805.4,4805.9,4805,4805
1776762000,4804.9,4805,4803.7,4803.7
1776762060,4803.8,4804.1,4802.4,4802.4
1776762120,4802.6,4804.5,4802.6,4803.6
1776762180,4803,4803.5,4800,4801.4
1776762240,4800.8,4804.3,4800.6,4804.3
1776762300,4804,4805,4803.7,4804.7
1776762360,4805,4805.5,4804.5,4805.1
1776762420,4805.3,4805.3,4803.5,4804.1
1776762480,4803.3,4804.7,4802.5,4804.7
1776762540,4804.6,4805,4804.5,4804.6
1776762600,4804.3,4805.4,4804.2,4805.3
1776762660,4804.9,4805,4803.9,4804.6
1776762720,4804.2,4804.9,4804.2,4804.2
1776762780,4804.8,4804.8,4803.1,4803.9
1776762840,4804.3,4804.9,4803.1,4803.1
1776762900,4802.7,4804,4802.7,4803.9
1776762960,4803.7,4804,4803.5,4803.6
1776763020,4803.8,4805.1,4802.6,4805.1
1776763080,4805.5,4806.2,4804.6,4806.2
1776763140,4806,4806.3,4804.9,4806
1776763200,4806.1,4806.9,4805.8,4806.1
1776763260,4806,4806,4803.8,4803.8
1776763320,4803.8,4804.8,4803.5,4804.5
1776763380,4804.8,4805.7,4804.7,4805.3
1776763440,4805.1,4805.1,4804.5,4804.5
1776763500,4804.2,4805.4,4803.6,4803.6
1776763560,4803.8,4804.1,4802.1,4802.5
1776763620,4802.4,4802.9,4800.4,4800.5
1776763680,4800.8,4801.6,4800.1,4800.2
1776763740,4800.4,4801.6,4800.2,4801.1
1776763800,4800.9,4803.1,4800.8,4801.6
1776763860,4802,4803.4,4801.4,4802.5
1776763920,4802.5,4803,4801.5,4803
1776763980,4803.1,4803.7,4802.4,4803.5
1776764040,4803.3,4803.9,4802.9,4803.6
1776764100,4803.5,4804,4802.4,4803.1
1776764160,4803.5,4804.6,4801.9,4802.3
1776764220,4802.4,4802.7,4801.3,4802.6
1776764280,4802.4,4803.6,4802.3,4803.4
1776764340,4803.1,4803.1,4802.3,4802.3
1776764400,4802.1,4803.5,4801.7,4803.1
1776764460,4803,4804.3,4803,4803.8
1776764520,4803.8,4804.7,4802.4,4804.5
1776764580,4804.7,4805.8,4804.7,4805.6
1776764640,4805.5,4806,4805.2,4805.8
1776764700,4806,4806.6,4805.3,4805.6
1776764760,4805.5,4805.5,4804.1,4804.5
1776764820,4804.6,4805.1,4803.6,4804.1
1776764880,4804,4804.1,4802.1,4802.6
1776764940,4802.7,4804.2,4802,4804
1776765000,4804.1,4804.4,4803.2,4804.2
1776765060,4804.1,4805.8,4803.6,4805.6
1776765120,4805.2,4807.2,4804.4,4806.7
1776765180,4806.6,4807,4806,4806
1776765240,4805.9,4806.3,4805.9,4806.1
1776765300,4806.3,4808.3,4806.3,4806.3
1776765360,4806.7,4807.7,4806.2,4807.5
1776765420,4807,4807.1,4804.8,4805.6
1776765480,4805.8,4805.8,4803.3,4803.5
1776765540,4803.4,4803.5,4802.3,4802.4
1776765600,4802.8,4804.2,4801.5,4802.9
1776765660,4803.7,4804.7,4803.4,4804.2
1776765720,4804.3,4804.6,4803.4,4803.4
1776765780,4803.3,4804.1,4801.8,4801.8
1776765840,4801.6,4803.3,4801.5,4802.6
1776765900,4802.4,4803.6,4802,4803.6
1776765960,4803.5,4804.8,4803.4,4803.9
1776766020,4803.7,4804.4,4803.5,4804.2
1776766080,4804.6,4805,4803.8,4804.2
1776766140,4804.4,4805,4804,4804.6
1776766200,4804.1,4804.3,4803.1,4803.2
1776766260,4803.5,4804,4803.1,4804
1776766320,4803.9,4803.9,4803.2,4803.4
1776766380,4803.4,4803.4,4802.1,4802.7
1776766440,4802.8,4802.8,4801.2,4801.9
1776766500,4802.1,4802.9,4801.4,4802.9
1776766560,4802.7,4802.8,4801.5,4801.5
1776766620,4801.6,4801.7,4800.3,4801.4
1776766680,4801.2,4801.2,4799.6,4800.4
1776766740,4800,4801.8,4800,4801.8
1776766800,4801.8,4802.7,4801.8,4802.2
1776766860,4802,4802.9,4801.7,4802.5
1776766920,4802.9,4803.9,4802.8,4803.3
1776766980,4803.3,4803.6,4802.3,4802.3
1776767040,4802.7,4803,4801.3,4801.5
1776767100,4802.2,4802.2,4801.1,4801.4
1776767160,4801.7,4803.3,4801.7,4802.7
1776767220,4802.4,4802.6,4802.2,4802.4
1776767280,4802.1,4802.1,4801.2,4801.8
1776767340,4801.8,4802.4,4801.1,4802.1
1776767400,4802.1,4803,4801.7,4803
1776767460,4803,4804.5,4802.8,4804.5
1776767520,4804.3,4805,4804.1,4804.7
1776767580,4804.3,4805,4804.2,4804.3
1776767640,4804.2,4804.3,4803.6,4803.7
1776767700,4803.4,4804.6,4803.4,4804.2
1776767760,4804.3,4804.9,4804.2,4804.6
1776767820,4804.8,4806.6,4804.8,4806.6
1776767880,4806.5,4806.7,4806.2,4806.7
1776767940,4806.7,4807,4805.8,4806.1
1776768000,4806,4806.3,4805.3,4805.5
1776768060,4805.6,4805.9,4805.3,4805.7
1776768120,4805.6,4805.6,4805.1,4805.1
1776768180,4805.1,4805.1,4804.4,4804.8
1776768240,4805.1,4805.6,4805,4805.4
1776768300,4805.4,4806.1,4805.4,4806.1
1776768360,4806.2,4806.7,4806.1,4806.6
1776768420,4806.3,4806.6,4805.9,4806.2
1776768480,4806,4806,4805.3,4805.7
1776768540,4805.9,4805.9,4805.3,4805.3
1776768600,4805.8,4807,4805.8,4806.6
1776768660,4806.9,4807.4,4806.6,4807.1
1776768720,4807,4807.9,4807,4807.7
1776768780,4808,4808.9,4807.7,4808.5
1776768840,4808.4,4809.4,4808.4,4809.2
1776768900,4809,4809.5,4808.7,4809.3
1776768960,4809.1,4809.7,4808.7,4808.7
1776769020,4808.8,4808.8,4808,4808.1
1776769080,4808.2,4809.5,4808.1,4808.4
1776769140,4808.3,4809.1,4808,4809
1776769200,4809.2,4809.5,4808.3,4809.2
1776769260,4809.4,4809.4,4808.7,4809
1776769320,4809,4809.1,4807.3,4807.7
1776769380,4807.7,4807.8,4806.1,4806.5
1776769440,4806.5,4807,4806.4,4806.6
1776769500,4806.5,4808,4806.5,4807.8
1776769560,4807.7,4808.3,4807,4807.5
1776769620,4807.2,4807.4,4806.6,4807
1776769680,4806.7,4806.7,4804.5,4804.7
1776769740,4804.5,4804.5,4794.3,4799.7
1776769800,4799.8,4802.3,4798.4,4801.5
1776769860,4800.9,4801.3,4799.8,4800.8
1776769920,4800.7,4800.8,4798.5,4800.3
1776769980,4800.9,4801,4799.2,4800
1776770040,4799.3,4801,4799.1,4801
1776770100,4800.9,4802.3,4800,4801.1
1776770160,4801.5,4802.1,4800.8,4801.7
1776770220,4801.8,4801.8,4800.2,4801.5
1776770280,4801.2,4801.8,4800.4,4801.4
1776770340,4800.9,4801.3,4800.4,4800.7
1776770400,4801,4803.3,4800.9,4802.7
1776770460,4802.6,4803.9,4801.8,4803
1776770520,4802.4,4802.7,4801.9,4802.2
1776770580,4802.3,4802.7,4800.9,4802.2
1776770640,4802.1,4802.1,4800.5,4801
1776770700,4800.6,4801.4,4800,4800.2
1776770760,4800.1,4801.2,4798.2,4800.8
1776770820,4800.9,4803,4800.9,4802.2
1776770880,4802.6,4803.2,4802,4802
1776770940,4802,4802.4,4801.4,4802.4
1776771000,4802.4,4806.4,4802.2,4806
1776771060,4806,4808.7,4805.7,4808.7
1776771120,4808.8,4809.7,4807.9,4808.8
1776771180,4808.7,4808.9,4807.7,4807.8
1776771240,4807.7,4807.7,4806.2,4806.5
1776771300,4806.7,4808.8,4806.7,4808.7
1776771360,4808.6,4810.2,4808.1,4809.5
1776771420,4809.2,4809.7,4808.3,4808.6
1776771480,4808.3,4808.8,4807.7,4808.1
1776771540,4808.5,4809.4,4808,4809.1
1776771600,4809.5,4812.5,4808.7,4811.3
1776771660,4811.8,4813.4,4811.1,4813.3
1776771720,4813.5,4814.4,4812.8,4813.1
1776771780,4813.2,4814.3,4811.9,4811.9
1776771840,4811.8,4812.7,4811.4,4812.6
1776771900,4812.8,4812.9,4811.3,4812.5
1776771960,4812.8,4813.7,4812.7,4813.2
1776772020,4813.7,4815.5,4813,4815
1776772080,4814.9,4818,4814.6,4816.6
1776772140,4816.6,4816.6,4815.3,4815.6
1776772200,4815.7,4816.2,4813.9,4815.6
1776772260,4815.2,4816.6,4814.9,4815.3
1776772320,4815.4,4815.4,4813.5,4814.7
1776772380,4814.7,4815,4812.7,4812.8
1776772440,4812.4,4814.1,4812.2,4813.4
1776772500,4813.3,4813.9,4813.3,4813.9
1776772560,4814,4815.3,4813.7,4814.6
1776772620,4814.5,4815.8,4813.3,4813.7
1776772680,4813.6,4815,4813.3,4815
1776772740,4814.7,4814.9,4813.7,4814.2
1776772800,4814.4,4816.7,4814.4,4814.5
1776772860,4814.3,4815.1,4813.5,4813.7
1776772920,4813.6,4815.1,4813.6,4814.9
1776772980,4814.9,4815.2,4813.5,4814.3
1776773040,4814.5,4814.5,4813,4813
1776773100,4812.9,4813,4811.1,4811.6
1776773160,4811.8,4813.5,4810.7,4812.4
1776773220,4812.3,4813.6,4812,4813
1776773280,4813.5,4814,4811.6,4811.8
1776773340,4811.9,4815.8,4811.5,4815.2
1776773400,4814.9,4815.3,4812.8,4812.8
1776773460,4813.2,4814.1,4811.7,4811.7
1776773520,4811.5,4812.2,4811.1,4811.1
1776773580,4811.8,4813.4,4811.8,4812.7
1776773640,4812.6,4812.6,4810.3,4810.3
1776773700,4810.9,4811.1,4808.2,4808.9
1776773760,4809.6,4810.1,4808.4,4809.7
1776773820,4809.9,4809.9,4809.1,4809.7
1776773880,4809.3,4809.3,4806.3,4806.3
1776773940,4806.5,4806.5,4802.9,4802.9
1776774000,4803.1,4803.6,4799.1,4800.1
1776774060,4800,4802.5,4798.2,4802.2
1776774120,4801.9,4804.6,4801.7,4803.7
1776774180,4803.9,4804.2,4801.8,4803.4
1776774240,4803.2,4804.3,4801.6,4801.6
1776774300,4801.9,4802.2,4800.6,4801.3
1776774360,4801.6,4802.3,4801,4802.1
1776774420,4802.4,4803.5,4800.5,4801.5
1776774480,4801,4801.2,4800,4800.1
1776774540,4800.4,4800.6,4798.9,4799.7
1776774600,4799.3,4799.3,4781.6,4795.2
1776774660,4795.2,4796.5,4793.4,4795.9
1776774720,4796.2,4802,4795.7,4801.8
1776774780,4800.9,4803.8,4800.9,4802.8
1776774840,4803.7,4806.5,4803.1,4806
1776774900,4805.8,4806.2,4803.6,4806
1776774960,4806,4809.3,4805.7,4808.3
1776775020,4808.1,4808.7,4804.8,4806.2
1776775080,4806.3,4806.9,4799.3,4801.9
1776775140,4802,4802.1,4798.9,4799.2
1776775200,4799,4800.3,4795.5,4798.1
1776775260,4797.8,4800.8,4797.5,4800.1
1776775320,4799.6,4801.5,4799.5,4801.2
1776775380,4800.4,4800.8,4797.8,4798.5
1776775440,4798.6,4799.4,4795,4797.3
1776775500,4797.2,4799.3,4797.2,4797.8
1776775560,4798.1,4801,4797.9,4799.4
1776775620,4800.2,4802.1,4799.9,4800.5
1776775680,4800.2,4800.3,4797.6,4798.1
1776775740,4798.1,4799.4,4796.2,4796.2
1776775800,4796.3,4797.5,4795.5,4796.8
1776775860,4797.4,4799.5,4796.8,4798.2
1776775920,4798.5,4800.1,4798.2,4798.2
1776775980,4798,4799.1,4796.9,4798.4
1776776040,4798.3,4799,4797,4798.9
1776776100,4798.9,4801.1,4798.9,4800
1776776160,4800.1,4800.1,4797.3,4797.3
1776776220,4797.1,4798,4794.4,4796.3
1776776280,4796.1,4797.2,4795.6,4796
1776776340,4795.8,4798,4794.9,4797.6
1776776400,4797.6,4801,4797.5,4800
1776776460,4800,4800.2,4796.8,4798.3
1776776520,4798.2,4802.7,4798.1,4802.7
1776776580,4801.9,4802.8,4800.8,4800.9
1776776640,4800.9,4802.6,4798,4798
1776776700,4797.8,4798.5,4794.3,4794.4
1776776760,4794.3,4794.6,4788,4790.5
1776776820,4790.2,4792.8,4790,4791.7
1776776880,4791.7,4792,4786.3,4787.7
1776776940,4788.4,4789.5,4785.1,4786.7
1776777000,4786.7,4788.7,4785.8,4788
1776777060,4787.3,4789.5,4786.1,4787.8
1776777120,4787.9,4788.2,4784.7,4788
1776777180,4787.6,4787.6,4783.9,4786.5
1776777240,4787,4788,4783.3,4783.8
1776777300,4783.6,4788,4777.3,4787.2
1776777360,4787,4788,4784.4,4786.7
1776777420,4787.3,4790.7,4787.3,4789
1776777480,4789,4789.3,4787,4789.3
1776777540,4789.2,4790.6,4786.4,4786.5
1776777600,4786.6,4789.4,4785.9,4788.7
1776777660,4789.3,4790,4786.8,4787.1
1776777720,4786.7,4789,4786.3,4788.8
1776777780,4788.1,4789.8,4785.6,4789.6
1776777840,4790,4790.9,4786.8,4788.5
1776777900,4788.6,4790.4,4788.4,4789.7
1776777960,4790,4790.1,4788.2,4789
1776778020,4789,4791,4787.7,4790
1776778080,4790.7,4792.5,4790.4,4792
1776778140,4792.1,4793.7,4791.7,4793.1
1776778200,4792.9,4797.5,4792.3,4796.4
1776778260,4796.3,4800.2,4794.7,4799.7
1776778320,4799.3,4799.5,4795.3,4796.1
1776778380,4795.8,4797.3,4794.2,4796.2
1776778440,4795.9,4797.3,4794.3,4794.4
1776778500,4794.3,4796.3,4788.8,4791.6
1776778560,4791.5,4794.8,4791.2,4792.6
1776778620,4792.6,4795.3,4792.4,4793.7
1776778680,4793.5,4799.7,4792.8,4797.9
1776778740,4798.4,4805.1,4797.7,4803.3
1776778800,4803.6,4812.1,4803,4809.8
1776778860,4809.8,4809.9,4805.7,4807.1
1776778920,4806.6,4808.8,4805.3,4806.9
1776778980,4806.8,4810,4806.6,4807.9
1776779040,4808.1,4808.8,4805.8,4808.4
1776779100,4808.2,4809.5,4804.7,4806.4
1776779160,4806.3,4810.4,4805.8,4810.2
1776779220,4809.7,4813.8,4809,4809
1776779280,4809.3,4811.1,4808,4808.7
1776779340,4808.6,4810.8,4808,4808.6
1776779400,4807.9,4809.2,4806.2,4808.9
1776779460,4809,4809.3,4807.3,4809
1776779520,4809.4,4812.4,4808.5,4811.4
1776779580,4811.3,4813,4810.4,4811.6
1776779640,4811.8,4811.8,4808.2,4808.7
1776779700,4808.6,4808.9,4806,4806.7
1776779760,4806.6,4807.1,4804.4,4805.6
1776779820,4805.9,4806.3,4802.4,4802.7
1776779880,4802.3,4802.7,4799.8,4800.9
1776779940,4800.7,4800.9,4796.5,4798.2
1776780000,4798.2,4798.7,4792.3,4795.3
1776780060,4795.1,4798.9,4794.2,4798.5
1776780120,4798.3,4798.4,4795.6,4797.2
1776780180,4797,4797.8,4795.1,4796.4
1776780240,4796.8,4800.6,4795.9,4799.2
1776780300,4799.4,4801.3,4798.5,4800.8
1776780360,4800.5,4801.3,4798.3,4799.6
1776780420,4800,4801.2,4798.9,4799
1776780480,4798.7,4801.9,4798.5,4799.9
1776780540,4800.9,4801.3,4799.9,4800.2
1776780600,4799.4,4799.5,4795.2,4797
1776780660,4797,4799.2,4796.8,4798.4
1776780720,4799.2,4799.6,4796.6,4798.1
1776780780,4797.8,4798.6,4796.7,4796.9
1776780840,4797.3,4799.7,4797.1,4798.4
1776780900,4797.2,4797.9,4795.8,4796.7
1776780960,4796.6,4798.7,4796.5,4798.4
1776781020,4798.8,4799.5,4796.7,4796.9
1776781080,4797,4798.3,4796.8,4797.4
1776781140,4797,4797.9,4796.3,4796.6
1776781200,4796.8,4797.1,4792.7,4793.2
1776781260,4793.2,4795.7,4793,4794.8
1776781320,4794.5,4795.7,4793.1,4794.7
1776781380,4794.6,4796,4790.6,4792
1776781440,4791.8,4792.1,4790.6,4791.2
1776781500,4791.4,4793,4790.4,4790.6
1776781560,4790.9,4791.7,4788.5,4790.6
1776781620,4790.6,4792.4,4789.8,4791.9
1776781680,4792,4792.5,4790.3,4791.6
1776781740,4792.3,4793.8,4790.9,4792.6
1776781800,4792.5,4793.5,4789.4,4791.1
1776781860,4791,4791.2,4788.6,4789.8
1776781920,4789.5,4791.2,4787.5,4788.9
1776781980,4788.7,4789.2,4783.9,4784.5
1776782040,4784.7,4788.1,4780.2,4786.3
1776782100,4786.3,4787.7,4784.3,4785.8
1776782160,4785.6,4785.8,4781.6,4782.6
1776782220,4782,4783.8,4781.3,4783.8
1776782280,4783.7,4785,4781.8,4783.2
1776782340,4783.2,4783.7,4777.4,4779.5
1776782400,4779.8,4781.7,4767.4,4772.7
1776782460,4772.7,4779.4,4770.2,4776.1
1776782520,4775.3,4776.4,4772.8,4775.5
1776782580,4775.3,4776,4771.3,4771.3
1776782640,4771.7,4772.9,4761.2,4762.8
1776782700,4762.7,4763.9,4759,4762.1
1776782760,4762.3,4762.8,4745,4750.1
1776782820,4750,4750,4743.8,4747.3
1776782880,4747.1,4750.7,4741.4,4750.1
1776782940,4750.3,4752.2,4742.9,4745.9
1776783000,4745.4,4748.4,4740.9,4745.1
1776783060,4745.2,4749.2,4742.6,4748.5
1776783120,4748.6,4752.9,4746.8,4752.3
1776783180,4752.3,4756,4752,4754.6
1776783240,4754.7,4757.5,4752.3,4757.2
1776783300,4756.4,4757.1,4753.8,4753.8
1776783360,4753.4,4760,4753.4,4759.1
1776783420,4758.9,4760.8,4754.9,4755.5
1776783480,4755.3,4757.7,4751.7,4756.8
1776783540,4756.3,4758.4,4754.6,4757.4
1776783600,4757.8,4759.7,4749.2,4752.5
1776783660,4752.4,4754.6,4749,4750
1776783720,4750.8,4754.4,4749.6,4753.3
1776783780,4752.4,4754.8,4752.1,4754.2
1776783840,4754.6,4758.6,4751.8,4753
1776783900,4752.9,4753.5,4745.9,4749.7
1776783960,4749.5,4750.9,4747.5,4749
1776784020,4749,4757,4748.8,4755.3
1776784080,4755.1,4757.1,4751.9,4753.1
1776784140,4753.6,4758.8,4753.4,4758.7
1776784200,4758.9,4766.3,4758.3,4765
1776784260,4764.9,4767.6,4763.7,4765.7
1776784320,4765.5,4768.2,4764.8,4766.7
1776784380,4766.6,4768.4,4765.3,4767.1
1776784440,4767.4,4769.2,4766.1,4766.9
1776784500,4766.3,4769,4765.6,4766.4
1776784560,4766.3,4768.6,4764.8,4767.7
1776784620,4767.9,4767.9,4763.4,4766.1
1776784680,4766.8,4771.2,4765.9,4770.9
1776784740,4770.3,4775,4768.5,4773.8
1776784800,4773.4,4776.6,4773.4,4774.9
1776784860,4775,4775.2,4772.7,4774.6
1776784920,4775,4775.2,4771.3,4772.1
1776784980,4772.1,4774.1,4768.6,4769
1776785040,4768.6,4769.5,4766.6,4768.7
1776785100,4768.7,4768.7,4763.8,4766.4
1776785160,4766.5,4767,4761.8,4763
1776785220,4762.7,4764.2,4761.2,4763.5
1776785280,4763.7,4765,4761,4761.4
1776785340,4760.6,4762.8,4760.3,4761.1
1776785400,4761.2,4762.7,4760.5,4762.1
1776785460,4762.2,4763.2,4761,4762.4
1776785520,4762,4763.2,4761.3,4762.8
1776785580,4762.9,4764.2,4759.8,4761.1
1776785640,4761.4,4762.7,4759.8,4762.5
1776785700,4762.4,4763.2,4758,4759.5
1776785760,4759.9,4759.9,4755.3,4758
1776785820,4758,4762.4,4758,4761.5
1776785880,4762,4762.4,4759.6,4759.8
1776785940,4759.9,4761.5,4758.6,4761.5
1776786000,4761.3,4762.2,4760.5,4760.5
1776786060,4760.6,4760.8,4757.2,4758.2
1776786120,4757.9,4762.6,4757.7,4762.5
1776786180,4762.5,4765,4762.4,4764.5